{
  "D__I*I__D": {
    "angle": -1.442568055219803,
    "mean_close_neighborings": 34.846447781002794,
    "this_folding": [
      -1,
      1,
      -1,
      1,
      1,
      1,
      1,
      -1,
      -1
    ],
    "this_folding_np_id": "10_188"
  }
}