{
  "D__I*E__J*I__D*J__E": {
    "angle": -1.442568055219803,
    "mean_close_neighborings": 34.846447780989564,
    "this_folding": [
      -1,
      1,
      -1,
      1,
      1,
      1,
      1,
      1,
      -1
    ],
    "this_folding_np_id": "10_190"
  },
  "D_E__last*D__J*J__D*last__D_E": {
    "angle": -1.121997376282069,
    "mean_close_neighborings": 28.429178562823125,
    "this_folding": [
      -1,
      1,
      -1,
      1,
      1,
      1,
      1,
      1,
      -1
    ],
    "this_folding_np_id": "10_190"
  }
}