{
  "E__J*F__K*J__E*K__F": {
    "angle": -1.442568055219803,
    "mean_close_neighborings": 34.846447780968504,
    "this_folding": [
      1,
      1,
      -1,
      1,
      -1,
      -1,
      -1,
      -1,
      -1
    ],
    "this_folding_np_id": "10_416"
  },
  "D_E__last*E__K*K__E*last__D_E": {
    "angle": -1.121997376282069,
    "mean_close_neighborings": 28.42917856281226,
    "this_folding": [
      1,
      1,
      -1,
      1,
      -1,
      -1,
      -1,
      -1,
      -1
    ],
    "this_folding_np_id": "10_416"
  }
}