{
  "H_I__first*first__H_I": {
    "angle": -1.2502256478571625,
    "mean_close_neighborings": 20.99096107749479,
    "this_folding": [
      -1,
      -1,
      1,
      1,
      -1,
      -1,
      -1,
      1,
      -1
    ],
    "this_folding_np_id": "10_98"
  }
}