{
  "E__J*F__K*J__E*K__F": {
    "angle": -1.442568055219803,
    "mean_close_neighborings": 34.846447780976405,
    "this_folding": [
      -1,
      -1,
      1,
      1,
      -1,
      -1,
      -1,
      -1,
      -1
    ],
    "this_folding_np_id": "10_96"
  },
  "H_I__first*first__H_I": {
    "angle": -1.2502256478571625,
    "mean_close_neighborings": 20.99096107749479,
    "this_folding": [
      -1,
      -1,
      1,
      1,
      -1,
      -1,
      -1,
      -1,
      -1
    ],
    "this_folding_np_id": "10_96"
  },
  "D_E__last*E__K*K__E*last__D_E": {
    "angle": -1.121997376282069,
    "mean_close_neighborings": 28.429178562822912,
    "this_folding": [
      -1,
      -1,
      1,
      1,
      -1,
      -1,
      -1,
      -1,
      -1
    ],
    "this_folding_np_id": "10_96"
  }
}