{
  "O__first*first__O": {
    "angle": -0.17453292519943298,
    "mean_close_neighborings": 36.37864295898226
  }
}