{
  "H_I__first*first__H_I": {
    "angle": -1.5707963267948966,
    "mean_close_neighborings": 12.901436282257707,
    "this_folding": [
      -1,
      -1,
      1,
      1,
      -1,
      -1,
      -1,
      1,
      1,
      -1,
      -1,
      -1,
      -1
    ],
    "this_folding_np_id": "14_1584"
  }
}