{
  "A__N*B__O*N__A*O__B": {
    "angle": -1.5707963267948966,
    "mean_close_neighborings": 32.49695889109081
  },
  "A__H*B__I*C__J*D__K*E__L*F__M*G__N*H__A*I__B*J__C*K__D*L__E*M__F*N__G": {
    "angle": -1.4121300311590483,
    "mean_close_neighborings": 11.317549949783965
  },
  "A__I*B_C__J_K*B__J*C__K*D_E__L_M*D__L*E__M*F_G__last*F__N*H_I__first*I__A*J_K__B_C*J__B*K__C*L_M__D_E*L__D*M__E*N__F*first__H_I*last__F_G": {
    "angle": -1.1265306990145216,
    "mean_close_neighborings": 2.7670760711052886
  },
  "A__J*B__K*C__L*D__M*E__N*J__A*K__B*L__C*M__D*N__E": {
    "angle": -0.936131144251504,
    "mean_close_neighborings": 28.60600203484925
  },
  "N__O*O__N": {
    "angle": -0.7774648486156558,
    "mean_close_neighborings": 7.08208602645429
  },
  "A__K*B_C__L_M*B__L*C__M*D_E__last*D__N*J_K__first*K__A*L_M__B_C*L__B*M__C*N__D*first__J_K*last__D_E": {
    "angle": -0.7457315894884862,
    "mean_close_neighborings": 22.555384304476156
  },
  "A__L*B__M*C__N*L__A*M__B*N__C": {
    "angle": -0.5870652938526381,
    "mean_close_neighborings": 47.539876819978254
  },
  "A__M*B_C__last*B__N*L_M__first*M__A*N__B*first__L_M*last__B_C": {
    "angle": -0.46013225734395946,
    "mean_close_neighborings": 6.528468848289962
  },
  "A__N*N__A": {
    "angle": -0.30146596170811146,
    "mean_close_neighborings": 5.589586375395593
  }
}