{
  "I__O*O__I": {
    "angle": -0.6822650712341469,
    "mean_close_neighborings": 44.679266867452135
  }
}