{
  "G__N*N__G": {
    "angle": -0.7774648486156558,
    "mean_close_neighborings": 44.09417790092568
  },
  "O__first*first__O": {
    "angle": -0.17453292519943298,
    "mean_close_neighborings": 40.20494246241211
  }
}