{
  "G__N*N__G": {
    "angle": -0.7774648486156558,
    "mean_close_neighborings": 44.09417790092568
  }
}