{
  "I__J_K*J_K__I": {
    "angle": -0.3966657390896202,
    "mean_close_neighborings": 33.260133835084886
  }
}