{
  "O__first*first__O": {
    "angle": -0.14279966607226324,
    "mean_close_neighborings": 31.01512722106842
  }
}