{
  "O__first*first__O": {
    "angle": -0.11106640694509373,
    "mean_close_neighborings": 41.09263125584671
  }
}