{
  "C__L*L__C": {
    "angle": -1.5066821910073498,
    "mean_close_neighborings": 35.28208760665497,
    "this_folding": [
      -1,
      1,
      -1,
      -1,
      1,
      1,
      1,
      1,
      -1,
      -1,
      -1,
      -1,
      -1
    ],
    "this_folding_np_id": "14_2528"
  },
  "B_C__L_M*L_M__B_C": {
    "angle": -1.3143397836447095,
    "mean_close_neighborings": 26.71973992219456,
    "this_folding": [
      -1,
      1,
      -1,
      -1,
      1,
      1,
      1,
      1,
      -1,
      -1,
      -1,
      -1,
      -1
    ],
    "this_folding_np_id": "14_2528"
  }
}