{
  "J_K__L*L__J_K": {
    "angle": -0.17453292519943298,
    "mean_close_neighborings": 34.913515715207794
  }
}