{
  "A__last*last__A": {
    "angle": -0.14279966607226324,
    "mean_close_neighborings": 46.37784465545498
  }
}