{
  "O__first*first__O": {
    "angle": -0.333199220835281,
    "mean_close_neighborings": 39.229859608222945
  },
  "A__last*last__A": {
    "angle": -0.14279966607226324,
    "mean_close_neighborings": 46.37784465545498
  }
}