{
  "L_M__N*N__L_M": {
    "angle": -1.4121300311590483,
    "mean_close_neighborings": 44.534143473008434
  }
}