{
  "G__N*N__G": {
    "angle": -1.5073298085405573,
    "mean_close_neighborings": 46.74927603901735
  }
}