{
  "O__first*first__O": {
    "angle": -0.26973270258094173,
    "mean_close_neighborings": 44.009401098597266
  }
}