{
  "I__J*J__I": {
    "angle": -0.7457315894884862,
    "mean_close_neighborings": 41.89487650269115
  },
  "I__J_K*J_K__I": {
    "angle": -0.6505318121069773,
    "mean_close_neighborings": 32.007075536349916
  }
}