{
  "M__last*last__M": {
    "angle": -1.443863290286218,
    "mean_close_neighborings": 46.38911248460779
  }
}