{
  "H__O*O__H": {
    "angle": -1.3784539194322563,
    "mean_close_neighborings": 14.318964829814078,
    "this_folding": [
      -1,
      -1,
      -1,
      -1,
      1,
      -1,
      1,
      -1,
      -1,
      -1,
      -1,
      -1,
      -1
    ],
    "this_folding_np_id": "14_320"
  }
}