{
  "D__K*K__D": {
    "angle": -1.4121300311590483,
    "mean_close_neighborings": 11.31754994971098
  },
  "B_C__J_K*J_K__B_C": {
    "angle": -1.1265306990145216,
    "mean_close_neighborings": 2.622053331748979
  }
}