{
  "O__first*first__O": {
    "angle": -0.8091981077428254,
    "mean_close_neighborings": 44.836760155212055
  }
}