{
  "G__N*H__O*N__G*O__H": {
    "angle": -1.3784539194322563,
    "mean_close_neighborings": 14.318964829868293,
    "this_folding": [
      1,
      -1,
      -1,
      1,
      -1,
      1,
      -1,
      -1,
      -1,
      -1,
      -1,
      -1,
      -1
    ],
    "this_folding_np_id": "14_4736"
  },
  "F_G__last*G__O*O__G*last__F_G": {
    "angle": -1.121997376282069,
    "mean_close_neighborings": 11.528033996867162,
    "this_folding": [
      1,
      -1,
      -1,
      1,
      -1,
      1,
      -1,
      -1,
      -1,
      -1,
      -1,
      -1,
      -1
    ],
    "this_folding_np_id": "14_4736"
  }
}