{
  "B_C__J_K*J_K__B_C": {
    "angle": -1.1265306990145216,
    "mean_close_neighborings": 2.622053331748979
  }
}