{
  "H__O*O__H": {
    "angle": -1.443863290286218,
    "mean_close_neighborings": 41.346816169039656
  },
  "B_C__J_K*J_K__B_C": {
    "angle": -1.1265306990145216,
    "mean_close_neighborings": 2.622053331748979
  }
}