{
  "B__I*C__J*D__K*I__B*J__C*K__D": {
    "angle": -1.3784539194322563,
    "mean_close_neighborings": 14.318964829874119,
    "this_folding": [
      1,
      -1,
      -1,
      -1,
      -1,
      -1,
      -1,
      -1,
      -1,
      1,
      -1,
      1,
      -1
    ],
    "this_folding_np_id": "14_4106"
  },
  "B_C__J_K*B__J*C__K*J_K__B_C*J__B*K__C": {
    "angle": -1.121997376282069,
    "mean_close_neighborings": 11.698120704865694,
    "this_folding": [
      1,
      -1,
      -1,
      -1,
      -1,
      -1,
      -1,
      -1,
      -1,
      1,
      -1,
      1,
      -1
    ],
    "this_folding_np_id": "14_4106"
  },
  "B__K*K__B": {
    "angle": -0.9296549689194287,
    "mean_close_neighborings": 12.753879635322466,
    "this_folding": [
      1,
      -1,
      -1,
      -1,
      -1,
      -1,
      -1,
      -1,
      -1,
      1,
      -1,
      1,
      -1
    ],
    "this_folding_np_id": "14_4106"
  },
  "L_M__first*first__L_M": {
    "angle": -0.801426697344335,
    "mean_close_neighborings": 16.91690383102895,
    "this_folding": [
      1,
      -1,
      -1,
      -1,
      -1,
      -1,
      -1,
      -1,
      -1,
      1,
      -1,
      1,
      -1
    ],
    "this_folding_np_id": "14_4106"
  }
}