{
  "B__I*C__J*D__K*E__L*F__M*I__B*J__C*K__D*L__E*M__F": {
    "angle": -1.3784539194322563,
    "mean_close_neighborings": 14.318964829864864,
    "this_folding": [
      1,
      -1,
      -1,
      -1,
      -1,
      -1,
      -1,
      -1,
      -1,
      -1,
      -1,
      1,
      1
    ],
    "this_folding_np_id": "14_4099"
  },
  "B_C__J_K*B__J*C__K*D_E__L_M*D__L*E__M*J_K__B_C*J__B*K__C*L_M__D_E*L__D*M__E": {
    "angle": -1.121997376282069,
    "mean_close_neighborings": 11.698120704839155,
    "this_folding": [
      1,
      -1,
      -1,
      -1,
      -1,
      -1,
      -1,
      -1,
      -1,
      -1,
      -1,
      1,
      1
    ],
    "this_folding_np_id": "14_4099"
  },
  "B__K*C__L*D__M*K__B*L__C*M__D": {
    "angle": -0.9296549689194287,
    "mean_close_neighborings": 12.7538796353045,
    "this_folding": [
      1,
      -1,
      -1,
      -1,
      -1,
      -1,
      -1,
      -1,
      -1,
      -1,
      -1,
      1,
      1
    ],
    "this_folding_np_id": "14_4099"
  },
  "B_C__L_M*B__L*C__M*L_M__B_C*L__B*M__C": {
    "angle": -0.7373125615567883,
    "mean_close_neighborings": 46.05534871651374,
    "this_folding": [
      1,
      -1,
      -1,
      -1,
      -1,
      -1,
      -1,
      -1,
      -1,
      -1,
      -1,
      1,
      1
    ],
    "this_folding_np_id": "14_4099"
  },
  "B__M*M__B": {
    "angle": -0.6090842899816946,
    "mean_close_neighborings": 20.553060598972902,
    "this_folding": [
      1,
      -1,
      -1,
      -1,
      -1,
      -1,
      -1,
      -1,
      -1,
      -1,
      -1,
      1,
      1
    ],
    "this_folding_np_id": "14_4099"
  },
  "A__N*N__A": {
    "angle": -0.35262774683150755,
    "mean_close_neighborings": 34.62778154983994,
    "this_folding": [
      1,
      -1,
      -1,
      -1,
      -1,
      -1,
      -1,
      -1,
      -1,
      -1,
      -1,
      1,
      1
    ],
    "this_folding_np_id": "14_4099"
  }
}