{
  "B__I*C__J*D__K*E__L*I__B*J__C*K__D*L__E": {
    "angle": -1.3784539194322563,
    "mean_close_neighborings": 14.318964829863924,
    "this_folding": [
      1,
      -1,
      -1,
      -1,
      -1,
      -1,
      -1,
      -1,
      -1,
      -1,
      1,
      -1,
      -1
    ],
    "this_folding_np_id": "14_4100"
  },
  "B_C__J_K*B__J*C__K*D_E__L_M*D__L*J_K__B_C*J__B*K__C*L_M__D_E*L__D": {
    "angle": -1.121997376282069,
    "mean_close_neighborings": 11.630086021685363,
    "this_folding": [
      1,
      -1,
      -1,
      -1,
      -1,
      -1,
      -1,
      -1,
      -1,
      -1,
      1,
      -1,
      -1
    ],
    "this_folding_np_id": "14_4100"
  },
  "B__K*C__L*K__B*L__C": {
    "angle": -0.9296549689194287,
    "mean_close_neighborings": 12.75387963531309,
    "this_folding": [
      1,
      -1,
      -1,
      -1,
      -1,
      -1,
      -1,
      -1,
      -1,
      -1,
      1,
      -1,
      -1
    ],
    "this_folding_np_id": "14_4100"
  },
  "B_C__L_M*B__L*L_M__B_C*L__B": {
    "angle": -0.7373125615567883,
    "mean_close_neighborings": 45.16730849845742,
    "this_folding": [
      1,
      -1,
      -1,
      -1,
      -1,
      -1,
      -1,
      -1,
      -1,
      -1,
      1,
      -1,
      -1
    ],
    "this_folding_np_id": "14_4100"
  }
}