{
  "B__O*O__B": {
    "angle": -0.5235987755982987,
    "mean_close_neighborings": 45.2458350752921
  }
}