{
  "F_G__last*F__N*N__F*last__F_G": {
    "angle": -1.5707963267948966,
    "mean_close_neighborings": 14.438943700648792,
    "this_folding": [
      1,
      -1,
      1,
      1,
      1,
      -1,
      1,
      1,
      -1,
      -1,
      1,
      1,
      1
    ],
    "this_folding_np_id": "14_5991"
  }
}