{
  "F_G__N*N__F_G": {
    "angle": -1.189997217268861,
    "mean_close_neighborings": 49.27162355478988
  },
  "F_G__last*last__F_G": {
    "angle": -1.0947974398873521,
    "mean_close_neighborings": 44.516157201982935
  },
  "I__K*K__I": {
    "angle": -0.26973270258094173,
    "mean_close_neighborings": 44.01526623787697
  }
}