{
  "O__first*first__O": {
    "angle": -0.11106640694509373,
    "mean_close_neighborings": 37.46306900170249
  }
}