{
  "I__K*K__I": {
    "angle": -0.26973270258094173,
    "mean_close_neighborings": 44.01526623787697
  }
}