{
  "O__last*last__O": {
    "angle": -0.26973270258094173,
    "mean_close_neighborings": 40.90627948772269
  }
}