{
  "F_G__last*F__N*G__O*N__F*O__G*last__F_G": {
    "angle": -1.5707963267948966,
    "mean_close_neighborings": 14.951446173437366,
    "this_folding": [
      1,
      -1,
      1,
      1,
      1,
      -1,
      1,
      1,
      -1,
      -1,
      1,
      1,
      -1
    ],
    "this_folding_np_id": "14_5990"
  },
  "F__O*O__F": {
    "angle": -1.3143397836447095,
    "mean_close_neighborings": 11.663105591009574,
    "this_folding": [
      1,
      -1,
      1,
      1,
      1,
      -1,
      1,
      1,
      -1,
      -1,
      1,
      1,
      -1
    ],
    "this_folding_np_id": "14_5990"
  }
}