{
  "O__last*last__O": {
    "angle": -0.11106640694509373,
    "mean_close_neighborings": 42.638790348973345
  }
}