{
  "L_M__N*N__L_M": {
    "angle": -0.17453292519943298,
    "mean_close_neighborings": 40.60282978799388
  }
}