{
  "J_K__L_M*L_M__J_K": {
    "angle": -0.23799944345377222,
    "mean_close_neighborings": 41.425895297803244
  }
}