{
  "E__last*last__E": {
    "angle": -0.9995976625058433,
    "mean_close_neighborings": 43.16200268926021
  }
}