{
  "K__L_M*L_M__K": {
    "angle": -0.14279966607226324,
    "mean_close_neighborings": 32.661812564847175
  }
}