{
  "A__last*K__L_M*L_M__K*last__A": {
    "angle": -0.14279966607226324,
    "mean_close_neighborings": 34.64105206246164
  }
}