{
  "D__O*O__D": {
    "angle": -0.7139983303613165,
    "mean_close_neighborings": 48.23171187637607
  }
}