{
  "B_C__N*N__B_C": {
    "angle": -1.1265306990145216,
    "mean_close_neighborings": 36.83070677311604
  }
}