{"A": [[0.0, 1000.0, 0.0], [0.0, 1000.0, 0.0], [0.0, 1000.0, 0.0], [0.0, 1000.0, 0.0], [0.0, 1000.0, 0.0], [0.0, 1000.0, 0.0], [0.0, 1000.0, 0.0], [0.0, 1000.0, 0.0], [0.0, 1000.0, 0.0], [0.0, 1000.0, 0.0]], "B": [[382.6834323650898, 923.8795325112867, 0.0], [382.6834323650898, 923.8795325112867, 0.0], [382.6834323650898, 923.8795325112867, 0.0], [382.6834323650898, 923.8795325112867, 0.0], [382.6834323650898, 923.8795325112867, 0.0], [382.6834323650898, 923.8795325112867, 0.0], [382.6834323650898, 923.8795325112867, 0.0], [382.6834323650898, 923.8795325112867, 0.0], [382.6834323650898, 923.8795325112867, 0.0], [382.6834323650898, 923.8795325112867, 0.0]], "C": [[707.106781186547, 707.106781186548, 0.0], [706.408018371435, 706.639882800518, -15.8196708558931], [704.319595633804, 705.244443340288, -31.4612656833151], [700.865021555489, 702.936170738048, -46.7487129880364], [696.083182965267, 699.741048342084, -61.5099277800287], [690.0279072046, 695.695042432095, -75.5787486688618], [682.76735621368, 690.843697360439, -88.7968082793875], [674.383259258352, 685.241622876645, -101.015315933154], [664.969992934801, 678.951879406203, -112.09673252858], [654.633518808037, 672.045268203293, -121.916318766403]], "D": [[923.879532511287, 382.68343236509, 0.0], [920.903552965405, 382.015534465195, -45.0024240594741], [912.034487697614, 380.0363133352, -89.2118567706839], [897.447154820132, 376.818149961734, -131.8570932069576], [877.42698263339, 372.478269430716, -172.2096786314357], [852.361353727885, 367.173784512739, -209.6032621445038], [822.727969564946, 361.095066237986, -243.4506215548205], [789.080693148781, 354.45773433735, -273.257740205459], [752.033423374526, 347.493621120452, -298.634442045103], [712.2426266774396, 340.441107248054, -319.301237402783]], "E": [[1000.0, 0.0, 0.0], [992.8616778287447, 0.416413910782, -83.0165587422004], [971.6817068293592, 1.716342806496, -163.7581117164313], [937.1532137114102, 4.047273749954, -240.0524614675766], [890.392652482075, 7.640154277854, -309.9266932465837], [832.8843227703996, 12.788404958888, -371.6914572759828], [766.4077910869889, 19.821033572572, -424.0081112967975], [692.9528336210691, 29.072076398037, -465.935043506724], [614.627204368173, 40.848869693625, -496.951013158524], [533.5628192633736, 55.401711065635, -516.954985214103]], "F": [[923.879532511287, -382.683432365092, 0.0], [911.1082349008011, -378.900113596751, -123.9589757017172], [873.4558034238436, -367.523173958566, -242.8453176141281], [812.8579551245502, -348.482810188217, -351.9191839045806], [732.383239207708, -321.698202694911, -447.0770010136177], [636.0120720990836, -287.125299516868, -525.0994810578868], [528.3565984148589, -244.813529321666, -583.8239827444605], [414.3466358743071, -194.963015027973, -622.228995290713], [298.909104085728, -137.973665011975, -640.427552052279], [186.6675878852226, -74.478518197891, -639.575372878559]], "G": [[707.106781186548, -707.10678118654, 0.0], [688.3384673527161, -697.03113971399, -161.4718516990246], [633.5042049686826, -666.982685051437, -313.4722713375516], [546.8661345284122, -617.510659646094, -447.3828029929807], [435.047170743003, -549.572115965765, -556.1901396267407], [306.3736694485996, -464.579743127487, -635.0511928149388], [170.0726327249949, -364.442822677857, -681.611339177037], [35.4197329247361, -251.5822730047755, -696.0503798932448], [-89.064230362616, -128.90356434865808, -680.8671367240166], [-196.2828090388094, 0.2822315731733, -640.4464451012572]], "H": [[382.68343236509, -923.87953251128, 0.0], [359.1456139389071, -904.575066267242, -189.7299264664373], [291.2727287305826, -847.433824295812, -364.0285567502311], [186.9099227440532, -754.759289124001, -509.3123943181974], [57.939247903926, -630.3396774201818, -615.4113395988065], [-81.3049928845624, -479.3476904108577, -676.621584706707], [-215.8848817068581, -308.1617665759697, -692.1077554733045], [-332.0868670077949, -124.0893560434235, -665.6301545795225], [-418.964031057153, 65.01232557484893, -604.685222109698], [-469.3918043585834, 251.2015855418233, -519.2363405026381]], "I": [[0.0, -1000.0, 0.0], [-25.3509696949639, -969.3030289796714, -204.3450896336453], [-96.9789447485594, -879.2120980603212, -386.2031894331722], [-202.4166210936268, -735.5994637360702, -526.5947070089037], [-323.407858998895, -547.8235828392362, -612.8789159797597], [-439.1408474718854, -328.0813881037967, -640.387044064741], [-529.8075248557851, -90.5100317606647, -612.6015832116354], [-579.7998663710819, 149.9196006351035, -539.9388796881635], [-579.969706106935, 378.6333964491759, -437.472987261785], [-528.6102439407208, 582.6842063755663, -322.1237242750711]], "J": [[-382.683432365092, -923.87953251128, 0.0], [-405.4439800655799, -881.1636196515133, -203.0477970230784], [-467.4258413316494, -757.0934528773822, -376.3508654400869], [-551.2489385407578, -563.4694097264692, -496.1284340411036], [-632.612394093683, -318.5513581374782, -549.1000994765592], [-686.0159077113444, -45.0714689826967, -534.561596802434], [-690.5963944125251, 232.2841447662403, -463.6324790174744], [-634.6716665846001, 489.6426353802005, -356.0414077579215], [-517.995911509748, 706.6074394199909, -235.400695994463], [-351.3770673543578, 868.4417370494793, -124.2046252530701]], "K": [[-707.10678118655, -707.10678118654, 0.0], [-722.1099311705138, -653.8437387276383, -186.0395012533088], [-759.1699270663764, -501.1530613807772, -336.0912154564333], [-796.9891507340918, -269.2578255635022, -423.3807410679391], [-807.742367110827, 11.5550143798308, -436.8494408954392], [-765.9659442722036, 305.5264086157633, -383.134865824068], [-656.713228932176, 576.8299851826573, -283.6851813823144], [-480.5212305381441, 794.8994914657565, -168.1669021514675], [-253.861006611494, 938.760766930143, -66.348871047845], [-5.2146280342268, 999.6061803046423, -0.882326349226108]], "L": [[-923.87953251129, -382.683432365092, 0.0], [-926.1747318728109, -322.6431982111573, -155.9613687754416], [-924.2511801457284, -153.4651501193092, -272.0425525366049], [-895.5392333068583, 94.2390878721918, -321.4061848049231], [-813.7201949175477, 376.3770198454898, -298.6101379452182], [-660.8670438812816, 644.2350386678293, -220.433851560766], [-436.911419057877, 854.1173780397743, -119.2473477918704], [-162.8056767610701, 975.6735757190535, -31.7173058606015], [123.706290236824, 997.1079751995255, 12.8942650287095], [377.9959949588032, 926.2064637598929, 0.859802768570852]], "M": [[-1000.0, 0.0, 0.0], [-985.9497807533245, 61.0068786365147, -117.4841411786448], [-935.5317736701926, 228.8136130549878, -194.7338828217297], [-829.2143966845153, 461.7918933515188, -208.5040758400151], [-649.3485510469477, 702.8427905208048, -162.0707727567302], [-394.5441281737756, 894.2723945477763, -83.341327289598], [-87.974653049881, 992.5117863722713, -12.7999145320234], [224.7844807455399, 978.6567744188081, 13.0700283639347], [487.872827795616, 862.0489549162215, -24.2907983701526], [652.2590934619373, 676.2064353696389, -119.64195481929215]], "N": [[-923.87953251129, 382.68343236509, 0.0], [-892.1527925170727, 437.5306397928237, -76.5828299535363], [-791.1572826904446, 582.8401450612248, -116.87403458529381], [-609.9166174926575, 767.4433247541087, -104.9346715717041], [-347.55018369116675, 925.5630043292778, -54.5794391529772], [-27.3700704412196, 998.9573845643573, -2.9348650439478], [299.952604153797, 956.2603428847787, 8.1574455338266], [567.9535436854239, 802.9693779750531, -47.0121482711302], [716.307064323486, 578.9529986244935, -165.4127813870926], [713.0858227345099, 344.8511875076119, -316.4788001956641]],