{"A": [[0.0, 1000.0, 0.0], [0.0, 1000.0, 0.0], [0.0, 1000.0, 0.0], [0.0, 1000.0, 0.0], [0.0, 1000.0, 0.0], [0.0, 1000.0, 0.0]], "B": [[499.99999999999994, 866.0254037844387, 0.0], [499.99999999999994, 866.0254037844387, 0.0], [499.99999999999994, 866.0254037844387, 0.0], [499.99999999999994, 866.0254037844387, 0.0], [499.99999999999994, 866.0254037844387, 0.0], [499.99999999999994, 866.0254037844387, 0.0]], "C": [[866.025403784439, 500.0, 0.0], [856.074324813563, 497.333616425935, -72.2954602591386], [827.013279682411, 489.546732851838, -138.835577844081], [781.155778431593, 477.259252424772, -194.323185036274], [722.152473991941, 461.4493646494, -234.340989347121], [654.700538699628, 443.375673059908, -255.703228129116]], "D": [[1000.0, 0.0, 0.0], [960.538713220209, 5.42468151945, -195.0227341028736], [849.2236785891822, 22.319209329204, -360.543340167438], [685.4729143648375, 52.167206857707, -473.770379959952], [496.213174831809, 96.314539142341, -523.438178416956], [309.401077570945, 154.700538081876, -511.406456542013]], "E": [[866.025403784439, -500.0, 0.0], [781.800967452496, -460.937936254176, -331.0665484140386], [557.6783813821272, -347.321884892505, -575.754849084026], [266.7200295420165, -170.371873816126, -681.307295848523], [-4.671656096843, 50.4382183223887, -645.74493115256], [-190.598922640591, 288.675133507994, -511.4064571095838]], "F": [[500.0, -866.02540378444, 0.0], [373.915089059926, -760.716508375489, -439.2844320375316], [69.8967185139982, -470.377494376939, -697.720248993728], [-239.7862842193465, -65.302999151624, -700.3093517301211], [-396.654117327923, 358.9772454125177, -507.532734582889], [-345.29946227834, 711.324864060827, -255.7032292642578]], "G": [[0.0, -1000.0, 0.0], [-139.76577230267, -803.2517768777341, -486.949052400467], [-417.5008363648328, -297.244991424053, -677.2763660326547], [-549.4167292875395, 308.330776132616, -520.098414534749], [-379.3425102825722, 785.4859331888547, -214.719073795124], [-1.876277e-06, 999.999999656605, -5.67552801024431e-07]], "H": [[-500.0, -866.02540378444, 0.0], [-603.893869818977, -575.6801943347491, -459.6456396852753], [-708.0486401368628, 102.287443461973, -522.6639485869337], [-488.1756540571703, 740.567372312675, -241.9433353820841], [33.9965943126908, 1003.1137670202027, 8.301335552048], [499.999998546782, 866.025405019935, 5.67608440425649e-07]], "I": [[-866.02540378444, -500.0, 0.0], [-878.10724024191, -146.8241274076041, -365.6313122016407], [-684.6294431297246, 567.171819825591, -296.2058945114107], [-90.4772479577493, 988.513077229562, -22.1523036488251], [526.6050554724458, 845.0839108784087, -9.3808869538047], [654.700539122706, 443.375674638776, -255.70322699390857]], "J": [[-1000.0, 0.0, 0.0], [-879.4780728504026, 353.6214542898399, -233.3379525474487], [-356.6833165034716, 910.017357669437, -89.1854422789467], [420.1933814772697, 912.8357445232239, 15.7639458758987], [720.9774819672788, 432.5009079706407, -254.2151532672607], [309.401079447253, 154.700538425212, -511.40645597440056]], "K": [[-866.02540378444, 500.0, 0.0], [-607.5917994309826, 774.3114270271359, -102.7738166007217], [143.5975569322174, 992.6260533141359, 14.9492950060793], [756.8668152531937, 556.0619636351429, -149.5014790969863], [468.1585782762828, 81.5434685866587, -538.5752596616647], [-190.598921187331, 288.675132272446, -511.4064576771588]], "L": [[-500.0, 866.02540378444, 0.0], [-144.67246830414857, 988.0204174477549, -13.4242071242246], [614.5543823084204, 781.6990722569699, -25.7774741365701], [730.3506970590149, 118.6794045283579, -425.0783012287403], [-38.1065077332682, 61.1641907951478, -644.5447843164537], [-345.29946270135, 711.324862481922, -255.7032303994168]], "M": [[0.0, 1000.0, 0.0], [369.28351331043444, 930.1183942747538, 7.6897007612033], [866.3486291443634, 362.2592148165329, -194.9491493123991], [355.5456587180379, -153.5264663328391, -656.1071728747783], [-409.8467718486152, 386.9805230206508, -490.9150797613347], [-3.75246e-06, 999.999999313184, -1.135145813970381e-06]], "first": [[-211.32486540518747, 788.6751345948124, 0.0], [-211.32486540518747, 788.6751345948124, 0.0], [-211.32486540518747, 788.6751345948124, 0.0], [-211.32486540518747, 788.6751345948124, 0.0], [-211.32486540518747, 788.6751345948124, 0.0], [-211.32486540518747, 788.6751345948124, 0.0]], "B_C": [[577.3502691896259, 577.3502691896257, 0.0], [577.3502691896259, 577.3502691896257, 0.0], [577.3502691896259, 577.3502691896257, 0.0], [577.3502691896259, 577.3502691896257, 0.0], [577.3502691896259, 577.3502691896257, 0.0], [577.3502691896259, 577.3502691896257, 0.0]], "D_E": [[788.675134594813, -211.324865405191, 0.0], [742.127200363579, -198.562421701905, -193.5838984343256], [612.383847884031, -159.631190811607, -349.71079858218], [426.424877797094, -93.168783315958, -440.786108137154], [220.964854838875, 1.404753885557, -456.007529001273], [32.692071227261, 122.008467323674, -403.333556169743]], "F_G": [[211.324865405187, -788.67513459481, 0.0], [98.748300282411, -671.418233134738, -364.2814062989736], [-157.0186893467798, -353.7329895571865, -542.0929549615703], [-372.5129925606515, 72.561634419535, -470.759006097153], [-397.328785901607, 488.0788713216797, -237.998483536811], [-211.3248666141387, 788.67513358412, -8.95251801024431e-07]], "H_I": [[-577.35026918963, -577.35026918962, 0.0], [-633.344279273403, -312.4581361506401, -321.21436090286], [-615.3143458390588, 276.469604160292, -298.2150166834967], [-275.9143660605565, 754.350145757767, -32.0110171192221], [254.6517619983518, 831.3541935987113, 113.78281918174], [577.350268648, 577.350270669381, 8.95293029222379e-07]], "J_K": [[-788.67513459481, 211.32486540519, 0.0], [-635.506562457427, 476.9198368545679, -112.5413944403177], [-98.0284347254466, 817.257105568718, 28.3287493731553], [529.5920887460057, 634.980484641843, 27.7961892752722], [561.2451612529921, 180.5662828990587, -272.4065766946167], [32.692072977877, 122.008466854564, -403.33355616971454]], "last": [[-211.324865405191, 788.67513459481, 0.0], [94.67936910857043, 814.0137704227836, 28.3942361194143], [644.8354405584014, 484.5513752188649, -35.911630897239], [487.7668825745757, -54.9250127040781, -406.8849852966773], [-237.3122084454712, 148.4210235887272, -439.557634934764], [-211.3248678230472, 788.675132573405, -1.790533813970381e-06]]}