{"A": [[0.0, 1000.0, 0.0], [0.0, 1000.0, 0.0], [0.0, 1000.0, 0.0], [0.0, 1000.0, 0.0], [0.0, 1000.0, 0.0]], "B": [[499.99999999999994, 866.0254037844387, 0.0], [499.99999999999994, 866.0254037844387, 0.0], [499.99999999999994, 866.0254037844387, 0.0], [499.99999999999994, 866.0254037844387, 0.0], [499.99999999999994, 866.0254037844387, 0.0]], "C": [[866.025403784439, 500.0, 0.0], [850.535244067887, 495.849424213321, -89.6882335981333], [805.984325302584, 483.912041508093, -168.262186691222], [737.893454266081, 465.667147601931, -225.984874615484], [654.700538699134, 443.375673059777, -255.703228129195]], "D": [[1000.0, 0.0, 0.0], [1042.864753634069, 36.389030840084, 51.2184699417077], [1138.348936967173, 133.598236885498, 18.186722222215], [1204.577642494397, 260.813528484254, -135.4859485268883], [1154.700538847592, 381.1978460942131, -374.375508449854]], "E": [[866.025403784439, -500.0, 0.0], [1015.1336890550068, -364.58932583705, 377.4032917298177], [1338.909022924656, -18.188502386583, 470.608682490503], [1567.861492642365, 397.281664437578, 207.0786213314357], [1500.000000850972, 741.6697497844061, -237.344560772815]], "F": [[500.0, -866.02540378444, 0.0], [741.5524299949489, -771.511672654253, 543.2848482182117], [1367.6065364241497, -441.463477721143, 767.195837312831], [1976.282202092222, 132.499939555736, 383.2386471380757], [1964.101616789262, 755.7528591295062, -466.168835153334]], "G": [[0.0, -1000.0, 0.0], [310.1070839774258, -1053.508250901481, 495.5141910341088], [1210.7832520696556, -934.774217714792, 766.7912111835315], [2139.121300540514, -345.057026141042, 267.6014344331717], [2082.903771238443, 409.3640648000102, -832.024057464445]], "H": [[-500.0, -866.02540378444, 0.0], [-204.2942925677972, -1073.0947060045748, 549.8905371416128], [924.0682177015526, -1257.770444100488, 1052.1280634109025], [2467.445471264641, -655.612346159837, 520.0055242523697], [2477.78600659562, 498.6969887115941, -1154.571482405103]], "I": [[-866.02540378444, -500.0, 0.0], [-636.2157520817982, -823.9718639973678, 688.9259816608727], [643.9198956144866, -1256.7261115150638, 1487.4038603860674], [2727.549864172311, -578.1092388744951, 960.7868369034077], [2753.866087941191, 934.4187070516631, -1111.263685392073]], "J": [[-1000.0, 0.0, 0.0], [-846.7476042258342, -386.2597931868898, 867.9055188452097], [503.6714028899516, -932.1382570917508, 1865.4544885835214], [2734.2892369295123, -167.7152907281921, 1276.1922595119117], [2635.063934235513, 1280.807501962987, -745.4084633903941]], "K": [[-866.02540378444, 500.0, 0.0], [-768.1809779920314, 99.2695052342612, 1029.2677760431648], [570.0722690686898, -438.49044180508974, 2006.3514433573525], [2482.8664279490904, 283.4464544021069, 1241.7126526915206], [2240.181699052612, 1191.4745789180524, -422.8610379963551]], "L": [[-500.0, 866.02540378444, 0.0], [-425.7835823138055, 476.4655946335632, 1121.1172507600281], [811.5198259691898, -10.72821686270077, 1843.0365677022694], [2152.2470301477983, 454.2339746527699, 881.8909897037587], [1964.101617137844, 755.7528608628244, -466.1688342465834]], "M": [[0.0, 1000.0, 0.0], [8.9594627101405, 714.3728024719412, 971.6253188941871], [817.4996792818764, 307.32457284723023, 1434.6790567597025], [1669.4248292658542, 302.1553224998199, 773.7059707502096], [2177.180350802391, 300.8479513938144, -341.2361762582284]], "first": [[-211.32486540518747, 788.6751345948124, 0.0], [-211.32486540518747, 788.6751345948124, 0.0], [-211.32486540518747, 788.6751345948124, 0.0], [-211.32486540518747, 788.6751345948124, 0.0], [-211.32486540518747, 788.6751345948124, 0.0]], "B_C": [[577.3502691896259, 577.3502691896257, 0.0], [577.3502691896259, 577.3502691896257, 0.0], [577.3502691896259, 577.3502691896257, 0.0], [577.3502691896259, 577.3502691896257, 0.0], [577.3502691896259, 577.3502691896257, 0.0]], "D_E": [[788.675134594813, -211.324865405191, 0.0], [880.721272876952, -147.379705979625, 222.2592267591927], [1101.605678867874, 24.78269516733, 294.095236664724], [1313.474699118106, 254.224357929886, 142.748505427219], [1366.025404018613, 479.2740570878667, -187.1877533091381]], "F_G": [[211.324865405187, -788.67513459481, 0.0], [449.1878002533338, -789.238779271018, 483.9125445397577], [1146.871709511367, -642.870201117858, 761.917065161894], [1957.697215111445, -163.429167088987, 420.6145695537737], [2098.076212850209, 501.4880534043801, -548.123784100367]], "H_I": [[-577.35026918963, -577.35026918962, 0.0], [-362.2033495117752, -820.133479500363, 569.6830887099746], [694.6216728701306, -1152.348385754563, 1211.9932258324595], [2475.579434184611, -653.283684718908, 818.7442285746357], [2720.943813089055, 642.3973649838111, -1056.894051656936]], "J_K": [[-788.67513459481, 211.32486540519, 0.0], [-694.2858231641782, -129.7082267798988, 851.9965098671257], [473.4006751176376, -640.3596462042668, 1808.3114859870266], [2486.209785617357, -5.9486801365381, 1316.2490568300357], [2533.551203961097, 1188.7738238814452, -479.8122187481571]], "last": [[-211.324865405191, 788.67513459481, 0.0], [-154.2051989212915, 465.2621263713512, 996.8753035366932], [854.2480439898268, 34.37121445775623, 1550.7067229097925], [1964.7071894961803, 263.4430609050414, 748.6842598560567], [2098.076212434929, 501.4880546152574, -548.1237828214731]]}