{"A": [[0.0, 1000.0, 0.0], [0.0, 1000.0, 0.0], [0.0, 1000.0, 0.0], [0.0, 1000.0, 0.0], [0.0, 1000.0, 0.0]], "B": [[499.99999999999994, 866.0254037844387, 0.0], [499.99999999999994, 866.0254037844387, 0.0], [499.99999999999994, 866.0254037844387, 0.0], [499.99999999999994, 866.0254037844387, 0.0], [499.99999999999994, 866.0254037844387, 0.0]], "C": [[866.025403784439, 500.0, 0.0], [850.535244067887, 495.849424213321, -89.6882335981333], [805.984325302584, 483.912041508093, -168.262186691222], [737.893454266081, 465.667147601931, -225.984874615484], [654.700538699134, 443.375673059777, -255.703228129195]], "D": [[1000.0, 0.0, 0.0], [938.8705551622656, 8.523869342042, -240.2201864001283], [772.3235337367877, 35.522025680641, -424.704260556925], [544.345117255487, 83.904756529727, -517.09603969575], [309.401077569691, 154.700538082337, -511.406456541736]], "E": [[866.025403784439, -500.0, 0.0], [736.5965305090687, -439.223132531495, -403.1834758090653], [415.0380612968827, -265.73898046531, -647.275799147211], [57.124879582456, -7.5189910079545, -666.117282540939], [-190.598922641515, 288.675133509671, -511.4064571084297]], "F": [[500.0, -866.02540378444, 0.0], [308.7662521194637, -703.392259284371, -526.1676934746553], [-95.8265055454773, -276.4895398920508, -730.0466409219987], [-376.958394951818, 256.4723602679705, -566.9736006835493], [-345.299462277335, 711.324864062906, -255.70322926257873]], "G": [[0.0, -1000.0, 0.0], [-207.0263490277303, -699.0244268377659, -569.6200475265912], [-517.1305163503613, 8.3869427384282, -633.62303097646], [-448.9193325965619, 687.9667871898826, -290.2365857763563], [-1.873382e-06, 999.999999657151, -5.66676735493118e-07]], "H": [[-500.0, -866.02540378444, 0.0], [-644.8978954661633, -427.5243680180798, -519.5658837473146], [-648.3595558214033, 453.3070410134062, -403.896589786907], [-107.5353258060929, 979.8216869544665, -32.8907682035633], [499.999998549027, 866.025405018047, 5.66722629978512e-07]], "I": [[-866.02540378444, -500.0, 0.0], [-864.0250972570853, 23.79114171269718, -392.1030556645756], [-427.0567912567823, 846.5165558955222, -150.20276598873], [404.1926366257731, 924.2914481200038, 21.882194756658], [654.700539121534, 443.375674636237, -255.70322699578838]], "J": [[-1000.0, 0.0, 0.0], [-793.9347443409137, 509.7751171311022, -228.2247151319496], [41.4514730546617, 1000.8722987525792, 6.716013480315], [722.0108158274701, 560.9031213869488, -164.905710082457], [309.401079443047, 154.700538425211, -511.4064559750304]], "K": [[-866.02540378444, 500.0, 0.0], [-457.1685025804037, 874.1308935358352, -80.6355588834856], [534.1845431943797, 842.9105694230332, -7.8237970079029], [619.6926450399301, 148.3206188185778, -460.296744022619], [-190.598921190551, 288.675132276125, -511.4064576751006]], "L": [[-500.0, 866.02540378444, 0.0], [37.9666816362523, 999.6784907275352, 3.1984593981567], [816.6322295548647, 447.8112925774632, -186.9021550996629], [170.0693529627731, -19.7751779711162, -654.028235408123], [-345.299462699708, 711.324862486534, -255.7032303959466]], "M": [[0.0, 1000.0, 0.0], [532.2310354282383, 846.0407117308822, -3.68440822249565], [754.3670611652395, 3.6170656014512, -445.2889387355729], [-306.8121267861349, 176.2682162529028, -608.1999222736727], [-3.746662e-06, 999.999999314346, -1.133387618155498e-06]], "first": [[-211.32486540518747, 788.6751345948124, 0.0], [-211.32486540518747, 788.6751345948124, 0.0], [-211.32486540518747, 788.6751345948124, 0.0], [-211.32486540518747, 788.6751345948124, 0.0], [-211.32486540518747, 788.6751345948124, 0.0]], "B_C": [[577.3502691896259, 577.3502691896257, 0.0], [577.3502691896259, 577.3502691896257, 0.0], [577.3502691896259, 577.3502691896257, 0.0], [577.3502691896259, 577.3502691896257, 0.0], [577.3502691896259, 577.3502691896257, 0.0]], "D_E": [[788.675134594813, -211.324865405191, 0.0], [716.685995923294, -191.332825969573, -237.4416162738693], [524.25541055218, -129.917842977751, -404.498974243615], [272.05674770476, -24.822741134593, -459.184274603465], [32.692071226064, 122.008467324608, -403.33355616918]], "F_G": [[211.324865405187, -788.67513459481, 0.0], [41.8477911379777, -608.020069164814, -431.4308051147665], [-281.5569514760503, -146.875240783454, -535.057583798116], [-412.644622232583, 391.5840878642145, -302.799961337256], [-211.3248666122788, 788.675133585678, -8.93868735493118e-07]], "H_I": [[-577.35026918963, -577.35026918962, 0.0], [-648.8290105071703, -179.76937830058583, -352.4778564034732], [-488.5511122111876, 554.9195959984582, -172.698519947801], [125.8375327753951, 851.9414925722054, 103.1245332860067], [577.350268648819, 577.350270667106, 8.93903401343022e-07]], "J_K": [[-788.67513459481, 211.32486540519, 0.0], [-538.2719734672453, 586.7975761474902, -93.9843118499796], [250.4505246180197, 798.3926685449954, 74.817359088602], [627.148123292545, 278.7508175794408, -191.505418693345], [32.69207297394, 122.008466856299, -403.3335561691584]], "last": [[-211.324865405191, 788.67513459481, 0.0], [242.7296426421473, 784.8301123739471, 38.2512994538364], [695.9694587307287, 175.1827178560182, -207.6519372534659], [-82.0652974992939, 13.6048672635718, -497.0878387807912], [-211.3248678193009, 788.675132576595, -1.787726618155498e-06]]}