{"A": [[0.0, 1000.0, 0.0], [0.0, 1000.0, 0.0], [0.0, 1000.0, 0.0], [0.0, 1000.0, 0.0], [0.0, 1000.0, 0.0]], "B": [[499.99999999999994, 866.0254037844387, 0.0], [499.99999999999994, 866.0254037844387, 0.0], [499.99999999999994, 866.0254037844387, 0.0], [499.99999999999994, 866.0254037844387, 0.0], [499.99999999999994, 866.0254037844387, 0.0]], "C": [[866.025403784439, 500.0, 0.0], [850.535244067887, 495.849424213321, -89.6882335981333], [805.984325302584, 483.912041508093, -168.262186691222], [737.893454266081, 465.667147601931, -225.984874615484], [654.700538699134, 443.375673059777, -255.703228129195]], "D": [[1000.0, 0.0, 0.0], [938.8705551622656, 8.523869342042, -240.2201864001283], [772.3235337367877, 35.522025680641, -424.704260556925], [544.345117255487, 83.904756529727, -517.09603969575], [309.401077569691, 154.700538082337, -511.406456541736]], "E": [[866.025403784439, -500.0, 0.0], [736.5965305090687, -439.223132531495, -403.1834758090653], [415.0380612968827, -265.73898046531, -647.275799147211], [57.124879582456, -7.5189910079545, -666.117282540939], [-190.598922641515, 288.675133509671, -511.4064571084297]], "F": [[500.0, -866.02540378444, 0.0], [308.7662521194637, -703.392259284371, -526.1676934746553], [-95.8265055454773, -276.4895398920508, -730.0466409219987], [-376.958394951818, 256.4723602679705, -566.9736006835493], [-345.299462277335, 711.324864062906, -255.70322926257873]], "G": [[0.0, -1000.0, 0.0], [-189.2228220063453, -797.2423826798275, -420.5825201731813], [-538.8129323453983, -280.4410496807684, -462.2844261258257], [-638.998804975926, 313.0465218438798, -124.1605699499183], [-337.0356679406824, 718.2335118788213, 261.8227823732063]], "H": [[-500.0, -866.02540378444, 0.0], [-597.2130832217833, -690.5904884407075, -120.3850640885473], [-703.0873270060183, -275.7128377882648, 28.5727422055663], [-542.4730293230474, 121.9333670305488, 347.1224969249967], [-174.0713339590494, 302.4924291491583, 523.6455667366203]], "I": [[-866.02540378444, -500.0, 0.0], [-783.9913222771243, -417.7367514633215, 277.8785672713627], [-510.4653301365593, -264.5552379846934, 508.9074866492303], [-156.0892044646584, -180.8306037285352, 511.4109941763697], [-19.37079413350342, -120.1573018571187, 267.94233975437425]], "J": [[-1000.0, 0.0, 0.0], [-689.4880363086095, -66.4333018547205, 646.1233332428117], [-52.6229905876093, -252.2785714237675, 750.1104468417303], [245.1203024498616, -379.7345791411822, 251.7625153485997], [-27.63458811816882, -127.06595060204837, -249.58367187462474]], "K": [[-866.02540378444, 500.0, 0.0], [-344.0963023461625, 250.3376217739955, 865.9185208264777], [452.5353122421997, -244.72576519406852, 637.3840673589883], [375.5700364652346, -333.1964647363831, -247.0022220116953], [-190.59892193753183, 288.67513165163064, -511.40645709484676]], "L": [[-500.0, 866.02540378444, 0.0], [141.1029000630075, 430.6997408996535, 866.5760899338713], [764.5857534514297, -245.49148368555288, 224.3790695109793], [142.4044046916646, -74.3426155630891, -629.8568489380503], [-345.2994619528088, 711.3248631109386, -255.70323097620974]], "M": [[0.0, 1000.0, 0.0], [610.0652960289455, 416.6470325180389, 647.8845606325433], [735.0117982876427, -254.21129268524678, -292.3399436268167], [-288.4066647350954, 212.5718771880979, -624.2811211985938], [-337.0356683201418, 718.2335127849129, 261.82278064600524]], "first": [[-211.32486540518747, 788.6751345948124, 0.0], [-211.32486540518747, 788.6751345948124, 0.0], [-211.32486540518747, 788.6751345948124, 0.0], [-211.32486540518747, 788.6751345948124, 0.0], [-211.32486540518747, 788.6751345948124, 0.0]], "B_C": [[577.3502691896259, 577.3502691896257, 0.0], [577.3502691896259, 577.3502691896257, 0.0], [577.3502691896259, 577.3502691896257, 0.0], [577.3502691896259, 577.3502691896257, 0.0], [577.3502691896259, 577.3502691896257, 0.0]], "D_E": [[788.675134594813, -211.324865405191, 0.0], [716.685995923294, -191.332825969573, -237.4416162738693], [524.25541055218, -129.917842977751, -404.498974243615], [272.05674770476, -24.822741134593, -459.184274603465], [32.692071226064, 122.008467324608, -403.33355616918]], "F_G": [[211.324865405187, -788.67513459481, 0.0], [41.8477911379777, -608.020069164814, -431.4308051147665], [-281.5569514760503, -146.875240783454, -535.057583798116], [-412.644622232583, 391.5840878642145, -302.799961337256], [-211.3248666122788, 788.675133585678, -8.93868735493118e-07]], "H_I": [[-577.35026918963, -577.35026918962, 0.0], [-601.6957572169513, -439.7926750771615, 42.0857330503677], [-540.6752121149412, -139.4171944820194, 239.1961028030603], [-260.389664022789, 90.1317016737328, 440.5785110624107], [45.72696946196458, 132.9058248288533, 412.98623850173124]], "J_K": [[-788.67513459481, 211.32486540519, 0.0], [-452.6309736552093, 114.3359157302185, 622.9367137831127], [181.5025254189957, -120.0525911773984, 619.6576569920303], [372.4582597102676, -223.6095374862732, 31.0219130887387], [32.69207179571758, 122.0084658712883, -403.33355525389976]], "last": [[-211.324865405191, 788.67513459481, 0.0], [312.6981188754765, 398.8301528846875, 623.9739305916747], [673.7153728611167, -121.2603974460775, -31.7958875401947], [4.6743876664496, 184.6936511879919, -572.8739357540413], [-211.32486664116013, 788.6751335615536, -2.703008735493118e-06]]}