{"A": [[0.0, 1000.0, 0.0], [0.0, 1000.0, 0.0], [0.0, 1000.0, 0.0], [0.0, 1000.0, 0.0], [0.0, 1000.0, 0.0]], "B": [[499.99999999999994, 866.0254037844387, 0.0], [499.99999999999994, 866.0254037844387, 0.0], [499.99999999999994, 866.0254037844387, 0.0], [499.99999999999994, 866.0254037844387, 0.0], [499.99999999999994, 866.0254037844387, 0.0]], "C": [[866.025403784439, 500.0, 0.0], [850.535244067887, 495.849424213321, -89.6882335981333], [805.984325302584, 483.912041508093, -168.262186691222], [737.893454266081, 465.667147601931, -225.984874615484], [654.700538699134, 443.375673059777, -255.703228129195]], "D": [[1000.0, 0.0, 0.0], [938.8705551622656, 8.523869342042, -240.2201864001283], [772.3235337367877, 35.522025680641, -424.704260556925], [544.345117255487, 83.904756529727, -517.09603969575], [309.401077569691, 154.700538082337, -511.406456541736]], "E": [[866.025403784439, -500.0, 0.0], [736.5965305090687, -439.223132531495, -403.1834758090653], [415.0380612968827, -265.73898046531, -647.275799147211], [57.124879582456, -7.5189910079545, -666.117282540939], [-190.598922641515, 288.675133509671, -511.4064571084297]], "F": [[500.0, -866.02540378444, 0.0], [444.5829346680887, -851.084409103767, -288.9576418860873], [227.5187242670767, -746.949086289197, -612.3111781140491], [-159.392701685312, -439.7524262068765, -851.167510666228], [-511.106998080949, 92.522709676469, -867.4233002964927]], "G": [[0.0, -1000.0, 0.0], [27.4369432892947, -1032.846329966811, -42.1763248624803], [-6.3668950566943, -1055.137250793784, -268.4118254482521], [-263.631778789374, -888.1530962241105, -614.481544956995], [-639.032075941619, -408.832438303842, -852.3440934503864]], "H": [[-500.0, -866.02540378444, 0.0], [-201.5190467463113, -1127.404258045876, 412.3422614410217], [67.3910909821913, -1509.557313370639, -31.7446358036911], [-366.381454167931, -1354.5489631218916, -814.147746356696], [-1054.410047789284, -577.846291215466, -1110.8874175931812]], "I": [[-866.02540378444, -500.0, 0.0], [-168.6508017684878, -1104.3475429340247, 928.4209945733337], [413.6884843112583, -1893.933684873432, -14.9484209038739], [-394.503349283643, -1506.9541852346324, -1308.04145933449], [-1341.86294223658, -245.504996334058, -1384.5099488685703]], "J": [[-1000.0, 0.0, 0.0], [115.4709653505852, -971.0914243371436, 1340.0844745381446], [867.7093383427373, -2025.327201636527, -226.0171307788439], [-327.9799818176257, -1236.8850054615746, -1744.603565052346], [-1213.937865154722, 255.850151827227, -1399.5891563043551]], "K": [[-866.02540378444, 500.0, 0.0], [559.4702282069212, -770.4922266223266, 1514.9381530534306], [1213.3680622830143, -1841.202750032205, -564.4952324582739], [-214.1634354955427, -736.5797138872045, -1813.0842297476797], [-798.559893483818, 424.86400566266, -1141.045832481462]], "L": [[-500.0, 866.02540378444, 0.0], [1020.5529700748662, -567.0643929203126, 1396.7475694269797], [1286.1526763136073, -1429.192077701993, -869.2882741727159], [-134.0696124897774, -362.1612633537865, -1464.7381434375188], [-511.106998434484, 92.52271152408, -867.423300936309]], "M": [[0.0, 1000.0, 0.0], [1350.430979098771, -426.2320802471356, 1023.5238412147047], [1051.4222466892502, -985.38655083139, -995.3337903904209], [-144.7101999313974, -380.1449325284838, -947.5219816898128], [-639.032074737538, -408.832436818189, -852.3440929108486]], "first": [[-211.32486540518747, 788.6751345948124, 0.0], [-211.32486540518747, 788.6751345948124, 0.0], [-211.32486540518747, 788.6751345948124, 0.0], [-211.32486540518747, 788.6751345948124, 0.0], [-211.32486540518747, 788.6751345948124, 0.0]], "B_C": [[577.3502691896259, 577.3502691896257, 0.0], [577.3502691896259, 577.3502691896257, 0.0], [577.3502691896259, 577.3502691896257, 0.0], [577.3502691896259, 577.3502691896257, 0.0], [577.3502691896259, 577.3502691896257, 0.0]], "D_E": [[788.675134594813, -211.324865405191, 0.0], [716.685995923294, -191.332825969573, -237.4416162738693], [524.25541055218, -129.917842977751, -404.498974243615], [272.05674770476, -24.822741134593, -459.184274603465], [32.692071226064, 122.008467324608, -403.33355616918]], "F_G": [[211.324865405187, -788.67513459481, 0.0], [256.0782719164927, -840.982321439634, -57.2674663870533], [228.4717338099617, -888.954732935818, -349.347519844833], [-69.467317392231, -706.6062664983635, -751.073301750486], [-472.861427845777, -187.392611210891, -964.8968196079137]], "H_I": [[-577.35026918963, -577.35026918962, 0.0], [-105.0655205987583, -990.1332947491666, 659.6675480704607], [344.8139129432777, -1605.734340966595, 23.9595354493719], [-231.5395455097489, -1442.2759126985165, -1066.01683827636], [-1128.057983555133, -453.986657597812, -1372.7102015417404]], "J_K": [[-788.67513459481, 211.32486540519, 0.0], [343.0940252491602, -779.9417202092176, 1309.0050490085227], [1060.9638292675363, -1812.9879400026134, -308.9697508894149], [-126.608893929836, -1016.2822192836614, -1754.628193248424], [-926.275328783975, 336.826020314003, -1396.4953934497423]], "last": [[-211.324865405191, 788.67513459481, 0.0], [1070.3830122532631, -459.0647719586766, 1122.5771001096498], [1175.770659801571, -1163.102795093566, -789.7351372848319], [-0.2728806512737, -425.6931755452255, -1205.1644002359558], [-472.861427398573, -187.392609458304, -964.8968196606501]]}