{"A": [[0.0, 1000.0, 0.0], [0.0, 1000.0, 0.0], [0.0, 1000.0, 0.0], [0.0, 1000.0, 0.0], [0.0, 1000.0, 0.0]], "B": [[499.99999999999994, 866.0254037844387, 0.0], [499.99999999999994, 866.0254037844387, 0.0], [499.99999999999994, 866.0254037844387, 0.0], [499.99999999999994, 866.0254037844387, 0.0], [499.99999999999994, 866.0254037844387, 0.0]], "C": [[866.025403784439, 500.0, 0.0], [850.535244067887, 495.849424213321, -89.6882335981333], [805.984325302584, 483.912041508093, -168.262186691222], [737.893454266081, 465.667147601931, -225.984874615484], [654.700538699134, 443.375673059777, -255.703228129195]], "D": [[1000.0, 0.0, 0.0], [1042.864753634069, 36.389030840084, 51.2184699417077], [1138.348936967173, 133.598236885498, 18.186722222215], [1204.577642494397, 260.813528484254, -135.4859485268883], [1154.700538847592, 381.1978460942131, -374.375508449854]], "E": [[866.025403784439, -500.0, 0.0], [1015.1336890550068, -364.58932583705, 377.4032917298177], [1338.909022924656, -18.188502386583, 470.608682490503], [1567.861492642365, 397.281664437578, 207.0786213314357], [1500.000000850972, 741.6697497844061, -237.344560772815]], "F": [[500.0, -866.02540378444, 0.0], [776.2606013973108, -578.127525929253, 783.9623618849178], [1312.210499339639, 100.792838480058, 973.67907696337], [1569.1554602590547, 777.93199615074, 557.8675080504858], [1345.299463088523, 1164.319480839613, 18.35866737673]], "G": [[0.0, -1000.0, 0.0], [403.0691490041668, -535.5498308342541, 1140.1427546246357], [1070.960197167037, 433.91456693278, 1287.967794809582], [1207.5384845915607, 1131.813321601661, 667.1852231625417], [845.299463151269, 1226.4973086729563, 137.030948132584]], "H": [[-500.0, -866.02540378444, 0.0], [15.5809421639918, -250.5495968572211, 1331.3937640963668], [729.9782036588191, 822.63153056346, 1263.8930212897633], [740.4136100237698, 1207.0289195329178, 457.2181833229887], [500.000000422414, 866.0254055200053, 8.70393e-07]], "I": [[-866.02540378444, -500.0, 0.0], [-261.5844485127192, 185.2146270314479, 1296.20740564803], [451.5506668254661, 1081.938714752626, 912.9128460776643], [500.2855941081398, 950.0394784757398, 77.4232971164187], [654.700537248169, 443.3756741342653, -255.703227299499]], "J": [[-1000.0, 0.0, 0.0], [-339.2882276652574, 631.5972841159829, 1045.899917564506], [368.1917173629878, 1088.4220833497568, 402.0719276820503], [658.0802685881848, 543.7729828825148, -201.8571492010063], [1154.700536974218, 381.1978454331149, -374.375508490546]], "K": [[-866.02540378444, 500.0, 0.0], [-192.5401854708134, 945.0378373997469, 660.9723606133462], [519.5750127313758, 838.9959575337019, -25.5013386418827], [1101.4776033443247, 277.4145093217188, -181.8281820628789], [1500.000000428571, 741.6697480488119, -237.344561643204]], "L": [[-500.0, 866.02540378444, 0.0], [131.4642339683806, 1024.7310843691903, 265.2207781749901], [833.6515522613828, 452.3716063524299, -166.3087632388767], [1514.8623714441417, 340.5610253179846, 123.2533536808281], [1345.299464539499, 1164.319479765099, 18.358666547036]], "M": [[0.0, 1000.0, 0.0], [528.5223970917576, 845.0469850835643, -14.0776858238709], [1160.9405048499539, 112.55809150072291, 46.6652001198583], [1603.9826296141675, 688.2641281319876, 496.2269778264631], [845.299465024663, 1226.4973093340334, 137.030948173279]], "first": [[-211.32486540518747, 788.6751345948124, 0.0], [-211.32486540518747, 788.6751345948124, 0.0], [-211.32486540518747, 788.6751345948124, 0.0], [-211.32486540518747, 788.6751345948124, 0.0], [-211.32486540518747, 788.6751345948124, 0.0]], "B_C": [[577.3502691896259, 577.3502691896257, 0.0], [577.3502691896259, 577.3502691896257, 0.0], [577.3502691896259, 577.3502691896257, 0.0], [577.3502691896259, 577.3502691896257, 0.0], [577.3502691896259, 577.3502691896257, 0.0]], "D_E": [[788.675134594813, -211.324865405191, 0.0], [880.721272876952, -147.379705979625, 222.2592267591927], [1101.605678867874, 24.78269516733, 294.095236664724], [1313.474699118106, 254.224357929886, 142.748505427219], [1366.025404018613, 479.2740570878667, -187.1877533091381]], "F_G": [[211.324865405187, -788.67513459481, 0.0], [503.9347437579308, -484.204243377333, 863.5452855098277], [1059.492755504076, 212.457945211866, 1087.613458807813], [1315.515739286603, 854.643261124759, 696.0654503222377], [1122.00846913523, 1145.940724140712, 216.145802445202]], "H_I": [[-577.35026918963, -577.35026918962, 0.0], [-107.2698836092192, -34.6590475945631, 1165.2151167828542], [521.6447162550711, 825.600752433292, 1049.639108315645], [578.6961926419227, 973.2846047689, 364.8738835103677], [577.350268648828, 577.3502706671053, 8.93874e-07]], "J_K": [[-788.67513459481, 211.32486540519, 0.0], [-229.8359605725337, 669.4427567193059, 770.3925330741201], [390.158454881072, 835.827295635228, 243.8640481712503], [827.5936649097158, 332.4600385822008, -75.6492036678213], [1366.025402811531, 479.2740558277303, -187.187753788169]], "last": [[-211.324865405191, 788.67513459481, 0.0], [281.2324976485106, 795.1469212791559, 146.1536679827601], [885.5671690548778, 225.9852712241749, 21.7614190793138], [1479.6462401508197, 432.0642125872808, 405.5712388622861], [1122.008470883126, 1145.940723923337, 216.14580203036]]}