{"A": [[0.0, 1000.0, 0.0], [0.0, 1000.0, 0.0], [0.0, 1000.0, 0.0], [0.0, 1000.0, 0.0], [0.0, 1000.0, 0.0], [0.0, 1000.0, 0.0], [0.0, 1000.0, 0.0], [0.0, 1000.0, 0.0], [0.0, 1000.0, 0.0], [0.0, 1000.0, 0.0], [0.0, 1000.0, 0.0], [0.0, 1000.0, 0.0], [0.0, 1000.0, 0.0], [0.0, 1000.0, 0.0], [0.0, 1000.0, 0.0]], "B": [[499.99999999999994, 866.0254037844387, 0.0], [499.99999999999994, 866.0254037844387, 0.0], [499.99999999999994, 866.0254037844387, 0.0], [499.99999999999994, 866.0254037844387, 0.0], [499.99999999999994, 866.0254037844387, 0.0], [499.99999999999994, 866.0254037844387, 0.0], [499.99999999999994, 866.0254037844387, 0.0], [499.99999999999994, 866.0254037844387, 0.0], [499.99999999999994, 866.0254037844387, 0.0], [499.99999999999994, 866.0254037844387, 0.0], [499.99999999999994, 866.0254037844387, 0.0], [499.99999999999994, 866.0254037844387, 0.0], [499.99999999999994, 866.0254037844387, 0.0], [499.99999999999994, 866.0254037844387, 0.0], [499.99999999999994, 866.0254037844387, 0.0]], "C": [[866.025403784439, 500.0, 0.0], [864.748710675882, 499.65791111258, -26.1233765953087], [860.931670912557, 498.635138390519, -51.9799409116455], [854.613270001353, 496.942127968906, -77.3056057692213], [845.858041213472, 494.596171485644, -101.84170635369], [834.755406470973, 491.621229472534, -125.337642100835], [821.418763031958, 488.047686633308, -147.553436216676], [805.984325302584, 483.912041508093, -168.262186691222], [788.609733605121, 479.256533693938, -187.252383772333], [769.472444111441, 474.128712428786, -204.330070230059], [748.76791638645, 468.580950945206, -219.320822347516], [726.707617053045, 462.669911554032, -232.071531405338], [703.516859968282, 456.455966921303, -242.45196746446], [679.432504970177, 450.002583449337, -250.356109475438], [654.700538699134, 443.375673059777, -255.703228129195]], "D": [[1000.0, 0.0, 0.0], [994.898873861894, 0.685690695328, -71.2548590178233], [979.714948489861, 2.753806486318, -141.0946426618696], [954.802618368166, 6.236630278312, -208.1467363099753], [920.739477830566, 11.185178179169, -271.121871853757], [878.307253410305, 17.665149991365, -328.85192607652], [828.4661414899404, 25.751521337791, -380.323241906873], [772.3235337367877, 35.522025680641, -424.704260556925], [711.0983245481282, 47.049827207048, -461.366478201783], [646.082158623367, 60.395725643453, -489.898005271761], [578.599086314403, 75.60025981697, -510.109298913226], [509.965145271802, 92.676087088288, -522.030947900977], [441.44937717336, 111.601010153884, -525.90370177843], [374.237718519764, 132.312001327496, -522.161239643534], [309.401077569691, 154.700538082337, -511.406456541736]], "E": [[866.025403784439, -500.0, 0.0], [855.001257020943, -494.985302083752, -123.1019047460794], [822.425993759078, -479.997660124822, -241.8934454107856], [769.761625538913, -455.207989542457, -352.2921012800413], [699.348537938059, -420.906031994544, -450.655796935487], [614.268215917667, -377.506603046102, -533.966198403875], [518.1648214423764, -325.556309352494, -599.970894531592], [415.0380612968827, -265.73898046531, -647.275799147211], [309.0215724005852, -198.877920861575, -675.382880712206], [204.16172880252, -125.933169484068, -684.672410619691], [104.211302530168, -47.992256245239, -676.332982547112], [12.450849489415, 33.7465553891673, -652.246262733766], [-68.451808244482, 117.99889677243794, -614.8364886875343], [-136.536844895038, 203.4264021807131, -566.8969054017489], [-190.598922641515, 288.675133509671, -511.4064571084297]], "F": [[500.0, -866.02540378444, 0.0], [495.960329182992, -865.234050667338, -78.8902689397433], [483.289820668421, -862.39215178306, -159.9770167655719], [460.46269277499, -856.136153600335, -244.8678494213313], [425.343366813838, -844.325079966357, -334.093931632345], [375.725302423866, -824.232110607186, -426.808409385501], [309.95276162842634, -792.800371827019, -520.724969327495], [227.5187242670767, -746.949086289197, -612.3111781140491], [129.5339168158122, -683.910894907004, -697.209195390738], [18.98051236227, -601.575815834438, -770.8186959815629], [-99.30340652489, -498.812783474612, -828.949521159366], [-218.921183997995, -375.7370214074397, -868.439174007203], [-332.465644223285, -233.89163455673406, -887.6348405955852], [-432.247703410894, -76.3155161887119, -886.6604738299319], [-511.106998080949, 92.522709676469, -867.4233002964927]], "G": [[0.0, -1000.0, 0.0], [15.568709501905, -1009.215241735706, 49.3380461464167], [59.161821327299, -1035.219942812399, 81.2597699273851], [122.009669417481, -1073.269674769265, 81.0949972284977], [191.285921398513, -1116.036359782584, 39.187845444179], [252.435446349892, -1154.421233050574, -47.698996101626], [291.7935459682382, -1178.583539630237, -176.064581761051], [299.0130238744828, -1179.08231404243, -336.4513749053481], [268.8631664711752, -1148.010820561009, -515.143790578233], [202.095091787175, -1079.996304794695, -696.4407491411985], [105.252577563347, -972.944701027119, -865.0738420914486], [-10.492324146315, -828.4325833744117, -1008.343895112166], [-131.224274907152, -651.6863946963831, -1117.6318886347763], [-242.51874403361, -451.1384572296979, -1189.0838149829099], [-331.615073664341, -237.604309801428, -1223.4401433123646]], "H": [[-500.0, -866.02540378444, 0.0], [-479.101934646659, -886.142372743881, 139.3559064125743], [-419.17048463958, -944.749707826171, 257.2215103173301], [-328.385585620425, -1036.5179296803003, 333.5679975738527], [-219.900239346816, -1152.3156538329456, 351.532120989356], [-110.773138526606, -1279.094626182159, 299.410873173492], [-20.00312289294277, -1400.168493475719, 172.693411620443], [34.3839141051178, -1496.160634767783, -24.3905391380501], [38.8703386886452, -1546.77877937855, -278.423266288065], [-12.104878578839, -1533.372443671378, -567.9197709952385], [-113.721995747701, -1441.984426484767, -866.1056448749318], [-250.263856121775, -1266.3799102155597, -1144.948960164495], [-397.020131434269, -1010.393470026891, -1379.6070576717761], [-524.518792417411, -688.9330892036259, -1552.235130755048], [-604.320319256264, -327.1509122872848, -1654.2097423337048]], "I": [[-866.02540378444, -500.0, 0.0], [-853.317275894708, -529.537020961522, 166.6449863879697], [-815.09806897434, -616.81923936643, 317.6545166115241], [-752.234645960088, -757.1814178105134, 434.9202526880197], [-669.311913160237, -940.9074180342867, 497.425567407803], [-577.235362083237, -1151.341227825382, 483.913598448833], [-493.7121543340398, -1363.9419878077554, 378.208827707277], [-440.4216644590052, -1547.2745568562434, 175.3498472745049], [-437.1396754130868, -1666.425323150791, -113.959399529005], [-494.581383316762, -1688.582078903913, -462.6791707594865], [-608.607379015625, -1589.733029690631, -831.3493489042385], [-758.272819930465, -1360.873185145978, -1175.7240493450097], [-909.00468544791, -1011.9648370275715, -1455.886410634023], [-1020.407885130209, -572.2776082353209, -1644.0757476935541], [-1056.517489566982, -86.5704953944588, -1728.962498816515]], "J": [[-1000.0, 0.0, 0.0], [-1005.15161298986, -36.528423339647, 123.7725105916522], [-1015.546230508372, -145.083643044103, 245.2994605948995], [-1019.211561823134, -321.1510838939714, 353.9877701361661], [-1005.132899531881, -553.2276769039537, 427.5837757597299], [-971.434718170391, -819.231018776031, 436.3860365843255], [-929.2051591631288, -1085.2086753650233, 353.6573366984261], [-899.4258893344232, -1308.0970434455362, 167.70582632235525], [-903.9660353290798, -1442.804955712478, -109.92537108763244], [-954.681671395436, -1452.124061682198, -444.1178283344402], [-1045.781023346649, -1316.587113042754, -784.2355998276207], [-1153.227925162553, -1040.989520382062, -1077.5706067185117], [-1241.772376557895, -655.0948542405666, -1283.089791540781], [-1276.781754108217, -207.8331483189029, -1380.6334060462532], [-1236.009414786835, 243.5565242507982, -1372.945656360811]],