{"A": [[0.0, 1000.0, 0.0], [0.0, 1000.0, 0.0], [0.0, 1000.0, 0.0], [0.0, 1000.0, 0.0], [0.0, 1000.0, 0.0], [0.0, 1000.0, 0.0], [0.0, 1000.0, 0.0], [0.0, 1000.0, 0.0], [0.0, 1000.0, 0.0], [0.0, 1000.0, 0.0], [0.0, 1000.0, 0.0], [0.0, 1000.0, 0.0], [0.0, 1000.0, 0.0], [0.0, 1000.0, 0.0], [0.0, 1000.0, 0.0]], "B": [[499.99999999999994, 866.0254037844387, 0.0], [499.99999999999994, 866.0254037844387, 0.0], [499.99999999999994, 866.0254037844387, 0.0], [499.99999999999994, 866.0254037844387, 0.0], [499.99999999999994, 866.0254037844387, 0.0], [499.99999999999994, 866.0254037844387, 0.0], [499.99999999999994, 866.0254037844387, 0.0], [499.99999999999994, 866.0254037844387, 0.0], [499.99999999999994, 866.0254037844387, 0.0], [499.99999999999994, 866.0254037844387, 0.0], [499.99999999999994, 866.0254037844387, 0.0], [499.99999999999994, 866.0254037844387, 0.0], [499.99999999999994, 866.0254037844387, 0.0], [499.99999999999994, 866.0254037844387, 0.0], [499.99999999999994, 866.0254037844387, 0.0]], "C": [[866.025403784439, 500.0, 0.0], [865.951731221861, 499.980259496353, 6.28292845416606], [865.730756955299, 499.92104962008, 12.5621538728144], [865.362611222678, 499.822405268327, 18.8339754029243], [864.847511001912, 499.684384580152, 25.0946965551825], [864.185759883029, 499.507068902256, 31.3406273826221], [863.377747889233, 499.290562741044, 37.568086655405], [862.423951247039, 499.034993701025, 43.7734040304676], [861.324932105588, 498.740512409607, 49.9529222147487], [860.081338205334, 498.407292428321, 56.1029991207273], [858.69390249627, 498.035530150527, 62.2200100129976], [857.16344270595, 497.625444685663, 68.3003496446178], [855.490860857531, 497.177277730104, 74.3404343819717], [853.67714273814, 496.691293424716, 80.3367043168931], [851.723357317872, 496.167778199171, 86.2856253648058]], "D": [[1000.0, 0.0, 0.0], [1000.215671829966, 0.176232114552, -4.59461246452564], [1000.861883570704, 0.704643286262, -9.1576688226541], [1001.936226043396, 1.584378594732, -13.6576995666259], [1003.434690840578, 2.814015156075, -18.0634081746282], [1005.351680644585, 4.391565093328, -22.3437570759522], [1007.680023638572, 6.314479685543, -26.4680529841755], [1010.410991975454, 8.579654686082, -30.4060313900506], [1013.534324260275, 11.183436798002, -34.1279400077773], [1017.038251991928, 14.121631291749, -37.6046209708283], [1020.909529900518, 17.389510747794, -40.8075915764624], [1025.133470107375, 20.981824904287, -43.7091233815242], [1029.69398002544, 24.892811587259, -46.2823194560233], [1034.573603908749, 29.11620869849, -48.5011896054119], [1039.753567950965, 33.645267233692, -50.3407233772482]], "E": [[866.025403784439, -500.0, 0.0], [866.781641967108, -499.337038242704, -29.71521840229114], [869.04717707298, -497.349638816664, -59.317490004368], [872.812484268357, -494.04225441573, -88.6943065784646], [878.061733743293, -489.422290070185, -117.7340351266346], [884.772857861522, -483.500079025918, -146.3263507171302], [892.917644732631, -476.288849111684, -174.3626636121775], [902.461857771399, -467.804679730127, -201.7365388268276], [913.36538068859, -458.066449645907, -228.3441062948153], [925.5823872396501, -447.095775781193, -254.0844598622343], [939.0615349432641, -434.916943264718, -278.8600433832604], [953.7461818711249, -421.556827015367, -302.5770222537762], [969.5746255041229, -407.044805174799, -325.1456387882323], [986.4803625490125, -391.412664735703, -346.4805499222079], [1004.3923685139214, -374.694499742732, -366.5011458072822]], "F": [[500.0, -866.02540378444, 0.0], [501.437235775622, -864.587893770943, -62.34143227390014], [505.740823117636, -860.280196702102, -124.4258286390304], [512.886453859701, -853.116788475266, -185.9975647732241], [522.833786645145, -843.121718999356, -246.8038302250196], [535.526704003785, -830.328497796657, -306.5960121621212], [550.893669661916, -814.779934806185, -365.1310514894735], [568.848183512696, -796.527937340991, -422.1727624481616], [589.289330973935, -775.633264412474, -477.4931070784393], [612.1024227861551, -752.165239887532, -530.8734162662553], [637.159720660598, -726.201426185268, -582.1055494895554], [664.3212435800289, -697.827260451136, -630.9929858358252], [693.4356489890979, -667.135655362023, -677.3518393714173], [724.3411825903275, -634.22656691777, -721.0117925026219], [756.8666899903704, -599.206531759782, -761.8169415733443]], "G": [[0.0, -1000.0, 0.0], [2.16943112309, -997.614447302267, -93.72275990902594], [8.661287763556, -990.469642134603, -186.9705027629757], [19.426407249738, -978.601063929928, -279.2717382856981], [34.383342004877, -962.067581255956, -370.1619974207066], [53.419089605366, -940.951058381778, -459.1872624347962], [76.390104411557, -915.355809042977, -545.9073013602105], [103.123580461457, -885.407901923867, -629.8988764531986], [133.418992571615, -851.2543235909274, -710.7587976649663], [167.0498799899741, -813.0620057720078, -788.1067937400763], [203.7658545209861, -771.0167249691989, -861.5881754586724], [243.2948128210919, -725.3218834101586, -930.8762677003792], [285.3453305666959, -676.1971812732969, -995.6745894053803], [329.6092144488135, -623.8771909571633, -1055.718763113446], [375.7641864673044, -568.6098448978585, -1110.7781385460862]], "H": [[-500.0, -866.02540378444, 0.0], [-497.115949168496, -862.738391640024, -115.44259110554884], [-488.492006517752, -852.900935730709, -230.1288789457542], [-474.212459790824, -836.583561023729, -343.3099319385345], [-454.416653964397, -813.903089511171, -454.2514721340685], [-429.297305731377, -785.021569132539, -562.2409789456552], [-399.098176273983, -750.144790861972, -666.5945286604485], [-364.111134236945, -709.520410300948, -766.6632874029197], [-324.672649098713, -663.4356944268234, -861.8395800359573], [-281.1597628245449, -612.2149181945468, -951.5624633598853], [-233.9855946532609, -556.2164394222359, -1035.3227388187254], [-183.5944400193401, -495.8294837663597, -1112.667347641598], [-130.4565298528121, -431.4706745656889, -1183.2030998177534], [-75.0625207584655, -363.5803448722183, -1246.5996973988838], [-17.9177897918316, -292.6186710607245, -1302.5920222036973]], "I": [[-866.02540378444, -500.0, 0.0], [-862.508368413377, -496.134078593266, -121.67557153294192], [-851.999798325013, -484.575915804378, -242.2926539681693], [-834.626626133042, -465.443824429104, -360.8061329956613], [-810.598166764862, -438.933361220244, -476.1974338520276], [-780.202800456822, -405.314904716632, -587.4872697774094], [-743.803412381766, -364.930313166662, -693.74777533444], [-701.831670393611, -318.188710548672, -794.1138367267448], [-654.781242915956, -265.5614610514574, -887.7934455493175], [-603.2000775687039, -207.5764037591158, -974.0769197400433], [-547.6818773632249, -144.8114295021869, -1052.3448555427972], [-488.8569248990841, -77.8874907328547, -1122.0746966485847], [-427.3824157105141, -7.46114271801393, -1182.84583091907], [-363.9324695476675, 65.7832797886297, -1234.343150750106], [-299.1879928077406, 141.1417420199535, -1276.3590397083276]], "J": [[-1000.0, 0.0, 0.0], [-996.007971431728, 3.873601406133, -110.7499884050309], [-984.0894408847, 15.437081606606, -220.1901387344088], [-964.415902964702, 34.519423451043, -327.0320775717957], [-937.269305905377, 60.838763645105, -430.0299328633283], [-903.036330487734, 94.007079022717, -528.0005243136752], [-862.200564343664, 133.536625306875, -619.8423080992743], [-815.332750039818, 178.848009349966, -704.5527044055194], [-763.079328722285, 229.2797460691396, -781.2434724041445], [-706.1495390721019, 284.0991245536942, -849.1538407449713], [-645.3013629635234, 342.5141846558121, -907.6611513885931], [-581.3266337876582, 403.6865862339633, -956.2888294501417], [-515.0356403372245, 466.74513846575206, -994.711550338639], [-447.2415680766785, 530.7997465500177, -1022.7575364608578], [-378.7451203824219, 594.9555278403465, -1040.4079776582766]],