{"A": [[0.0, 1000.0, 0.0], [0.0, 1000.0, 0.0], [0.0, 1000.0, 0.0], [0.0, 1000.0, 0.0], [0.0, 1000.0, 0.0], [0.0, 1000.0, 0.0], [0.0, 1000.0, 0.0], [0.0, 1000.0, 0.0], [0.0, 1000.0, 0.0], [0.0, 1000.0, 0.0], [0.0, 1000.0, 0.0], [0.0, 1000.0, 0.0], [0.0, 1000.0, 0.0], [0.0, 1000.0, 0.0], [0.0, 1000.0, 0.0]], "B": [[499.99999999999994, 866.0254037844387, 0.0], [499.99999999999994, 866.0254037844387, 0.0], [499.99999999999994, 866.0254037844387, 0.0], [499.99999999999994, 866.0254037844387, 0.0], [499.99999999999994, 866.0254037844387, 0.0], [499.99999999999994, 866.0254037844387, 0.0], [499.99999999999994, 866.0254037844387, 0.0], [499.99999999999994, 866.0254037844387, 0.0], [499.99999999999994, 866.0254037844387, 0.0], [499.99999999999994, 866.0254037844387, 0.0], [499.99999999999994, 866.0254037844387, 0.0], [499.99999999999994, 866.0254037844387, 0.0], [499.99999999999994, 866.0254037844387, 0.0], [499.99999999999994, 866.0254037844387, 0.0], [499.99999999999994, 866.0254037844387, 0.0]], "C": [[866.025403784439, 500.0, 0.0], [864.748710675882, 499.65791111258, -26.1233765953087], [860.931670912557, 498.635138390519, -51.9799409116455], [854.613270001353, 496.942127968906, -77.3056057692213], [845.858041213472, 494.596171485644, -101.84170635369], [834.755406470973, 491.621229472534, -125.337642100835], [821.418763031958, 488.047686633308, -147.553436216676], [805.984325302584, 483.912041508093, -168.262186691222], [788.609733605121, 479.256533693938, -187.252383772333], [769.472444111441, 474.128712428786, -204.330070230059], [748.76791638645, 468.580950945206, -219.320822347516], [726.707617053045, 462.669911554032, -232.071531405338], [703.516859968282, 456.455966921303, -242.45196746446], [679.432504970177, 450.002583449337, -250.356109475438], [654.700538699134, 443.375673059777, -255.703228129195]], "D": [[1000.0, 0.0, 0.0], [994.898873861894, 0.685690695328, -71.2548590178233], [979.714948489861, 2.753806486318, -141.0946426618696], [954.802618368166, 6.236630278312, -208.1467363099753], [920.739477830566, 11.185178179169, -271.121871853757], [878.307253410305, 17.665149991365, -328.85192607652], [828.4661414899404, 25.751521337791, -380.323241906873], [772.3235337367877, 35.522025680641, -424.704260556925], [711.0983245481282, 47.049827207048, -461.366478201783], [646.082158623367, 60.395725643453, -489.898005271761], [578.599086314403, 75.60025981697, -510.109298913226], [509.965145271802, 92.676087088288, -522.030947900977], [441.44937717336, 111.601010153884, -525.90370177843], [374.237718519764, 132.312001327496, -522.161239643534], [309.401077569691, 154.700538082337, -511.406456541736]], "E": [[866.025403784439, -500.0, 0.0], [855.001257020943, -494.985302083752, -123.1019047460794], [822.425993759078, -479.997660124822, -241.8934454107856], [769.761625538913, -455.207989542457, -352.2921012800413], [699.348537938059, -420.906031994544, -450.655796935487], [614.268215917667, -377.506603046102, -533.966198403875], [518.1648214423764, -325.556309352494, -599.970894531592], [415.0380612968827, -265.73898046531, -647.275799147211], [309.0215724005852, -198.877920861575, -675.382880712206], [204.16172880252, -125.933169484068, -684.672410619691], [104.211302530168, -47.992256245239, -676.332982547112], [12.450849489415, 33.7465553891673, -652.246262733766], [-68.451808244482, 117.99889677243794, -614.8364886875343], [-136.536844895038, 203.4264021807131, -566.8969054017489], [-190.598922641515, 288.675133509671, -511.4064571084297]], "F": [[500.0, -866.02540378444, 0.0], [495.960329182992, -865.234050667338, -78.8902689397433], [483.289820668421, -862.39215178306, -159.9770167655719], [460.46269277499, -856.136153600335, -244.8678494213313], [425.343366813838, -844.325079966357, -334.093931632345], [375.725302423866, -824.232110607186, -426.808409385501], [309.95276162842634, -792.800371827019, -520.724969327495], [227.5187242670767, -746.949086289197, -612.3111781140491], [129.5339168158122, -683.910894907004, -697.209195390738], [18.98051236227, -601.575815834438, -770.8186959815629], [-99.30340652489, -498.812783474612, -828.949521159366], [-218.921183997995, -375.7370214074397, -868.439174007203], [-332.465644223285, -233.89163455673406, -887.6348405955852], [-432.247703410894, -76.3155161887119, -886.6604738299319], [-511.106998080949, 92.522709676469, -867.4233002964927]], "G": [[0.0, -1000.0, 0.0], [15.568709501905, -1009.215241735706, 49.3380461464167], [59.161821327299, -1035.219942812399, 81.2597699273851], [122.009669417481, -1073.269674769265, 81.0949972284977], [191.285921398513, -1116.036359782584, 39.187845444179], [252.435446349892, -1154.421233050574, -47.698996101626], [291.7935459682382, -1178.583539630237, -176.064581761051], [299.0130238744828, -1179.08231404243, -336.4513749053481], [268.8631664711752, -1148.010820561009, -515.143790578233], [202.095091787175, -1079.996304794695, -696.4407491411985], [105.252577563347, -972.944701027119, -865.0738420914486], [-10.492324146315, -828.4325833744117, -1008.343895112166], [-131.224274907152, -651.6863946963831, -1117.6318886347763], [-242.51874403361, -451.1384572296979, -1189.0838149829099], [-331.615073664341, -237.604309801428, -1223.4401433123646]], "H": [[-500.0, -866.02540378444, 0.0], [-455.328478066491, -887.712460970131, 226.6572651767827], [-328.829422472488, -949.1223838095607, 412.9210391457861], [-141.529237589654, -1039.8439072756232, 525.3687360338376], [76.243378035052, -1144.252816186413, 543.090849241134], [290.7891241137418, -1243.8331675563131, 460.71392053312], [471.3589187982202, -1319.923562423875, 288.401205211728], [595.4941355099218, -1356.470217019434, 49.0115607343269], [652.3114356802322, -1342.362152779449, -226.796470603484], [643.193864872532, -1272.985304095876, -506.3452179931825], [579.97967014289, -1150.756223051203, -760.3530579195486], [481.299030131825, -984.5648759747497, -966.9535158465375], [368.061791463996, -788.24168043913, -1113.7241662216452], [259.175921341416, -578.3320775738869, -1197.6534187716086], [168.384926390596, -371.578905811942, -1223.4401435346822]], "I": [[-866.02540378444, -500.0, 0.0], [-788.472125008265, -533.8196379042, 404.7706355785507], [-569.875783981248, -628.6884555396637, 740.2861894719141], [-249.120562390085, -766.1366724083933, 951.3471965692817], [119.0783716929145, -919.4426202274889, 1007.391109355616], [476.3549344590138, -1058.8247388360003, 907.128978259081], [772.7876943820693, -1157.108361246758, 676.449006322356], [975.8555536064798, -1194.6872242931, 360.6213284233389], [1074.3025439145413, -1162.768295133569, 13.242574758237], [1076.550789801281, -1064.282678757712, -315.0491589005325], [1004.84485344815, -912.377304469696, -585.3837474047476], [887.333880070672, -726.9472203083347, -775.3340059964145], [750.53810821882, -530.094346461081, -879.1585815489882], [614.123838884042, -341.5999488827519, -904.5338740315276], [488.893002582988, -175.426482493008, -867.4233007411342]], "J": [[-1000.0, 0.0, 0.0], [-893.123300848067, -43.927193194902, 535.1651003506857], [-595.1357720430042, -165.4322937108007, 969.861566988397], [-167.6819110266662, -336.3080136432133, 1228.0496768605788], [305.3207709426785, -517.5491257950289, 1275.242897263916], [739.3097254822378, -669.0093718946362, 1123.57285090374], [1068.7349176739112, -758.922657910944, 824.139829043106], [1259.0689817441507, -770.73194342341, 450.0711265021743], [1308.5965333651682, -705.51399387444, 76.2824265860017], [1241.103656969323, -579.614742095529, -237.7928484170292], [1093.4290692832249, -418.508958302101, -458.1199041903416], [902.8586427337548, -248.9371658659507, -577.3073360063285], [698.4069008160103, -91.73779966925605, -608.8345768239282], [497.786915058491, 42.6075992968261, -577.7319883151566], [309.401079075586, 154.700537053799, -511.40645733077315]],