{"A": [[0.0, 1000.0, 0.0], [0.0, 1000.0, 0.0], [0.0, 1000.0, 0.0], [0.0, 1000.0, 0.0], [0.0, 1000.0, 0.0]], "B": [[499.99999999999994, 866.0254037844387, 0.0], [499.99999999999994, 866.0254037844387, 0.0], [499.99999999999994, 866.0254037844387, 0.0], [499.99999999999994, 866.0254037844387, 0.0], [499.99999999999994, 866.0254037844387, 0.0]], "C": [[866.025403784439, 500.0, 0.0], [850.535244067887, 495.849424213321, -89.6882335981333], [805.984325302584, 483.912041508093, -168.262186691222], [737.893454266081, 465.667147601931, -225.984874615484], [654.700538699134, 443.375673059777, -255.703228129195]], "D": [[1000.0, 0.0, 0.0], [938.8705551622656, 8.523869342042, -240.2201864001283], [772.3235337367877, 35.522025680641, -424.704260556925], [544.345117255487, 83.904756529727, -517.09603969575], [309.401077569691, 154.700538082337, -511.406456541736]], "E": [[866.025403784439, -500.0, 0.0], [778.6895587085387, -483.674662614548, -234.57696515752943], [544.3622538224527, -427.239089925989, -381.8673935677309], [238.4879150795, -312.740456018712, -386.431814788531], [-39.60071698804, -123.859635250677, -249.583673615407]], "F": [[500.0, -866.02540378444, 0.0], [420.5447703170017, -825.699369549711, -385.24415742252745], [213.5406391587917, -729.493247354872, -640.9980093185759], [-50.659128547546, -622.743521376897, -683.486151672196], [-290.030281802764, -511.470110194639, -484.088140974876]], "G": [[0.0, -1000.0, 0.0], [-20.3813374677193, -907.5521370330596, -643.7658864130615], [-62.6908684581123, -727.3863315407882, -1078.766107215816], [-117.2778847426857, -625.4407590186592, -1196.81242088432], [-191.4580523372582, -620.520412235097, -980.415391520535]], "H": [[-500.0, -866.02540378444, 0.0], [-402.2831012651553, -702.9084045825056, -926.9993201885235], [-152.863311183725, -421.9211029173442, -1486.8213940410758], [86.0516289936373, -318.9122447503612, -1561.01919074911], [157.5437420521848, -341.960239452434, -1242.238175256699]], "I": [[-866.02540378444, -500.0, 0.0], [-602.3375990361553, -277.5833728052716, -1143.8541280586985], [-14.060233999181, 41.52005396662681, -1670.9550202511318], [414.5971700662933, 78.65156558038782, -1516.859972145393], [407.9733073628768, 45.650235679363, -1007.733708737337]], "J": [[-1000.0, 0.0, 0.0], [-556.205567879752, 231.6347363752134, -1224.5879215726718], [287.656761142516, 442.36807208673383, -1543.530871664729], [634.4963144706093, 284.2602649909168, -1095.767795243376], [309.4010785616172, 154.700538458008, -511.406458221954]], "K": [[-866.02540378444, 500.0, 0.0], [-278.723469429135, 660.9769591738744, -1143.2360119892937], [608.689214900213, 589.8443119932728, -1165.194890388212], [589.2223695019499, 151.55926080096282, -597.480823885417], [-39.6007156595558, -123.859633774313, -249.583673675946]], "L": [[-500.0, 866.02540378444, 0.0], [140.868044985963, 872.3631101667094, -925.9618795427258], [796.245715121444, 413.75928757505284, -716.0113913240499], [311.0018401375509, -224.99337458222516, -376.6853478056419], [-290.0302814662028, -511.470109093949, -484.088139355186]], "M": [[0.0, 1000.0, 0.0], [567.624702391115, 797.8095684209505, -642.6427711072588], [761.0610732193236, -2.08151912130619, -409.7636862037459], [-2.1247609052261, -577.3632256296102, -590.5460787109649], [-191.4580533291561, -620.520412610795, -980.415389840292]], "first": [[-211.32486540518747, 788.6751345948124, 0.0], [-211.32486540518747, 788.6751345948124, 0.0], [-211.32486540518747, 788.6751345948124, 0.0], [-211.32486540518747, 788.6751345948124, 0.0], [-211.32486540518747, 788.6751345948124, 0.0]], "B_C": [[577.3502691896259, 577.3502691896257, 0.0], [577.3502691896259, 577.3502691896257, 0.0], [577.3502691896259, 577.3502691896257, 0.0], [577.3502691896259, 577.3502691896257, 0.0], [577.3502691896259, 577.3502691896257, 0.0]], "D_E": [[788.675134594813, -211.324865405191, 0.0], [716.685995923294, -191.332825969573, -237.4416162738693], [524.25541055218, -129.917842977751, -404.498974243615], [272.05674770476, -24.822741134593, -459.184274603465], [32.692071226064, 122.008467324608, -403.33355616918]], "F_G": [[211.324865405187, -788.67513459481, 0.0], [151.7662175450417, -730.825589523259, -475.0965525511094], [2.4338476087097, -606.678519561867, -813.2387207534829], [-184.029419395743, -513.806159726925, -927.743012850856], [-362.32307024748, -489.389019668966, -773.229240884809]], "H_I": [[-577.35026918963, -577.35026918962, 0.0], [-450.6266323848343, -408.0307430544176, -921.8548855603404], [-139.799679198017, -124.85285896460519, -1456.8848372715559], [136.6924438304403, -30.30332523153617, -1502.224659337767], [188.1750040803808, -50.002056144722, -1186.215479291031]], "J_K": [[-788.67513459481, 211.32486540519, 0.0], [-377.8602606220143, 395.1845785376644, -1049.200356492307], [336.113704307822, 507.4248703212948, -1255.892322197544], [483.5504184511294, 294.01361213139285, -838.0148007477089], [32.6920724461008, 122.0084682983812, -403.333557084445]], "last": [[-211.324865405191, 788.67513459481, 0.0], [283.982527590313, 728.6145807091511, -706.4829451897527], [631.9560004200256, 229.6771096549588, -547.3726090331539], [44.6991915641439, -299.94178865433315, -489.7429971173999], [-362.3230705920508, -489.389019287775, -773.22923914977]]}