{"A": [[0.0, 1000.0, 0.0], [0.0, 1000.0, 0.0], [0.0, 1000.0, 0.0], [0.0, 1000.0, 0.0], [0.0, 1000.0, 0.0]], "B": [[499.99999999999994, 866.0254037844387, 0.0], [499.99999999999994, 866.0254037844387, 0.0], [499.99999999999994, 866.0254037844387, 0.0], [499.99999999999994, 866.0254037844387, 0.0], [499.99999999999994, 866.0254037844387, 0.0]], "C": [[866.025403784439, 500.0, 0.0], [850.535244067887, 495.849424213321, -89.6882335981333], [805.984325302584, 483.912041508093, -168.262186691222], [737.893454266081, 465.667147601931, -225.984874615484], [654.700538699134, 443.375673059777, -255.703228129195]], "D": [[1000.0, 0.0, 0.0], [938.8705551622656, 8.523869342042, -240.2201864001283], [772.3235337367877, 35.522025680641, -424.704260556925], [544.345117255487, 83.904756529727, -517.09603969575], [309.401077569691, 154.700538082337, -511.406456541736]], "E": [[866.025403784439, -500.0, 0.0], [778.6895587085387, -483.674662614548, -234.57696515752943], [544.3622538224527, -427.239089925989, -381.8673935677309], [238.4879150795, -312.740456018712, -386.431814788531], [-39.60071698804, -123.859635250677, -249.583673615407]], "F": [[500.0, -866.02540378444, 0.0], [420.5447703170017, -825.699369549711, -385.24415742252745], [213.5406391587917, -729.493247354872, -640.9980093185759], [-50.659128547546, -622.743521376897, -683.486151672196], [-290.030281802764, -511.470110194639, -484.088140974876]], "G": [[0.0, -1000.0, 0.0], [-80.6660772966483, -918.6862213409026, -475.1903861344134], [-273.3989075645443, -721.6675541552735, -816.4341196093039], [-481.893299760233, -520.834028126105, -951.069292387367], [-639.032076688575, -408.83243626314, -852.344094745541]], "H": [[-500.0, -866.02540378444, 0.0], [-495.9134663917563, -816.5147126527776, -766.8747722321524], [-532.4986129078673, -760.4147828775671, -1262.881414806024], [-705.166495745877, -784.397132398743, -1336.598490311014], [-984.331537756213, -769.304340709833, -989.37504279045]], "I": [[-866.02540378444, -500.0, 0.0], [-691.6502324026093, -552.0440874999387, -1166.4890854067414], [-440.4431877023692, -827.2936708887179, -1767.858845449953], [-561.550335805702, -1225.825642077194, -1565.64971139097], [-980.6292043206857, -1232.413919487467, -758.15003721653]], "J": [[-1000.0, 0.0, 0.0], [-604.9257324390421, -210.3303944635676, -1545.5138939993114], [-41.0452691092052, -890.4740414486349, -2091.028670511778], [-153.272423395247, -1530.905762138906, -1475.1817114572284], [-631.6274098134177, -1335.051594331576, -389.894083341476]], "K": [[-866.02540378444, 500.0, 0.0], [-263.6313184340191, 98.7282767953134, -1782.0515297357624], [475.6066602950868, -919.8859812972113, -2078.582222492904], [229.050415726262, -1482.4780200786513, -1129.5906338580764], [-286.3279483549567, -974.579690511774, -252.863134632282]], "L": [[-500.0, 866.02540378444, 0.0], [222.4697637271019, 275.7359750558954, -1800.0294358818924], [863.6185266840328, -901.5312426840994, -1736.443233859728], [313.2764698880028, -1115.0138292362863, -774.8721078687515], [-290.03028102113956, -511.470111448426, -484.088139646287]], "M": [[0.0, 1000.0, 0.0], [697.0431867981139, 263.7654881795941, -1593.6657617778214], [938.3208977196769, -844.145535658414, -1227.448510093427], [39.4526831869918, -690.0783477471542, -663.5187835383246], [-639.0320751499136, -408.832435691718, -852.344093625681]], "first": [[-211.32486540518747, 788.6751345948124, 0.0], [-211.32486540518747, 788.6751345948124, 0.0], [-211.32486540518747, 788.6751345948124, 0.0], [-211.32486540518747, 788.6751345948124, 0.0], [-211.32486540518747, 788.6751345948124, 0.0]], "B_C": [[577.3502691896259, 577.3502691896257, 0.0], [577.3502691896259, 577.3502691896257, 0.0], [577.3502691896259, 577.3502691896257, 0.0], [577.3502691896259, 577.3502691896257, 0.0], [577.3502691896259, 577.3502691896257, 0.0]], "D_E": [[788.675134594813, -211.324865405191, 0.0], [716.685995923294, -191.332825969573, -237.4416162738693], [524.25541055218, -129.917842977751, -404.498974243615], [272.05674770476, -24.822741134593, -459.184274603465], [32.692071226064, 122.008467324608, -403.33355616918]], "F_G": [[211.324865405187, -788.67513459481, 0.0], [151.7662175450417, -730.825589523259, -475.0965525511094], [2.4338476087097, -606.678519561867, -813.2387207534829], [-184.029419395743, -513.806159726925, -927.743012850856], [-362.32307024748, -489.389019668966, -773.229240884809]], "H_I": [[-577.35026918963, -577.35026918962, 0.0], [-503.2243634244163, -569.6653327905436, -935.1849974807865], [-406.2571423615293, -667.7964712173317, -1517.442482011011], [-536.2094551865299, -929.537493199821, -1535.857596976176], [-906.981268113558, -1057.979475183254, -989.375043670756]], "J_K": [[-788.67513459481, 211.32486540519, 0.0], [-366.4294500615303, -30.6631470938366, -1533.0398813438244], [223.7332720451638, -767.4540457275076, -2027.1944925662478], [107.787819858302, -1410.755702703542, -1393.157872927646], [-356.4831935998627, -1219.875039227606, -408.506415695261]], "last": [[-211.324865405191, 788.67513459481, 0.0], [400.3222227386909, 248.5399934061264, -1561.3973364428705], [835.7638939425328, -738.5021938352203, -1487.521466745435], [240.641809063102, -831.1359623608162, -833.6425104718285], [-362.3230690275027, -489.389020027747, -773.229239597474]]}