{"A": [[0.0, 1000.0, 0.0], [0.0, 1000.0, 0.0], [0.0, 1000.0, 0.0], [0.0, 1000.0, 0.0], [0.0, 1000.0, 0.0], [0.0, 1000.0, 0.0], [0.0, 1000.0, 0.0], [0.0, 1000.0, 0.0], [0.0, 1000.0, 0.0], [0.0, 1000.0, 0.0], [0.0, 1000.0, 0.0], [0.0, 1000.0, 0.0], [0.0, 1000.0, 0.0], [0.0, 1000.0, 0.0], [0.0, 1000.0, 0.0]], "B": [[499.99999999999994, 866.0254037844387, 0.0], [499.99999999999994, 866.0254037844387, 0.0], [499.99999999999994, 866.0254037844387, 0.0], [499.99999999999994, 866.0254037844387, 0.0], [499.99999999999994, 866.0254037844387, 0.0], [499.99999999999994, 866.0254037844387, 0.0], [499.99999999999994, 866.0254037844387, 0.0], [499.99999999999994, 866.0254037844387, 0.0], [499.99999999999994, 866.0254037844387, 0.0], [499.99999999999994, 866.0254037844387, 0.0], [499.99999999999994, 866.0254037844387, 0.0], [499.99999999999994, 866.0254037844387, 0.0], [499.99999999999994, 866.0254037844387, 0.0], [499.99999999999994, 866.0254037844387, 0.0], [499.99999999999994, 866.0254037844387, 0.0]], "C": [[866.025403784439, 500.0, 0.0], [864.748710675882, 499.65791111258, -26.1233765953087], [860.931670912557, 498.635138390519, -51.9799409116455], [854.613270001353, 496.942127968906, -77.3056057692213], [845.858041213472, 494.596171485644, -101.84170635369], [834.755406470973, 491.621229472534, -125.337642100835], [821.418763031958, 488.047686633308, -147.553436216676], [805.984325302584, 483.912041508093, -168.262186691222], [788.609733605121, 479.256533693938, -187.252383772333], [769.472444111441, 474.128712428786, -204.330070230059], [748.76791638645, 468.580950945206, -219.320822347516], [726.707617053045, 462.669911554032, -232.071531405338], [703.516859968282, 456.455966921303, -242.45196746446], [679.432504970177, 450.002583449337, -250.356109475438], [654.700538699134, 443.375673059777, -255.703228129195]], "D": [[1000.0, 0.0, 0.0], [994.898873861894, 0.685690695328, -71.2548590178233], [979.714948489861, 2.753806486318, -141.0946426618696], [954.802618368166, 6.236630278312, -208.1467363099753], [920.739477830566, 11.185178179169, -271.121871853757], [878.307253410305, 17.665149991365, -328.85192607652], [828.4661414899404, 25.751521337791, -380.323241906873], [772.3235337367877, 35.522025680641, -424.704260556925], [711.0983245481282, 47.049827207048, -461.366478201783], [646.082158623367, 60.395725643453, -489.898005271761], [578.599086314403, 75.60025981697, -510.109298913226], [509.965145271802, 92.676087088288, -522.030947900977], [441.44937717336, 111.601010153884, -525.90370177843], [374.237718519764, 132.312001327496, -522.161239643534], [309.401077569691, 154.700538082337, -511.406456541736]], "E": [[866.025403784439, -500.0, 0.0], [858.717122016035, -498.717658364976, -71.121282559639], [836.984073500355, -494.816245499308, -140.03016021706074], [801.397839020938, -488.135119726561, -204.5775765110013], [752.898202032951, -478.414917879745, -262.74067212726175], [692.773371629022, -465.309988548366, -312.6844681804731], [622.6314117134013, -448.405526170863, -352.8214102075293], [544.3622538224527, -427.239089925989, -381.8673935677309], [460.0898309899562, -401.326046748741, -398.8924496205865], [372.114227280403, -370.18830538649, -403.3638660619305], [282.844280649672, -333.385514664703, -395.179217433368], [194.721770106724, -290.547695772594, -374.686660276888], [110.139104809767, -241.408081597325, -342.689955027613], [31.353239351939, -185.834765222232, -300.436046418031], [-39.60071698804, -123.859635250677, -249.583673615407]], "F": [[500.0, -866.02540378444, 0.0], [493.289428506564, -862.551296334402, -116.2530577230426], [473.403207684241, -852.328625468175, -229.15392030676924], [441.055380600556, -835.936925432458, -335.4836842309983], [397.365518653769, -814.278675299844, -432.27308770601473], [343.76715177572, -788.488804376248, -516.8885424173051], [281.90504927120935, -759.817200004412, -587.0808983146663], [213.5406391587917, -729.493247354872, -640.9980093185759], [140.4828059038702, -698.583613697317, -677.1701541507075], [64.555595649937, -667.856152614662, -694.4836580157995], [-12.394042061202, -637.663666287893, -692.161256753536], [-88.454921208095, -607.861042343047, -669.76697818267], [-161.592087471728, -577.767745972985, -627.248433645785], [-229.591028005879, -546.184683292784, -565.021039021076], [-290.030281802764, -511.470110194639, -484.088140974876]], "G": [[0.0, -1000.0, 0.0], [-6.948224135821, -993.046605864407, -142.3769452711151], [-27.394119705272, -972.526930223147, -281.15004366878026], [-60.182846909907, -939.448232097137, -412.9100434755241], [-103.522531765362, -895.4408380167858, -534.6110411815257], [-155.165031678557, -842.6826857812474, -643.691113222992], [-212.62388917153467, -783.7893108728643, -738.1294314897203], [-273.3989075645443, -721.6675541552735, -816.4341196093039], [-335.1745772767778, -659.334072222419, -877.5665606825335], [-395.962052238964, -599.7041782899566, -920.8196843342726], [-454.161906157817, -545.362170250293, -945.678081662384], [-508.537121822168, -498.330300163923, -951.694546320398], [-558.101385596163, -459.858820331796, -938.41889205424], [-601.944541895787, -430.262892964578, -905.40933443099], [-639.032076688575, -408.83243626314, -852.344094745541]], "H": [[-500.0, -866.02540378444, 0.0], [-499.343824825863, -861.175769578224, -232.40942490713388], [-497.719079702592, -847.53802021718, -457.5626192130513], [-496.159359789371, -827.6641551444, -668.6012494025521], [-496.375543797492, -805.2372338654734, -859.3863683948497], [-500.679793986239, -784.3306163939467, -1024.694758162002], [-511.7920092678457, -768.578132145738, -1160.2860948161433], [-532.4986129078673, -760.4147828775671, -1262.881414806024], [-565.1804407839658, -760.534594672018, -1330.1203690184796], [-611.280151054088, -767.6704533985798, -1360.5635179236735], [-670.819880534434, -778.7378472277851, -1353.776486419668], [-742.090127543039, -789.31268367147, -1310.486182842388], [-821.604098708875, -794.347428708738, -1232.753537448585], [-904.353768464169, -788.983796217955, -1124.080699009247], [-984.331537756213, -769.304340709833, -989.37504279045]], "I": [[-866.02540378444, -500.0, 0.0], [-849.782703848082, -502.856682820242, -361.8281892564439], [-803.249497223178, -513.058028297527, -708.0092031511273], [-732.819235097659, -534.956284279523, -1023.9368628497931], [-648.483454218212, -574.1396312767084, -1296.8863959334697], [-562.7697286718918, -635.3888250968427, -1516.538610667103], [-489.2094176472777, -720.6099476688667, -1675.2018862469383], [-440.4431877023692, -827.2936708887179, -1767.858845449953], [-426.2229047219118, -947.929056965562, -1792.2061955749705], [-451.687104162534, -1070.5689938327607, -1748.8053575260406], [-516.309932172594, -1180.462574718744, -1641.340586422889], [-613.818356452727, -1262.408407825894, -1476.847178749719], [-733.157060541897, -1303.30855798532, -1265.691095890708], [-860.3181029530289, -1294.359560755501, -1021.098228597013], [-980.6292043206857, -1232.413919487467, -758.15003721653]], "J": [[-1000.0, 0.0, 0.0], [-962.815197457219, -15.685355599389, -495.3832181901749], [-856.7275957797152, -64.612567302526, -960.9636534359282], [-697.3938249598506, -151.327016222484, -1369.657584585866], [-508.462539877628, -280.2153391707514, -1699.3188082567776], [-318.0721541447638, -451.8998840596907, -1934.1557774223982], [-154.41660728093768, -660.1499304802676, -2065.3397501869613], [-41.0452691092052, -890.4740414486349, -2091.028670511778], [7.1994301510542, -1121.050614149134, -2016.0883040667645], [-13.324708457939, -1325.9281285453526, -1851.6611535810166], [-94.793558955999, -1479.717225566555, -1614.5116191038219], [-219.997489900423, -1562.530669044464, -1325.91359792637], [-366.2504995431559, -1563.848797179962, -1009.863904826898], [-510.1004972666989, -1484.312008241374, -690.621468759678], [-631.6274098134177, -1335.051594331576, -389.894083341476]],