{"A": [[0.0, 1000.0, 0.0], [0.0, 1000.0, 0.0], [0.0, 1000.0, 0.0], [0.0, 1000.0, 0.0], [0.0, 1000.0, 0.0], [0.0, 1000.0, 0.0], [0.0, 1000.0, 0.0], [0.0, 1000.0, 0.0], [0.0, 1000.0, 0.0], [0.0, 1000.0, 0.0], [0.0, 1000.0, 0.0], [0.0, 1000.0, 0.0], [0.0, 1000.0, 0.0], [0.0, 1000.0, 0.0], [0.0, 1000.0, 0.0]], "B": [[499.99999999999994, 866.0254037844387, 0.0], [499.99999999999994, 866.0254037844387, 0.0], [499.99999999999994, 866.0254037844387, 0.0], [499.99999999999994, 866.0254037844387, 0.0], [499.99999999999994, 866.0254037844387, 0.0], [499.99999999999994, 866.0254037844387, 0.0], [499.99999999999994, 866.0254037844387, 0.0], [499.99999999999994, 866.0254037844387, 0.0], [499.99999999999994, 866.0254037844387, 0.0], [499.99999999999994, 866.0254037844387, 0.0], [499.99999999999994, 866.0254037844387, 0.0], [499.99999999999994, 866.0254037844387, 0.0], [499.99999999999994, 866.0254037844387, 0.0], [499.99999999999994, 866.0254037844387, 0.0], [499.99999999999994, 866.0254037844387, 0.0]], "C": [[866.025403784439, 500.0, 0.0], [864.748710675882, 499.65791111258, -26.1233765953087], [860.931670912557, 498.635138390519, -51.9799409116455], [854.613270001353, 496.942127968906, -77.3056057692213], [845.858041213472, 494.596171485644, -101.84170635369], [834.755406470973, 491.621229472534, -125.337642100835], [821.418763031958, 488.047686633308, -147.553436216676], [805.984325302584, 483.912041508093, -168.262186691222], [788.609733605121, 479.256533693938, -187.252383772333], [769.472444111441, 474.128712428786, -204.330070230059], [748.76791638645, 468.580950945206, -219.320822347516], [726.707617053045, 462.669911554032, -232.071531405338], [703.516859968282, 456.455966921303, -242.45196746446], [679.432504970177, 450.002583449337, -250.356109475438], [654.700538699134, 443.375673059777, -255.703228129195]], "D": [[1000.0, 0.0, 0.0], [994.898873861894, 0.685690695328, -71.2548590178233], [979.714948489861, 2.753806486318, -141.0946426618696], [954.802618368166, 6.236630278312, -208.1467363099753], [920.739477830566, 11.185178179169, -271.121871853757], [878.307253410305, 17.665149991365, -328.85192607652], [828.4661414899404, 25.751521337791, -380.323241906873], [772.3235337367877, 35.522025680641, -424.704260556925], [711.0983245481282, 47.049827207048, -461.366478201783], [646.082158623367, 60.395725643453, -489.898005271761], [578.599086314403, 75.60025981697, -510.109298913226], [509.965145271802, 92.676087088288, -522.030947900977], [441.44937717336, 111.601010153884, -525.90370177843], [374.237718519764, 132.312001327496, -522.161239643534], [309.401077569691, 154.700538082337, -511.406456541736]], "E": [[866.025403784439, -500.0, 0.0], [858.717122016035, -498.717658364976, -71.121282559639], [836.984073500355, -494.816245499308, -140.03016021706074], [801.397839020938, -488.135119726561, -204.5775765110013], [752.898202032951, -478.414917879745, -262.74067212726175], [692.773371629022, -465.309988548366, -312.6844681804731], [622.6314117134013, -448.405526170863, -352.8214102075293], [544.3622538224527, -427.239089925989, -381.8673935677309], [460.0898309899562, -401.326046748741, -398.8924496205865], [372.114227280403, -370.18830538649, -403.3638660619305], [282.844280649672, -333.385514664703, -395.179217433368], [194.721770106724, -290.547695772594, -374.686660276888], [110.139104809767, -241.408081597325, -342.689955027613], [31.353239351939, -185.834765222232, -300.436046418031], [-39.60071698804, -123.859635250677, -249.583673615407]], "F": [[500.0, -866.02540378444, 0.0], [493.295522257677, -862.528753405781, -25.759029679384497], [473.502184648008, -851.971796763413, -49.09050380309885], [441.568137791929, -834.162715767219, -67.6955787067183], [399.032840636663, -808.811825649329, -79.52936851504572], [347.96489921743, -775.574338384791, -82.9186243200551], [290.87380431827034, -734.105792846973, -76.6666709981933], [230.5958275927847, -684.12589549362, -60.1392609348389], [170.1561666135792, -625.485599410976, -33.3241828869005], [112.6119882704, -558.231613518044, 3.1425848670305], [60.883952825514, -482.662275544971, 47.990336986167], [17.586610437649, -399.368932304184, 99.370579009543], [-15.129808464191, -309.2577125959148, 154.957831435499], [-35.7127538051605, -213.5478701755452, 212.090371249209], [-43.30305080305794, -113.744673914924, 267.942338013596]], "G": [[0.0, -1000.0, 0.0], [-6.938603172465, -993.011014537134, 0.497240358643904], [-27.237416208451, -971.961987597366, 3.93212031973835], [-59.367292308427, -936.62630218407, 13.0144006012345], [-100.85375361893, -886.6903932755793, 30.00379550002528], [-148.392143528115, -821.8457405153893, 56.5010152322279], [-198.01506451846868, -741.9090903990466, 93.2626522688057], [-245.3144743964573, -646.9620552221023, 140.0542101572661], [-285.7167352045148, -537.498528155222, 195.5586804098225], [-314.802492986589, -414.565869083257, 257.3594362339995], [-328.655199725598, -279.883917541108, 322.014749377009], [-324.213547851667, -135.925021113471, 385.236194082542], [-299.595613678078, 14.0611126109322, 442.174361882473], [-254.3577901852025, 166.0914424937898, 487.803143484103], [-189.65118964505294, 315.571629842412, 517.379556601263]], "H": [[-500.0, -866.02540378444, 0.0], [-499.32207847989, -861.095322195996, 90.5303219979741], [-497.36842475914, -846.273849802878, 180.36488158587335], [-494.364302676222, -821.453013236705, 268.8696466198765], [-490.632987932239, -786.4084234454742, 355.52624857546226], [-486.512264031441, -740.7438865287548, 439.9673968380609], [-482.23205557321967, -683.8363813665972, 521.9787061932396], [-477.7581047786063, -614.803263956166, 601.4487953771211], [-472.6192865028588, -532.5173962093497, 678.2509395914195], [-465.751648409162, -435.695992604863, 752.0482907560145], [-455.406063066869, -323.0834404125699, 822.031961377802], [-439.172774000246, -193.7358636524156, 886.625738488255], [-414.169627218527, -47.3957611519819, 943.218312569079], [-377.4180331290755, 115.0794591522735, 988.006248825606], [-326.39225495036794, 291.2968229283811, 1016.03956827211]], "I": [[-866.02540378444, -500.0, 0.0], [-849.743536561245, -502.711789250607, 219.8177438952321], [-802.624057366675, -510.803211768418, 429.81957127770835], [-729.669149746404, -524.056560257023, 621.1992808141785], [-638.633154959826, -541.8422672338812, 787.0729299748423], [-539.1704498207095, -562.7851040825598, 923.1929959641539], [-441.7036958371931, -584.4217086816928, 1028.3613355785437], [-356.1064024440673, -602.9550992881225, 1104.449468084648], [-290.3483680805538, -613.2127126416502, 1155.9692359068315], [-249.300920856057, -608.892807696299, 1189.1994525010534], [-233.920677868468, -583.1382727142319, 1210.959847715611], [-241.007252553189, -529.4109445527706, 1227.216194319423], [-263.65283955639, -442.5641062278159, 1241.774619005606], [-292.3763085354314, -319.9422398359715, 1255.35100549503], [-316.78518156522114, -162.2942877698819, 1265.262361907867]], "J": [[-1000.0, 0.0, 0.0], [-962.75805864408, -15.473979033132, 353.1452598999381], [-855.8250145763119, -61.358609315791, 681.0533267909864], [-692.9298324144166, -135.880994493464, 961.6682884158145], [-494.858172396384, -235.6090589361592, 1178.8626298849892], [-286.5529189364135, -354.9302362123728, 1324.353723632886], [-93.55204719275207, -485.6649013236247, 1398.4784994303718], [61.7420146547417, -617.0565481485789, 1409.659300657563], [163.3760347617562, -736.3217057282973, 1372.5968761508984], [204.155776584305, -829.819356429406, 1305.4649935804975], [186.488567080329, -884.7347783235159, 1226.6061570876027], [121.547870517271, -891.0059205585886, 1151.3739337134384], [26.891057637227, -843.1004013763719, 1089.774248929307], [-76.9884724230534, -741.2220242775365, 1045.397163646811], [-170.4370428641211, -591.6105920567419, 1015.825144148939]],