{"A": [[0.0, 1000.0, 0.0], [0.0, 1000.0, 0.0], [0.0, 1000.0, 0.0], [0.0, 1000.0, 0.0], [0.0, 1000.0, 0.0]], "B": [[499.99999999999994, 866.0254037844387, 0.0], [499.99999999999994, 866.0254037844387, 0.0], [499.99999999999994, 866.0254037844387, 0.0], [499.99999999999994, 866.0254037844387, 0.0], [499.99999999999994, 866.0254037844387, 0.0]], "C": [[866.025403784439, 500.0, 0.0], [850.535244067887, 495.849424213321, -89.6882335981333], [805.984325302584, 483.912041508093, -168.262186691222], [737.893454266081, 465.667147601931, -225.984874615484], [654.700538699134, 443.375673059777, -255.703228129195]], "D": [[1000.0, 0.0, 0.0], [938.8705551622656, 8.523869342042, -240.2201864001283], [772.3235337367877, 35.522025680641, -424.704260556925], [544.345117255487, 83.904756529727, -517.09603969575], [309.401077569691, 154.700538082337, -511.406456541736]], "E": [[866.025403784439, -500.0, 0.0], [778.6895587085387, -483.674662614548, -234.57696515752943], [544.3622538224527, -427.239089925989, -381.8673935677309], [238.4879150795, -312.740456018712, -386.431814788531], [-39.60071698804, -123.859635250677, -249.583673615407]], "F": [[500.0, -866.02540378444, 0.0], [421.5078534930607, -822.450851631807, -74.57347880355545], [230.5958275927847, -684.12589549362, -60.1392609348389], [38.034456062185, -441.931951329194, 72.999530178877], [-43.30305080305794, -113.744673914924, 267.942338013596]], "G": [[0.0, -1000.0, 0.0], [-17.8018238482623, -898.8513348379863, 188.33176266425355], [-19.6425084257483, -612.8763040381981, 387.3576254624131], [85.6697745913674, -211.709765022172, 534.169578850471], [301.99640993555204, 174.930460765055, 523.645567289743]], "H": [[-500.0, -866.02540378444, 0.0], [-397.9536679957293, -688.3050536988573, 469.5861516449286], [-87.2549238193306, -247.4006743609871, 747.6426762594341], [347.4865133396574, 214.051352468541, 668.812285951111], [650.9982048718041, 453.490634429157, 261.822785220238]], "I": [[-866.02540378444, -500.0, 0.0], [-710.7687076468343, -282.3525858175093, 542.3772034318368], [-271.4972597610296, 234.3852727937399, 791.0737158749816], [258.8966898506661, 710.635233341862, 552.599184873374], [500.08860518793705, 865.783329975069, -12.385563219165]], "J": [[-1000.0, 0.0, 0.0], [-855.6429109015833, 188.4482315800437, 383.2946839640759], [-484.6816630219806, 603.1814951425469, 496.9802800103746], [-117.0404597172199, 924.567866891289, 268.252072511576], [0.17721040059606, 999.515852313755, -24.7711298929004]], "K": [[-866.02540378444, 500.0, 0.0], [-785.983476525164, 572.6837691976267, 43.50091229483386], [-625.3456626218706, 683.4640076502262, 5.3324895819656], [-512.7286295845529, 703.569590175013, 18.172432503423], [-348.82458525683495, 720.955679254714, 237.0516518590406]], "L": [[-500.0, 866.02540378444, 0.0], [-524.1934832377109, 746.7805430790137, -367.7234852909111], [-626.541973679342, 437.0233448449272, -449.8759912123454], [-646.5125148184209, 204.949470681791, -19.6302250673602], [-197.91498651366695, 308.662983548322, 511.2600005748496]], "M": [[0.0, 1000.0, 0.0], [-154.4668651453229, 654.7475196320111, -718.1251732153471], [-487.7012267935301, -18.8501182938678, -651.9943353603774], [-423.1632360634599, -216.369063251825, 181.7524580878528], [301.99640805416607, 174.9304604441, 523.6455678425834]], "first": [[-211.32486540518747, 788.6751345948124, 0.0], [-211.32486540518747, 788.6751345948124, 0.0], [-211.32486540518747, 788.6751345948124, 0.0], [-211.32486540518747, 788.6751345948124, 0.0], [-211.32486540518747, 788.6751345948124, 0.0]], "B_C": [[577.3502691896259, 577.3502691896257, 0.0], [577.3502691896259, 577.3502691896257, 0.0], [577.3502691896259, 577.3502691896257, 0.0], [577.3502691896259, 577.3502691896257, 0.0], [577.3502691896259, 577.3502691896257, 0.0]], "D_E": [[788.675134594813, -211.324865405191, 0.0], [716.685995923294, -191.332825969573, -237.4416162738693], [524.25541055218, -129.917842977751, -404.498974243615], [272.05674770476, -24.822741134593, -459.184274603465], [32.692071226064, 122.008467324608, -403.33355616918]], "F_G": [[211.324865405187, -788.67513459481, 0.0], [153.2853370520497, -725.701538910987, 14.93992599784956], [29.3358536761477, -535.118314891101, 102.9789823707501], [-44.128569836188, -228.6029810395841, 265.499881055022], [26.8521939863162, 137.963304310403, 412.986237586458]], "H_I": [[-577.35026918963, -577.35026918962, 0.0], [-446.3472766468873, -393.5963056793163, 458.57661216728155], [-77.3126079454831, 41.3647679624999, 671.2747042304321], [368.8481335067784, 442.971432244867, 477.8785913446479], [577.3502691766811, 577.350269224985, 1.809144e-06]], "J_K": [[-788.67513459481, 211.32486540519, 0.0], [-674.8646401494237, 349.0214903774187, 207.64775726144387], [-413.5790838161716, 623.0855885605049, 207.3863440024996], [-224.1364305625219, 780.4181293624968, 29.363597117447], [-211.18510396209194, 788.2932993353174, -19.53637511773642]], "last": [[-211.324865405191, 788.67513459481, 0.0], [-261.9301237662759, 623.6330835242748, -440.9971569677791], [-415.4660853847096, 234.3623427453082, -510.6368757158084], [-435.1604779494155, -6.080450343494, -30.264434977912], [26.85219223874606, 137.963304777916, 412.9862375431916]]}