{"A": [[0.0, 1000.0, 0.0], [0.0, 1000.0, 0.0], [0.0, 1000.0, 0.0], [0.0, 1000.0, 0.0], [0.0, 1000.0, 0.0]], "B": [[499.99999999999994, 866.0254037844387, 0.0], [499.99999999999994, 866.0254037844387, 0.0], [499.99999999999994, 866.0254037844387, 0.0], [499.99999999999994, 866.0254037844387, 0.0], [499.99999999999994, 866.0254037844387, 0.0]], "C": [[866.025403784439, 500.0, 0.0], [850.535244067887, 495.849424213321, -89.6882335981333], [805.984325302584, 483.912041508093, -168.262186691222], [737.893454266081, 465.667147601931, -225.984874615484], [654.700538699134, 443.375673059777, -255.703228129195]], "D": [[1000.0, 0.0, 0.0], [938.8705551622656, 8.523869342042, -240.2201864001283], [772.3235337367877, 35.522025680641, -424.704260556925], [544.345117255487, 83.904756529727, -517.09603969575], [309.401077569691, 154.700538082337, -511.406456541736]], "E": [[866.025403784439, -500.0, 0.0], [778.6895587085387, -483.674662614548, -234.57696515752943], [544.3622538224527, -427.239089925989, -381.8673935677309], [238.4879150795, -312.740456018712, -386.431814788531], [-39.60071698804, -123.859635250677, -249.583673615407]], "F": [[500.0, -866.02540378444, 0.0], [421.5078534930607, -822.450851631807, -74.57347880355545], [230.5958275927847, -684.12589549362, -60.1392609348389], [38.034456062185, -441.931951329194, 72.999530178877], [-43.30305080305794, -113.744673914924, 267.942338013596]], "G": [[0.0, -1000.0, 0.0], [-17.8018238482623, -898.8513348379863, 188.33176266425355], [-19.6425084257483, -612.8763040381981, 387.3576254624131], [85.6697745913674, -211.709765022172, 534.169578850471], [301.99640993555204, 174.930460765055, 523.645567289743]], "H": [[-500.0, -866.02540378444, 0.0], [-527.5901999425383, -813.5964981321775, 216.55616431524626], [-502.1499984010203, -618.4874433948577, 574.7188532124571], [-199.6666944920036, -262.2357087673754, 963.097802275803], [393.42978803979946, 85.3838605948992, 1025.213644620754]], "I": [[-866.02540378444, -500.0, 0.0], [-943.9049082154463, -594.1050369874225, 1.02251359845326], [-987.2831906989622, -698.2887614245443, 412.7721712376471], [-614.8692322701966, -557.5448455858924, 1054.4682502618623], [139.56370550676246, -292.8378743544668, 1271.07849323142]], "J": [[-1000.0, 0.0, 0.0], [-1132.8555249896663, -310.9673104331745, -388.95169664300573], [-1244.1489632516252, -814.2998111952783, -21.4059070357089], [-864.3919864979237, -887.4327991175004, 743.2424067519524], [-205.73575541182055, -581.5130095527968, 1015.375264783514]], "K": [[-866.02540378444, 500.0, 0.0], [-1033.673891871418, -55.2428688865795, -827.9473755269858], [-1150.4952394774155, -911.306573338341, -521.1737136748179], [-770.6218446748383, -1017.0816010191464, 250.9543395605234], [-297.16913418000183, -491.9664101216422, 513.807187441595]], "L": [[-500.0, 866.02540378444, 0.0], [-678.2576829407549, 90.8250876334005, -1174.7797023630837], [-750.8953469053974, -943.1398833263349, -848.6729635407759], [-400.3054520130833, -854.2057709186583, -71.9797492659546], [-43.30305213092284, -113.7446753929472, 267.942337991771]], "M": [[0.0, 1000.0, 0.0], [-180.9118359043239, 80.2598364804006, -1317.9043904319567], [-235.5338951207064, -894.6490723417209, -848.0344531303407], [-17.0381960921463, -514.7421628506904, 4.30826923915], [301.9964089676782, 174.9304603237128, 523.645565611437]], "first": [[-211.32486540518747, 788.6751345948124, 0.0], [-211.32486540518747, 788.6751345948124, 0.0], [-211.32486540518747, 788.6751345948124, 0.0], [-211.32486540518747, 788.6751345948124, 0.0], [-211.32486540518747, 788.6751345948124, 0.0]], "B_C": [[577.3502691896259, 577.3502691896257, 0.0], [577.3502691896259, 577.3502691896257, 0.0], [577.3502691896259, 577.3502691896257, 0.0], [577.3502691896259, 577.3502691896257, 0.0], [577.3502691896259, 577.3502691896257, 0.0]], "D_E": [[788.675134594813, -211.324865405191, 0.0], [716.685995923294, -191.332825969573, -237.4416162738693], [524.25541055218, -129.917842977751, -404.498974243615], [272.05674770476, -24.822741134593, -459.184274603465], [32.692071226064, 122.008467324608, -403.33355616918]], "F_G": [[211.324865405187, -788.67513459481, 0.0], [153.2853370520497, -725.701538910987, 14.93992599784956], [29.3358536761477, -535.118314891101, 102.9789823707501], [-44.128569836188, -228.6029810395841, 265.499881055022], [26.8521939863162, 137.963304310403, 412.986237586458]], "H_I": [[-577.35026918963, -577.35026918962, 0.0], [-650.8294952099943, -591.2247992833683, 59.45969353976556], [-731.7474655223623, -543.9690470657908, 398.5132653979818], [-494.2041261544526, -308.3000920071414, 942.069929738005], [171.07465755197006, -3.283049573008, 1204.134779381458]], "J_K": [[-788.67513459481, 211.32486540519, 0.0], [-948.8708014423781, -144.6174300852895, -555.6662319616257], [-1136.9147610039083, -726.9591076506298, -286.3376432427249], [-887.7889097045016, -828.6489443126324, 451.1577616988544], [-373.58354007898856, -458.6248517864458, 800.801223156496]], "last": [[-211.324865405191, 788.67513459481, 0.0], [-388.2549486112069, 85.7829004515005, -1102.7422960602148], [-506.6057628872984, -777.1713877293829, -802.9186731781949], [-303.6702480541553, -571.7367098591563, -58.2224102420996], [26.85219277925216, 137.9633033012418, 412.986236692556]]}