{"A": [[0.0, 1000.0, 0.0], [0.0, 1000.0, 0.0], [0.0, 1000.0, 0.0], [0.0, 1000.0, 0.0], [0.0, 1000.0, 0.0], [0.0, 1000.0, 0.0], [0.0, 1000.0, 0.0], [0.0, 1000.0, 0.0], [0.0, 1000.0, 0.0], [0.0, 1000.0, 0.0], [0.0, 1000.0, 0.0], [0.0, 1000.0, 0.0], [0.0, 1000.0, 0.0], [0.0, 1000.0, 0.0], [0.0, 1000.0, 0.0]], "B": [[499.99999999999994, 866.0254037844387, 0.0], [499.99999999999994, 866.0254037844387, 0.0], [499.99999999999994, 866.0254037844387, 0.0], [499.99999999999994, 866.0254037844387, 0.0], [499.99999999999994, 866.0254037844387, 0.0], [499.99999999999994, 866.0254037844387, 0.0], [499.99999999999994, 866.0254037844387, 0.0], [499.99999999999994, 866.0254037844387, 0.0], [499.99999999999994, 866.0254037844387, 0.0], [499.99999999999994, 866.0254037844387, 0.0], [499.99999999999994, 866.0254037844387, 0.0], [499.99999999999994, 866.0254037844387, 0.0], [499.99999999999994, 866.0254037844387, 0.0], [499.99999999999994, 866.0254037844387, 0.0], [499.99999999999994, 866.0254037844387, 0.0]], "C": [[866.025403784439, 500.0, 0.0], [864.748710675882, 499.65791111258, -26.1233765953087], [860.931670912557, 498.635138390519, -51.9799409116455], [854.613270001353, 496.942127968906, -77.3056057692213], [845.858041213472, 494.596171485644, -101.84170635369], [834.755406470973, 491.621229472534, -125.337642100835], [821.418763031958, 488.047686633308, -147.553436216676], [805.984325302584, 483.912041508093, -168.262186691222], [788.609733605121, 479.256533693938, -187.252383772333], [769.472444111441, 474.128712428786, -204.330070230059], [748.76791638645, 468.580950945206, -219.320822347516], [726.707617053045, 462.669911554032, -232.071531405338], [703.516859968282, 456.455966921303, -242.45196746446], [679.432504970177, 450.002583449337, -250.356109475438], [654.700538699134, 443.375673059777, -255.703228129195]], "D": [[1000.0, 0.0, 0.0], [994.898873861894, 0.685690695328, -71.2548590178233], [979.714948489861, 2.753806486318, -141.0946426618696], [954.802618368166, 6.236630278312, -208.1467363099753], [920.739477830566, 11.185178179169, -271.121871853757], [878.307253410305, 17.665149991365, -328.85192607652], [828.4661414899404, 25.751521337791, -380.323241906873], [772.3235337367877, 35.522025680641, -424.704260556925], [711.0983245481282, 47.049827207048, -461.366478201783], [646.082158623367, 60.395725643453, -489.898005271761], [578.599086314403, 75.60025981697, -510.109298913226], [509.965145271802, 92.676087088288, -522.030947900977], [441.44937717336, 111.601010153884, -525.90370177843], [374.237718519764, 132.312001327496, -522.161239643534], [309.401077569691, 154.700538082337, -511.406456541736]], "E": [[866.025403784439, -500.0, 0.0], [858.717122016035, -498.717658364976, -71.121282559639], [836.984073500355, -494.816245499308, -140.03016021706074], [801.397839020938, -488.135119726561, -204.5775765110013], [752.898202032951, -478.414917879745, -262.74067212726175], [692.773371629022, -465.309988548366, -312.6844681804731], [622.6314117134013, -448.405526170863, -352.8214102075293], [544.3622538224527, -427.239089925989, -381.8673935677309], [460.0898309899562, -401.326046748741, -398.8924496205865], [372.114227280403, -370.18830538649, -403.3638660619305], [282.844280649672, -333.385514664703, -395.179217433368], [194.721770106724, -290.547695772594, -374.686660276888], [110.139104809767, -241.408081597325, -342.689955027613], [31.353239351939, -185.834765222232, -300.436046418031], [-39.60071698804, -123.859635250677, -249.583673615407]], "F": [[500.0, -866.02540378444, 0.0], [493.295522257677, -862.528753405781, -25.759029679384497], [473.502184648008, -851.971796763413, -49.09050380309885], [441.568137791929, -834.162715767219, -67.6955787067183], [399.032840636663, -808.811825649329, -79.52936851504572], [347.96489921743, -775.574338384791, -82.9186243200551], [290.87380431827034, -734.105792846973, -76.6666709981933], [230.5958275927847, -684.12589549362, -60.1392609348389], [170.1561666135792, -625.485599410976, -33.3241828869005], [112.6119882704, -558.231613518044, 3.1425848670305], [60.883952825514, -482.662275544971, 47.990336986167], [17.586610437649, -399.368932304184, 99.370579009543], [-15.129808464191, -309.2577125959148, 154.957831435499], [-35.7127538051605, -213.5478701755452, 212.090371249209], [-43.30305080305794, -113.744673914924, 267.942338013596]], "G": [[0.0, -1000.0, 0.0], [-1.835391245516, -991.655716307484, 52.476501739495404], [-6.922325855203, -966.711221686154, 105.75246990663815], [-14.045335062291, -925.4489062668893, 160.4105089123917], [-21.316999824788, -868.3938400482605, 216.6212479207863], [-26.376514207018, -796.384223575926, 273.9912344746279], [-26.64866984187667, -710.6491645558174, 331.4735713494117], [-19.6425084257483, -612.8763040381981, 387.3576254624131], [-3.2620000077598, -505.251303937995, 439.3480567347325], [23.9043797412927, -390.453439409096, 484.7343590003025], [62.35066994867313, -271.596431411977, 520.640578298318], [111.5102604840178, -152.110737535718, 544.332291421894], [169.727988819626, -35.5719432340568, 553.546450017743], [234.3599172621435, 74.5114976085478, 546.801807273624], [301.99640993555204, 174.930460765055, 523.645567289743]], "H": [[-500.0, -866.02540378444, 0.0], [-491.815926738942, -850.92800542296, 142.2761601904652], [-467.082907850674, -806.265582970095, 280.2764746329581], [-425.349645198609, -733.9248323044692, 409.6021740764927], [-366.152525412054, -637.0335020632515, 525.6682455304413], [-289.396810859332, -519.909474479604, 623.7500500778629], [-195.79193271854467, -387.9453895272184, 699.1718479796497], [-87.2549238193306, -247.4006743609871, 747.6426762594341], [32.8091353937012, -105.083764840651, 765.7128928840195], [159.4305022569267, 32.073548346388, 751.2916833515264], [286.2556578066261, 157.523869235974, 704.13857941895], [405.9973702077368, 265.64473769663, 626.2279418013613], [511.115021445363, 352.2450066275822, 521.8904902924688], [594.6367997724205, 414.9631817031778, 397.662908401033], [650.9982048718041, 453.490634429157, 261.822785220238]], "I": [[-866.02540378444, -500.0, 0.0], [-853.336551277599, -481.346653599794, 167.9988126365351], [-815.253156633622, -426.336005727637, 329.0636310361792], [-751.84485777098, -337.8020325579092, 476.2114536055305], [-663.604590339167, -220.4085918956905, 602.4480978980442], [-551.933208654555, -80.521445171629, 700.9639864150591], [-419.66446361685365, 74.0363833338886, 765.5278867734551], [-271.4972597610296, 234.3852727937399, 791.0737158749816], [-114.1968291992338, 391.164760140326, 774.4215242015019], [43.5517784430077, 535.26897601802, 715.019443708187], [191.70271121925754, 658.683753551291, 615.5513169269244], [319.8076229567429, 755.325995942163, 482.2391046541453], [418.2679446960261, 821.7567209309142, 324.6916999762588], [479.6892888134335, 857.6325828584588, 155.216907328062], [500.08860518793705, 865.783329975069, -12.385563219165]], "J": [[-1000.0, 0.0, 0.0], [-987.92924628584, 16.424805890595, 122.6383342622681], [-951.997598661421, 64.571750120571, 238.18060042148775], [-893.139577214031, 141.1188687966408, 339.7571941103355], [-813.190619358697, 240.7404188892455, 421.02372741445726], [-715.200706469194, 356.45060968707, 476.5796289811291], [-603.6865817215806, 480.1221930045136, 502.5081771250571], [-484.6816630219806, 603.1814951425469, 496.9802800103746], [-365.4663297607228, 717.443060058308, 460.805036239948], [-253.9243098194623, 815.998631011315, 397.768706671165], [-157.56614769591548, 894.030773954075, 314.5991004361034], [-82.3683905694761, 949.397792456159, 220.4380649825913], [-31.6670415957979, 982.8481222440832, 125.8016274119028], [-5.3831229298755, 997.7755782967108, 41.138475421501], [0.17721040059606, 999.515852313755, -24.7711298929004]],