{"A": [[0.0, 1000.0, 0.0], [0.0, 1000.0, 0.0], [0.0, 1000.0, 0.0], [0.0, 1000.0, 0.0], [0.0, 1000.0, 0.0], [0.0, 1000.0, 0.0], [0.0, 1000.0, 0.0], [0.0, 1000.0, 0.0], [0.0, 1000.0, 0.0], [0.0, 1000.0, 0.0], [0.0, 1000.0, 0.0], [0.0, 1000.0, 0.0], [0.0, 1000.0, 0.0], [0.0, 1000.0, 0.0], [0.0, 1000.0, 0.0]], "B": [[499.99999999999994, 866.0254037844387, 0.0], [499.99999999999994, 866.0254037844387, 0.0], [499.99999999999994, 866.0254037844387, 0.0], [499.99999999999994, 866.0254037844387, 0.0], [499.99999999999994, 866.0254037844387, 0.0], [499.99999999999994, 866.0254037844387, 0.0], [499.99999999999994, 866.0254037844387, 0.0], [499.99999999999994, 866.0254037844387, 0.0], [499.99999999999994, 866.0254037844387, 0.0], [499.99999999999994, 866.0254037844387, 0.0], [499.99999999999994, 866.0254037844387, 0.0], [499.99999999999994, 866.0254037844387, 0.0], [499.99999999999994, 866.0254037844387, 0.0], [499.99999999999994, 866.0254037844387, 0.0], [499.99999999999994, 866.0254037844387, 0.0]], "C": [[866.025403784439, 500.0, 0.0], [864.748710675882, 499.65791111258, -26.1233765953087], [860.931670912557, 498.635138390519, -51.9799409116455], [854.613270001353, 496.942127968906, -77.3056057692213], [845.858041213472, 494.596171485644, -101.84170635369], [834.755406470973, 491.621229472534, -125.337642100835], [821.418763031958, 488.047686633308, -147.553436216676], [805.984325302584, 483.912041508093, -168.262186691222], [788.609733605121, 479.256533693938, -187.252383772333], [769.472444111441, 474.128712428786, -204.330070230059], [748.76791638645, 468.580950945206, -219.320822347516], [726.707617053045, 462.669911554032, -232.071531405338], [703.516859968282, 456.455966921303, -242.45196746446], [679.432504970177, 450.002583449337, -250.356109475438], [654.700538699134, 443.375673059777, -255.703228129195]], "D": [[1000.0, 0.0, 0.0], [1003.721477996178, 3.049700348248, 18.7770396155749], [1014.645845117439, 12.113512028573, 35.3003670722313], [1032.063586506436, 26.938644297408, 47.4233120486797], [1054.82735188314, 47.113915746362, 53.20877067831], [1081.403179151491, 72.084539279768, 51.022881387165], [1109.939196043559, 101.171998996555, 39.615884136608], [1138.348936967173, 133.598236885498, 18.186722222215], [1164.405799696822, 168.513199096131, -13.571385548118], [1185.844696461058, 205.024661761635, -55.446391410113], [1200.466645653703, 242.229170141049, -106.70500757775], [1206.241916549569, 279.242885660715, -166.1126486871423], [1201.407385635876, 315.231144802979, -231.9750166095128], [1184.553987723956, 349.435591274561, -302.1997221646116], [1154.700538847592, 381.1978460942131, -374.375508449854]], "E": [[866.025403784439, -500.0, 0.0], [872.64646528951, -494.985302083752, 71.0232818500959], [892.287787014234, -479.997660124821, 139.2440647654963], [924.283561815453, -455.207989542457, 201.9137071728497], [967.5242860432069, -420.906031994543, 256.39512760877], [1020.46006740004, -377.5066030461, 300.227484681918], [1081.1109305496143, -325.556309352492, 331.199618925255], [1147.0888677576565, -265.738980465307, 347.432212516945], [1215.6365226979767, -198.877920861572, 347.466521641872], [1283.6868044779071, -125.933169484064, 330.355407791351], [1347.946421208771, -47.992256245236, 295.750495428061], [1405.004392044955, 33.746555389173, 243.9778566763397], [1451.464208680558, 117.998896772445, 176.0938722030822], [1484.095693513352, 203.42640218072, 93.9129835443344], [1499.999999914293, 288.6751335096779, 1.264882e-06]], "F": [[500.0, -866.02540378444, 0.0], [507.224808009703, -858.796412537386, 116.3849477420737], [528.802272877703, -837.154182780898, 230.1654141189299], [564.413611702201, -801.246370239141, 338.6625664786087], [613.4407784184939, -751.361391869868, 439.078780925008], [674.857235860436, -687.983800769379, 528.507542849148], [747.1130764120322, -611.856848334095, 604.01205860031], [828.0444560823036, -524.04001797077, 662.773979229599], [914.8358342859598, -425.949283838286, 702.299911274061], [1004.0568765205832, -319.369675614561, 720.661203184816], [1091.785073202831, -206.433152863536, 716.733913744856], [1173.811847639484, -89.559313727483, 690.4023883542397], [1245.916289716895, 28.6385710301181, 642.6921765549672], [1304.178866253908, 145.4750073644927, 575.8058798800984], [1345.299461215167, 258.3302477881796, 493.047791715136]], "G": [[0.0, -1000.0, 0.0], [12.071309469261, -987.917323796589, 194.4874162682014], [48.018279777519, -951.797284632082, 383.9604192644249], [106.996464954531, -892.0492677756565, 563.3258258053517], [187.4643941838389, -809.4357784085969, 727.385350627544], [287.019845203372, -705.1774497599698, 870.904577406734], [402.2392206574782, -581.0714394328415, 988.802228234221], [528.5750146946806, -439.5989915892072, 1076.461009688293], [660.3644396571078, -283.996841376758, 1130.135166747451], [790.9902379464742, -118.269599833537, 1147.405341373875], [913.213515139332, 52.873801712416, 1127.612599478786], [1019.670635495659, 224.167660535382, 1072.1943012725576], [1103.495742677666, 390.0183084535401, 984.8475003363502], [1159.002179964536, 544.8001051098677, 871.4617414824124], [1182.335127847189, 683.1942556409936, 739.791369771986]], "H": [[-500.0, -866.02540378444, 0.0], [-489.089542671371, -858.353522489576, 194.95012964801188], [-456.321109916264, -835.275254939266, 387.646749511052], [-401.615817085602, -796.6011314234981, 575.6705516403791], [-324.9501428433141, -742.0138389042147, 756.2785461557714], [-226.518566692695, -671.0787852896717, 926.2649695632963], [-106.9610249821398, -583.2828117769369, 1081.85819045071], [32.35027222570957, -478.1201362855224, 1218.680272813974], [188.9812443120838, -355.2420682654862, 1331.80616918212], [359.0990636786662, -214.6779104246819, 1415.965658006206], [537.188471669208, -57.118536418495, 1465.926129605658], [715.906439909768, 115.766678908717, 1477.0717309887007], [886.174232790359, 301.0303260201715, 1446.1518388742193], [1037.59715169655, 494.231635204049, 1372.1141572298593], [1159.2619993907097, 689.3766806109204, 1256.87801705254]], "I": [[-866.02540378444, -500.0, 0.0], [-859.755671494849, -505.39453272058, 117.64705781133327], [-840.179390454823, -520.866132940873, 240.17160958124597], [-805.034121103404, -544.2505434697282, 371.9009631981581], [-750.7035728298591, -571.8714451975677, 515.9979286486674], [-672.528059057095, -598.5181677820065, 673.7581737361453], [-565.3652579932168, -617.5567243961772, 843.866487859188], [-424.45776360583443, -621.2697913129894, 1021.744275351948], [-246.5934641749722, -601.4886214752632, 1199.192064389898], [-31.4374319287408, -550.5164617779839, 1364.5564617984821], [217.203858135006, -462.259817606212, 1503.6034677556745], [490.512564871727, -333.400800226438, 1601.1498080766166], [774.523181543543, -164.3856797727375, 1643.309584698187], [1050.9675498127165, 40.005662165703, 1620.0036291779504], [1299.1532042766516, 270.69509773488835, 1527.221086849244]], "J": [[-1000.0, 0.0, 0.0], [-998.968081079608, -25.176425302645, -16.366623418089734], [-993.928786254096, -98.363403408548, -16.34692631863002], [-979.214586798739, -212.5907632360822, 14.6725377101441], [-945.9717099327102, -356.4845670137427, 87.7129303476204], [-883.187908461257, -514.798099831713, 208.3953362614183], [-779.3109246512128, -669.4134387411069, 375.371743676569], [-624.4369774192794, -800.9176549380034, 579.382261195387], [-412.8372211173242, -890.7175823092222, 803.390581416768], [-145.3528561878418, -923.4699123283799, 1024.147601353369], [168.9744359409283, -889.427675618394, 1215.2447738565286], [512.6606738486685, -786.207560756508, 1351.3004708389008], [861.3129228300367, -619.5177364510965, 1412.5032931412402], [1186.8884722922535, -402.567217608783, 1388.4783792557105], [1462.1175377740626, -154.16891057500965, 1280.477509664944]],