{"A": [[0.0, 1000.0, 0.0], [0.0, 1000.0, 0.0], [0.0, 1000.0, 0.0], [0.0, 1000.0, 0.0], [0.0, 1000.0, 0.0]], "B": [[499.99999999999994, 866.0254037844387, 0.0], [499.99999999999994, 866.0254037844387, 0.0], [499.99999999999994, 866.0254037844387, 0.0], [499.99999999999994, 866.0254037844387, 0.0], [499.99999999999994, 866.0254037844387, 0.0]], "C": [[866.025403784439, 500.0, 0.0], [850.535244067887, 495.849424213321, -89.6882335981333], [805.984325302584, 483.912041508093, -168.262186691222], [737.893454266081, 465.667147601931, -225.984874615484], [654.700538699134, 443.375673059777, -255.703228129195]], "D": [[1000.0, 0.0, 0.0], [1042.864753634069, 36.389030840084, 51.2184699417077], [1138.348936967173, 133.598236885498, 18.186722222215], [1204.577642494397, 260.813528484254, -135.4859485268883], [1154.700538847592, 381.1978460942131, -374.375508449854]], "E": [[866.025403784439, -500.0, 0.0], [944.5849274526746, -439.223132531494, 230.3366941677387], [1147.0888677576565, -265.738980465307, 347.432212516945], [1377.589930060282, -7.518991007949, 271.9617165361357], [1499.999999914293, 288.6751335096779, 1.264882e-06]], "F": [[500.0, -866.02540378444, 0.0], [587.3034106654026, -778.026065978808, 390.0604634721227], [828.0444560823036, -524.04001797077, 662.773979229599], [1133.778218108108, -148.328295177557, 706.3322742461917], [1345.299461215167, 258.3302477881796, 493.047791715136]], "G": [[0.0, -1000.0, 0.0], [144.6721482644406, -853.5365331506714, 647.5967275669917], [528.5750146946806, -439.5989915892072, 1076.461009688293], [968.861522513843, 138.84703166346, 1104.1789879427447], [1182.335127847189, 683.1942556409936, 739.791369771986]], "H": [[-500.0, -866.02540378444, 0.0], [-366.0233364928234, -771.3213146360478, 667.0896012460665], [32.35027222570957, -478.1201362855224, 1218.680272813974], [626.998761528493, 27.559488597835, 1476.5955931592857], [1159.2619993907097, 689.3766806109204, 1256.87801705254]], "I": [[-866.02540378444, -500.0, 0.0], [-780.5389430125824, -557.8215383146478, 442.2700071414035], [-424.45776360583443, -621.2697913129894, 1021.744275351948], [351.531706584868, -402.975195261554, 1558.4917473174703], [1299.1532042766516, 270.69509773488835, 1527.221086849244]], "J": [[-1000.0, 0.0, 0.0], [-965.5628543570604, -281.7005853705788, 45.4418780890755], [-624.4369774192794, -800.9176549380034, 579.382261195387], [338.5409162326898, -846.297573054695, 1291.5728436313852], [1462.1175377740626, -154.16891057500965, 1280.477509664944]], "K": [[-866.02540378444, 500.0, 0.0], [-861.5897746813914, -31.7613509242958, -395.7714152490605], [-472.40974426721345, -931.5625560105774, 102.130940992937], [597.2733816549008, -986.845773061377, 865.8347701137083], [1485.190666566115, -160.3513364797074, 763.390862410535]], "L": [[-500.0, 866.02540378444, 0.0], [-502.0583488668884, 111.6135378227222, -739.4718481258506], [-40.73153901533543, -951.0256752501305, -182.867842392365], [943.5604139848128, -724.576000330812, 584.3226922500382], [1345.29946188633, 258.3302459186566, 493.047791767396]], "M": [[0.0, 1000.0, 0.0], [-2.5970040890384, 102.31347219496872, -875.1223781032525], [465.14575394317757, -850.0437826040395, -139.9724550213877], [1130.9109955155468, -246.174838992817, 647.4200841269723], [1182.335128259455, 683.1942546856745, 739.791368079113]], "first": [[-211.32486540518747, 788.6751345948124, 0.0], [-211.32486540518747, 788.6751345948124, 0.0], [-211.32486540518747, 788.6751345948124, 0.0], [-211.32486540518747, 788.6751345948124, 0.0], [-211.32486540518747, 788.6751345948124, 0.0]], "B_C": [[577.3502691896259, 577.3502691896257, 0.0], [577.3502691896259, 577.3502691896257, 0.0], [577.3502691896259, 577.3502691896257, 0.0], [577.3502691896259, 577.3502691896257, 0.0], [577.3502691896259, 577.3502691896257, 0.0]], "D_E": [[788.675134594813, -211.324865405191, 0.0], [880.721272876952, -147.379705979625, 222.2592267591927], [1101.605678867874, 24.78269516733, 294.095236664724], [1313.474699118106, 254.224357929886, 142.748505427219], [1366.025404018613, 479.2740570878667, -187.1877533091381]], "F_G": [[211.324865405187, -788.67513459481, 0.0], [317.1631761960716, -681.790604254987, 474.1995572674437], [598.3608902283136, -382.648515873859, 791.499657275652], [928.89822963876, 32.1187640935614, 827.9030215592167], [1122.008467657764, 431.4095434265379, 590.521311680913]], "H_I": [[-577.35026918963, -577.35026918962, 0.0], [-488.3824841597064, -552.1084071994644, 504.9466468124187], [-184.35934088366943, -443.40985383008194, 1015.8292502508966], [389.66091157262, -143.420671918456, 1415.3344540482246], [1085.614062275889, 441.1613931170956, 1406.148073963262]], "J_K": [[-788.67513459481, 211.32486540519, 0.0], [-780.2300005254458, -116.5689477442338, -120.9903093702905], [-499.7966076246377, -726.7774598783544, 318.06940814179], [369.1698849136179, -842.695343868272, 994.3098494671913], [1342.6658975863554, -228.99796475952266, 1016.947026070807]], "last": [[-211.324865405191, 788.67513459481, 0.0], [-213.1230092348104, 109.5834716158942, -663.1262796891006], [181.11112563270757, -757.4776162501093, -131.473499549741], [915.3858285760878, -429.004047251416, 550.2666976687923], [1122.008468227408, 431.4095419412816, 590.521310818317]]}