{"A": [[0.0, 1000.0, 0.0], [0.0, 1000.0, 0.0], [0.0, 1000.0, 0.0], [0.0, 1000.0, 0.0], [0.0, 1000.0, 0.0], [0.0, 1000.0, 0.0], [0.0, 1000.0, 0.0], [0.0, 1000.0, 0.0], [0.0, 1000.0, 0.0], [0.0, 1000.0, 0.0], [0.0, 1000.0, 0.0], [0.0, 1000.0, 0.0], [0.0, 1000.0, 0.0], [0.0, 1000.0, 0.0], [0.0, 1000.0, 0.0]], "B": [[499.99999999999994, 866.0254037844387, 0.0], [499.99999999999994, 866.0254037844387, 0.0], [499.99999999999994, 866.0254037844387, 0.0], [499.99999999999994, 866.0254037844387, 0.0], [499.99999999999994, 866.0254037844387, 0.0], [499.99999999999994, 866.0254037844387, 0.0], [499.99999999999994, 866.0254037844387, 0.0], [499.99999999999994, 866.0254037844387, 0.0], [499.99999999999994, 866.0254037844387, 0.0], [499.99999999999994, 866.0254037844387, 0.0], [499.99999999999994, 866.0254037844387, 0.0], [499.99999999999994, 866.0254037844387, 0.0], [499.99999999999994, 866.0254037844387, 0.0], [499.99999999999994, 866.0254037844387, 0.0], [499.99999999999994, 866.0254037844387, 0.0]], "C": [[866.025403784439, 500.0, 0.0], [864.748710675882, 499.65791111258, -26.1233765953087], [860.931670912557, 498.635138390519, -51.9799409116455], [854.613270001353, 496.942127968906, -77.3056057692213], [845.858041213472, 494.596171485644, -101.84170635369], [834.755406470973, 491.621229472534, -125.337642100835], [821.418763031958, 488.047686633308, -147.553436216676], [805.984325302584, 483.912041508093, -168.262186691222], [788.609733605121, 479.256533693938, -187.252383772333], [769.472444111441, 474.128712428786, -204.330070230059], [748.76791638645, 468.580950945206, -219.320822347516], [726.707617053045, 462.669911554032, -232.071531405338], [703.516859968282, 456.455966921303, -242.45196746446], [679.432504970177, 450.002583449337, -250.356109475438], [654.700538699134, 443.375673059777, -255.703228129195]], "D": [[1000.0, 0.0, 0.0], [1003.721477996178, 3.049700348248, 18.7770396155749], [1014.645845117439, 12.113512028573, 35.3003670722313], [1032.063586506436, 26.938644297408, 47.4233120486797], [1054.82735188314, 47.113915746362, 53.20877067831], [1081.403179151491, 72.084539279768, 51.022881387165], [1109.939196043559, 101.171998996555, 39.615884136608], [1138.348936967173, 133.598236885498, 18.186722222215], [1164.405799696822, 168.513199096131, -13.571385548118], [1185.844696461058, 205.024661761635, -55.446391410113], [1200.466645653703, 242.229170141049, -106.70500757775], [1206.241916549569, 279.242885660715, -166.1126486871423], [1201.407385635876, 315.231144802979, -231.9750166095128], [1184.553987723956, 349.435591274561, -302.1997221646116], [1154.700538847592, 381.1978460942131, -374.375508449854]], "E": [[866.025403784439, -500.0, 0.0], [872.64646528951, -494.985302083752, 71.0232818500959], [892.287787014234, -479.997660124821, 139.2440647654963], [924.283561815453, -455.207989542457, 201.9137071728497], [967.5242860432069, -420.906031994543, 256.39512760877], [1020.46006740004, -377.5066030461, 300.227484681918], [1081.1109305496143, -325.556309352492, 331.199618925255], [1147.0888677576565, -265.738980465307, 347.432212516945], [1215.6365226979767, -198.877920861572, 347.466521641872], [1283.6868044779071, -125.933169484064, 330.355407791351], [1347.946421208771, -47.992256245236, 295.750495428061], [1405.004392044955, 33.746555389173, 243.9778566763397], [1451.464208680558, 117.998896772445, 176.0938722030822], [1484.095693513352, 203.42640218072, 93.9129835443344], [1499.999999914293, 288.6751335096779, 1.264882e-06]], "F": [[500.0, -866.02540378444, 0.0], [507.224808009703, -858.796412537386, 116.3849477420737], [528.802272877703, -837.154182780898, 230.1654141189299], [564.413611702201, -801.246370239141, 338.6625664786087], [613.4407784184939, -751.361391869868, 439.078780925008], [674.857235860436, -687.983800769379, 528.507542849148], [747.1130764120322, -611.856848334095, 604.01205860031], [828.0444560823036, -524.04001797077, 662.773979229599], [914.8358342859598, -425.949283838286, 702.299911274061], [1004.0568765205832, -319.369675614561, 720.661203184816], [1091.785073202831, -206.433152863536, 716.733913744856], [1173.811847639484, -89.559313727483, 690.4023883542397], [1245.916289716895, 28.6385710301181, 642.6921765549672], [1304.178866253908, 145.4750073644927, 575.8058798800984], [1345.299461215167, 258.3302477881796, 493.047791715136]], "G": [[0.0, -1000.0, 0.0], [6.987055991637, -989.291748695014, 142.5067992871079], [27.99873028069, -957.354152895697, 282.0977868531344], [63.107262230014, -904.775930128455, 415.6220794650885], [112.1901277349589, -832.6207130348324, 539.547185631489], [174.635228962479, -742.5232893245006, 649.96774387914], [249.0500840542542, -636.7759060950891, 742.797823846765], [333.0609301373656, -518.3697025075402, 814.129022081773], [423.2704856489308, -390.9622688606465, 860.69375343163], [515.4091420351192, -258.7551352764256, 880.343580149043], [604.671480190896, -126.2820082689963, 872.443046278276], [686.188197022767, 1.8737514678046, 838.0924773221487], [755.552428852782, 121.3992423792255, 780.1255576543962], [809.306130775843, 228.5678712108487, 702.8717843918535], [845.299461277915, 320.5080746176007, 611.720072996997]], "H": [[-500.0, -866.02540378444, 0.0], [-491.816140277385, -850.928062640409, 142.27398109776416], [-467.096153160528, -806.269132040175, 280.20958810016714], [-425.492815923608, -733.963194784622, 409.12858242991604], [-366.8996896240981, -637.2337041104914, 523.8610109040029], [-291.986598079082, -520.6034058737206, 618.906058659085], [-202.6608119748188, -389.7859001768521, 688.9239357723917], [-102.28044395872644, -251.42675034819916, 729.4617868386996], [4.4809200946108, -112.6742872530665, 737.729158906536], [112.1140147487142, 19.3951337298654, 713.206927705917], [214.988908270485, 138.4280012505517, 657.907975875382], [308.124326623347, 239.4197347074066, 576.1978264098797], [387.813654124414, 319.2065048282495, 474.2012648713222], [451.952473344175, 376.7310316641277, 358.9310426414374], [499.999999485737, 413.0307872374092, 237.344563960113]], "I": [[-866.02540378444, -500.0, 0.0], [-853.324862823115, -481.391718812695, 115.74990628033927], [-815.086050920096, -427.048156200255, 225.04007685128656], [-751.150901589129, -341.33000287844, 321.178708721325], [-661.9868702243671, -231.2042431718564, 397.3192188888889], [-549.431684849528, -105.7263090514736, 447.010118447467], [-417.1847995802158, 24.7670228408209, 465.1505566798377], [-270.78434206358844, 149.74065335596782, 449.0685933410016], [-117.0093314469852, 259.7175333931315, 399.330513626607], [37.1239225457763, 347.5182758189214, 319.937449957997], [185.4383732709254, 409.2449935432677, 217.755598853634], [323.3799164302601, 444.7860842181596, 101.2861273547817], [448.2523856470834, 457.7032333981505, -20.8896442943568], [558.85561791519, 454.4950656082728, -141.5423983488726], [654.700537248174, 443.3756731303145, -255.703226773492]], "J": [[-1000.0, 0.0, 0.0], [-979.074334836976, 18.66600842488, 70.15898449377846], [-916.586996697782, 72.005387296309, 132.34535660852006], [-813.7330006428607, 152.396012954338, 178.81545995592603], [-673.3877227238748, 248.3064573637036, 202.6690170772709], [-500.8307461775707, 346.0015152610704, 198.959490685368], [-303.8916875834398, 431.7462216615929, 166.0154786090447], [-92.25342511294443, 494.20186155029086, 106.3991021790336], [123.9336849076308, 526.5646503778105, 26.921771170115], [335.6142809850433, 527.9468543619384, -62.552061525475], [535.9411037049985, 503.6001187154306, -151.289301860524], [720.5047284795181, 463.8329993464619, -230.1928178439313], [886.6503653676434, 421.813147041745, -293.7784595825188], [1032.271244780691, 390.7582984748031, -340.9526819002586], [1154.700536974219, 381.1978464370568, -374.375509016532]],