{"A": [[0.0, 1000.0, 0.0], [0.0, 1000.0, 0.0], [0.0, 1000.0, 0.0], [0.0, 1000.0, 0.0], [0.0, 1000.0, 0.0]], "B": [[499.99999999999994, 866.0254037844387, 0.0], [499.99999999999994, 866.0254037844387, 0.0], [499.99999999999994, 866.0254037844387, 0.0], [499.99999999999994, 866.0254037844387, 0.0], [499.99999999999994, 866.0254037844387, 0.0]], "C": [[866.025403784439, 500.0, 0.0], [850.535244067887, 495.849424213321, -89.6882335981333], [805.984325302584, 483.912041508093, -168.262186691222], [737.893454266081, 465.667147601931, -225.984874615484], [654.700538699134, 443.375673059777, -255.703228129195]], "D": [[1000.0, 0.0, 0.0], [1042.864753634069, 36.389030840084, 51.2184699417077], [1138.348936967173, 133.598236885498, 18.186722222215], [1204.577642494397, 260.813528484254, -135.4859485268883], [1154.700538847592, 381.1978460942131, -374.375508449854]], "E": [[866.025403784439, -500.0, 0.0], [944.5849274526746, -439.223132531494, 230.3366941677387], [1147.0888677576565, -265.738980465307, 347.432212516945], [1377.589930060282, -7.518991007949, 271.9617165361357], [1499.999999914293, 288.6751335096779, 1.264882e-06]], "F": [[500.0, -866.02540378444, 0.0], [587.3034106654026, -778.026065978808, 390.0604634721227], [828.0444560823036, -524.04001797077, 662.773979229599], [1133.778218108108, -148.328295177557, 706.3322742461917], [1345.299461215167, 258.3302477881796, 493.047791715136]], "G": [[0.0, -1000.0, 0.0], [85.9250401759866, -871.0578053892801, 479.0212272883392], [333.0609301373656, -518.3697025075402, 814.129022081773], [646.690434793316, -61.3847321838906, 858.4358594457907], [845.299461277915, 320.5080746176007, 611.720072996997]], "H": [[-500.0, -866.02540378444, 0.0], [-398.3025482403224, -688.3985358786551, 468.6084318182212], [-102.28044395872644, -251.42675034819916, 729.4617868386996], [263.041161410081, 191.4242886144504, 620.0034235931527], [499.999999485737, 413.0307872374092, 237.344563960113]], "I": [[-866.02540378444, -500.0, 0.0], [-709.6475591870123, -288.7930639536061, 362.1709224651562], [-270.78434206358844, 149.74065335596782, 449.0685933410016], [255.91628050641745, 430.1464530843164, 160.7538654071367], [654.700537248174, 443.3756731303145, -255.703226773492]], "J": [[-1000.0, 0.0, 0.0], [-747.9787347548878, 199.2420221495699, 193.9399260852732], [-92.25342511294443, 494.20186155029086, 106.3991021790336], [630.3873627188865, 484.8566304073278, -192.4137966388563], [1154.700536974219, 381.1978464370568, -374.375509016532]], "K": [[-866.02540378444, 500.0, 0.0], [-500.9684361772998, 618.7504027302749, 18.0199913129592], [348.34273265084056, 618.0148371736508, -135.4573950712964], [1119.9016655571954, 316.6114989218448, -188.11083495326116], [1499.99999949188, 288.6751337819988, -6.57489e-07]], "L": [[-500.0, 866.02540378444, 0.0], [-48.0573194579998, 834.8145413767799, -109.0115038925088], [841.3078580139115, 462.25233107455085, -161.3923001340566], [1376.0173837453945, 45.1698419847278, 170.59985377416484], [1345.299462666118, 258.330247717676, 493.047790359452]], "M": [[0.0, 1000.0, 0.0], [465.0944691226042, 777.946335723311, -146.3001280747537], [1152.0213175651716, 101.04757492075883, 40.9377831869764], [1216.4284586297995, -136.2531055847992, 628.3839530029928], [845.299463151265, 320.5080742747883, 611.720073563699]], "first": [[-211.32486540518747, 788.6751345948124, 0.0], [-211.32486540518747, 788.6751345948124, 0.0], [-211.32486540518747, 788.6751345948124, 0.0], [-211.32486540518747, 788.6751345948124, 0.0], [-211.32486540518747, 788.6751345948124, 0.0]], "B_C": [[577.3502691896259, 577.3502691896257, 0.0], [577.3502691896259, 577.3502691896257, 0.0], [577.3502691896259, 577.3502691896257, 0.0], [577.3502691896259, 577.3502691896257, 0.0], [577.3502691896259, 577.3502691896257, 0.0]], "D_E": [[788.675134594813, -211.324865405191, 0.0], [880.721272876952, -147.379705979625, 222.2592267591927], [1101.605678867874, 24.78269516733, 294.095236664724], [1313.474699118106, 254.224357929886, 142.748505427219], [1366.025404018613, 479.2740570878667, -187.1877533091381]], "F_G": [[211.324865405187, -788.67513459481, 0.0], [317.1631761960716, -681.790604254987, 474.1995572674437], [598.3608902283136, -382.648515873859, 791.499657275652], [928.89822963876, 32.1187640935614, 827.9030215592167], [1122.008467657764, 431.4095434265379, 590.521311680913]], "H_I": [[-577.35026918963, -577.35026918962, 0.0], [-446.6333407414244, -393.6729563224321, 457.7749315296413], [-88.32494339153743, 38.41402157294783, 657.949770973453], [323.748944993302, 430.8871411033794, 451.8115546835167], [577.350268648834, 577.3502690835508, 1.723577e-06]], "J_K": [[-788.67513459481, 211.32486540519, 0.0], [-507.0950308417754, 376.1293181164089, 192.4157241037942], [193.28084651922558, 581.7500010436438, 117.4399568460576], [914.4210073248524, 517.1842540312396, -105.2575521138123], [1366.025402811527, 479.2740574113098, -187.1877546178518]], "last": [[-211.324865405191, 788.67513459481, 0.0], [207.3044410343922, 716.9381453727137, -7.9574390541277], [970.8595197117636, 336.05797011858886, 76.5315273639056], [1318.4052043527104, 89.0256833922028, 460.55484931158884], [1122.008469405625, 431.4095432092258, 590.521311266067]]}