{"A": [[0.0, 1000.0, 0.0], [0.0, 1000.0, 0.0], [0.0, 1000.0, 0.0], [0.0, 1000.0, 0.0], [0.0, 1000.0, 0.0]], "B": [[499.99999999999994, 866.0254037844387, 0.0], [499.99999999999994, 866.0254037844387, 0.0], [499.99999999999994, 866.0254037844387, 0.0], [499.99999999999994, 866.0254037844387, 0.0], [499.99999999999994, 866.0254037844387, 0.0]], "C": [[866.025403784439, 500.0, 0.0], [850.535244067887, 495.849424213321, -89.6882335981333], [805.984325302584, 483.912041508093, -168.262186691222], [737.893454266081, 465.667147601931, -225.984874615484], [654.700538699134, 443.375673059777, -255.703228129195]], "D": [[1000.0, 0.0, 0.0], [938.8705551622656, 8.523869342042, -240.2201864001283], [772.3235337367877, 35.522025680641, -424.704260556925], [544.345117255487, 83.904756529727, -517.09603969575], [309.401077569691, 154.700538082337, -511.406456541736]], "E": [[866.025403784439, -500.0, 0.0], [736.5965305090687, -439.223132531495, -403.1834758090653], [415.0380612968827, -265.73898046531, -647.275799147211], [57.124879582456, -7.5189910079545, -666.117282540939], [-190.598922641515, 288.675133509671, -511.4064571084297]], "F": [[500.0, -866.02540378444, 0.0], [308.7662521194637, -703.392259284371, -526.1676934746553], [-95.8265055454773, -276.4895398920508, -730.0466409219987], [-376.958394951818, 256.4723602679705, -566.9736006835493], [-345.299462277335, 711.324864062906, -255.70322926257873]], "G": [[0.0, -1000.0, 0.0], [-207.0263490277303, -699.0244268377659, -569.6200475265912], [-517.1305163503613, 8.3869427384282, -633.62303097646], [-448.9193325965619, 687.9667871898826, -290.2365857763563], [-1.873382e-06, 999.999999657151, -5.66676735493118e-07]], "H": [[-500.0, -866.02540378444, 0.0], [-663.2055608477623, -670.382513468595, -326.6604625480862], [-972.7646399978063, -30.783668506402, -391.110348805287], [-882.766940530829, 887.3748349344995, -90.3319184583703], [-118.802156957835, 1484.827556410691, 137.03094699920428]], "I": [[-866.02540378444, -500.0, 0.0], [-913.0601893096753, -626.6780071202851, 124.5731501096278], [-1245.8754700421723, -375.358607336348, -117.929495753811], [-1369.683595149405, 712.7556046561215, -109.5539969922998], [-582.903772577885, 1680.979978107236, 18.358666021010265]], "J": [[-1000.0, 0.0, 0.0], [-876.2348172309137, -581.9666563775, 638.9601440326178], [-1206.4792964000137, -861.34170800575, 55.902491513323], [-1563.076526495408, 288.4050351686145, -334.2203289429288], [-928.203233627745, 1392.304843267594, -237.34456265456174]], "K": [[-866.02540378444, 500.0, 0.0], [-564.5728039060687, -550.6280197213127, 1051.069197238157], [-873.3262389851658, -1257.435345105131, 47.65243601996365], [-1325.286463460509, -83.6193490700195, -604.4108837090848], [-809.401079440159, 907.477286411528, -374.3755106352737]], "L": [[-500.0, 866.02540378444, 0.0], [-78.3073579606557, -542.7408747110477, 1228.362461222477], [-404.9763608364768, -1375.12366782675, -138.75315071016135], [-825.5750565422819, -138.506392799984, -727.8009751164228], [-345.29946407108, 711.324863857896, -255.70323009225473]], "M": [[0.0, 1000.0, 0.0], [426.1743325394303, -560.8417956402769, 1113.8208834316497], [-24.3349739439718, -1158.39437955693, -414.59684308273137], [-419.6425247823449, 162.813121144877, -616.5601435565889], [-2.375334e-06, 999.999997942976, -1.437028735493118e-06]], "first": [[-211.32486540518747, 788.6751345948124, 0.0], [-211.32486540518747, 788.6751345948124, 0.0], [-211.32486540518747, 788.6751345948124, 0.0], [-211.32486540518747, 788.6751345948124, 0.0], [-211.32486540518747, 788.6751345948124, 0.0]], "B_C": [[577.3502691896259, 577.3502691896257, 0.0], [577.3502691896259, 577.3502691896257, 0.0], [577.3502691896259, 577.3502691896257, 0.0], [577.3502691896259, 577.3502691896257, 0.0], [577.3502691896259, 577.3502691896257, 0.0]], "D_E": [[788.675134594813, -211.324865405191, 0.0], [716.685995923294, -191.332825969573, -237.4416162738693], [524.25541055218, -129.917842977751, -404.498974243615], [272.05674770476, -24.822741134593, -459.184274603465], [32.692071226064, 122.008467324608, -403.33355616918]], "F_G": [[211.324865405187, -788.67513459481, 0.0], [41.8477911379777, -608.020069164814, -431.4308051147665], [-281.5569514760503, -146.875240783454, -535.057583798116], [-412.644622232583, 391.5840878642145, -302.799961337256], [-211.3248666122788, 788.675133585678, -8.93868735493118e-07]], "H_I": [[-577.35026918963, -577.35026918962, 0.0], [-677.7066114250713, -562.8417394018468, -48.1984383467302], [-1000.2515590633222, -208.6610149748088, -152.530139293512], [-1096.9742633949688, 706.1204256527775, 12.5197194690377], [-398.717477915059, 1553.418010741422, 216.14580113648125]], "J_K": [[-788.67513459481, 211.32486540519, 0.0], [-619.6201008636223, -492.3162782718831, 763.1700249853568], [-938.1099939638223, -975.226589637286, 121.66379261607], [-1402.0226557129452, 36.7709406408795, -341.8577797111288], [-943.375675753079, 1098.076209093765, -187.18775544757975]], "last": [[-211.324865405191, 788.67513459481, 0.0], [147.3908311959903, -479.8754879668234, 1042.8236026565548], [-199.3581875910638, -1160.862297162721, -172.36310979115035], [-613.8027334933519, -49.8051525616044, -536.4871736078206], [-211.324867819328, 788.675132576595, -1.787714735493118e-06]]}