{"A": [[0.0, 1000.0, 0.0], [0.0, 1000.0, 0.0], [0.0, 1000.0, 0.0], [0.0, 1000.0, 0.0], [0.0, 1000.0, 0.0]], "B": [[499.99999999999994, 866.0254037844387, 0.0], [499.99999999999994, 866.0254037844387, 0.0], [499.99999999999994, 866.0254037844387, 0.0], [499.99999999999994, 866.0254037844387, 0.0], [499.99999999999994, 866.0254037844387, 0.0]], "C": [[866.025403784439, 500.0, 0.0], [850.535244067887, 495.849424213321, -89.6882335981333], [805.984325302584, 483.912041508093, -168.262186691222], [737.893454266081, 465.667147601931, -225.984874615484], [654.700538699134, 443.375673059777, -255.703228129195]], "D": [[1000.0, 0.0, 0.0], [1042.864753634069, 36.389030840084, 51.2184699417077], [1138.348936967173, 133.598236885498, 18.186722222215], [1204.577642494397, 260.813528484254, -135.4859485268883], [1154.700538847592, 381.1978460942131, -374.375508449854]], "E": [[866.025403784439, -500.0, 0.0], [944.5849274526746, -439.223132531494, 230.3366941677387], [1147.0888677576565, -265.738980465307, 347.432212516945], [1377.589930060282, -7.518991007949, 271.9617165361357], [1499.999999914293, 288.6751335096779, 1.264882e-06]], "F": [[500.0, -866.02540378444, 0.0], [587.3034106654026, -778.026065978808, 390.0604634721227], [828.0444560823036, -524.04001797077, 662.773979229599], [1133.778218108108, -148.328295177557, 706.3322742461917], [1345.299461215167, 258.3302477881796, 493.047791715136]], "G": [[0.0, -1000.0, 0.0], [144.6721482644406, -853.5365331506714, 647.5967275669917], [528.5750146946806, -439.5989915892072, 1076.461009688293], [968.861522513843, 138.84703166346, 1104.1789879427447], [1182.335127847189, 683.1942556409936, 739.791369771986]], "H": [[-500.0, -866.02540378444, 0.0], [-240.9548038448914, -641.4697123945714, 920.1195885757508], [391.2093076202096, -52.6045598610052, 1391.604095860938], [1000.229408403236, 649.592350892651, 1182.3100768345826], [1174.0713329977607, 1138.4031496860975, 493.487157652011]], "I": [[-866.02540378444, -500.0, 0.0], [-445.5564707287034, -210.0281339471584, 1119.9833289747687], [481.3248383466742, 452.7580802756758, 1458.2147970064084], [1205.553860591375, 1020.35338015993, 885.1109500837995], [1328.7718715071646, 1168.748036382816, 0.439367202252]], "J": [[-1000.0, 0.0, 0.0], [-403.3311804311995, 302.0328457690736, 1182.910035089627], [756.0322384148951, 835.9678521141288, 1244.5905765949524], [1438.682616778848, 987.218234531977, 424.1313002142865], [1491.7362050373897, 743.88402906804, -246.304211673867]], "K": [[-866.02540378444, 500.0, 0.0], [-127.8589528159165, 730.0299711294276, 1088.661932047355], [1084.5879300529891, 914.6408206207308, 852.4032311212724], [1533.6719972882643, 573.772884620381, 127.5016444850805], [1500.0000002388065, 288.675134585757, -3.73662e-07]], "L": [[-500.0, 866.02540378444, 0.0], [292.2659526931895, 936.3156517211046, 867.550027833856], [1310.6199094073831, 651.3335628154948, 468.3094603733724], [1422.907489050545, 74.312396515858, 206.3663195200122], [1345.2994619191434, 258.3302469138165, 493.047790075599]], "M": [[0.0, 1000.0, 0.0], [721.9277199161585, 854.546622163039, 590.685830034481], [1326.5510611025475, 171.3639002430898, 275.1139276948664], [1185.2325190852753, -155.641617583374, 604.5885595855142], [1182.3351282266244, 683.1942536905285, 739.791369771048]], "first": [[-211.32486540518747, 788.6751345948124, 0.0], [-211.32486540518747, 788.6751345948124, 0.0], [-211.32486540518747, 788.6751345948124, 0.0], [-211.32486540518747, 788.6751345948124, 0.0], [-211.32486540518747, 788.6751345948124, 0.0]], "B_C": [[577.3502691896259, 577.3502691896257, 0.0], [577.3502691896259, 577.3502691896257, 0.0], [577.3502691896259, 577.3502691896257, 0.0], [577.3502691896259, 577.3502691896257, 0.0], [577.3502691896259, 577.3502691896257, 0.0]], "D_E": [[788.675134594813, -211.324865405191, 0.0], [880.721272876952, -147.379705979625, 222.2592267591927], [1101.605678867874, 24.78269516733, 294.095236664724], [1313.474699118106, 254.224357929886, 142.748505427219], [1366.025404018613, 479.2740570878667, -187.1877533091381]], "F_G": [[211.324865405187, -788.67513459481, 0.0], [317.1631761960716, -681.790604254987, 474.1995572674437], [598.3608902283136, -382.648515873859, 791.499657275652], [928.89822963876, 32.1187640935614, 827.9030215592167], [1122.008467657764, 431.4095434265379, 590.521311680913]], "H_I": [[-577.35026918963, -577.35026918962, 0.0], [-291.1056005203424, -347.2869474491754, 904.0635654399327], [381.6870551969766, 227.7772551875058, 1288.590689083324], [978.3763728902964, 837.743030867068, 951.1431156548477], [1108.9735686274898, 1149.4334149860997, 202.013296390928]], "J_K": [[-788.67513459481, 211.32486540519, 0.0], [-224.5015275029684, 460.4125767477306, 1003.3210222694318], [814.9968466429601, 832.2332919529968, 951.6304675118994], [1346.102079218465, 785.477299991195, 224.0167408422345], [1366.025403989715, 479.274058679158, -187.18775417014]], "last": [[-211.324865405191, 788.67513459481, 0.0], [438.1826052950815, 785.7973505589722, 654.55010063723], [1171.528450123077, 416.9055179743098, 345.7800548286484], [1171.3876523330412, -2.346835370068, 348.4139572381425], [1122.0084682274176, 431.409541941299, 590.521310818369]]}