{"A": [[0.0, 1000.0, 0.0], [0.0, 1000.0, 0.0], [0.0, 1000.0, 0.0], [0.0, 1000.0, 0.0], [0.0, 1000.0, 0.0], [0.0, 1000.0, 0.0], [0.0, 1000.0, 0.0], [0.0, 1000.0, 0.0], [0.0, 1000.0, 0.0], [0.0, 1000.0, 0.0], [0.0, 1000.0, 0.0], [0.0, 1000.0, 0.0], [0.0, 1000.0, 0.0], [0.0, 1000.0, 0.0], [0.0, 1000.0, 0.0]], "B": [[499.99999999999994, 866.0254037844387, 0.0], [499.99999999999994, 866.0254037844387, 0.0], [499.99999999999994, 866.0254037844387, 0.0], [499.99999999999994, 866.0254037844387, 0.0], [499.99999999999994, 866.0254037844387, 0.0], [499.99999999999994, 866.0254037844387, 0.0], [499.99999999999994, 866.0254037844387, 0.0], [499.99999999999994, 866.0254037844387, 0.0], [499.99999999999994, 866.0254037844387, 0.0], [499.99999999999994, 866.0254037844387, 0.0], [499.99999999999994, 866.0254037844387, 0.0], [499.99999999999994, 866.0254037844387, 0.0], [499.99999999999994, 866.0254037844387, 0.0], [499.99999999999994, 866.0254037844387, 0.0], [499.99999999999994, 866.0254037844387, 0.0]], "C": [[866.025403784439, 500.0, 0.0], [864.748710675882, 499.65791111258, -26.1233765953087], [860.931670912557, 498.635138390519, -51.9799409116455], [854.613270001353, 496.942127968906, -77.3056057692213], [845.858041213472, 494.596171485644, -101.84170635369], [834.755406470973, 491.621229472534, -125.337642100835], [821.418763031958, 488.047686633308, -147.553436216676], [805.984325302584, 483.912041508093, -168.262186691222], [788.609733605121, 479.256533693938, -187.252383772333], [769.472444111441, 474.128712428786, -204.330070230059], [748.76791638645, 468.580950945206, -219.320822347516], [726.707617053045, 462.669911554032, -232.071531405338], [703.516859968282, 456.455966921303, -242.45196746446], [679.432504970177, 450.002583449337, -250.356109475438], [654.700538699134, 443.375673059777, -255.703228129195]], "D": [[1000.0, 0.0, 0.0], [1003.721477996178, 3.049700348248, 18.7770396155749], [1014.645845117439, 12.113512028573, 35.3003670722313], [1032.063586506436, 26.938644297408, 47.4233120486797], [1054.82735188314, 47.113915746362, 53.20877067831], [1081.403179151491, 72.084539279768, 51.022881387165], [1109.939196043559, 101.171998996555, 39.615884136608], [1138.348936967173, 133.598236885498, 18.186722222215], [1164.405799696822, 168.513199096131, -13.571385548118], [1185.844696461058, 205.024661761635, -55.446391410113], [1200.466645653703, 242.229170141049, -106.70500757775], [1206.241916549569, 279.242885660715, -166.1126486871423], [1201.407385635876, 315.231144802979, -231.9750166095128], [1184.553987723956, 349.435591274561, -302.1997221646116], [1154.700538847592, 381.1978460942131, -374.375508449854]], "E": [[866.025403784439, -500.0, 0.0], [872.64646528951, -494.985302083752, 71.0232818500959], [892.287787014234, -479.997660124821, 139.2440647654963], [924.283561815453, -455.207989542457, 201.9137071728497], [967.5242860432069, -420.906031994543, 256.39512760877], [1020.46006740004, -377.5066030461, 300.227484681918], [1081.1109305496143, -325.556309352492, 331.199618925255], [1147.0888677576565, -265.738980465307, 347.432212516945], [1215.6365226979767, -198.877920861572, 347.466521641872], [1283.6868044779071, -125.933169484064, 330.355407791351], [1347.946421208771, -47.992256245236, 295.750495428061], [1405.004392044955, 33.746555389173, 243.9778566763397], [1451.464208680558, 117.998896772445, 176.0938722030822], [1484.095693513352, 203.42640218072, 93.9129835443344], [1499.999999914293, 288.6751335096779, 1.264882e-06]], "F": [[500.0, -866.02540378444, 0.0], [524.774042549768, -854.115019427522, 205.0375200820379], [597.156161054658, -819.169121551607, 395.7771728494293], [711.530086287502, -763.463446470592, 559.2143150031867], [859.1881992753459, -690.533660980918, 684.779798695552], [1029.2223039947332, -604.821649891412, 765.200908781294], [1209.6068780342132, -511.240244170495, 796.988691641286], [1388.3395361981766, -414.706831624192, 780.509442037541], [1554.5007041287759, -319.6986597848, 719.652776117229], [1699.1109509741202, -229.878365171579, 621.160096942841], [1815.69725770229, -147.8280788259079, 493.718058226564], [1900.5234876797, -74.915883918622, 346.9462623944327], [1952.488695859878, -11.301507345133, 190.4138293556555], [1972.742373853644, 43.928773199549, 32.8055325017733], [1964.101615417866, 92.5227112988539, -118.672279318785]], "G": [[0.0, -1000.0, 0.0], [54.854843238082, -976.522648772832, 384.3180567485929], [213.538907082163, -908.53540199115, 731.6352720611733], [459.221020574712, -803.0447271656398, 1009.4616359378047], [766.4162118359963, -670.6857960966433, 1193.649735945938], [1104.3929077965017, -524.3283956397763, 1270.98684055004], [1441.1412105291781, -377.433703932021, 1240.200666994666], [1747.2806807161026, -242.405916616252, 1111.300678152871], [1999.3248048697628, -129.174006202801, 903.449044328959], [2181.8579630403624, -44.192421008226, 641.7815642137775], [2288.389117929103, 10.0251280535271, 353.73962137176], [2320.882310529804, 34.813265837997, 65.5085851426247], [2288.181954820867, 34.7650307185546, -200.9135302680935], [2203.711686286989, 16.7755262035861, -429.6499467854407], [2082.903770369004, -11.1069985447841, -611.720069748689]], "H": [[-500.0, -866.02540378444, 0.0], [-409.118400540882, -828.867805361386, 560.033931687348], [-149.005035156916, -722.573992138573, 1050.8991698362104], [244.936856657809, -561.7813009299698, 1414.2127306695836], [720.5477202461323, -368.0672641420314, 1611.103084271268], [1217.6873123857058, -166.3141691281183, 1627.272377633935], [1677.8973572507891, 19.333911279918, 1473.591281501098], [2053.078718262175, 169.159282422552, 1182.3699373599216], [2311.627530362071, 270.551021312093, 800.31756291125], [2441.112131038396, 319.264023225786, 379.7970571307375], [2447.361017786501, 319.1520387222681, -29.819605589668], [2350.5762742234015, 280.575676190586, -389.0992663172503], [2179.618033934735, 217.9220409282546, -672.7361421933745], [1965.822393742485, 146.7935796725651, -870.6184067640817], [1737.604309948224, 81.415713707562, -986.095580141274]], "I": [[-866.02540378444, -500.0, 0.0], [-740.772467216866, -451.367502765733, 684.3250980210569], [-386.935145751511, -314.394429393981, 1262.3888846244372], [134.566114290873, -113.8573246088358, 1649.0139297660987], [737.0776048616543, 115.0940703164076, 1796.119516595702], [1326.4760462733598, 334.5104292651317, 1699.9973764616523], [1819.8526816650733, 511.439739232085, 1398.559738820267], [2160.1928680111914, 624.10941679117, 959.8926877530425], [2323.9756004718365, 665.173866152605, 465.549691206595], [2320.6939593762772, 641.538097578768, -6.9691220584445], [2185.44347475171, 571.1575149203641, -398.386604991289], [1967.3182725464003, 477.911872497186, -675.6667491357373], [1717.002184982344, 385.9852240569156, -833.0188150119035], [1476.582850711897, 315.1040527549291, -886.9109393214942], [1273.502694193663, 277.568135906062, -867.423300518796]], "J": [[-1000.0, 0.0, 0.0], [-849.774145953492, 53.157826968944, 723.3381486558479], [-432.2999173579409, 199.429488642724, 1305.7041380767525], [162.0458082573782, 402.9986491007602, 1641.6680948006456], [810.4218890673143, 615.5810006397576, 1686.198449547594], [1389.8249940774656, 789.6993062346367, 1461.7974824094754], [1807.0351576406863, 890.983275345914, 1046.804699477225], [2017.6434797436625, 905.916616252489, 549.7542152008475], [2029.7489068457173, 843.127379094365, 78.622834526086], [1893.1455770987202, 728.4859517763854, -285.5218888610855], [1679.20585470546, 596.1543218517178, -503.495235104456], [1458.7664935034084, 478.70916719774505, -579.1077268514744], [1284.71974327543, 399.3116708813419, -548.5834289607685], [1183.317469398301, 367.8163114826957, -463.6308590744602], [1154.700538345656, 381.197846069607, -374.37551037224]],