{"A": [[0.0, 1000.0, 0.0], [0.0, 1000.0, 0.0], [0.0, 1000.0, 0.0], [0.0, 1000.0, 0.0], [0.0, 1000.0, 0.0]], "B": [[499.99999999999994, 866.0254037844387, 0.0], [499.99999999999994, 866.0254037844387, 0.0], [499.99999999999994, 866.0254037844387, 0.0], [499.99999999999994, 866.0254037844387, 0.0], [499.99999999999994, 866.0254037844387, 0.0]], "C": [[866.025403784439, 500.0, 0.0], [850.535244067887, 495.849424213321, -89.6882335981333], [805.984325302584, 483.912041508093, -168.262186691222], [737.893454266081, 465.667147601931, -225.984874615484], [654.700538699134, 443.375673059777, -255.703228129195]], "D": [[1000.0, 0.0, 0.0], [1042.864753634069, 36.389030840084, 51.2184699417077], [1138.348936967173, 133.598236885498, 18.186722222215], [1204.577642494397, 260.813528484254, -135.4859485268883], [1154.700538847592, 381.1978460942131, -374.375508449854]], "E": [[866.025403784439, -500.0, 0.0], [944.5849274526746, -439.223132531494, 230.3366941677387], [1147.0888677576565, -265.738980465307, 347.432212516945], [1377.589930060282, -7.518991007949, 271.9617165361357], [1499.999999914293, 288.6751335096779, 1.264882e-06]], "F": [[500.0, -866.02540378444, 0.0], [781.8408767687436, -728.890369597455, 627.2705150606897], [1388.3395361981766, -414.706831624192, 780.509442037541], [1862.207650961358, -110.192412579166, 422.1383642635037], [1964.101615417866, 92.5227112988539, -118.672279318785]], "G": [[0.0, -1000.0, 0.0], [455.0054663534636, -775.1534638115244, 1026.0029228776878], [1451.2015686506209, -259.562249287091, 1270.333610365844], [2225.62395546756, 204.643033905517, 613.8580129356477], [2309.401077695183, 381.1978463911249, -374.375506051606]], "H": [[-500.0, -866.02540378444, 0.0], [309.8377220563466, -600.6143324076954, 1491.2035355767837], [1830.6791213367328, -127.203217415522, 1596.56522459184], [2737.449867852388, 138.0491420775891, 653.2113026808646], [2809.401077615623, 247.2232498786509, -374.3755060516244]], "I": [[-866.02540378444, -500.0, 0.0], [393.0248504593003, -261.4062749969384, 1873.2597983010166], [2346.1645626092677, -80.62437457041, 1603.9383966629832], [3033.361927362323, -262.5718043005669, 512.1861177287396], [2964.101615812807, -175.4264818745491, -118.67227931880643]], "J": [[-1000.0, 0.0, 0.0], [677.8131490266034, 133.3784529251356, 2049.2991008154], [2752.3189941912087, -141.9943429313138, 1288.943956837668], [2902.726590460975, -712.0532943058029, 291.1657762973196], [2618.80215426096, -464.1016175836251, 137.03094769733656]], "K": [[-866.02540378444, 500.0, 0.0], [1072.6122290552114, 456.7736562363456, 1962.7056754587484], [2855.8382550015667, -282.1048476965348, 801.4995994728251], [2438.531564267052, -890.4493306353849, 147.4750517886006], [2118.802154129309, -330.1270218593721, 137.03094826402892]], "L": [[-500.0, 866.02540378444, 0.0], [1450.4512796608662, 604.7726305706816, 1641.3287194327784], [2607.45363759642, -434.2720329820358, 373.5984169669691], [1971.196107195083, -670.775601304242, 183.3946235595033], [1964.101614995445, 92.5227097224099, -118.6722781854181]], "M": [[0.0, 1000.0, 0.0], [1689.8139826301383, 529.7776211919937, 1188.5258512587113], [2125.380718021342, -526.0738154411026, 208.89466661254414], [1833.374871800587, -209.3983460239629, 373.3565350457093], [2309.401075821819, 381.1978460482969, -374.37550548490407]], "first": [[-211.32486540518747, 788.6751345948124, 0.0], [-211.32486540518747, 788.6751345948124, 0.0], [-211.32486540518747, 788.6751345948124, 0.0], [-211.32486540518747, 788.6751345948124, 0.0], [-211.32486540518747, 788.6751345948124, 0.0]], "B_C": [[577.3502691896259, 577.3502691896257, 0.0], [577.3502691896259, 577.3502691896257, 0.0], [577.3502691896259, 577.3502691896257, 0.0], [577.3502691896259, 577.3502691896257, 0.0], [577.3502691896259, 577.3502691896257, 0.0]], "D_E": [[788.675134594813, -211.324865405191, 0.0], [880.721272876952, -147.379705979625, 222.2592267591927], [1101.605678867874, 24.78269516733, 294.095236664724], [1313.474699118106, 254.224357929886, 142.748505427219], [1366.025404018613, 479.2740570878667, -187.1877533091381]], "F_G": [[211.324865405187, -788.67513459481, 0.0], [624.0169007216446, -604.28640034104, 848.3628959951557], [1482.1424856746976, -210.1917849587252, 977.209721228925], [2077.886591635476, 92.2724087759167, 379.6296811459737], [2098.076212164507, 169.8729811114309, -374.375507033136]], "H_I": [[-577.35026918963, -577.35026918962, 0.0], [395.0365201769412, -328.9770544370984, 1582.1472076632447], [2080.711505555557, -1.41523040643, 1491.791245746471], [2885.215332313915, -12.769484425239, 441.7036033190997], [2886.751346633832, -41.4518847620891, -374.37550703316265]], "J_K": [[-788.67513459481, 211.32486540519, 0.0], [844.2474195841384, 293.7367424227506, 1859.822848872265], [2721.359307543895, -98.2171665206598, 994.9346812947841], [2679.157648486912, -721.7592336807699, 93.0771082658586], [2342.093148004002, -496.7936877811481, 28.958046933421567]], "last": [[-211.324865405191, 788.67513459481, 0.0], [1440.2319477673323, 527.18296442882, 1352.8988207733564], [2329.569764417323, -338.2381171925755, 319.9846358826251], [1942.00593947258, -375.2568175864029, 149.7348544678761], [2098.076210957434, 169.8729801023109, -374.3755061392821]]}