{"A": [[0.0, 1000.0, 0.0], [0.0, 1000.0, 0.0], [0.0, 1000.0, 0.0], [0.0, 1000.0, 0.0], [0.0, 1000.0, 0.0]], "B": [[499.99999999999994, 866.0254037844387, 0.0], [499.99999999999994, 866.0254037844387, 0.0], [499.99999999999994, 866.0254037844387, 0.0], [499.99999999999994, 866.0254037844387, 0.0], [499.99999999999994, 866.0254037844387, 0.0]], "C": [[866.025403784439, 500.0, 0.0], [850.535244067887, 495.849424213321, -89.6882335981333], [805.984325302584, 483.912041508093, -168.262186691222], [737.893454266081, 465.667147601931, -225.984874615484], [654.700538699134, 443.375673059777, -255.703228129195]], "D": [[1000.0, 0.0, 0.0], [1042.864753634069, 36.389030840084, 51.2184699417077], [1138.348936967173, 133.598236885498, 18.186722222215], [1204.577642494397, 260.813528484254, -135.4859485268883], [1154.700538847592, 381.1978460942131, -374.375508449854]], "E": [[866.025403784439, -500.0, 0.0], [1015.1336890550068, -364.58932583705, 377.4032917298177], [1338.909022924656, -18.188502386583, 470.608682490503], [1567.861492642365, 397.281664437578, 207.0786213314357], [1500.000000850972, 741.6697497844061, -237.344560772815]], "F": [[500.0, -866.02540378444, 0.0], [741.5524299949489, -771.511672654253, 543.2848482182117], [1367.6065364241497, -441.463477721143, 767.195837312831], [1976.282202092222, 132.499939555736, 383.2386471380757], [1964.101616789262, 755.7528591295062, -466.168835153334]], "G": [[0.0, -1000.0, 0.0], [310.1070839774258, -1053.508250901481, 495.5141910341088], [1210.7832520696556, -934.774217714792, 766.7912111835315], [2139.121300540514, -345.057026141042, 267.6014344331717], [2082.903771238443, 409.3640648000102, -832.024057464445]], "H": [[-500.0, -866.02540378444, 0.0], [-140.4457808918242, -1119.8865133619386, 249.4547781640258], [943.0772657746926, -1263.335597962311, 469.5873808871955], [1940.468079957166, -695.458794901101, -57.5211437320573], [1737.604309880987, 48.8921607415832, -969.055005800454]], "I": [[-866.02540378444, -500.0, 0.0], [-465.2044525963342, -949.2986346833586, -115.7585474852252], [691.8999193176626, -1270.772907187028, 17.03482096800347], [1521.726144695729, -669.2854331888519, -360.7031669809773], [1273.502693691713, 34.8090506132137, -740.230731977203]], "J": [[-1000.0, 0.0, 0.0], [-559.7237235003093, -596.6071573044806, -482.6700104339882], [576.7959534768656, -953.5464503651172, -375.47969414075556], [1180.960730074668, -285.1674352560049, -426.1362495410976], [1154.700538345616, 381.1978445276567, -374.37550956437]], "K": [[-866.02540378444, 500.0, 0.0], [-393.6053756798593, -175.2407216150106, -733.2776995077352], [652.5476722820339, -462.63622264229116, -521.1437523236235], [1160.7325040003705, 183.4756729251191, -207.2443847874536], [1499.999999057161, 741.6697489543097, -237.344560569391]], "L": [[-500.0, 866.02540378444, 0.0], [-20.2745116554483, 179.2855693229514, -786.9840066947755], [883.101985294063, -31.68485440033018, -350.6303528705265], [1475.4401460823915, 403.0584379817531, 140.1627275985744], [1964.101615497409, 755.7528598659587, -466.168833835421]], "M": [[0.0, 1000.0, 0.0], [440.2024222938447, 352.9529831534294, -626.5165174478215], [1158.729428558044, 134.2016990219468, 54.90676792676647], [1901.0712049880415, 217.2793695994651, 368.7967842851764], [2082.903771740383, 409.3640663665377, -832.02405634995]], "first": [[-211.32486540518747, 788.6751345948124, 0.0], [-211.32486540518747, 788.6751345948124, 0.0], [-211.32486540518747, 788.6751345948124, 0.0], [-211.32486540518747, 788.6751345948124, 0.0], [-211.32486540518747, 788.6751345948124, 0.0]], "B_C": [[577.3502691896259, 577.3502691896257, 0.0], [577.3502691896259, 577.3502691896257, 0.0], [577.3502691896259, 577.3502691896257, 0.0], [577.3502691896259, 577.3502691896257, 0.0], [577.3502691896259, 577.3502691896257, 0.0]], "D_E": [[788.675134594813, -211.324865405191, 0.0], [880.721272876952, -147.379705979625, 222.2592267591927], [1101.605678867874, 24.78269516733, 294.095236664724], [1313.474699118106, 254.224357929886, 142.748505427219], [1366.025404018613, 479.2740570878667, -187.1877533091381]], "F_G": [[211.324865405187, -788.67513459481, 0.0], [449.1878002533338, -789.238779271018, 483.9125445397577], [1146.871709511367, -642.870201117858, 761.917065161894], [1957.697215111445, -163.429167088987, 420.6145695537737], [2098.076212850209, 501.4880534043801, -548.123784100367]], "H_I": [[-577.35026918963, -577.35026918962, 0.0], [-261.4918824323242, -893.940549431369, 95.7906634124988], [724.6055999653306, -1161.126582696591, 293.12252343978446], [1644.351504148928, -716.135491367191, -92.2176166347783], [1553.418014526989, -67.1024014974758, -764.2695873454819]], "J_K": [[-788.67513459481, 211.32486540519, 0.0], [-410.5818798363217, -337.6225526469056, -482.9572314385042], [543.0463284615656, -660.7493456344802, -326.01035262785354], [1106.84508566588, -110.2468639272329, -195.4285070248963], [1366.0254028115237, 479.2740558277367, -187.18775378817]], "last": [[-211.324865405191, 788.67513459481, 0.0], [178.2916590293827, 221.5895877989054, -567.6708895371662], [906.7112361538999, 19.01191106961882, -57.05099610005453], [1603.2492696199754, 236.1120696442054, 352.5541952155804], [2098.076212434893, 501.4880546152497, -548.123782821447]]}