{"A": [[0.0, 1000.0, 0.0], [0.0, 1000.0, 0.0], [0.0, 1000.0, 0.0], [0.0, 1000.0, 0.0], [0.0, 1000.0, 0.0], [0.0, 1000.0, 0.0], [0.0, 1000.0, 0.0], [0.0, 1000.0, 0.0], [0.0, 1000.0, 0.0], [0.0, 1000.0, 0.0], [0.0, 1000.0, 0.0], [0.0, 1000.0, 0.0], [0.0, 1000.0, 0.0], [0.0, 1000.0, 0.0], [0.0, 1000.0, 0.0]], "B": [[499.99999999999994, 866.0254037844387, 0.0], [499.99999999999994, 866.0254037844387, 0.0], [499.99999999999994, 866.0254037844387, 0.0], [499.99999999999994, 866.0254037844387, 0.0], [499.99999999999994, 866.0254037844387, 0.0], [499.99999999999994, 866.0254037844387, 0.0], [499.99999999999994, 866.0254037844387, 0.0], [499.99999999999994, 866.0254037844387, 0.0], [499.99999999999994, 866.0254037844387, 0.0], [499.99999999999994, 866.0254037844387, 0.0], [499.99999999999994, 866.0254037844387, 0.0], [499.99999999999994, 866.0254037844387, 0.0], [499.99999999999994, 866.0254037844387, 0.0], [499.99999999999994, 866.0254037844387, 0.0], [499.99999999999994, 866.0254037844387, 0.0]], "C": [[866.025403784439, 500.0, 0.0], [864.748710675882, 499.65791111258, -26.1233765953087], [860.931670912557, 498.635138390519, -51.9799409116455], [854.613270001353, 496.942127968906, -77.3056057692213], [845.858041213472, 494.596171485644, -101.84170635369], [834.755406470973, 491.621229472534, -125.337642100835], [821.418763031958, 488.047686633308, -147.553436216676], [805.984325302584, 483.912041508093, -168.262186691222], [788.609733605121, 479.256533693938, -187.252383772333], [769.472444111441, 474.128712428786, -204.330070230059], [748.76791638645, 468.580950945206, -219.320822347516], [726.707617053045, 462.669911554032, -232.071531405338], [703.516859968282, 456.455966921303, -242.45196746446], [679.432504970177, 450.002583449337, -250.356109475438], [654.700538699134, 443.375673059777, -255.703228129195]], "D": [[1000.0, 0.0, 0.0], [1003.721477996178, 3.049700348248, 18.7770396155749], [1014.645845117439, 12.113512028573, 35.3003670722313], [1032.063586506436, 26.938644297408, 47.4233120486797], [1054.82735188314, 47.113915746362, 53.20877067831], [1081.403179151491, 72.084539279768, 51.022881387165], [1109.939196043559, 101.171998996555, 39.615884136608], [1138.348936967173, 133.598236885498, 18.186722222215], [1164.405799696822, 168.513199096131, -13.571385548118], [1185.844696461058, 205.024661761635, -55.446391410113], [1200.466645653703, 242.229170141049, -106.70500757775], [1206.241916549569, 279.242885660715, -166.1126486871423], [1201.407385635876, 315.231144802979, -231.9750166095128], [1184.553987723956, 349.435591274561, -302.1997221646116], [1154.700538847592, 381.1978460942131, -374.375508449854]], "E": [[866.025403784439, -500.0, 0.0], [879.066040968946, -488.537162658856, 122.4716420281839], [917.2426151535559, -454.591622993123, 236.9141567000903], [977.7881742233373, -399.467443818232, 335.8348584030867], [1056.3158031935006, -325.256941545002, 412.773676618691], [1147.1367559573064, -234.724908070529, 462.722106948792], [1243.669746045167, -131.157850700372, 482.434327030753], [1338.909022924656, -18.188502386583, 470.608682490503], [1425.914554687927, 100.3926517743062, 427.928279827408], [1498.286427675195, 220.8264984840348, 356.960760544403], [1550.587534919136, 339.5630871749542, 261.92850137924], [1578.683556752037, 453.417344459399, 148.3705384256277], [1579.976678545118, 559.693978588168, 22.7256033250212], [1553.51876636017, 656.275438380234, -108.1288774062576], [1500.000000850972, 741.6697497844061, -237.344560772815]], "F": [[500.0, -866.02540378444, 0.0], [520.159760532733, -858.749832579885, 168.0573121944453], [580.2089583819989, -836.422747101589, 329.4479305147682], [678.7075515564812, -797.657619937587, 477.0600587689107], [812.7977012820946, -740.507003941649, 603.0774131878], [977.6543189389994, -662.945716731097, 699.052035234549], [1165.9622746608245, -563.43331409663, 756.384441226246], [1367.6065364241497, -441.463477721143, 767.195837312831], [1569.740906613479, -298.0085950570588, 725.484357644879], [1757.344057294994, -135.7827078180052, 628.379645199685], [1914.287174257343, 40.7271865329002, 477.262821133049], [2024.839925359737, 225.476955853333, 278.5122551194927], [2075.447823158899, 411.306834472351, 43.6729837670415], [2056.5415404491, 590.5535518348428, -211.0750517300976], [1964.101616789262, 755.7528591295062, -466.168835153334]], "G": [[0.0, -1000.0, 0.0], [22.325162532199, -998.057191693956, 194.5783446296998], [89.3892540432009, -991.380549634939, 384.5232398460101], [201.2411770471252, -977.542625928242, 564.3322666231583], [357.2767696087767, -952.877321462068, 726.967370306491], [555.3379421719554, -913.010924439293, 863.56787714448], [790.6949428788694, -853.529650574414, 963.671048826792], [1055.1262398703227, -770.711022518906, 1015.995577950545], [1336.327825397383, -662.2325141691678, 1009.75265115463], [1617.86643039759, -527.7648756096422, 936.349066018644], [1879.8341530749203, -369.3624610735598, 791.251137298682], [2100.2660771123965, -191.580637887366, 575.7041990986827], [2257.256172042604, -1.280863535945, 297.9686938360825], [2331.567163785794, 192.8754385688548, -26.2448129470696], [2309.401077695185, 381.1978441502972, -374.375504877521]], "H": [[-500.0, -866.02540378444, 0.0], [-478.841653899764, -868.515845644313, 194.8111583340717], [-415.0411385505901, -875.209949844933, 386.41088473201], [-307.7986414154228, -883.8110633460558, 570.8168503902702], [-156.3670168971663, -890.6268678141645, 742.5921594438782], [39.0933016072504, -890.8280852262654, 894.3669869335235], [276.4073639243324, -878.8895334279948, 1016.7215427534165], [550.1892523321126, -849.2298540012887, 1098.5947556074977], [850.813885326999, -797.0095785861538, 1128.3298384024], [1163.877443622368, -718.9827125978672, 1095.342560022255], [1470.4546670377704, -614.2475925088888, 992.221038639612], [1748.3501472964526, -484.728621447529, 816.8859366069587], [1974.33802232831, -335.251935689093, 574.3196228344025], [2127.132570777061, -173.1514808874982, 277.3667544310034], [2190.598923045455, -7.4402805890488, -53.757900119471]], "I": [[-866.02540378444, -500.0, 0.0], [-846.836987341122, -505.409202356609, 168.69234142284358], [-789.0197237318771, -521.08862055751, 334.571764362818], [-691.8913307691788, -545.2836989704718, 494.5199173913493], [-554.6191444245303, -574.7845301041435, 644.673555180296], [-376.8313848833486, -604.7439723965315, 779.8605330313846], [-159.6288082415246, -628.7991443243228, 893.1236209584115], [93.1140664446046, -639.6499087920347, 975.6813167852818], [373.495218652086, -630.0824426618108, 1017.643731926023], [668.868441414695, -594.2430646682692, 1009.5795120418913], [962.1282302197343, -528.8410896283921, 944.6904660706548], [1233.2262133684887, -433.9417966600097, 821.0360635565817], [1461.768735333553, -313.1113872853199, 643.1070822815453], [1630.157615826204, -172.85929399779383, 422.1597142375514], [1726.49730735816, -21.523390779849, 175.066374718044]], "J": [[-1000.0, 0.0, 0.0], [-981.429291181474, -7.637267167554, 123.3359227348155], [-925.7403115912491, -30.151630585498, 243.8108412530684], [-832.9353090432988, -66.0515982691548, 358.90139991997427], [-702.9456692216384, -112.0453197553055, 466.289537739068], [-535.9354531354876, -162.4039244427355, 563.1340467105656], [-333.2008798064306, -208.9144522269728, 645.0938369684495], [-98.5600556579094, -241.7181607953307, 705.7543872587137], [160.274267160582, -250.9449072174548, 737.035913978322], [431.041982581043, -228.6913979261692, 730.7251650220824], [697.5385573861633, -170.7189814409211, 680.7017294012638], [941.5257788669597, -77.3387309883927, 585.0396599900176], [1145.439723335142, 46.7443040332001, 447.1758953181093], [1295.039399024435, 193.48484518111718, 275.7461052799724], [1381.197845806304, 353.0316237531, 83.2730450510844]],