{"A": [[0.0, 1000.0, 0.0], [0.0, 1000.0, 0.0], [0.0, 1000.0, 0.0], [0.0, 1000.0, 0.0], [0.0, 1000.0, 0.0]], "B": [[499.99999999999994, 866.0254037844387, 0.0], [499.99999999999994, 866.0254037844387, 0.0], [499.99999999999994, 866.0254037844387, 0.0], [499.99999999999994, 866.0254037844387, 0.0], [499.99999999999994, 866.0254037844387, 0.0]], "C": [[866.025403784439, 500.0, 0.0], [850.535244067887, 495.849424213321, -89.6882335981333], [805.984325302584, 483.912041508093, -168.262186691222], [737.893454266081, 465.667147601931, -225.984874615484], [654.700538699134, 443.375673059777, -255.703228129195]], "D": [[1000.0, 0.0, 0.0], [1042.864753634069, 36.389030840084, 51.2184699417077], [1138.348936967173, 133.598236885498, 18.186722222215], [1204.577642494397, 260.813528484254, -135.4859485268883], [1154.700538847592, 381.1978460942131, -374.375508449854]], "E": [[866.025403784439, -500.0, 0.0], [1015.1336890550068, -364.58932583705, 377.4032917298177], [1338.909022924656, -18.188502386583, 470.608682490503], [1567.861492642365, 397.281664437578, 207.0786213314357], [1500.000000850972, 741.6697497844061, -237.344560772815]], "F": [[500.0, -866.02540378444, 0.0], [776.2606013973108, -578.127525929253, 783.9623618849178], [1312.210499339639, 100.792838480058, 973.67907696337], [1569.1554602590547, 777.93199615074, 557.8675080504858], [1345.299463088523, 1164.319480839613, 18.35866737673]], "G": [[0.0, -1000.0, 0.0], [329.1903813522788, -658.3339834942528, 1032.2451340316927], [963.9067082129561, 122.2114644572203, 1356.007344266675], [1294.2239404913498, 831.0519952813135, 993.2295614746607], [1182.33512876144, 1125.3476898585768, 508.126997994568]], "H": [[-500.0, -866.02540378444, 0.0], [-182.2953078675122, -579.4136056092061, 1042.4017136217947], [459.7685162635281, 35.8734463296112, 1435.6290905102933], [938.7662919068907, 518.8302469513364, 1203.2691586074277], [1174.0713320162295, 663.7261677791588, 742.192101005583]], "I": [[-866.02540378444, -500.0, 0.0], [-593.6982290543542, -366.7478708090541, 811.1656565027457], [39.7342392795081, -117.1297076837118, 1174.6493337252082], [755.8012803594528, 63.5097152657054, 1038.4777437640428], [1328.7718695889496, 241.0764361692438, 486.488873658144]], "J": [[-1000.0, 0.0, 0.0], [-772.7076318907822, -88.7319252854081, 412.9044857091847], [-96.2860214965839, -263.9780452949278, 697.2781502313222], [875.5654659582708, -210.8073067069886, 616.1557058178777], [1491.7362040783155, 280.048226170392, -3.279456983675]], "K": [[-866.02540378444, 500.0, 0.0], [-661.7525386723892, 165.2218897796599, -24.2975494346473], [116.4448889551361, -334.7809226976488, 230.7144303376802], [1212.8093497704338, -108.8588668646886, 236.9166375823907], [1500.0000011755283, 741.669747824664, -237.344560820749]], "L": [[-500.0, 866.02540378444, 0.0], [-296.5170704377932, 313.4398232122199, -359.8324796335123], [576.6803339288131, -295.8405891000679, -2.9866138198418], [1527.4789292623307, 296.7869847525204, 170.7071878091354], [1345.2994637925344, 1164.319479989261, 18.358665724652]], "M": [[0.0, 1000.0, 0.0], [205.5358760857128, 308.25370112959104, -485.7893589848733], [1065.3769651988562, -165.6902130040239, 107.4021293494372], [1595.5888464824773, 717.3869529626834, 464.6559900672784], [1182.3351291408912, 1125.3476909679598, 508.126996390438]], "first": [[-211.32486540518747, 788.6751345948124, 0.0], [-211.32486540518747, 788.6751345948124, 0.0], [-211.32486540518747, 788.6751345948124, 0.0], [-211.32486540518747, 788.6751345948124, 0.0], [-211.32486540518747, 788.6751345948124, 0.0]], "B_C": [[577.3502691896259, 577.3502691896257, 0.0], [577.3502691896259, 577.3502691896257, 0.0], [577.3502691896259, 577.3502691896257, 0.0], [577.3502691896259, 577.3502691896257, 0.0], [577.3502691896259, 577.3502691896257, 0.0]], "D_E": [[788.675134594813, -211.324865405191, 0.0], [880.721272876952, -147.379705979625, 222.2592267591927], [1101.605678867874, 24.78269516733, 294.095236664724], [1313.474699118106, 254.224357929886, 142.748505427219], [1366.025404018613, 479.2740570878667, -187.1877533091381]], "F_G": [[211.324865405187, -788.67513459481, 0.0], [503.9347437579308, -484.204243377333, 863.5452855098277], [1059.492755504076, 212.457945211866, 1087.613458807813], [1315.515739286603, 854.643261124759, 696.0654503222377], [1122.00846913523, 1145.940724140712, 216.145802445202]], "H_I": [[-577.35026918963, -577.35026918962, 0.0], [-302.8573458195362, -359.7191640758158, 879.5657690603267], [264.2902427238741, 76.2726490769843, 1213.204841678531], [754.8345216063938, 362.1602023496134, 1027.371465400104], [1108.9735671146466, 417.8018920250138, 585.3484556875293]], "J_K": [[-788.67513459481, 211.32486540519, 0.0], [-585.2178755710498, 78.8093624349229, 251.3684041013187], [49.7386477734626, -155.3586157841128, 460.2232768910792], [943.7445919999677, -70.5338261023226, 361.2216851610047], [1366.0254039897354, 479.2740554741298, -187.18775249089]], "last": [[-211.324865405191, 788.67513459481, 0.0], [-9.1136114336072, 312.6009596334879, -277.8877083703693], [775.6911507932921, -93.9360701016058, 91.5948719793122], [1440.0887379172698, 569.3117671417244, 256.7861917382726], [1122.0084697049103, 1145.940724276914, 216.145800733134]]}