{"A": [[0.0, 1000.0, 0.0], [0.0, 1000.0, 0.0], [0.0, 1000.0, 0.0], [0.0, 1000.0, 0.0], [0.0, 1000.0, 0.0], [0.0, 1000.0, 0.0], [0.0, 1000.0, 0.0], [0.0, 1000.0, 0.0], [0.0, 1000.0, 0.0], [0.0, 1000.0, 0.0]], "B": [[587.7852522924732, 809.0169943749474, 0.0], [587.7852522924732, 809.0169943749474, 0.0], [587.7852522924732, 809.0169943749474, 0.0], [587.7852522924732, 809.0169943749474, 0.0], [587.7852522924732, 809.0169943749474, 0.0], [587.7852522924732, 809.0169943749474, 0.0], [587.7852522924732, 809.0169943749474, 0.0], [587.7852522924732, 809.0169943749474, 0.0], [587.7852522924732, 809.0169943749474, 0.0], [587.7852522924732, 809.0169943749474, 0.0]], "C": [[951.056516295153, 309.016994374947, 0.0], [946.40002655386, 309.016994374947, 57.9780556034707], [932.549933118046, 309.016994374947, 114.469760659073], [909.861302982492, 309.016994374947, 168.026869345427], [878.915791697411, 309.016994374947, 217.276368424858], [840.50673179481, 309.016994374947, 260.955676405505], [795.618794572045, 309.016994374947, 297.945011627364], [745.402746631917, 309.016994374947, 327.296099469975], [691.14594833156, 309.016994374947, 348.256482731363], [634.2393504546786, 309.016994374947, 360.288811946806]], "D": [[951.056516295154, -309.016994374943, 0.0], [963.670567775584, -301.851393466042, -34.2583384747839], [999.6948948650244, -280.53829118817, -58.394725649386], [1053.874885197857, -245.624079463544, -63.488526684478], [1118.095137889629, -198.003834147762, -42.89498097647], [1182.27285827064, -138.898368477455, 6.920730453955], [1235.475918645907, -69.822935773326, 85.878915853376], [1267.149341294363, 7.451616250341, 190.165413900318], [1268.322351887669, 90.944243704763, 312.5117510457672], [1232.6696441275196, 178.514493425928, 442.8496507917939]], "E": [[587.785252292473, -809.016994374943, 0.0], [608.837703549454, -799.103536020305, -128.0664214974261], [670.1260477393014, -769.489147715893, -243.536417753378], [766.16191390614, -720.561617813381, -334.821517798339], [888.197966658634, -652.998438066772, -392.313372471072], [1024.839110977676, -567.808208077505, -409.272705291566], [1162.9068917969291, -466.378492627304, -382.568987248484], [1288.5378555104794, -350.521394374903, -313.187212370402], [1388.461327432224, -222.507405861697, -206.4108840254738], [1451.3592436250747, -85.07849053434, -71.6011331794481]], "F": [[0.0, -1000.000000000003, 0.0], [70.566317956442, -985.749512619244, -367.6352135412061], [271.1440084332834, -944.30369526096, -681.964539032035], [570.642819912589, -879.350644157872, -899.201124310316], [924.2382085323565, -796.32274488808, -992.417742801751], [1281.98737712518, -701.483553471446, -955.140530411575], [1597.726790364195, -600.930432424703, -800.652044256084], [1836.2425669508223, -499.718000772822, -557.576109326665], [1977.345071979185, -401.276887568983, -263.1860464520315], [2016.4336777386015, -307.23391250725, 43.7412425955689]], "G": [[-587.785252292477, -809.016994374943, 0.0], [-437.828139018731, -787.822042906345, -658.0242699811231], [-22.1286627903736, -728.251735164528, -1181.242720111417], [566.7883022513374, -641.206949002061, -1469.498182343448], [1204.4478337862915, -541.40997234474, -1480.749654066441], [1768.004339815045, -443.383634027078, -1236.455220413081], [2165.83651948169, -357.716438269408, -808.6707710365329], [2354.3961935187453, -288.718084832023, -294.970195460281], [2338.978667425889, -234.07860908708, 209.2881746088405], [2161.070559647135, -186.480425289241, 632.353830777788]], "H": [[-951.056516295157, -309.016994374943, 0.0], [-714.870360937653, -283.759231518432, -884.1532170446271], [-80.9677227825697, -216.163532136433, -1522.226075407249], [756.5593538789925, -127.286575696395, -1755.57301366492], [1559.5823774972785, -42.225480306474, -1562.3603765346809], [2131.886962697385, 20.090946241178, -1050.050388234472], [2378.4605282886723, 54.013325869419, -399.72622289932883], [2317.1229446785055, 68.33385670179, 208.110938371959], [2045.95153065336, 81.477709131545, 652.5999366875375], [1688.9934480329196, 113.315988701388, 895.4722871780319]], "I": [[-951.056516295157, 309.016994374947, 0.0], [-650.7692873516932, 326.680234180298, -956.4077832164664], [120.4526697582333, 367.193409625477, -1555.249025260293], [1043.4096028976426, 400.952539674994, -1611.884521155294], [1775.1432985405245, 399.727125929821, -1187.9576596507968], [2110.8380281611767, 354.21733312515, -530.548211922522], [2052.666872999761, 280.025457607821, 74.34446985718716], [1762.2515611638746, 209.064654195311, 441.088623233611], [1444.589061111626, 172.4396874549533, 542.8041718499885], [1240.8246673857636, 185.3229055251063, 476.0372394854519]], "J": [[-587.785252292477, 809.016994374947, 0.0], [-270.9279950776331, 801.580895186771, -846.1536852913094], [493.7243877589473, 765.770067548594, -1265.817023661031], [1281.4034570068245, 674.767774640208, -1111.534489919853], [1720.9334535907437, 517.511861220624, -583.677873381967], [1720.059145412093, 317.6883597477549, -53.134858368723], [1468.7534699666562, 125.869486324117, 205.67262954122316], [1252.9228037259736, -9.353833640029, 167.513053658068], [1245.634638312255, -68.6995890892857, 9.6672305240315], [1424.7422440459236, -68.1751482016967, -56.7657944795311]], "K": [[0.0, 999.999999999997, 0.0], [211.2814474694819, 981.378563232973, -503.9361180425704], [692.5444662427143, 917.099777473837, -700.541952093438], [1114.7118619455896, 794.53107803492, -528.579367679715], [1243.2453529509469, 621.779802137893, -205.6457500721589], [1114.5040889750378, 438.7500806616489, -28.3731015048009], [975.8751698829781, 300.004916063263, -124.04519628304983], [1061.5672512585627, 241.276145161991, -364.025917176342], [1405.504622818452, 257.2579075356163, -490.4920538025845], [1833.7789341329717, 309.1757741339163, -325.5803752321311]], "first": [[-224.51398828979276, 690.9830056250522, 0.0], [-224.51398828979276, 690.9830056250522, 0.0], [-224.51398828979276, 690.9830056250522, 0.0], [-224.51398828979276, 690.9830056250522, 0.0], [-224.51398828979276, 690.9830056250522, 0.0], [-224.51398828979276, 690.9830056250522, 0.0], [-224.51398828979276, 690.9830056250522, 0.0], [-224.51398828979276, 690.9830056250522, 0.0], [-224.51398828979276, 690.9830056250522, 0.0], [-224.51398828979276, 690.9830056250522, 0.0]], "B_C": [[587.785252292473, 427.05098312484176, 0.0], [587.785252292473, 427.05098312484176, 0.0], [587.785252292473, 427.05098312484176, 0.0], [587.785252292473, 427.05098312484176, 0.0], [587.785252292473, 427.05098312484176, 0.0], [587.785252292473, 427.05098312484176, 0.0], [587.785252292473, 427.05098312484176, 0.0], [587.785252292473, 427.05098312484176, 0.0], [587.785252292473, 427.05098312484176, 0.0], [587.785252292473, 427.05098312484176, 0.0]], "D_E": [[587.785252292473, -427.050983124843, 0.0], [611.652553256788, -417.148366218559, -127.4675616164203], [680.577307253485, -387.694383276243, -238.892844630501], [786.80712807248, -339.444129363218, -319.946408394439], [918.3229793231427, -273.634568889416, -359.547961973714], [1060.094422878678, -191.952824253941, -351.067660974804], [1195.652847568775, -96.49292404444, -293.068136498165], [1308.821312601464, 10.297880386847, -189.509946556694], [1385.423424502596, 125.681853718828, -49.39800427075], [1414.7955782507656, 246.7009624301624, 114.09627314407]], "F_G": [[-224.513988289796, -690.983005625053, 0.0], [-132.220206461253, -675.086762014866, -458.5434895771661], [129.1976898333204, -629.282146255572, -844.785606613846], [516.606385622982, -558.885166730789, -1099.899842036703], [968.1293686298613, -471.703889502434, -1188.87180497336], [1415.464586546424, -376.687608130475, -1105.438441925671], [1796.55916840395, -282.439131592202, -870.844711162202], [2065.7306080135672, -195.886758648926, -527.247095677151], [2199.240744044188, -121.371493849433, -127.8593490274547], [2195.7092400220477, -60.3102799513082, 273.4955161219879]],