{"A": [[0.0, 1000.0, 0.0], [0.0, 1000.0, 0.0], [0.0, 1000.0, 0.0], [0.0, 1000.0, 0.0], [0.0, 1000.0, 0.0], [0.0, 1000.0, 0.0], [0.0, 1000.0, 0.0], [0.0, 1000.0, 0.0], [0.0, 1000.0, 0.0], [0.0, 1000.0, 0.0]], "B": [[587.7852522924732, 809.0169943749474, 0.0], [587.7852522924732, 809.0169943749474, 0.0], [587.7852522924732, 809.0169943749474, 0.0], [587.7852522924732, 809.0169943749474, 0.0], [587.7852522924732, 809.0169943749474, 0.0], [587.7852522924732, 809.0169943749474, 0.0], [587.7852522924732, 809.0169943749474, 0.0], [587.7852522924732, 809.0169943749474, 0.0], [587.7852522924732, 809.0169943749474, 0.0], [587.7852522924732, 809.0169943749474, 0.0]], "C": [[951.056516295153, 309.016994374947, 0.0], [948.237243067134, 309.016994374947, 45.1704947580679], [939.823182977197, 309.016994374947, 89.639871760965], [925.944935589366, 309.016994374947, 132.717895713614], [906.817913325098, 309.016994374947, 173.735927328077], [882.738997920687, 309.016994374947, 212.057301666298], [854.081932351625, 309.016994374947, 247.087210190205], [821.291519748564, 309.016994374947, 278.28193313406], [784.876719346919, 309.016994374947, 305.157278897999], [745.402746631917, 309.016994374947, 327.296099469975]], "D": [[951.056516295154, -309.016994374943, 0.0], [958.723897340319, -304.678578974606, -27.1744054313504], [981.0559486709138, -291.730671864806, -49.529491932476], [1016.0868776551093, -270.374245109619, -62.592711113699], [1060.685840930029, -240.940784340658, -62.562853318079], [1110.765540844147, -203.887143574064, -46.591595967651], [1161.555635181452, -159.788454111236, -13.003898438836], [1207.923730830422, -109.329197588424, 38.557073610064], [1244.723706314403, -53.292581735591, 107.070098884685], [1267.149341294363, 7.451616250341, 190.165413900318]], "E": [[587.785252292473, -809.016994374943, 0.0], [600.55817401703, -803.01747759823, -100.2611210847977], [638.1901314633308, -785.064790317714, -194.548422458729], [698.6468587279643, -755.298732566232, -277.176231213868], [778.625773917338, -713.959458936467, -343.029363494475], [873.689759006122, -661.397472141909, -387.832543349025], [978.457203665347, -598.08618885652, -408.397463565533], [1086.848441171908, -524.635769190184, -402.835310860493], [1192.3855523961008, -441.806685403581, -370.720148133386], [1288.5378555104794, -350.521394374903, -313.187212370402]], "F": [[0.0, -1000.000000000003, 0.0], [42.915086867185, -991.352799268568, -288.7551666550147], [167.5338110871198, -965.894668737268, -551.968615523979], [361.9932875122383, -925.024271123944, -766.894135521133], [608.16266583453, -870.90687438727, -915.982981875731], [883.8330802890955, -806.248046037255, -988.566623891863], [1165.293415755893, -734.018608939061, -981.616983707925], [1429.911712643142, -657.165809215964, -899.533802410777], [1658.3649219994209, -578.346926944916, -753.062927317247], [1836.2425669508223, -499.718000772822, -557.576109326665]], "G": [[-587.785252292477, -809.016994374943, 0.0], [-496.366083695025, -796.112698669765, -519.0226924708007], [-234.8664612030572, -758.89767255304, -972.910744184926], [160.7348248618383, -701.604150951753, -1306.842737115722], [637.6165948391755, -630.465682000141, -1484.565878487777], [1135.1883690155814, -552.654630877904, -1493.023668512267], [1594.936598366436, -475.094156813475, -1342.630660703488], [1969.063938156912, -403.368083504728, -1063.447204539657], [2226.348932804412, -340.926228783326, -698.367527104371], [2354.3961935187453, -288.718084832023, -294.970195460281]], "H": [[-951.056516295157, -309.016994374943, 0.0], [-806.619008536717, -293.566323582034, -701.1113378154737], [-401.3954167046022, -250.296052407627, -1282.036139801542], [187.2997236051106, -187.644399554154, -1649.049825511301], [851.7269374392185, -117.21289519913, -1754.184774863368], [1478.8965601404334, -50.801767731168, -1602.451244356761], [1975.047608823979, 2.508991268121, -1245.7964522769362], [2283.043052586318, 38.454685635828, -766.503156575734], [2388.8922426467507, 58.340234844579, -255.499629534831], [2317.1229446785055, 68.33385670179, 208.110938371959]], "I": [[-951.056516295157, 309.016994374947, 0.0], [-766.645603343162, 319.970181768056, -763.8894767664217], [-262.6873080628012, 348.05795626667, -1350.5821254646357], [429.4880138870326, 380.818191272967, -1636.356278704531], [1139.5591787976216, 402.925757248508, -1585.145151358501], [1711.4048251617276, 402.100373779132, -1252.043527315209], [2046.9901381743186, 373.818624645362, -757.0025899156881], [2126.524110782147, 323.08798671802, -240.716397497828], [2000.776246934808, 262.741881605229, 179.876015080442], [1762.2515611638746, 209.064654195311, 441.088623233611]], "J": [[-587.785252292477, 809.016994374947, 0.0], [-392.061192725613, 804.823173228621, -682.8332787051803], [123.4805755348768, 786.92677872265, -1149.9966484133688], [776.0743577444206, 742.716318438379, -1274.591627230903], [1351.9821295388185, 660.456852668372, -1065.029552534221], [1695.0157910832636, 537.831500044917, -649.320977401328], [1761.8128281665945, 386.1870945689351, -208.8357046894751], [1621.801873918889, 228.135979488178, 103.094002561398], [1408.7495345317668, 89.663247671754, 218.7883463788429], [1252.9228037259736, -9.353833640029, 167.513053658068]], "K": [[0.0, 999.999999999997, 0.0], [131.187482862491, 988.936403274316, -410.2912576010243], [465.3879051315138, 952.31480681799, -662.4392780650878], [855.9283883249866, 882.96335688367, -678.0012206222559], [1145.3922253592605, 777.347466306967, -494.395512904279], [1244.7992505275945, 642.448724868687, -239.045077389683], [1172.8966574572387, 497.4793741228821, -57.9788730946731], [1037.09769808744, 368.687089155247, -39.497805010866], [970.486362900762, 279.531290530687, -173.4380295100851], [1061.5672512585627, 241.276145161991, -364.025917176342]], "first": [[-224.51398828979276, 690.9830056250522, 0.0], [-224.51398828979276, 690.9830056250522, 0.0], [-224.51398828979276, 690.9830056250522, 0.0], [-224.51398828979276, 690.9830056250522, 0.0], [-224.51398828979276, 690.9830056250522, 0.0], [-224.51398828979276, 690.9830056250522, 0.0], [-224.51398828979276, 690.9830056250522, 0.0], [-224.51398828979276, 690.9830056250522, 0.0], [-224.51398828979276, 690.9830056250522, 0.0], [-224.51398828979276, 690.9830056250522, 0.0]], "B_C": [[587.785252292473, 427.05098312484176, 0.0], [587.785252292473, 427.05098312484176, 0.0], [587.785252292473, 427.05098312484176, 0.0], [587.785252292473, 427.05098312484176, 0.0], [587.785252292473, 427.05098312484176, 0.0], [587.785252292473, 427.05098312484176, 0.0], [587.785252292473, 427.05098312484176, 0.0], [587.785252292473, 427.05098312484176, 0.0], [587.785252292473, 427.05098312484176, 0.0], [587.785252292473, 427.05098312484176, 0.0]], "D_E": [[587.785252292473, -427.050983124843, 0.0], [602.277452069744, -421.055440498894, -99.9781931490581], [644.767533031028, -403.161872956325, -192.327330431641], [712.358352415406, -373.648017058905, -269.912620271982], [800.425498463979, -332.971974682738, -326.556883352835], [902.9101842755595, -281.765102550231, -357.443985377429], [1012.703458956512, -220.82221257193, -359.437071953697], [1122.097826862081, -151.089235104452, -331.291607913872], [1223.278158657311, -73.64853661036, -273.749750042785], [1308.821312601464, 10.297880386847, -189.509946556694]], "F_G": [[-224.513988289796, -690.983005625053, 0.0], [-168.366340779915, -681.328453765153, -360.4705574501237], [-5.6635047089442, -653.062618750632, -686.26988898227], [247.1145594293063, -608.202942586771, -946.686119125256], [564.851276921485, -549.867968389278, -1118.359309978489], [916.9279095298155, -481.943672383657, -1187.638066487207], [1270.904753736361, -408.676196952961, -1151.606965775571], [1596.1996077436, -334.241245889686, -1017.712041075564], [1867.245809392849, -262.342509588353, -802.13447552178], [2065.7306080135672, -195.886758648926, -527.247095677151]],