{
  "A__M*M__A": {
    "angle": -0.032057067893773494,
    "mean_close_neighborings": 12.053665110347932
  }
}