{
  "A__M*M__A": {
    "angle": -0.032057067893773494,
    "mean_close_neighborings": 9.378216581409633
  }
}