{
  "A__M*M__A": {
    "angle": -0.09617120368132026,
    "mean_close_neighborings": 3.908000021460515
  }
}