{
  "Q__first*first__Q": {
    "angle": -0.11106640694509373,
    "mean_close_neighborings": 37.27271062516012
  }
}