{
  "B_C__J_K*D_E__L_M*D__L*E__M*J_K__B_C*L_M__D_E*L__D*M__E": {
    "angle": -1.3803967720318788,
    "mean_close_neighborings": 14.654760587052014
  },
  "D__M*M__D": {
    "angle": -1.1582639581416914,
    "mean_close_neighborings": 28.569467996763017
  },
  "B_C__L_M*L_M__B_C": {
    "angle": -0.9678644033786736,
    "mean_close_neighborings": 22.647002607923014
  }
}