{
  "G__Q*Q__G": {
    "angle": -0.7139983303613165,
    "mean_close_neighborings": 43.32463304618862
  }
}