{
  "A__O*O__A": {
    "angle": -0.46013225734395946,
    "mean_close_neighborings": 39.66620094873265
  }
}