{
  "Q__first*first__Q": {
    "angle": -0.17453292519943298,
    "mean_close_neighborings": 41.05368469428681
  }
}