{
  "N__P*P__N": {
    "angle": -0.8409313668699951,
    "mean_close_neighborings": 44.2506706322912
  }
}