{
  "Q__first*first__Q": {
    "angle": -0.17453292519943298,
    "mean_close_neighborings": 22.62749376204021
  }
}