{
  "A__O*O__A": {
    "angle": -0.46013225734395946,
    "mean_close_neighborings": 39.66620094873265
  },
  "Q__first*first__Q": {
    "angle": -0.11106640694509373,
    "mean_close_neighborings": 43.20943755874301
  }
}