{
  "Q__first*first__Q": {
    "angle": -0.17453292519943298,
    "mean_close_neighborings": 34.40575318425954
  }
}