{
  "J_K__P*P__J_K": {
    "angle": -1.443863290286218,
    "mean_close_neighborings": 36.613713674166014
  }
}