{
  "A__last*last__A": {
    "angle": -0.079333147817924,
    "mean_close_neighborings": 45.4600959739188
  }
}