{
  "B_C__Q*Q__B_C": {
    "angle": -0.7457315894884862,
    "mean_close_neighborings": 37.141033190745006
  }
}