{
  "H_I__last*last__H_I": {
    "angle": -1.3803967720318788,
    "mean_close_neighborings": 14.32619164801086
  }
}