{
  "M__Q*Q__M": {
    "angle": -0.9678644033786736,
    "mean_close_neighborings": 18.027456307713393
  }
}