{
  "M__Q*Q__M": {
    "angle": -0.8091981077428254,
    "mean_close_neighborings": 39.81317475099293
  }
}