{
  "L_M__Q*Q__L_M": {
    "angle": -0.6822650712341469,
    "mean_close_neighborings": 20.373874324935183
  }
}