{
  "B__M*M__B": {
    "angle": -0.9043978851243344,
    "mean_close_neighborings": 30.411639306978433
  }
}