{
  "A__Y*Y__A*first__last*last__first": {
    "angle": 0.0,
    "mean_close_neighborings": 1.637548801816883e-12,
    "this_folding": [
      -1,
      1,
      -1,
      -1,
      1,
      1,
      -1,
      -1,
      1,
      1,
      -1,
      -1,
      1,
      1,
      -1,
      -1,
      1,
      1,
      -1,
      -1,
      1,
      1,
      1
    ],
    "this_folding_np_id": "24_2516583"
  },
  "B__X*X__B": {
    "angle": 0.4457665251715247,
    "mean_close_neighborings": 37.04933106422131,
    "this_folding": [
      -1,
      1,
      -1,
      -1,
      1,
      1,
      -1,
      -1,
      1,
      1,
      -1,
      -1,
      1,
      1,
      -1,
      -1,
      1,
      1,
      -1,
      -1,
      1,
      1,
      1
    ],
    "this_folding_np_id": "24_2516583"
  },
  "B__W*W__B": {
    "angle": 0.5519014121171258,
    "mean_close_neighborings": 49.01222427509107,
    "this_folding": [
      -1,
      1,
      -1,
      -1,
      1,
      1,
      -1,
      -1,
      1,
      1,
      -1,
      -1,
      1,
      1,
      -1,
      -1,
      1,
      1,
      -1,
      -1,
      1,
      1,
      1
    ],
    "this_folding_np_id": "24_2516583"
  },
  "B__W*C__X*W__B*X__C": {
    "angle": 0.573128389506246,
    "mean_close_neighborings": 19.69259399100437,
    "this_folding": [
      -1,
      1,
      -1,
      -1,
      1,
      1,
      -1,
      -1,
      1,
      1,
      -1,
      -1,
      1,
      1,
      -1,
      -1,
      1,
      1,
      -1,
      -1,
      1,
      1,
      1
    ],
    "this_folding_np_id": "24_2516583"
  },
  "B_C__W*B__V_W*D__last*V_W__B*W__B_C*last__D": {
    "angle": 0.6368093216736067,
    "mean_close_neighborings": 47.84662393153635,
    "this_folding": [
      -1,
      1,
      -1,
      -1,
      1,
      1,
      -1,
      -1,
      1,
      1,
      -1,
      -1,
      1,
      1,
      -1,
      -1,
      1,
      1,
      -1,
      -1,
      1,
      1,
      1
    ],
    "this_folding_np_id": "24_2516583"
  },
  "B_C__V_W*B__V*C__W*D_E__last*D__X*V_W__B_C*V__B*W__C*X__D*last__D_E": {
    "angle": 0.6792632764518471,
    "mean_close_neighborings": 7.633057217206077,
    "this_folding": [
      -1,
      1,
      -1,
      -1,
      1,
      1,
      -1,
      -1,
      1,
      1,
      -1,
      -1,
      1,
      1,
      -1,
      -1,
      1,
      1,
      -1,
      -1,
      1,
      1,
      1
    ],
    "this_folding_np_id": "24_2516583"
  },
  "B_C__V*C__V_W*D_E__X*E__last*V_W__C*V__B_C*X__D_E*last__E": {
    "angle": 0.7429442086192078,
    "mean_close_neighborings": 47.61398026576017,
    "this_folding": [
      -1,
      1,
      -1,
      -1,
      1,
      1,
      -1,
      -1,
      1,
      1,
      -1,
      -1,
      1,
      1,
      -1,
      -1,
      1,
      1,
      -1,
      -1,
      1,
      1,
      1
    ],
    "this_folding_np_id": "24_2516583"
  },
  "C__V*E__X*V__C*X__E": {
    "angle": 0.7853981633974483,
    "mean_close_neighborings": 6.135582126149719,
    "this_folding": [
      -1,
      1,
      -1,
      -1,
      1,
      1,
      -1,
      -1,
      1,
      1,
      -1,
      -1,
      1,
      1,
      -1,
      -1,
      1,
      1,
      -1,
      -1,
      1,
      1,
      1
    ],
    "this_folding_np_id": "24_2516583"
  },
  "B__S*D__U*F__W*S__B*U__D*W__F": {
    "angle": 0.9764409598995303,
    "mean_close_neighborings": 5.912350263195994,
    "this_folding": [
      -1,
      1,
      -1,
      -1,
      1,
      1,
      -1,
      -1,
      1,
      1,
      -1,
      -1,
      1,
      1,
      -1,
      -1,
      1,
      1,
      -1,
      -1,
      1,
      1,
      1
    ],
    "this_folding_np_id": "24_2516583"
  },
  "B_C__S*B__R_S*D_E__U*D__T_U*F_G__W*F__V_W*H__last*R_S__B*S__B_C*T_U__D*U__D_E*V_W__F*W__F_G*last__H": {
    "angle": 1.0401218920668909,
    "mean_close_neighborings": 49.555449964740305,
    "this_folding": [
      -1,
      1,
      -1,
      -1,
      1,
      1,
      -1,
      -1,
      1,
      1,
      -1,
      -1,
      1,
      1,
      -1,
      -1,
      1,
      1,
      -1,
      -1,
      1,
      1,
      1
    ],
    "this_folding_np_id": "24_2516583"
  },
  "B_C__R_S*B__R*C__S*D_E__T_U*D__T*E__U*F_G__V_W*F__V*G__W*H_I__last*H__X*R_S__B_C*R__B*S__C*T_U__D_E*T__D*U__E*V_W__F_G*V__F*W__G*X__H*last__H_I": {
    "angle": 1.1038028242342517,
    "mean_close_neighborings": 7.077798461756448,
    "this_folding": [
      -1,
      1,
      -1,
      -1,
      1,
      1,
      -1,
      -1,
      1,
      1,
      -1,
      -1,
      1,
      1,
      -1,
      -1,
      1,
      1,
      -1,
      -1,
      1,
      1,
      1
    ],
    "this_folding_np_id": "24_2516583"
  },
  "B_C__R*C__R_S*D_E__T*E__T_U*F_G__V*G__V_W*H_I__X*I__last*R_S__C*R__B_C*T_U__E*T__D_E*V_W__G*V__F_G*X__H_I*last__I": {
    "angle": 1.1674837564016123,
    "mean_close_neighborings": 43.56375747737876,
    "this_folding": [
      -1,
      1,
      -1,
      -1,
      1,
      1,
      -1,
      -1,
      1,
      1,
      -1,
      -1,
      1,
      1,
      -1,
      -1,
      1,
      1,
      -1,
      -1,
      1,
      1,
      1
    ],
    "this_folding_np_id": "24_2516583"
  },
  "C__R*E__T*G__V*I__X*R__C*T__E*V__G*X__I": {
    "angle": 1.2099377111798528,
    "mean_close_neighborings": 10.823279628826842,
    "this_folding": [
      -1,
      1,
      -1,
      -1,
      1,
      1,
      -1,
      -1,
      1,
      1,
      -1,
      -1,
      1,
      1,
      -1,
      -1,
      1,
      1,
      -1,
      -1,
      1,
      1,
      1
    ],
    "this_folding_np_id": "24_2516583"
  },
  "B__O*D__Q*F__S*H__U*J__W*O__B*Q__D*S__F*U__H*W__J": {
    "angle": 1.4646614398492954,
    "mean_close_neighborings": 0.2118119585374208,
    "this_folding": [
      -1,
      1,
      -1,
      -1,
      1,
      1,
      -1,
      -1,
      1,
      1,
      -1,
      -1,
      1,
      1,
      -1,
      -1,
      1,
      1,
      -1,
      -1,
      1,
      1,
      1
    ],
    "this_folding_np_id": "24_2516583"
  },
  "B_C__O*B__N_O*D_E__Q*D__P_Q*F_G__S*F__R_S*H_I__U*H__T_U*J_K__W*J__V_W*L__last*N_O__B*O__B_C*P_Q__D*Q__D_E*R_S__F*S__F_G*T_U__H*U__H_I*V_W__J*W__J_K*last__L": {
    "angle": 1.5495693494057763,
    "mean_close_neighborings": 42.6475738081206,
    "this_folding": [
      -1,
      1,
      -1,
      -1,
      1,
      1,
      -1,
      -1,
      1,
      1,
      -1,
      -1,
      1,
      1,
      -1,
      -1,
      1,
      1,
      -1,
      -1,
      1,
      1,
      1
    ],
    "this_folding_np_id": "24_2516583"
  }
}