{
  "A__Y*Y__A*first__last*last__first": {
    "angle": 0.0,
    "mean_close_neighborings": 1.637548801816883e-12,
    "this_folding": [
      -1,
      1,
      -1,
      -1,
      -1,
      -1,
      1,
      -1,
      1,
      -1,
      -1,
      -1,
      1,
      1,
      1,
      1,
      -1,
      1,
      -1,
      1,
      1,
      1,
      1
    ],
    "this_folding_np_id": "24_2181039"
  },
  "A__Y*Y__A": {
    "angle": 0.042453954778240446,
    "mean_close_neighborings": 35.47857929344709,
    "this_folding": [
      -1,
      1,
      -1,
      -1,
      -1,
      -1,
      1,
      -1,
      1,
      -1,
      -1,
      -1,
      1,
      1,
      1,
      1,
      -1,
      1,
      -1,
      1,
      1,
      1,
      1
    ],
    "this_folding_np_id": "24_2181039"
  }
}