{
  "A__Y*Y__A*first__last*last__first": {
    "angle": 0.0,
    "mean_close_neighborings": 1.637548801816883e-12,
    "this_folding": [
      1,
      -1,
      1,
      1,
      -1,
      -1,
      1,
      1,
      -1,
      -1,
      1,
      1,
      -1,
      -1,
      1,
      1,
      -1,
      -1,
      1,
      -1,
      1,
      -1,
      -1
    ],
    "this_folding_np_id": "24_5872020"
  },
  "B__S*D__U*S__B*U__D": {
    "angle": 0.9764409598995303,
    "mean_close_neighborings": 5.912350263210929,
    "this_folding": [
      1,
      -1,
      1,
      1,
      -1,
      -1,
      1,
      1,
      -1,
      -1,
      1,
      1,
      -1,
      -1,
      1,
      1,
      -1,
      -1,
      1,
      -1,
      1,
      -1,
      -1
    ],
    "this_folding_np_id": "24_5872020"
  },
  "B_C__S*B__R_S*D_E__U*D__T_U*R_S__B*S__B_C*T_U__D*U__D_E": {
    "angle": 1.0401218920668909,
    "mean_close_neighborings": 49.55544996471299,
    "this_folding": [
      1,
      -1,
      1,
      1,
      -1,
      -1,
      1,
      1,
      -1,
      -1,
      1,
      1,
      -1,
      -1,
      1,
      1,
      -1,
      -1,
      1,
      -1,
      1,
      -1,
      -1
    ],
    "this_folding_np_id": "24_5872020"
  },
  "B_C__R_S*B__R*C__S*D_E__T_U*D__T*E__U*R_S__B_C*R__B*S__C*T_U__D_E*T__D*U__E": {
    "angle": 1.1038028242342517,
    "mean_close_neighborings": 7.088456829414658,
    "this_folding": [
      1,
      -1,
      1,
      1,
      -1,
      -1,
      1,
      1,
      -1,
      -1,
      1,
      1,
      -1,
      -1,
      1,
      1,
      -1,
      -1,
      1,
      -1,
      1,
      -1,
      -1
    ],
    "this_folding_np_id": "24_5872020"
  },
  "B_C__R*C__R_S*D_E__T*E__T_U*R_S__C*R__B_C*T_U__E*T__D_E": {
    "angle": 1.1674837564016123,
    "mean_close_neighborings": 43.56375747738562,
    "this_folding": [
      1,
      -1,
      1,
      1,
      -1,
      -1,
      1,
      1,
      -1,
      -1,
      1,
      1,
      -1,
      -1,
      1,
      1,
      -1,
      -1,
      1,
      -1,
      1,
      -1,
      -1
    ],
    "this_folding_np_id": "24_5872020"
  },
  "C__R*E__T*R__C*T__E": {
    "angle": 1.2099377111798528,
    "mean_close_neighborings": 10.82327962877575,
    "this_folding": [
      1,
      -1,
      1,
      1,
      -1,
      -1,
      1,
      1,
      -1,
      -1,
      1,
      1,
      -1,
      -1,
      1,
      1,
      -1,
      -1,
      1,
      -1,
      1,
      -1,
      -1
    ],
    "this_folding_np_id": "24_5872020"
  },
  "B__O*D__Q*F__S*H__U*O__B*Q__D*S__F*U__H": {
    "angle": 1.4646614398492954,
    "mean_close_neighborings": 0.21181195857632934,
    "this_folding": [
      1,
      -1,
      1,
      1,
      -1,
      -1,
      1,
      1,
      -1,
      -1,
      1,
      1,
      -1,
      -1,
      1,
      1,
      -1,
      -1,
      1,
      -1,
      1,
      -1,
      -1
    ],
    "this_folding_np_id": "24_5872020"
  },
  "B_C__O*B__N_O*D_E__Q*D__P_Q*F_G__S*F__R_S*H_I__U*H__T_U*N_O__B*O__B_C*P_Q__D*Q__D_E*R_S__F*S__F_G*T_U__H*U__H_I": {
    "angle": 1.5495693494057763,
    "mean_close_neighborings": 42.64757380808984,
    "this_folding": [
      1,
      -1,
      1,
      1,
      -1,
      -1,
      1,
      1,
      -1,
      -1,
      1,
      1,
      -1,
      -1,
      1,
      1,
      -1,
      -1,
      1,
      -1,
      1,
      -1,
      -1
    ],
    "this_folding_np_id": "24_5872020"
  }
}