{
  "A__Y*Y__A*first__last*last__first": {
    "angle": 0.0,
    "mean_close_neighborings": 1.637548801816883e-12,
    "this_folding": [
      1,
      -1,
      -1,
      1,
      1,
      -1,
      -1,
      1,
      1,
      -1,
      -1,
      1,
      1,
      -1,
      -1,
      1,
      1,
      -1,
      -1,
      1,
      -1,
      -1,
      1
    ],
    "this_folding_np_id": "24_5033161"
  },
  "Y__first*first__Y": {
    "angle": 0.12736186433472135,
    "mean_close_neighborings": 32.36201040536843,
    "this_folding": [
      1,
      -1,
      -1,
      1,
      1,
      -1,
      -1,
      1,
      1,
      -1,
      -1,
      1,
      1,
      -1,
      -1,
      1,
      1,
      -1,
      -1,
      1,
      -1,
      -1,
      1
    ],
    "this_folding_np_id": "24_5033161"
  }
}