{
  "A__Y*Y__A*first__last*last__first": {
    "angle": 0.0,
    "mean_close_neighborings": 1.637548801816883e-12,
    "this_folding": [
      1,
      1,
      -1,
      1,
      -1,
      -1,
      -1,
      1,
      1,
      1,
      1,
      -1,
      1,
      -1,
      1,
      1,
      -1,
      1,
      1,
      1,
      1,
      1,
      1
    ],
    "this_folding_np_id": "24_6878655"
  },
  "first__last*last__first": {
    "angle": 0.06368093216736068,
    "mean_close_neighborings": 47.61553100727443,
    "this_folding": [
      1,
      1,
      -1,
      1,
      -1,
      -1,
      -1,
      1,
      1,
      1,
      1,
      -1,
      1,
      -1,
      1,
      1,
      -1,
      1,
      1,
      1,
      1,
      1,
      1
    ],
    "this_folding_np_id": "24_6878655"
  }
}