{
  "A__Y*Y__A*first__last*last__first": {
    "angle": 0.0,
    "mean_close_neighborings": 1.637548801816883e-12,
    "this_folding": [
      1,
      1,
      -1,
      -1,
      1,
      1,
      -1,
      -1,
      1,
      1,
      -1,
      -1,
      1,
      1,
      -1,
      -1,
      1,
      1,
      -1,
      -1,
      -1,
      -1,
      1
    ],
    "this_folding_np_id": "24_6710881"
  },
  "A__V*V__A": {
    "angle": 0.573128389506246,
    "mean_close_neighborings": 38.52084934537514,
    "this_folding": [
      1,
      1,
      -1,
      -1,
      1,
      1,
      -1,
      -1,
      1,
      1,
      -1,
      -1,
      1,
      1,
      -1,
      -1,
      1,
      1,
      -1,
      -1,
      -1,
      -1,
      1
    ],
    "this_folding_np_id": "24_6710881"
  },
  "B__V_W*U__first*V_W__B*first__U": {
    "angle": 0.6368093216736067,
    "mean_close_neighborings": 47.8466239314062,
    "this_folding": [
      1,
      1,
      -1,
      -1,
      1,
      1,
      -1,
      -1,
      1,
      1,
      -1,
      -1,
      1,
      1,
      -1,
      -1,
      1,
      1,
      -1,
      -1,
      -1,
      -1,
      1
    ],
    "this_folding_np_id": "24_6710881"
  },
  "A__U*B_C__V_W*B__V*T_U__first*U__A*V_W__B_C*V__B*first__T_U": {
    "angle": 0.6792632764518471,
    "mean_close_neighborings": 7.596458334823389,
    "this_folding": [
      1,
      1,
      -1,
      -1,
      1,
      1,
      -1,
      -1,
      1,
      1,
      -1,
      -1,
      1,
      1,
      -1,
      -1,
      1,
      1,
      -1,
      -1,
      -1,
      -1,
      1
    ],
    "this_folding_np_id": "24_6710881"
  },
  "A__T_U*B_C__V*C__V_W*T_U__A*T__first*V_W__C*V__B_C*first__T": {
    "angle": 0.7429442086192078,
    "mean_close_neighborings": 47.61398026560481,
    "this_folding": [
      1,
      1,
      -1,
      -1,
      1,
      1,
      -1,
      -1,
      1,
      1,
      -1,
      -1,
      1,
      1,
      -1,
      -1,
      1,
      1,
      -1,
      -1,
      -1,
      -1,
      1
    ],
    "this_folding_np_id": "24_6710881"
  },
  "A__T*C__V*T__A*V__C": {
    "angle": 0.7853981633974483,
    "mean_close_neighborings": 6.13558212635186,
    "this_folding": [
      1,
      1,
      -1,
      -1,
      1,
      1,
      -1,
      -1,
      1,
      1,
      -1,
      -1,
      1,
      1,
      -1,
      -1,
      1,
      1,
      -1,
      -1,
      -1,
      -1,
      1
    ],
    "this_folding_np_id": "24_6710881"
  },
  "B__S*D__U*S__B*U__D": {
    "angle": 0.9764409598995303,
    "mean_close_neighborings": 5.912350263126914,
    "this_folding": [
      1,
      1,
      -1,
      -1,
      1,
      1,
      -1,
      -1,
      1,
      1,
      -1,
      -1,
      1,
      1,
      -1,
      -1,
      1,
      1,
      -1,
      -1,
      -1,
      -1,
      1
    ],
    "this_folding_np_id": "24_6710881"
  },
  "B_C__S*B__R_S*D_E__U*D__T_U*F__V_W*Q__first*R_S__B*S__B_C*T_U__D*U__D_E*V_W__F*first__Q": {
    "angle": 1.0401218920668909,
    "mean_close_neighborings": 49.55544996456893,
    "this_folding": [
      1,
      1,
      -1,
      -1,
      1,
      1,
      -1,
      -1,
      1,
      1,
      -1,
      -1,
      1,
      1,
      -1,
      -1,
      1,
      1,
      -1,
      -1,
      -1,
      -1,
      1
    ],
    "this_folding_np_id": "24_6710881"
  },
  "A__Q*B_C__R_S*B__R*C__S*D_E__T_U*D__T*E__U*F_G__V_W*F__V*P_Q__first*Q__A*R_S__B_C*R__B*S__C*T_U__D_E*T__D*U__E*V_W__F_G*V__F*first__P_Q": {
    "angle": 1.1038028242342517,
    "mean_close_neighborings": 7.0650084205341255,
    "this_folding": [
      1,
      1,
      -1,
      -1,
      1,
      1,
      -1,
      -1,
      1,
      1,
      -1,
      -1,
      1,
      1,
      -1,
      -1,
      1,
      1,
      -1,
      -1,
      -1,
      -1,
      1
    ],
    "this_folding_np_id": "24_6710881"
  },
  "A__P_Q*B_C__R*C__R_S*D_E__T*E__T_U*F_G__V*G__V_W*P_Q__A*P__first*R_S__C*R__B_C*T_U__E*T__D_E*V_W__G*V__F_G*first__P": {
    "angle": 1.1674837564016123,
    "mean_close_neighborings": 43.56375747739855,
    "this_folding": [
      1,
      1,
      -1,
      -1,
      1,
      1,
      -1,
      -1,
      1,
      1,
      -1,
      -1,
      1,
      1,
      -1,
      -1,
      1,
      1,
      -1,
      -1,
      -1,
      -1,
      1
    ],
    "this_folding_np_id": "24_6710881"
  },
  "A__P*C__R*E__T*G__V*P__A*R__C*T__E*V__G": {
    "angle": 1.2099377111798528,
    "mean_close_neighborings": 10.82327962845575,
    "this_folding": [
      1,
      1,
      -1,
      -1,
      1,
      1,
      -1,
      -1,
      1,
      1,
      -1,
      -1,
      1,
      1,
      -1,
      -1,
      1,
      1,
      -1,
      -1,
      -1,
      -1,
      1
    ],
    "this_folding_np_id": "24_6710881"
  },
  "B__O*D__Q*F__S*H__U*O__B*Q__D*S__F*U__H": {
    "angle": 1.4646614398492954,
    "mean_close_neighborings": 0.211811958792729,
    "this_folding": [
      1,
      1,
      -1,
      -1,
      1,
      1,
      -1,
      -1,
      1,
      1,
      -1,
      -1,
      1,
      1,
      -1,
      -1,
      1,
      1,
      -1,
      -1,
      -1,
      -1,
      1
    ],
    "this_folding_np_id": "24_6710881"
  },
  "B_C__O*B__N_O*D_E__Q*D__P_Q*F_G__S*F__R_S*H_I__U*H__T_U*J__V_W*M__first*N_O__B*O__B_C*P_Q__D*Q__D_E*R_S__F*S__F_G*T_U__H*U__H_I*V_W__J*first__M": {
    "angle": 1.5495693494057763,
    "mean_close_neighborings": 42.647573808106515,
    "this_folding": [
      1,
      1,
      -1,
      -1,
      1,
      1,
      -1,
      -1,
      1,
      1,
      -1,
      -1,
      1,
      1,
      -1,
      -1,
      1,
      1,
      -1,
      -1,
      -1,
      -1,
      1
    ],
    "this_folding_np_id": "24_6710881"
  }
}