{
  "A__Y*Y__A*first__last*last__first": {
    "angle": 0.0,
    "mean_close_neighborings": 1.637548801816883e-12,
    "this_folding": [
      -1,
      -1,
      -1,
      1,
      -1,
      1,
      -1,
      -1,
      -1,
      1,
      1,
      1,
      1,
      -1,
      1,
      -1,
      1,
      1,
      1,
      -1,
      -1,
      1,
      -1
    ],
    "this_folding_np_id": "24_671090"
  },
  "Y__first*first__Y": {
    "angle": 0.08490790955648089,
    "mean_close_neighborings": 47.14830744563439,
    "this_folding": [
      -1,
      -1,
      -1,
      1,
      -1,
      1,
      -1,
      -1,
      -1,
      1,
      1,
      1,
      1,
      -1,
      1,
      -1,
      1,
      1,
      1,
      -1,
      -1,
      1,
      -1
    ],
    "this_folding_np_id": "24_671090"
  }
}