{
  "A__Y*Y__A*first__last*last__first": {
    "angle": 0.0,
    "mean_close_neighborings": 1.637548801816883e-12,
    "this_folding": [
      1,
      1,
      1,
      1,
      -1,
      -1,
      -1,
      -1,
      1,
      -1,
      1,
      -1,
      -1,
      -1,
      1,
      1,
      1,
      1,
      -1,
      -1,
      1,
      1,
      -1
    ],
    "this_folding_np_id": "24_7885286"
  },
  "L__Y*Y__L": {
    "angle": 1.528342372016656,
    "mean_close_neighborings": 47.92112053055174,
    "this_folding": [
      1,
      1,
      1,
      1,
      -1,
      -1,
      -1,
      -1,
      1,
      -1,
      1,
      -1,
      -1,
      -1,
      1,
      1,
      1,
      1,
      -1,
      -1,
      1,
      1,
      -1
    ],
    "this_folding_np_id": "24_7885286"
  }
}