{"A": [[0.0, 1000.0, 0.0], [0.0, 1000.0, 0.0], [0.0, 1000.0, 0.0], [0.0, 1000.0, 0.0], [0.0, 1000.0, 0.0], [0.0, 1000.0, 0.0], [0.0, 1000.0, 0.0], [0.0, 1000.0, 0.0], [0.0, 1000.0, 0.0], [0.0, 1000.0, 0.0], [0.0, 1000.0, 0.0], [0.0, 1000.0, 0.0], [0.0, 1000.0, 0.0], [0.0, 1000.0, 0.0], [0.0, 1000.0, 0.0]], "B": [[587.7852522924732, 809.0169943749474, 0.0], [587.7852522924732, 809.0169943749474, 0.0], [587.7852522924732, 809.0169943749474, 0.0], [587.7852522924732, 809.0169943749474, 0.0], [587.7852522924732, 809.0169943749474, 0.0], [587.7852522924732, 809.0169943749474, 0.0], [587.7852522924732, 809.0169943749474, 0.0], [587.7852522924732, 809.0169943749474, 0.0], [587.7852522924732, 809.0169943749474, 0.0], [587.7852522924732, 809.0169943749474, 0.0], [587.7852522924732, 809.0169943749474, 0.0], [587.7852522924732, 809.0169943749474, 0.0], [587.7852522924732, 809.0169943749474, 0.0], [587.7852522924732, 809.0169943749474, 0.0], [587.7852522924732, 809.0169943749474, 0.0]], "C": [[951.056516295153, 309.016994374947, 0.0], [947.227637134213, 309.016994374947, -52.6040229391962], [935.821712424913, 309.016994374947, -104.099153063727], [917.079179062535, 309.016994374947, -153.399873019694], [891.395129654313, 309.016994374947, -199.466923620016], [859.310983967198, 309.016994374947, -241.32921142831], [821.503075799047, 309.016994374947, -278.10427940874], [778.768395862029, 309.016994374947, -309.016909120513], [732.007791218238, 309.016994374947, -333.415462322777], [682.2069754234407, 309.016994374947, -350.785617508876], [630.4157496851052, 309.016994374947, -360.761211803821], [577.7258730527317, 309.016994374947, -363.131959677768], [525.2480481368559, 309.016994374947, -357.847885765032], [474.088507497785, 309.016994374947, -345.020378344811], [425.325694262993, 309.016994374947, -324.919841276231]], "D": [[951.056516295154, -309.016994374943, 0.0], [961.447113758297, -303.124955195213, 31.3367377857306], [991.3867328504175, -285.573041843177, 55.090132333695], [1037.289805611345, -256.731248656002, 64.417348572712], [1093.540758786511, -217.207560640163, 53.892255357174], [1153.002238732671, -167.83513714738, 20.058437069079], [1207.664759679392, -109.654748875305, -38.189426686799], [1249.382210644232, -43.892838420998, -119.429729959632], [1270.630186965432, 28.064333129279, -219.760158053115], [1265.2219584105826, 104.699908584051, -333.0636165914443], [1228.9202328617941, 184.398409996552, -451.4728609731985], [1159.8914462793236, 265.479792940177, -565.995876358582], [1058.962390601588, 346.2348618453541, -667.250281099155], [929.655486959076, 424.961299842512, -746.245572598933], [777.997540230119, 499.999553602047, -795.147703469983]], "E": [[587.785252292473, -809.016994374943, 0.0], [605.112339984775, -800.867066333787, 116.4503738800327], [655.8285178909435, -776.502199182201, 223.480328300428], [736.204300866354, -736.182641195793, 312.288065427724], [840.245252479055, -680.359736913404, 375.291476494867], [960.029911393935, -609.699844930214, 406.689103400098], [1086.189220144313, -525.113100195752, 402.950078303247], [1208.5225735533086, -427.782823864025, 363.193291024092], [1316.73148202133, -319.190884758128, 289.410241218332], [1401.2331870647006, -201.134258392484, 186.4865919927407], [1453.9965792161752, -75.728425500163, 61.9866593556505], [1469.3256096230548, 54.605923858843, -74.316386096341], [1444.5053530599919, 187.1752255077151, -211.155260914714], [1380.22651212482, 319.065301936985, -336.687517912184], [1280.717432680564, 447.2128260854615, -439.54640653364]], "F": [[0.0, -1000.000000000003, 0.0], [58.140934804109, -988.270529937285, 334.7809374624297], [225.0031479593265, -953.968925316416, 629.511205191084], [479.182447549347, -899.627296543395, 850.05346298125], [788.9913038871654, -829.060508393891, 972.976280187377], [1117.552863859424, -746.832411258289, 988.365293345105], [1428.389766382205, -657.643054326427, 900.243360645491], [1690.4314316229165, -565.741492740553, 724.714064211437], [1881.576057249022, -474.462268907794, 486.406216685337], [1990.3374092518757, -385.959487311239, 214.0884290055954], [2015.5689530316492, -301.175170074614, -63.6168659855785], [1964.6659627151057, -220.035223376391, -321.654587945682], [1850.9018912658769, -141.8249001614009, -540.649998799983], [1690.611266171345, -65.663744773131, -707.646917743354], [1500.800731085196, 9.0165399267325, -815.729032142722]], "G": [[-587.785252292477, -809.016994374943, 0.0], [-464.09706197995, -791.545215418669, 600.3607495578497], [-116.3282298019875, -741.865919727789, 1099.054831306846], [391.275016309418, -667.543260258268, 1416.070507675587], [968.7673713090784, -579.2069672783, 1508.905179225686], [1520.923916325463, -488.131595957599, 1378.662223188665], [1967.113682080579, -403.779734813945, 1065.458277982918], [2255.5046220652325, -331.920971297587, 635.348162181746], [2368.615364769921, -273.763259469605, 163.174671519635], [2320.07208636598, -226.248180109802, -283.6397621897416], [2144.95887483361, -183.351036675491, -656.3577309299015], [1887.566443715845, -137.9791517285572, -929.345690830956], [1590.338168493074, -83.9427633765741, -1098.074626768734], [1286.621977990315, -17.5068820235219, -1172.877594779177], [998.081035124219, 61.8028762234756, -1171.33066493338]], "H": [[-951.056516295157, -309.016994374943, 0.0], [-755.970392336144, -288.151732998134, 808.6177353552237], [-221.7843172793285, -231.154387024914, 1430.745583707863], [515.252269209763, -152.848119768353, 1734.950680106315], [1277.8948294552895, -72.11249831619, 1679.964892244851], [1902.171688149851, -5.460040696597, 1318.2940405842112], [2281.784322919146, 38.28817592877, 769.613113520281], [2388.2742869262097, 60.384311756305, 176.616440768438], [2263.473230316496, 70.942166399078, -338.910293590225], [1991.6561601912326, 84.844837482704, -704.7455981622046], [1665.0578311203792, 116.466675582022, -904.8941244615565], [1356.063300303956, 175.1496093333958, -967.0391755357454], [1103.810396626677, 262.8578718113429, -940.004838744311], [915.607561818473, 374.4494214553691, -871.73880550432], [777.997287893491, 499.9992095096246, -795.148356803985]], "I": [[-951.056516295157, 309.016994374947, 0.0], [-702.5539062821018, 323.69868851238, 877.5506880350291], [-46.1398583589385, 359.145031886045, 1482.3365842219523], [790.794623234124, 394.039636626757, 1651.5468175222793], [1541.5358624012465, 405.417934765109, 1389.406632203118], [2008.021951650766, 380.529192612461, 847.3651237226862], [2126.741308258482, 323.442458635675, 243.671377289978], [1967.6260362387595, 253.307858168815, -233.019453268349], [1677.19327611663, 195.60072702347, -489.582354094308], [1402.2757917984686, 171.083726867634, -539.9437578783115], [1232.7528444380023, 187.888435582243, -469.0302214618795], [1183.866364811395, 239.9635814468385, -377.0278403260334], [1214.7520992852758, 311.6274301900542, -333.968965188251], [1263.915970941039, 385.116341768976, -361.314001840124], [1280.71678736459, 447.2132644327501, -439.546388159302]], "J": [[-587.785252292477, 809.016994374947, 0.0], [-324.8803499882138, 803.089890815435, 780.0172513025273], [335.2793328723985, 775.880119407463, 1231.7028302320891], [1083.840389570725, 707.038605679956, 1206.4380269396522], [1610.5790885026834, 583.300339886357, 801.565757367168], [1768.15523031081, 413.4119824801957, 278.7275507693682], [1623.025247084307, 229.0658731217323, -101.76921249646], [1377.2812292913325, 70.862045628021, -219.8837901086114], [1228.962568253549, -31.443056966383, -129.712427690024], [1264.7274909643577, -71.828809009921, 11.4544431536564], [1439.7816058244562, -66.847634641458, 54.6248536934005], [1634.6021862897242, -42.7648072942785, -62.5951946191744], [1735.397803624481, -20.1750892341798, -305.6643735646958], [1687.203607661871, -5.239098039875, -585.84956352475], [1500.800983421196, 9.0168840195241, -815.728378808726]],