{"A": [[0.0, 1000.0, 0.0], [0.0, 1000.0, 0.0], [0.0, 1000.0, 0.0], [0.0, 1000.0, 0.0], [0.0, 1000.0, 0.0], [0.0, 1000.0, 0.0], [0.0, 1000.0, 0.0], [0.0, 1000.0, 0.0], [0.0, 1000.0, 0.0], [0.0, 1000.0, 0.0], [0.0, 1000.0, 0.0], [0.0, 1000.0, 0.0], [0.0, 1000.0, 0.0], [0.0, 1000.0, 0.0], [0.0, 1000.0, 0.0]], "B": [[587.7852522924732, 809.0169943749474, 0.0], [587.7852522924732, 809.0169943749474, 0.0], [587.7852522924732, 809.0169943749474, 0.0], [587.7852522924732, 809.0169943749474, 0.0], [587.7852522924732, 809.0169943749474, 0.0], [587.7852522924732, 809.0169943749474, 0.0], [587.7852522924732, 809.0169943749474, 0.0], [587.7852522924732, 809.0169943749474, 0.0], [587.7852522924732, 809.0169943749474, 0.0], [587.7852522924732, 809.0169943749474, 0.0], [587.7852522924732, 809.0169943749474, 0.0], [587.7852522924732, 809.0169943749474, 0.0], [587.7852522924732, 809.0169943749474, 0.0], [587.7852522924732, 809.0169943749474, 0.0], [587.7852522924732, 809.0169943749474, 0.0]], "C": [[951.056516295153, 309.016994374947, 0.0], [949.921162409334, 309.016994374947, -28.6983249326044], [946.522197533671, 309.016994374947, -57.2172646070978], [940.880867653528, 309.016994374947, -85.3785550527928], [933.032435155091, 309.016994374947, -113.006167864993], [923.025958409982, 309.016994374947, -139.927410509659], [910.923985125008, 309.016994374947, -165.974005776472], [896.802161373815, 309.016994374947, -190.983143632936], [880.748758754293, 309.016994374947, -214.798498904671], [862.86412262734, 309.016994374947, -237.271208420656], [843.260044885874, 309.016994374947, -258.260801515568], [822.059065174769, 309.016994374947, -277.636078072889], [799.393704929566, 309.016994374947, -295.275928620401], [775.405639021787, 309.016994374947, -311.070091351849], [750.244810188668, 309.016994374947, -324.919841342873]], "D": [[951.056516295154, -309.016994374943, 0.0], [954.1554060927484, -307.269864393317, 17.5465681916577], [963.3428463882498, -302.039395272684, 33.8495553275684], [978.294075869182, -293.358281222739, 47.7014601625792], [998.477504657224, -281.280785476203, 57.966008908784], [1023.168974623476, -265.882401104429, 63.61146202139], [1051.471214190774, -247.25937913118, 63.741217774138], [1082.337993349339, -225.528126894211, 57.620918342308], [1114.602364910036, -200.824480415337, 44.70135219687], [1147.008273713205, -173.30285532719, 24.636552512655], [1178.244729218831, -143.135281663984, -2.703387642946], [1206.981670793579, -110.510328549558, -37.225129375614], [1231.90661074572, -75.631925504153, -78.610735318829], [1251.761118857641, -38.71808773763, -126.322207064607], [1265.376214371129, 0.000446603057, -179.611820648047]], "E": [[587.785252292473, -809.016994374943, 0.0], [592.9389008893664, -806.601875608879, 63.9813632723365], [608.2882147117368, -799.363909552175, 126.426805620651], [633.4999950955771, -787.325413106041, 185.8301166121832], [668.024587920998, -770.52406264548, 240.744281182302], [711.104463442414, -749.013596478316, 289.810489800088], [761.786342789816, -722.864759143138, 331.786380079291], [818.936954362061, -692.16644968484, 365.573154271317], [881.262484737597, -657.027027025852, 390.241144460074], [947.331742816179, -617.575717814447, 405.053321223518], [1015.602981218495, -573.964065896296, 409.486170369394], [1084.454216355127, -526.367357999897, 403.247304739937], [1152.2167612187984, -474.985957486587, 386.289142366524], [1217.2115382666686, -420.046477180657, 358.817975909221], [1277.7875811214858, -361.80272340516, 321.297787362719]], "F": [[0.0, -1000.000000000003, 0.0], [5.50625886162742, -996.506386803075, 92.7072916038972], [21.9319616999628, -986.055225278559, 183.8611893681285], [48.9963082832771, -968.735966971289, 271.9211283337391], [86.226489717699, -944.699026545865, 355.374408668203], [132.952012983252, -914.157560921761, 432.755326314307], [188.299639430495, -877.389547595393, 502.669679655209], [251.191397509675, -834.739784958369, 563.825110108989], [320.3482780178, -786.621377620506, 615.066784109899], [394.302034940717, -733.516241826426, 655.416953464944], [471.417004064497, -675.974172849772, 684.11605147921], [549.923057805185, -614.6100584341388, 700.662296980484], [627.9598123500033, -550.0988983832863, 704.846372582284], [703.6310904546027, -483.168396589724, 696.777674934673], [775.0675326034649, -414.5890224766904, 676.898927263143]], "G": [[-587.785252292477, -809.016994374943, 0.0], [-581.7105744748845, -803.782753586335, 92.65164906079981], [-563.5750357833772, -788.198290934754, 183.41321589241628], [-533.6512916186359, -762.615965508365, 270.3945060604163], [-492.415943851744, -727.614854589336, 351.7127684775278], [-440.577049759838, -683.988077579555, 425.5141677655944], [-379.102124953095, -632.724362541824, 490.01281404004], [-309.238304334291, -574.983391939859, 543.5476145240204], [-232.516656773746, -512.064617850513, 584.6536160299709], [-150.734396948886, -445.369551069946, 612.141281670557], [-65.911651324222, -376.357986353637, 625.1748253487023], [19.776925791045, -306.4991890522048, 623.3397121216118], [104.0915880043673, -237.2196799981293, 606.6899185216712], [184.8305175560547, -169.84984658344, 575.76749754361], [259.9365663677149, -105.5721043909474, 531.590141527686]], "H": [[-951.056516295157, -309.016994374943, 0.0], [-942.3628392812105, -302.718279887625, 63.83588363279761], [-916.4181391505022, -284.128863265166, 125.26024739383188], [-873.644201639831, -254.151391470629, 181.881177493176], [-814.782275666448, -214.232505927672, 231.36110274302578], [-740.936230654374, -166.278600009941, 271.4775794592434], [-653.608001936208, -112.542865533305, 300.213591381442], [-554.707771151385, -55.488918115304, 315.8718719066154], [-446.525011384235, 2.361929764783, 317.1993909453339], [-331.653860770638, 58.59095222085, 303.502382658402], [-212.875706429361, 111.039601586391, 274.7305801007402], [-93.011294129484, 157.9532475741332, 231.5122465080858], [25.2379874921195, 198.0997947571237, 175.1287110027742], [139.4364602699441, 230.852813049849, 107.427055796352], [247.526108768102, 256.2308367505166, 30.680345682505]], "I": [[-951.056516295157, 309.016994374947, 0.0], [-937.4334157514165, 313.546586365785, 17.36732807698781], [-896.8992801686251, 326.581280278173, 32.42627749369608], [-830.4689831825599, 346.517768108917, 42.962235331689], [-739.8570839595644, 370.874851339813, 46.96585505684177], [-627.486789225828, 396.561072158934, 42.7709137879334], [-496.46041995715, 420.212954393348, 29.211958429707], [-350.468074246482, 438.570393917827, 5.7790573306694], [-193.624664441565, 448.85060588349, -27.2643776343901], [-30.244612031968, 449.080353140027, -68.836849487061], [135.417411010355, 438.348585094572, -117.0943105188808], [299.418091484236, 416.9483975529762, -169.5945981659562], [458.3249120461475, 386.3881512976177, -223.5556526506218], [609.3278336968231, 349.265804141616, -276.169701189154], [750.246628489334, 309.0165366416271, -324.920217011534]], "J": [[-587.785252292477, 809.016994374947, 0.0], [-568.8224008162135, 807.466222688573, -28.842235579192387], [-512.7463890929971, 802.13904103738, -58.33375616664802], [-421.9692389480379, 791.144898126255, -88.949422466121], [-300.4155268874144, 771.758774025853, -120.81140710931923], [-153.349747120781, 740.989593704373, -153.5173184115536], [12.905466109249, 696.245023838689, -186.005842877761], [191.364682036341, 635.983774561369, -216.5073178972026], [374.861198654821, 560.244447172648, -242.6274358233571], [556.554267385354, 470.9551070770021, -261.592086782644], [730.380650487875, 371.9589077539281, -270.6428880541628], [891.370697691855, 268.7343891392962, -267.526875603299], [1035.7758331418186, 167.8382549931947, -250.9853409681334], [1160.9998552568181, 76.145584756846, -221.1302822130895], [1265.377156777137, -0.0007517572139, -179.610666235775]],