{"A": [[0.0, 1000.0, 0.0], [0.0, 1000.0, 0.0], [0.0, 1000.0, 0.0], [0.0, 1000.0, 0.0], [0.0, 1000.0, 0.0], [0.0, 1000.0, 0.0], [0.0, 1000.0, 0.0], [0.0, 1000.0, 0.0], [0.0, 1000.0, 0.0], [0.0, 1000.0, 0.0], [0.0, 1000.0, 0.0], [0.0, 1000.0, 0.0], [0.0, 1000.0, 0.0], [0.0, 1000.0, 0.0], [0.0, 1000.0, 0.0]], "B": [[587.7852522924732, 809.0169943749474, 0.0], [587.7852522924732, 809.0169943749474, 0.0], [587.7852522924732, 809.0169943749474, 0.0], [587.7852522924732, 809.0169943749474, 0.0], [587.7852522924732, 809.0169943749474, 0.0], [587.7852522924732, 809.0169943749474, 0.0], [587.7852522924732, 809.0169943749474, 0.0], [587.7852522924732, 809.0169943749474, 0.0], [587.7852522924732, 809.0169943749474, 0.0], [587.7852522924732, 809.0169943749474, 0.0], [587.7852522924732, 809.0169943749474, 0.0], [587.7852522924732, 809.0169943749474, 0.0], [587.7852522924732, 809.0169943749474, 0.0], [587.7852522924732, 809.0169943749474, 0.0], [587.7852522924732, 809.0169943749474, 0.0]], "C": [[951.056516295153, 309.016994374947, 0.0], [947.227637134213, 309.016994374947, -52.6040229391962], [935.821712424913, 309.016994374947, -104.099153063727], [917.079179062535, 309.016994374947, -153.399873019694], [891.395129654313, 309.016994374947, -199.466923620016], [859.310983967198, 309.016994374947, -241.32921142831], [821.503075799047, 309.016994374947, -278.10427940874], [778.768395862029, 309.016994374947, -309.016909120513], [732.007791218238, 309.016994374947, -333.415462322777], [682.2069754234407, 309.016994374947, -350.785617508876], [630.4157496851052, 309.016994374947, -360.761211803821], [577.7258730527317, 309.016994374947, -363.131959677768], [525.2480481368559, 309.016994374947, -357.847885765032], [474.088507497785, 309.016994374947, -345.020378344811], [425.325694262993, 309.016994374947, -324.919841276231]], "D": [[951.056516295154, -309.016994374943, 0.0], [961.447113758297, -303.124955195213, 31.3367377857306], [991.3867328504175, -285.573041843177, 55.090132333695], [1037.289805611345, -256.731248656002, 64.417348572712], [1093.540758786511, -217.207560640163, 53.892255357174], [1153.002238732671, -167.83513714738, 20.058437069079], [1207.664759679392, -109.654748875305, -38.189426686799], [1249.382210644232, -43.892838420998, -119.429729959632], [1270.630186965432, 28.064333129279, -219.760158053115], [1265.2219584105826, 104.699908584051, -333.0636165914443], [1228.9202328617941, 184.398409996552, -451.4728609731985], [1159.8914462793236, 265.479792940177, -565.995876358582], [1058.962390601588, 346.2348618453541, -667.250281099155], [929.655486959076, 424.961299842512, -746.245572598933], [777.997540230119, 499.999553602047, -795.147703469983]], "E": [[587.785252292473, -809.016994374943, 0.0], [624.844761969788, -786.377906838517, 218.7706001174456], [730.6510369494584, -719.760848646226, 409.298907714413], [889.930153901286, -612.969997403517, 547.475417741216], [1079.8916285526216, -472.032019542862, 616.781416417245], [1273.751185868518, -304.75235445586, 610.515360663165], [1444.797544995495, -120.1451818601529, 532.445311297249], [1570.326034118733, 72.21690024686, 395.81739716497], [1634.797887096588, 262.881170041112, 220.931287897463], [1631.7319874229918, 443.16678320208, 31.7330180829047], [1564.067668498681, 605.738763248942, -147.9691305887545], [1443.0100070714766, 745.059085949595, -298.015292170715], [1285.632913965628, 857.6804829121701, -404.552999461981], [1111.722539700675, 942.361919788411, -461.440028348654], [940.457413123589, 999.999724110492, -470.228282011263]], "F": [[0.0, -1000.000000000003, 0.0], [69.957787948205, -950.46096754133, 435.8954639669716], [265.4321490319285, -807.3432846710836, 806.623352563751], [546.696220872344, -586.375740691286, 1060.748467859294], [858.1674806206095, -311.331521649857, 1170.838961669424], [1141.340710444792, -10.776480131624, 1137.783473261933], [1347.7741184791364, 285.7354768161661, 988.310814345695], [1448.830313583003, 551.429243707572, 766.708662924222], [1439.902944177746, 765.470712327703, 523.232006485621], [1338.4799003827868, 915.075841948544, 302.4193032354777], [1177.1093124671502, 996.308718465485, 134.3150383432455], [993.6384808437926, 1013.538357580722, 30.542348693609], [821.6266201822109, 977.7476286056271, -14.363236520272], [683.479710197852, 904.0677542836979, -17.471958418154], [587.785712199971, 809.017611281501, -0.000129730772]], "G": [[-587.785252292477, -809.016994374943, 0.0], [-514.213604870379, -759.2594351296, 500.3296867519483], [-309.1704989709055, -616.7744348526745, 931.047311820524], [-15.454810447756, -400.886461667056, 1238.360282226836], [308.4387799428085, -140.497551649464, 1395.739209768677], [603.657929618634, 130.342959755295, 1407.873351152906], [825.7937637333033, 377.6555559260929, 1306.199504874228], [954.865371331385, 572.70977891231, 1137.534479039906], [997.656772272753, 696.3223197446431, 949.380847254522], [981.9115042773487, 741.548433584226, 776.4585723844297], [944.4254042502982, 714.28942628673, 632.6014308386025], [917.0223269388549, 631.687609892145, 510.423565976179], [915.100107404482, 518.5749882286981, 388.612202887507], [932.610615717118, 402.6115406532069, 244.141246479134], [945.196922380576, 309.017458772937, 64.9851422986433]], "H": [[-951.056516295157, -309.016994374943, 0.0], [-897.651878216307, -288.058930123951, 386.7022874768743], [-746.7363111388235, -229.7804967630245, 729.211083274228], [-523.015381147042, -146.749650922681, 993.896052233581], [-258.3762329792075, -56.1512197455509, 1164.281981169789], [17.901497692727, 24.856126413139, 1241.356259841016], [286.3615860688333, 83.8539227424959, 1237.9387014147444], [539.033102823728, 116.646096842848, 1170.0222246545577], [775.128231073588, 128.4655919245961, 1049.3098033752744], [993.2605521645289, 132.448574058609, 880.5478200905227], [1184.5129374789212, 145.707997023683, 664.8372174038398], [1330.457780610715, 184.104905433282, 406.949609994324], [1407.852328540966, 257.2983535664771, 122.349588172746], [1398.24236385838, 365.6484612444685, -160.564593772319], [1297.868942403666, 499.999125202378, -405.2429519635107]], "I": [[-951.056516295157, 309.016994374947, 0.0], [-929.3781775998885, 277.605306405573, 139.7540647884113], [-859.6134752786835, 187.6746636584865, 287.672923990911], [-729.03823869461, 52.387602301175, 446.296793836988], [-521.6955578054495, -105.997535838455, 607.375984438637], [-226.793175581523, -257.158941098386, 748.854452922728], [150.6071631961093, -366.3012781628351, 836.8189649039693], [580.6616594240038, -400.73397944489, 834.5361128913778], [1007.33609200139, -338.3697025538959, 717.4810396994715], [1358.801507604522, -175.578477880944, 488.8015292088427], [1568.7408601497061, 68.8368829587213, 186.8981558985018], [1600.991870917661, 356.021276069681, -121.465074452563], [1465.9150680368118, 636.1205182925592, -362.509666709109], [1218.992260604285, 861.5573520096665, -482.91499906683], [940.458047090076, 999.999448220465, -470.2286438120302]], "J": [[-587.785252292477, 809.016994374947, 0.0], [-596.9002697958366, 715.002930636571, -143.2790965009397], [-599.3941774867095, 456.5637659797495, -204.211797218861], [-533.285536482606, 99.6375561288566, -138.009917308864], [-332.5897661395175, -261.84417728615, 39.998830194672], [32.131854973699, -528.351250334605, 257.551520697399], [524.5126836901923, -621.3781569049531, 415.9906639006643], [1041.7768755490517, -507.468933844636, 437.1113801213258], [1449.038976599734, -211.1454267708549, 304.3484258342805], [1636.449205920744, 189.995138064105, 74.9975923079617], [1571.179213558327, 588.8970205733133, -147.0142861384182], [1314.4478389968378, 884.239706205788, -265.838960890573], [991.0188972207488, 1013.8964379450861, -245.355952619271], [726.459122960446, 972.9451485375225, -126.586669632469], [587.785707972242, 809.018228190507, -0.0006075700002]],