{"A": [[0.0, 1000.0, 0.0], [0.0, 1000.0, 0.0], [0.0, 1000.0, 0.0], [0.0, 1000.0, 0.0], [0.0, 1000.0, 0.0], [0.0, 1000.0, 0.0], [0.0, 1000.0, 0.0], [0.0, 1000.0, 0.0], [0.0, 1000.0, 0.0], [0.0, 1000.0, 0.0], [0.0, 1000.0, 0.0], [0.0, 1000.0, 0.0], [0.0, 1000.0, 0.0], [0.0, 1000.0, 0.0], [0.0, 1000.0, 0.0]], "B": [[587.7852522924732, 809.0169943749474, 0.0], [587.7852522924732, 809.0169943749474, 0.0], [587.7852522924732, 809.0169943749474, 0.0], [587.7852522924732, 809.0169943749474, 0.0], [587.7852522924732, 809.0169943749474, 0.0], [587.7852522924732, 809.0169943749474, 0.0], [587.7852522924732, 809.0169943749474, 0.0], [587.7852522924732, 809.0169943749474, 0.0], [587.7852522924732, 809.0169943749474, 0.0], [587.7852522924732, 809.0169943749474, 0.0], [587.7852522924732, 809.0169943749474, 0.0], [587.7852522924732, 809.0169943749474, 0.0], [587.7852522924732, 809.0169943749474, 0.0], [587.7852522924732, 809.0169943749474, 0.0], [587.7852522924732, 809.0169943749474, 0.0]], "C": [[951.056516295153, 309.016994374947, 0.0], [947.227637134213, 309.016994374947, 52.6040229391962], [935.821712424913, 309.016994374947, 104.099153063727], [917.079179062535, 309.016994374947, 153.399873019694], [891.395129654313, 309.016994374947, 199.466923620016], [859.310983967198, 309.016994374947, 241.32921142831], [821.503075799047, 309.016994374947, 278.10427940874], [778.768395862029, 309.016994374947, 309.016909120513], [732.007791218238, 309.016994374947, 333.415462322777], [682.2069754234407, 309.016994374947, 350.785617508876], [630.4157496851052, 309.016994374947, 360.761211803821], [577.7258730527317, 309.016994374947, 363.131959677768], [525.2480481368559, 309.016994374947, 357.847885765032], [474.088507497785, 309.016994374947, 345.020378344811], [425.325694262993, 309.016994374947, 324.919841276231]], "D": [[951.056516295154, -309.016994374943, 0.0], [961.447113758297, -303.124955195213, -31.3367377857306], [991.3867328504175, -285.573041843177, -55.090132333695], [1037.289805611345, -256.731248656002, -64.417348572712], [1093.540758786511, -217.207560640163, -53.892255357174], [1153.002238732671, -167.83513714738, -20.058437069079], [1207.664759679392, -109.654748875305, 38.189426686799], [1249.382210644232, -43.892838420998, 119.429729959632], [1270.630186965432, 28.064333129279, 219.760158053115], [1265.2219584105826, 104.699908584051, 333.0636165914443], [1228.9202328617941, 184.398409996552, 451.4728609731985], [1159.8914462793236, 265.479792940177, 565.995876358582], [1058.962390601588, 346.2348618453541, 667.250281099155], [929.655486959076, 424.961299842512, 746.245572598933], [777.997540230119, 499.999553602047, 795.147703469983]], "E": [[587.785252292473, -809.016994374943, 0.0], [624.844761969788, -786.377906838517, -218.7706001174456], [730.6510369494584, -719.760848646226, -409.298907714413], [889.930153901286, -612.969997403517, -547.475417741216], [1079.8916285526216, -472.032019542862, -616.781416417245], [1273.751185868518, -304.75235445586, -610.515360663165], [1444.797544995495, -120.1451818601529, -532.445311297249], [1570.326034118733, 72.21690024686, -395.81739716497], [1634.797887096588, 262.881170041112, -220.931287897463], [1631.7319874229918, 443.16678320208, -31.7330180829047], [1564.067668498681, 605.738763248942, 147.9691305887545], [1443.0100070714766, 745.059085949595, 298.015292170715], [1285.632913965628, 857.6804829121701, 404.552999461981], [1111.722539700675, 942.361919788411, 461.440028348654], [940.457413123589, 999.999724110492, 470.228282011263]], "F": [[0.0, -1000.000000000003, 0.0], [69.957787948205, -950.46096754133, -435.8954639669716], [265.4321490319285, -807.3432846710836, -806.623352563751], [546.696220872344, -586.375740691286, -1060.748467859294], [858.1674806206095, -311.331521649857, -1170.838961669424], [1141.340710444792, -10.776480131624, -1137.783473261933], [1347.7741184791364, 285.7354768161661, -988.310814345695], [1448.830313583003, 551.429243707572, -766.708662924222], [1439.902944177746, 765.470712327703, -523.232006485621], [1338.4799003827868, 915.075841948544, -302.4193032354777], [1177.1093124671502, 996.308718465485, -134.3150383432455], [993.6384808437926, 1013.538357580722, -30.542348693609], [821.6266201822109, 977.7476286056271, 14.363236520272], [683.479710197852, 904.0677542836979, 17.471958418154], [587.785712199971, 809.017611281501, 0.000129730772]], "G": [[-587.785252292477, -809.016994374943, 0.0], [-484.727012562272, -730.76641744849, -597.2183947370866], [-204.7589888756765, -510.7602792281845, -1076.66932266092], [174.58418713819, -189.887581765909, -1354.509910925445], [553.7721403078085, 174.004161427842, -1402.698321578531], [843.735027280223, 518.795573871557, -1251.582894249527], [992.3397477073123, 791.1200518783171, -973.5172139254785], [995.725185512123, 956.599828422164, -654.911742358337], [891.779494334302, 1005.033737018428, -367.873542979856], [740.1247177405407, 949.7003554554849, -151.6272950928477], [597.7125319729151, 821.497362960919, -8.9899730542845], [499.7465132962277, 659.886693319696, 83.33142356108], [452.2601130817109, 503.2262900295861, 157.065352546926], [437.143086900939, 380.9200455316189, 235.647928910401], [425.325524442349, 309.017270263272, 324.919131371952]], "H": [[-951.056516295157, -309.016994374943, 0.0], [-820.802449655584, -213.799005345804, -639.2184739809863], [-478.2790658656935, 42.7973842861955, -1103.6265461450398], [-45.359487688002, 383.588120683689, -1285.8337880442493], [338.8670092478845, 709.476506238421, -1181.223348190375], [578.642438239859, 932.153350176578, -876.313285495848], [655.9786701145842, 1001.4596055919571, -499.6137333787365], [624.339637628697, 918.126243691697, -162.409387692466], [569.316425594446, 728.560866361798, 81.06557576551], [560.3170879853827, 505.1654434180979, 238.2751792668743], [618.9537976707219, 320.585924248598, 352.3997756226835], [717.4627465350306, 225.530498629486, 465.30046572111], [802.6750228771049, 237.2294659691881, 591.140336660226], [828.416356376988, 340.7015629260901, 712.359281303579], [777.99708032125, 499.998936692544, 795.147573742903]], "I": [[-951.056516295157, 309.016994374947, 0.0], [-805.9387898606701, 396.885303926069, -545.358166732778], [-437.8279257305678, 615.9343339685005, -875.9343121520119], [-6.123957324299, 855.033930535453, -888.1336085366194], [334.99917992759566, 992.23045158445, -631.676937468126], [522.171830287364, 954.6909906326187, -261.277403249736], [601.2847843039771, 752.544046125457, 63.4276810487565], [673.4568861258824, 471.10464457053, 261.530698958133], [813.076228664055, 228.043024501097, 349.447877038646], [1016.5163256686127, 119.0915471792189, 395.7401386396763], [1211.758132620784, 179.220386736117, 455.1850689205315], [1313.4724262814877, 375.451553457586, 530.5856111820515], [1279.8047240098808, 629.9487277445461, 581.9294204369057], [1133.474254769608, 857.8133863641172, 565.726911279143], [940.45758294309, 999.999448220299, 470.228991922902]], "J": [[-587.785252292477, 809.016994374947, 0.0], [-445.9886005536831, 860.829508868197, -352.5949773822191], [-100.7531983365958, 962.8585443634065, -491.2393269439289], [273.201221269534, 995.07378081138, -354.9054245587664], [544.3562381239597, 862.344641579882, -64.874229470954], [711.838306914237, 571.4360707374666, 184.938133537377], [870.9570874589501, 238.6993866164331, 276.0459447404095], [1098.2714734104354, 23.314536537998, 230.1842983899312], [1365.61718783977, 32.091452199289, 153.827118948585], [1556.9951561439157, 258.3963662635119, 130.3294899496903], [1564.696848265317, 590.901448627168, 158.6737242310715], [1375.3088200502584, 880.126781789618, 179.2379406848705], [1076.121643039217, 1016.7186148906821, 145.02180071236674], [787.983281629877, 975.6386671033531, 67.009353990673], [587.78617210932, 809.018228190668, 0.000259466531]],