{"A": [[0.0, 1000.0, 0.0], [0.0, 1000.0, 0.0], [0.0, 1000.0, 0.0], [0.0, 1000.0, 0.0], [0.0, 1000.0, 0.0], [0.0, 1000.0, 0.0], [0.0, 1000.0, 0.0], [0.0, 1000.0, 0.0], [0.0, 1000.0, 0.0], [0.0, 1000.0, 0.0], [0.0, 1000.0, 0.0], [0.0, 1000.0, 0.0], [0.0, 1000.0, 0.0], [0.0, 1000.0, 0.0], [0.0, 1000.0, 0.0]], "B": [[587.7852522924732, 809.0169943749474, 0.0], [587.7852522924732, 809.0169943749474, 0.0], [587.7852522924732, 809.0169943749474, 0.0], [587.7852522924732, 809.0169943749474, 0.0], [587.7852522924732, 809.0169943749474, 0.0], [587.7852522924732, 809.0169943749474, 0.0], [587.7852522924732, 809.0169943749474, 0.0], [587.7852522924732, 809.0169943749474, 0.0], [587.7852522924732, 809.0169943749474, 0.0], [587.7852522924732, 809.0169943749474, 0.0], [587.7852522924732, 809.0169943749474, 0.0], [587.7852522924732, 809.0169943749474, 0.0], [587.7852522924732, 809.0169943749474, 0.0], [587.7852522924732, 809.0169943749474, 0.0], [587.7852522924732, 809.0169943749474, 0.0]], "C": [[951.056516295153, 309.016994374947, 0.0], [947.227637134213, 309.016994374947, -52.6040229391962], [935.821712424913, 309.016994374947, -104.099153063727], [917.079179062535, 309.016994374947, -153.399873019694], [891.395129654313, 309.016994374947, -199.466923620016], [859.310983967198, 309.016994374947, -241.32921142831], [821.503075799047, 309.016994374947, -278.10427940874], [778.768395862029, 309.016994374947, -309.016909120513], [732.007791218238, 309.016994374947, -333.415462322777], [682.2069754234407, 309.016994374947, -350.785617508876], [630.4157496851052, 309.016994374947, -360.761211803821], [577.7258730527317, 309.016994374947, -363.131959677768], [525.2480481368559, 309.016994374947, -357.847885765032], [474.088507497785, 309.016994374947, -345.020378344811], [425.325694262993, 309.016994374947, -324.919841276231]], "D": [[951.056516295154, -309.016994374943, 0.0], [936.7966832843106, -303.124955195213, -137.099230071456], [894.8525814495905, -285.573041843178, -267.654129714868], [827.6679355291596, -256.731248656002, -385.564827927424], [739.112476419734, -217.207560640164, -485.585295055834], [634.194580178796, -167.83513714738, -563.6654654521], [518.692185501746, -109.654748875305, -617.199468656907], [398.731871662782, -43.892838420997, -645.161076763792], [280.350059097209, 28.064333129278, -648.116759435395], [169.0715547016187, 104.699908584051, -628.116790846194], [69.5390029121422, 184.398409996552, -588.474835917534], [-14.7776346441313, 265.4797929401771, -533.455524425106], [-81.7692878292001, 346.234861845354, -467.896944951048], [-130.760056677745, 424.961299842512, -396.8001397824884], [-162.459703072703, 499.999553602047, -324.9201313633336]], "E": [[587.785252292473, -809.016994374943, 0.0], [560.5995797558757, -786.377906838517, -220.2156260168733], [482.4476316332365, -719.760848646226, -420.523737683996], [363.0534448333026, -612.969997403517, -583.537907350715], [217.06605854952, -472.032019542861, -696.530889899459], [61.987559707759, -304.75235445586, -752.871206850893], [-84.245832566653, -120.1451818601526, -752.557174139998], [-205.64955960754, 72.21690024686, -701.7969785596131], [-290.179265840277, 262.881170041114, -611.7388301484684], [-331.0351258695553, 443.166783202082, -496.589249682785], [-327.1186806355158, 605.738763248941, -371.447187785183], [-282.6263460218793, 745.0590859495961, -250.212200090761], [-205.9082927277641, 857.680482912168, -143.892476765065], [-107.8374119787756, 942.361919788411, -59.5507334231694], [-0.000669815628, 999.999724110497, -0.000290087354600267]], "F": [[0.0, -1000.000000000003, 0.0], [-33.2360302259094, -950.46096754133, -269.2261224239175], [-124.5316591882795, -807.3432846710829, -497.1492469082243], [-250.7119190092184, -586.3757406912891, -650.997783627511], [-379.482564019163, -311.331521649858, -712.9960694748138], [-477.175944489783, -10.776480131623, -683.2514373393792], [-516.602994255086, 285.7354768161634, -578.504920781097], [-483.050499693422, 551.429243707576, -427.2605336848601], [-377.027808586603, 765.470712327712, -262.7014484010454], [-213.2841382427603, 915.075841948544, -115.272378254244], [-16.6135250920058, 996.308718465495, -6.745022020907], [184.2452911689527, 1013.5383575807231, 52.963930798991], [362.9325407610819, 977.747628605628, 65.797766047638], [500.4513231215274, 904.0677542836938, 42.8425421786906], [587.784872562837, 809.017611281507, 0.000290086856934956]], "G": [[-587.785252292477, -809.016994374943, 0.0], [-611.3728456000694, -759.259435129598, -163.5577356540785], [-673.0845550981205, -616.7744348526759, -285.6327106328723], [-748.3546975196074, -400.8864616670511, -334.910131838259], [-804.147282689291, -140.497551649462, -297.7351362522898], [-808.49759846205, 130.342959755288, -180.9793232964162], [-739.8868370522, 377.6555559260942, -9.59276952022], [-593.819897387611, 572.7097789123007, 180.3933897007909], [-384.7548673419892, 696.3223197446331, 351.4034315797946], [-142.849986601153, 741.548433584215, 473.704089933578], [93.5201774636152, 714.289426286741, 532.051505112015], [287.3106287205017, 631.6876098921501, 527.867662027932], [411.6725651521494, 518.574988228695, 476.590788872686], [455.6606912709636, 402.6115406531978, 401.3135680091126], [425.325783903672, 309.017458772949, 324.9201313639699]], "H": [[-951.056516295157, -309.016994374943, 0.0], [-946.1694435064404, -288.058930123949, 55.1825975331185], [-927.9619983801736, -229.7804967630259, 123.3161761952697], [-887.7530160107004, -146.7496509226771, 210.936551284977], [-816.7441540552713, -56.1512197455484, 314.3866052144272], [-711.8705787054549, 24.85612641313, 420.2708395264358], [-579.781785580581, 83.8539227425042, 510.034966539007], [-436.912321545904, 116.6460968428187, 566.8541791617839], [-305.1996738490056, 128.4655919245811, 582.0020419569996], [-204.9157210624849, 132.448574058592, 558.0321219380011], [-147.4682348008698, 145.707997023689, 507.4394206507214], [-131.2191998637773, 184.1049054332931, 447.4405739007695], [-142.1792351683906, 257.298353566461, 393.2318378753008], [-159.3501054159344, 365.6484612444641, 352.7186920521519], [-162.459903520324, 499.99912520238, 324.91984128005987]], "I": [[-951.056516295157, 309.016994374947, 0.0], [-905.7996335184012, 277.605306405575, 300.8658513439885], [-779.8587993029105, 187.6746636584771, 554.3180818878496], [-601.0843647249354, 52.3876023011799, 720.967383684903], [-410.1485781533613, -105.9975358384499, 777.1623540162302], [-251.4870867506219, -257.1589410984, 721.0706953808478], [-161.280332886256, -366.3012781628258, 574.7098491497641], [-155.461110263096, -400.7339794448953, 379.5867672128529], [-222.3827485053566, -338.3697025539139, 185.5525799118356], [-324.4190537168449, -175.578477880937, 35.7254112707451], [-409.7145895226538, 68.836882958736, -46.8923324607696], [-430.5919415359303, 356.0212760697071, -65.1867120497595], [-361.2454567464236, 636.120518292569, -43.1965861828232], [-206.8586950977803, 861.5573520096541, -13.0453264305041], [-0.001339636659, 999.999448220463, 4.166877408e-09]], "J": [[-587.785252292477, 809.016994374947, 0.0], [-506.1590319362811, 715.002930636554, 476.7542225749365], [-292.2895948092125, 456.5637659797431, 822.5361512499777], [-27.8237933578274, 99.6375561288298, 947.033237871776], [185.6751355320257, -261.8441772861219, 828.8531443926267], [266.8064384728971, -528.351250334609, 521.5899585348898], [188.897411734722, -621.3781569049478, 133.9408117237521], [-6.210089741552, -507.4689338446223, -210.5808307054651], [-223.7694202178554, -211.1454267708809, -419.2433129670244], [-356.8326759010468, 189.995138064135, -461.5384016815489], [-334.2569103037835, 588.897020573316, -372.1762133422256], [-152.4800276816833, 884.2397062058081, -225.2025384138595], [125.2368479222014, 1013.896437945067, -94.0525890252574], [401.0221359570377, 972.9451485375001, -19.34336349614773], [587.784492828611, 809.018228190507, 4.5213156373677e-10]],