{"A": [[0.0, 1000.0, 0.0], [0.0, 1000.0, 0.0], [0.0, 1000.0, 0.0], [0.0, 1000.0, 0.0], [0.0, 1000.0, 0.0], [0.0, 1000.0, 0.0], [0.0, 1000.0, 0.0], [0.0, 1000.0, 0.0], [0.0, 1000.0, 0.0], [0.0, 1000.0, 0.0], [0.0, 1000.0, 0.0], [0.0, 1000.0, 0.0], [0.0, 1000.0, 0.0], [0.0, 1000.0, 0.0], [0.0, 1000.0, 0.0]], "B": [[587.7852522924732, 809.0169943749474, 0.0], [587.7852522924732, 809.0169943749474, 0.0], [587.7852522924732, 809.0169943749474, 0.0], [587.7852522924732, 809.0169943749474, 0.0], [587.7852522924732, 809.0169943749474, 0.0], [587.7852522924732, 809.0169943749474, 0.0], [587.7852522924732, 809.0169943749474, 0.0], [587.7852522924732, 809.0169943749474, 0.0], [587.7852522924732, 809.0169943749474, 0.0], [587.7852522924732, 809.0169943749474, 0.0], [587.7852522924732, 809.0169943749474, 0.0], [587.7852522924732, 809.0169943749474, 0.0], [587.7852522924732, 809.0169943749474, 0.0], [587.7852522924732, 809.0169943749474, 0.0], [587.7852522924732, 809.0169943749474, 0.0]], "C": [[951.056516295153, 309.016994374947, 0.0], [949.921162409334, 309.016994374947, -28.6983249326044], [946.522197533671, 309.016994374947, -57.2172646070978], [940.880867653528, 309.016994374947, -85.3785550527928], [933.032435155091, 309.016994374947, -113.006167864993], [923.025958409982, 309.016994374947, -139.927410509659], [910.923985125008, 309.016994374947, -165.974005776472], [896.802161373815, 309.016994374947, -190.983143632936], [880.748758754293, 309.016994374947, -214.798498904671], [862.86412262734, 309.016994374947, -237.271208420656], [843.260044885874, 309.016994374947, -258.260801515568], [822.059065174769, 309.016994374947, -277.636078072889], [799.393704929566, 309.016994374947, -295.275928620401], [775.405639021787, 309.016994374947, -311.070091351849], [750.244810188668, 309.016994374947, -324.919841342873]], "D": [[951.056516295154, -309.016994374943, 0.0], [946.818724220844, -307.269864393317, -75.0329106859222], [934.1792704876432, -302.039395272684, -148.9982652163654], [913.3582763813233, -293.358281222739, -220.8501224327218], [884.7171632833274, -281.280785476203, -289.585263051428], [848.7506200159585, -265.882401104429, -354.263292792586], [806.075630571892, -247.259379131179, -414.025270793355], [757.417827530195, -225.52812689421, -468.110428569681], [703.595500855346, -200.824480415338, -515.87059168239], [645.50164800816, -173.30285532719, -556.781972653777], [584.084497978616, -143.135281663985, -590.454068166529], [520.326977828958, -110.510328549558, -616.63546455587], [455.225614725986, -75.631925504153, -635.216431313977], [389.76937864814, -38.718087737631, -646.228260882723], [324.918970682525, 0.000446603056, -649.839392465357]], "E": [[587.785252292473, -809.016994374943, 0.0], [579.673804392558, -802.289482203812, -121.1436152689211], [555.6432977586602, -782.221989733686, -239.0049570616257], [516.5921096072403, -749.157107821257, -350.4265470821128], [463.9743933037704, -703.657411690147, -452.494803558307], [399.7375648743275, -646.493059910899, -542.648042614294], [326.239065086778, -578.624854114256, -618.768533595324], [246.146409144931, -501.183168043923, -679.254564839615], [162.325314551693, -415.44325374353, -723.069478754731], [77.72122806913, -322.797519298063, -749.765783964989], [-4.760171336025, -224.7254444746157, -759.483686879854], [-82.367946612215, -122.7618560578806, -752.92464012263], [-152.611118833062, -18.4643222903629, -731.3017149382828], [-213.349465582747, 86.619555312407, -696.2697058895113], [-262.866046816186, 190.984174846626, -649.8388120248386]], "F": [[0.0, -1000.000000000003, 0.0], [-9.99381670390298, -985.23146291937, -149.2565939871997], [-39.2153005083348, -941.416315450002, -291.6017818484956], [-85.4407473589977, -870.00537953066, -420.5560387958431], [-145.1468184505946, -773.3491164294369, -530.471895909441], [-213.7694903298635, -654.5996749368061, -616.873289381188], [-286.037328377793, -517.5803988108606, -676.7099154638279], [-356.352846042663, -366.62901812336, -708.5092992881166], [-419.1922217105, -206.421959563462, -712.4174907272314], [-469.492653199339, -41.788037811455, -690.1281221074019], [-502.998188940789, 122.4798068838703, -644.708243110398], [-516.538811937873, 281.8060986979484, -580.337152345674], [-508.223487290986, 431.9995926175631, -501.9807258952538], [-477.535266094292, 569.397948195908, -415.0279994820083], [-425.324699795584, 690.984280274259, -324.9186804623566]], "G": [[-587.785252292477, -809.016994374943, 0.0], [-594.933899555858, -794.160773112564, -91.7839725052302], [-615.5581753163518, -750.198385329158, -176.5774143934186], [-647.2637477461827, -678.920950005252, -247.9070646344351], [-686.2897201551916, -583.2225416840689, -300.293146324644], [-727.8329527938035, -466.96779818770807, -329.64681665051], [-766.463479166797, -334.8149946006296, -333.5575704156709], [-796.596199627303, -192.002626618407, -311.4483162330966], [-812.979215108373, -44.109305894305, -264.5866995352254], [-811.157641716299, 103.201864694629, -195.9530771657489], [-787.873687541314, 244.4423705650143, -109.977381267234], [-741.369058083444, 374.5483864023538, -12.16795242404], [-671.56398394395, 489.1096710235484, 91.3356587999102], [-580.097670320045, 584.5658305356774, 194.2477179357017], [-470.2268732895787, 658.3599181080356, 290.61804229174845]], "H": [[-951.056516295157, -309.016994374943, 0.0], [-949.675281183614, -302.727572697267, 29.1208369132028], [-945.1989586108438, -284.275433534028, 60.5275586240324], [-936.6847506571397, -254.875849142455, 96.1674138704179], [-922.7376109981366, -216.4463576308709, 137.35241457756], [-901.7502154934905, -171.45327858516308, 184.541831307832], [-872.192980016166, -122.7131249504616, 237.2314280690121], [-832.9148158474864, -73.164059069208, 293.9642408127674], [-783.4128089309289, -25.6252377293389, 352.4628755395196], [-724.0317851154522, 17.4366139099385, 409.8681985579711], [-656.06263799979, 54.1139746975863, 463.055741855166], [-581.720567642208, 83.2206807202258, 508.990889630794], [-503.999624688329, 104.3945249126854, 545.0783756673592], [-426.416314365068, 118.1298627904004, 569.4617103126888], [-352.6703536973007, 125.7354796544586, 581.2340836822134]], "I": [[-951.056516295157, 309.016994374947, 0.0], [-937.479252414353, 299.640163611192, 166.8538336386718], [-897.6258727843016, 271.883761348006, 325.8382495190904], [-834.0908491083147, 226.879106095014, 469.4671134674539], [-751.0590970574566, 166.5374379658531, 591.021800156465], [-654.0870945294425, 93.57358433458192, 684.931431215113], [-549.781551548269, 11.5116936940144, 747.1339482660071], [-445.3718174581023, -75.34900394063285, 775.3909347811943], [-348.1840930389689, -162.0297164631489, 769.5189800320586], [-265.0426205541382, -243.0452650785145, 731.4955431417991], [-201.642466452652, -312.6624019532517, 665.400518096218], [-161.956216793212, -365.2387536073572, 577.1674014879502], [-147.748338507013, -395.6241941461286, 474.1395785599885], [-158.272057737314, -399.5930047409376, 364.4551218264237], [-190.2117656132177, -374.2641208895014, 256.31314273855645]], "J": [[-587.785252292477, 809.016994374947, 0.0], [-563.046897805194, 780.7536048052, 268.3244193983498], [-491.6741115146286, 698.083978229922, 514.3125286713374], [-381.8824034039597, 567.24257174769, 717.7134510691509], [-246.3529577725926, 398.1970152096071, 862.262587077467], [-100.8081803318485, 204.01788499234593, 937.221959786124], [37.797877024538, 0.0113333323744, 938.4038311009991], [153.2934901869267, -197.35804940972284, 868.5555927589182], [232.2873781372511, -371.7049804980039, 737.0356604273686], [265.9089529717718, -508.0464000616685, 558.7794863372801], [251.053774049352, -594.1076626959067, 352.63752429587], [190.936236265974, -621.4892811101593, 139.2534887396652], [94.82652897599, -586.5625256838166, -61.2724156601745], [-23.045091355651, -490.9703833447117, -231.6403851964173], [-145.3098422303942, -341.6388363771745, -359.22354937421153]],