{
  "A__Y*Y__A*first__last*last__first": {
    "angle": 0.0,
    "mean_close_neighborings": 1.637548801816883e-12,
    "this_folding": [
      -1,
      -1,
      1,
      1,
      -1,
      -1,
      1,
      1,
      -1,
      -1,
      1,
      1,
      -1,
      -1,
      1,
      1,
      -1,
      -1,
      1,
      1,
      -1,
      -1,
      1
    ],
    "this_folding_np_id": "24_1677721"
  },
  "A__last*X__first*first__X*last__A": {
    "angle": 0.21226977389120222,
    "mean_close_neighborings": 44.33980094437344,
    "this_folding": [
      -1,
      -1,
      1,
      1,
      -1,
      -1,
      1,
      1,
      -1,
      -1,
      1,
      1,
      -1,
      -1,
      1,
      1,
      -1,
      -1,
      1,
      1,
      -1,
      -1,
      1
    ],
    "this_folding_np_id": "24_1677721"
  },
  "A__X*B__Y*X__A*Y__B": {
    "angle": 0.29717768344768314,
    "mean_close_neighborings": 14.598100383792488,
    "this_folding": [
      -1,
      -1,
      1,
      1,
      -1,
      -1,
      1,
      1,
      -1,
      -1,
      1,
      1,
      -1,
      -1,
      1,
      1,
      -1,
      -1,
      1,
      1,
      -1,
      -1,
      1
    ],
    "this_folding_np_id": "24_1677721"
  },
  "A__W*B__X*C__Y*W__A*X__B*Y__C": {
    "angle": 0.4457665251715247,
    "mean_close_neighborings": 37.04933106418878,
    "this_folding": [
      -1,
      -1,
      1,
      1,
      -1,
      -1,
      1,
      1,
      -1,
      -1,
      1,
      1,
      -1,
      -1,
      1,
      1,
      -1,
      -1,
      1,
      1,
      -1,
      -1,
      1
    ],
    "this_folding_np_id": "24_1677721"
  },
  "B__W*D__Y*W__B*Y__D": {
    "angle": 0.5519014121171258,
    "mean_close_neighborings": 49.01222427478334,
    "this_folding": [
      -1,
      -1,
      1,
      1,
      -1,
      -1,
      1,
      1,
      -1,
      -1,
      1,
      1,
      -1,
      -1,
      1,
      1,
      -1,
      -1,
      1,
      1,
      -1,
      -1,
      1
    ],
    "this_folding_np_id": "24_1677721"
  },
  "A__V*B__W*C__X*D__Y*V__A*W__B*X__C*Y__D": {
    "angle": 0.573128389506246,
    "mean_close_neighborings": 19.69259399117424,
    "this_folding": [
      -1,
      -1,
      1,
      1,
      -1,
      -1,
      1,
      1,
      -1,
      -1,
      1,
      1,
      -1,
      -1,
      1,
      1,
      -1,
      -1,
      1,
      1,
      -1,
      -1,
      1
    ],
    "this_folding_np_id": "24_1677721"
  },
  "B_C__W*B__V_W*D_E__Y*D__last*U__first*V_W__B*W__B_C*Y__D_E*first__U*last__D": {
    "angle": 0.6368093216736067,
    "mean_close_neighborings": 47.846623931333326,
    "this_folding": [
      -1,
      -1,
      1,
      1,
      -1,
      -1,
      1,
      1,
      -1,
      -1,
      1,
      1,
      -1,
      -1,
      1,
      1,
      -1,
      -1,
      1,
      1,
      -1,
      -1,
      1
    ],
    "this_folding_np_id": "24_1677721"
  },
  "A__U*B_C__V_W*B__V*C__W*D_E__last*D__X*E__Y*T_U__first*U__A*V_W__B_C*V__B*W__C*X__D*Y__E*first__T_U*last__D_E": {
    "angle": 0.6792632764518471,
    "mean_close_neighborings": 7.642206937685926,
    "this_folding": [
      -1,
      -1,
      1,
      1,
      -1,
      -1,
      1,
      1,
      -1,
      -1,
      1,
      1,
      -1,
      -1,
      1,
      1,
      -1,
      -1,
      1,
      1,
      -1,
      -1,
      1
    ],
    "this_folding_np_id": "24_1677721"
  },
  "A__T_U*B_C__V*C__V_W*D_E__X*E__last*T_U__A*T__first*V_W__C*V__B_C*X__D_E*first__T*last__E": {
    "angle": 0.7429442086192078,
    "mean_close_neighborings": 47.61398026561822,
    "this_folding": [
      -1,
      -1,
      1,
      1,
      -1,
      -1,
      1,
      1,
      -1,
      -1,
      1,
      1,
      -1,
      -1,
      1,
      1,
      -1,
      -1,
      1,
      1,
      -1,
      -1,
      1
    ],
    "this_folding_np_id": "24_1677721"
  },
  "A__T*C__V*E__X*T__A*V__C*X__E": {
    "angle": 0.7853981633974483,
    "mean_close_neighborings": 6.135582126330775,
    "this_folding": [
      -1,
      -1,
      1,
      1,
      -1,
      -1,
      1,
      1,
      -1,
      -1,
      1,
      1,
      -1,
      -1,
      1,
      1,
      -1,
      -1,
      1,
      1,
      -1,
      -1,
      1
    ],
    "this_folding_np_id": "24_1677721"
  },
  "B__S*D__U*F__W*H__Y*S__B*U__D*W__F*Y__H": {
    "angle": 0.9764409598995303,
    "mean_close_neighborings": 5.912350263112607,
    "this_folding": [
      -1,
      -1,
      1,
      1,
      -1,
      -1,
      1,
      1,
      -1,
      -1,
      1,
      1,
      -1,
      -1,
      1,
      1,
      -1,
      -1,
      1,
      1,
      -1,
      -1,
      1
    ],
    "this_folding_np_id": "24_1677721"
  },
  "B_C__S*B__R_S*D_E__U*D__T_U*F_G__W*F__V_W*H_I__Y*H__last*Q__first*R_S__B*S__B_C*T_U__D*U__D_E*V_W__F*W__F_G*Y__H_I*first__Q*last__H": {
    "angle": 1.0401218920668909,
    "mean_close_neighborings": 49.55544996459332,
    "this_folding": [
      -1,
      -1,
      1,
      1,
      -1,
      -1,
      1,
      1,
      -1,
      -1,
      1,
      1,
      -1,
      -1,
      1,
      1,
      -1,
      -1,
      1,
      1,
      -1,
      -1,
      1
    ],
    "this_folding_np_id": "24_1677721"
  },
  "A__Q*B_C__R_S*B__R*C__S*D_E__T_U*D__T*E__U*F_G__V_W*F__V*G__W*H_I__last*H__X*I__Y*P_Q__first*Q__A*R_S__B_C*R__B*S__C*T_U__D_E*T__D*U__E*V_W__F_G*V__F*W__G*X__H*Y__I*first__P_Q*last__H_I": {
    "angle": 1.1038028242342517,
    "mean_close_neighborings": 7.080082397682858,
    "this_folding": [
      -1,
      -1,
      1,
      1,
      -1,
      -1,
      1,
      1,
      -1,
      -1,
      1,
      1,
      -1,
      -1,
      1,
      1,
      -1,
      -1,
      1,
      1,
      -1,
      -1,
      1
    ],
    "this_folding_np_id": "24_1677721"
  },
  "A__P_Q*B_C__R*C__R_S*D_E__T*E__T_U*F_G__V*G__V_W*H_I__X*I__last*P_Q__A*P__first*R_S__C*R__B_C*T_U__E*T__D_E*V_W__G*V__F_G*X__H_I*first__P*last__I": {
    "angle": 1.1674837564016123,
    "mean_close_neighborings": 43.563757477402646,
    "this_folding": [
      -1,
      -1,
      1,
      1,
      -1,
      -1,
      1,
      1,
      -1,
      -1,
      1,
      1,
      -1,
      -1,
      1,
      1,
      -1,
      -1,
      1,
      1,
      -1,
      -1,
      1
    ],
    "this_folding_np_id": "24_1677721"
  },
  "A__P*C__R*E__T*G__V*I__X*P__A*R__C*T__E*V__G*X__I": {
    "angle": 1.2099377111798528,
    "mean_close_neighborings": 10.823279628452212,
    "this_folding": [
      -1,
      -1,
      1,
      1,
      -1,
      -1,
      1,
      1,
      -1,
      -1,
      1,
      1,
      -1,
      -1,
      1,
      1,
      -1,
      -1,
      1,
      1,
      -1,
      -1,
      1
    ],
    "this_folding_np_id": "24_1677721"
  },
  "B__O*D__Q*F__S*H__U*J__W*L__Y*O__B*Q__D*S__F*U__H*W__J*Y__L": {
    "angle": 1.4646614398492954,
    "mean_close_neighborings": 0.21181195879128045,
    "this_folding": [
      -1,
      -1,
      1,
      1,
      -1,
      -1,
      1,
      1,
      -1,
      -1,
      1,
      1,
      -1,
      -1,
      1,
      1,
      -1,
      -1,
      1,
      1,
      -1,
      -1,
      1
    ],
    "this_folding_np_id": "24_1677721"
  },
  "B_C__O*B__N_O*D_E__Q*D__P_Q*F_G__S*F__R_S*H_I__U*H__T_U*J_K__W*J__V_W*L_M__Y*L__last*M__first*N_O__B*O__B_C*P_Q__D*Q__D_E*R_S__F*S__F_G*T_U__H*U__H_I*V_W__J*W__J_K*Y__L_M*first__M*last__L": {
    "angle": 1.5495693494057763,
    "mean_close_neighborings": 42.647573808115524,
    "this_folding": [
      -1,
      -1,
      1,
      1,
      -1,
      -1,
      1,
      1,
      -1,
      -1,
      1,
      1,
      -1,
      -1,
      1,
      1,
      -1,
      -1,
      1,
      1,
      -1,
      -1,
      1
    ],
    "this_folding_np_id": "24_1677721"
  }
}