{
  "A__Y*Y__A*first__last*last__first": {
    "angle": 0.0,
    "mean_close_neighborings": 1.637548801816883e-12,
    "this_folding": [
      -1,
      1,
      1,
      -1,
      -1,
      1,
      1,
      -1,
      -1,
      1,
      1,
      -1,
      -1,
      1,
      1,
      -1,
      -1,
      1,
      1,
      -1,
      -1,
      1,
      -1
    ],
    "this_folding_np_id": "24_3355442"
  },
  "Y__first*first__Y": {
    "angle": 0.14858884172384157,
    "mean_close_neighborings": 41.850366562120314,
    "this_folding": [
      -1,
      1,
      1,
      -1,
      -1,
      1,
      1,
      -1,
      -1,
      1,
      1,
      -1,
      -1,
      1,
      1,
      -1,
      -1,
      1,
      1,
      -1,
      -1,
      1,
      -1
    ],
    "this_folding_np_id": "24_3355442"
  }
}