{
  "A__Y*Y__A*first__last*last__first": {
    "angle": 0.0,
    "mean_close_neighborings": 1.637548801816883e-12,
    "this_folding": [
      -1,
      1,
      1,
      1,
      -1,
      1,
      -1,
      1,
      1,
      1,
      -1,
      -1,
      -1,
      -1,
      1,
      -1,
      1,
      -1,
      -1,
      -1,
      1,
      -1,
      -1
    ],
    "this_folding_np_id": "24_3858756"
  },
  "first__last*last__first": {
    "angle": 0.021226977389120223,
    "mean_close_neighborings": 29.351817613326528,
    "this_folding": [
      -1,
      1,
      1,
      1,
      -1,
      1,
      -1,
      1,
      1,
      1,
      -1,
      -1,
      -1,
      -1,
      1,
      -1,
      1,
      -1,
      -1,
      -1,
      1,
      -1,
      -1
    ],
    "this_folding_np_id": "24_3858756"
  }
}