{
  "A__Y*Y__A*first__last*last__first": {
    "angle": 0.0,
    "mean_close_neighborings": 1.637548801816883e-12,
    "this_folding": [
      1,
      -1,
      -1,
      -1,
      1,
      -1,
      1,
      -1,
      -1,
      -1,
      1,
      1,
      1,
      1,
      -1,
      1,
      -1,
      1,
      1,
      -1,
      1,
      1,
      -1
    ],
    "this_folding_np_id": "24_4529846"
  },
  "first__last*last__first": {
    "angle": 0.06368093216736068,
    "mean_close_neighborings": 39.26348850977429,
    "this_folding": [
      1,
      -1,
      -1,
      -1,
      1,
      -1,
      1,
      -1,
      -1,
      -1,
      1,
      1,
      1,
      1,
      -1,
      1,
      -1,
      1,
      1,
      -1,
      1,
      1,
      -1
    ],
    "this_folding_np_id": "24_4529846"
  },
  "Y__first*first__Y": {
    "angle": 0.10613488694560111,
    "mean_close_neighborings": 41.354813933560784,
    "this_folding": [
      1,
      -1,
      -1,
      -1,
      1,
      -1,
      1,
      -1,
      -1,
      -1,
      1,
      1,
      1,
      1,
      -1,
      1,
      -1,
      1,
      1,
      -1,
      1,
      1,
      -1
    ],
    "this_folding_np_id": "24_4529846"
  }
}