{
  "A__Y*Y__A*first__last*last__first": {
    "angle": 0.0,
    "mean_close_neighborings": 1.637548801816883e-12,
    "this_folding": [
      1,
      1,
      1,
      -1,
      -1,
      1,
      1,
      -1,
      -1,
      1,
      1,
      -1,
      -1,
      1,
      1,
      -1,
      -1,
      1,
      -1,
      1,
      1,
      -1,
      -1
    ],
    "this_folding_np_id": "24_7549740"
  },
  "first__last*last__first": {
    "angle": 0.042453954778240446,
    "mean_close_neighborings": 38.57690018428805,
    "this_folding": [
      1,
      1,
      1,
      -1,
      -1,
      1,
      1,
      -1,
      -1,
      1,
      1,
      -1,
      -1,
      1,
      1,
      -1,
      -1,
      1,
      -1,
      1,
      1,
      -1,
      -1
    ],
    "this_folding_np_id": "24_7549740"
  }
}