{
  "A__Y*Y__A*first__last*last__first": {
    "angle": 0.0,
    "mean_close_neighborings": 1.637548801816883e-12,
    "this_folding": [
      -1,
      -1,
      -1,
      1,
      1,
      -1,
      -1,
      1,
      1,
      -1,
      -1,
      1,
      1,
      -1,
      -1,
      1,
      1,
      -1,
      -1,
      1,
      1,
      -1,
      -1
    ],
    "this_folding_np_id": "24_838860"
  },
  "A__Y*Y__A": {
    "angle": 0.08490790955648089,
    "mean_close_neighborings": 49.59041266092304,
    "this_folding": [
      -1,
      -1,
      -1,
      1,
      1,
      -1,
      -1,
      1,
      1,
      -1,
      -1,
      1,
      1,
      -1,
      -1,
      1,
      1,
      -1,
      -1,
      1,
      1,
      -1,
      -1
    ],
    "this_folding_np_id": "24_838860"
  }
}