{"A": [[0.0, 1000.0, 0.0], [0.0, 1000.0, 0.0], [0.0, 1000.0, 0.0], [0.0, 1000.0, 0.0], [0.0, 1000.0, 0.0], [0.0, 1000.0, 0.0], [0.0, 1000.0, 0.0], [0.0, 1000.0, 0.0], [0.0, 1000.0, 0.0], [0.0, 1000.0, 0.0], [0.0, 1000.0, 0.0], [0.0, 1000.0, 0.0], [0.0, 1000.0, 0.0], [0.0, 1000.0, 0.0], [0.0, 1000.0, 0.0]], "B": [[433.8837391175581, 900.9688679024191, 0.0], [433.8837391175581, 900.9688679024191, 0.0], [433.8837391175581, 900.9688679024191, 0.0], [433.8837391175581, 900.9688679024191, 0.0], [433.8837391175581, 900.9688679024191, 0.0], [433.8837391175581, 900.9688679024191, 0.0], [433.8837391175581, 900.9688679024191, 0.0], [433.8837391175581, 900.9688679024191, 0.0], [433.8837391175581, 900.9688679024191, 0.0], [433.8837391175581, 900.9688679024191, 0.0], [433.8837391175581, 900.9688679024191, 0.0], [433.8837391175581, 900.9688679024191, 0.0], [433.8837391175581, 900.9688679024191, 0.0], [433.8837391175581, 900.9688679024191, 0.0], [433.8837391175581, 900.9688679024191, 0.0]], "C": [[781.83148246803, 623.489801858734, 0.0], [779.256160460805, 622.249592144798, -33.1016629765276], [771.606439031228, 618.565680463366, -65.2233231478254], [759.108794669787, 612.547132144013, -95.4139915228319], [742.133230736787, 604.372131413935, -122.779847760247], [721.182323199074, 594.282706102789, -146.510702477768], [696.876341442318, 582.577562203537, -165.903983595854], [669.934884669809, 569.603240428196, -180.385536579977], [641.155577557767, 555.74385657617, -189.52662277255], [611.390455900358, 541.409729460243, -193.056612564483], [581.52074136741, 527.025233070149, -190.870997614276], [552.430752189533, 513.016232620698, -183.034484906103], [524.9817221669346, 499.797476450928, -169.779081044669], [499.9863031123663, 487.76031704779, -151.497223502914], [478.1845056050173, 477.261124723869, -128.730162177812]], "D": [[974.927912181824, 222.520933956314, 0.0], [964.243440470827, 221.845124932638, -92.4163581725917], [932.811378691838, 219.984600711376, -180.1509285693224], [882.441535827519, 217.417861497409, -258.8892454053869], [815.9752440893915, 214.871067001588, -325.013727416563], [737.0425399578343, 213.220112499462, -375.861999565518], [649.759302085843, 213.37060148315, -409.888550634546], [558.396280251966, 216.130329077318, -426.71520361344], [467.054395089457, 222.089889064961, -427.068350522283], [379.379226593729, 231.526162337768, -412.613503821033], [298.342433692407, 244.34083339865, -385.708982719461], [226.109582693173, 260.042018814857, -349.10918401168], [164.0034924180336, 277.772053190401, -305.652894815005], [112.5609535539473, 296.379055667263, -257.972927337629], [71.6698723032963, 314.52473048924, -208.2599245202241]], "E": [[974.927912181824, -222.520933956311, 0.0], [950.3487499208659, -216.918251002276, -165.6003844889778], [879.1419407580976, -199.937190881829, -317.4372883148864], [768.525648364826, -171.145578654417, -443.5616249214459], [629.3528526363995, -130.089527157445, -535.338561140427], [474.5719119518603, -76.618065810509, -588.383207973679], [317.4746297434161, -11.207577375214, -602.797343337483], [170.030997942736, 64.802797170628, -582.710875922196], [41.574185277462, 149.1322791122933, -535.262816200955], [-61.986176853631, 238.6649835210571, -469.2516717559225], [-138.358342428379, 329.7248675525171, -393.72540600379415], [-188.522018284127, 418.460768933751, -316.7610885974637], [-215.9845497732184, 501.257001608049, -244.6133189844028], [-225.8329820173807, 575.080491242147, -181.309256852801], [-223.7764814206847, 637.693590324625, -128.6634151805418]], "F": [[781.83148246803, -623.489801858726, 0.0], [740.4636472425678, -602.731561586662, -237.4237598259683], [623.3680694890386, -541.284769207136, -444.4168998383464], [450.017877559957, -441.752077096768, -596.4903244282649], [248.1202459351485, -308.782026737421, -679.536183786552], [47.8340052868493, -149.2749685766036, -691.717605396642], [-124.0785252973459, 27.7263630868119, -642.5116197228281], [-248.771646125132, 211.626875947046, -549.4047292164905], [-317.596964571118, 391.3453900983223, -433.325785745467], [-331.925202458524, 556.6672955309522, -314.1074929833775], [-300.957027469637, 699.5678894486061, -207.07045436096314], [-238.4131150571245, 815.174815548557, -121.3356350954717], [-159.1098889797085, 902.136922577779, -59.8896710178008], [-76.2386080389457, 962.339477814196, -20.952576953418], [0.2107791263473, 1000.084379336425, 0.0412364339462]], "G": [[433.883739117558, -900.968867902426, 0.0], [378.2663299563769, -855.305020786726, -292.9396607333865], [226.3478287059196, -722.838920574413, -530.8766171926594], [18.226182047951, -516.8257338642796, -673.8346321799626], [-193.1955015744805, -258.1504948371073, -706.7230036191147], [-357.7209153866827, 26.8243864940804, -640.9584913742646], [-441.1583409085489, 309.5622424587319, -508.0081185572931], [-432.312059926023, 563.453445211171, -347.9270732424485], [-342.2811392913993, 767.8789305750433, -197.369330844127], [-197.552512202152, 911.1819712666781, -81.0289890487285], [-30.234323293601, 991.7135486065841, -8.51971657858013], [130.9502465014105, 1016.710999366315, 23.6338028751433], [266.3948153430585, 999.475266352283, 26.9046699589944], [367.2936653235113, 955.8124901148227, 15.0860844071843], [434.0369289887643, 900.801303823883, -0.0412710424797597]], "H": [[0.0, -1000.000000000006, 0.0], [-60.8680287409211, -922.0767588052073, -320.5949352513416], [-217.4529824381694, -701.401197557797, -556.2444758897717], [-403.06590167178, -374.8448688755146, -653.4219310532397], [-538.8655372887475, 3.9385174111137, -607.3054988062809], [-565.8482132681487, 375.1513585365524, -458.1645838733696], [-465.9145525980168, 685.1066256277859, -270.4879921508581], [-264.147298894369, 897.074325068855, -106.1007184642295], [-14.0477090378643, 997.5912222164823, -3.57216231993], [225.204123483898, 996.3574581180743, 28.8992949286055], [408.713659771844, 920.0880259588278, 7.50266974086387], [515.9798783046825, 802.859002509996, -40.2549306321263], [550.0506050491845, 676.495001296292, -88.3576636358156], [529.4238885867753, 563.9661877283756, -119.9418023637977], [478.0683675001745, 477.073223950687, -128.79689594776275]], "I": [[-433.88373911756, -900.968867902426, 0.0], [-485.5532513053621, -789.1512245775493, -314.63437480398545], [-602.4377369127664, -482.072427341294, -514.4845241104609], [-693.084804852882, -56.5117322344836, -541.1040157010196], [-666.9118934033095, 385.0006121859897, -416.3655218325519], [-486.1006562971054, 744.3312322014974, -222.7738189036046], [-185.2421424008528, 955.5602799087649, -55.6855637769351], [149.034417513521, 1000.831511624956, 22.6532316085875], [422.0252984862227, 908.9658069604843, 3.36556603808826], [571.618552903644, 738.7100424877564, -79.1614125647705], [586.061860319095, 554.8282075560227, -174.69267876771312], [495.9697016460645, 407.286126375717, -243.1932382334973], [351.5549863467215, 320.676283404537, -267.3961889563506], [199.8404337946283, 295.09465737618166, -250.8811420921507], [71.4449320689865, 314.576209078689, -208.25988173983575]], "J": [[-781.831482468032, -623.489801858726, 0.0], [-807.4101016764552, -484.1909232811973, -276.2984034768265], [-837.0043228923984, -117.039036276609, -415.532998882968], [-768.6895920383669, 346.9157805320374, -369.0795340339667], [-532.1503401907505, 750.5688842729637, -201.2808259236109], [-153.1346584328614, 973.9271111984874, -37.0814905509506], [252.2813518903632, 977.7550969299135, 22.6907479234926], [545.099564027398, 808.898672290214, -43.3501705537975], [640.3406016874347, 568.1755361176153, -181.73625427215075], [542.8275742313022, 360.5206833599963, -311.9835601040275], [328.148012814109, 253.6024958778557, -376.69708981935514], [92.7840154285865, 262.218620101064, -363.4387589307593], [-90.9563971336915, 358.8956349643686, -295.4179814001269], [-193.9285582187537, 497.9719161496437, -207.8804095809643], [-223.7993118611915, 637.913294677591, -128.59665498080236]],