{"A": [[0.0, 1000.0, 0.0], [0.0, 1000.0, 0.0], [0.0, 1000.0, 0.0], [0.0, 1000.0, 0.0], [0.0, 1000.0, 0.0], [0.0, 1000.0, 0.0], [0.0, 1000.0, 0.0], [0.0, 1000.0, 0.0], [0.0, 1000.0, 0.0], [0.0, 1000.0, 0.0], [0.0, 1000.0, 0.0], [0.0, 1000.0, 0.0], [0.0, 1000.0, 0.0], [0.0, 1000.0, 0.0], [0.0, 1000.0, 0.0]], "B": [[433.8837391175581, 900.9688679024191, 0.0], [433.8837391175581, 900.9688679024191, 0.0], [433.8837391175581, 900.9688679024191, 0.0], [433.8837391175581, 900.9688679024191, 0.0], [433.8837391175581, 900.9688679024191, 0.0], [433.8837391175581, 900.9688679024191, 0.0], [433.8837391175581, 900.9688679024191, 0.0], [433.8837391175581, 900.9688679024191, 0.0], [433.8837391175581, 900.9688679024191, 0.0], [433.8837391175581, 900.9688679024191, 0.0], [433.8837391175581, 900.9688679024191, 0.0], [433.8837391175581, 900.9688679024191, 0.0], [433.8837391175581, 900.9688679024191, 0.0], [433.8837391175581, 900.9688679024191, 0.0], [433.8837391175581, 900.9688679024191, 0.0]], "C": [[781.83148246803, 623.489801858734, 0.0], [779.256160460805, 622.249592144798, -33.1016629765276], [771.606439031228, 618.565680463366, -65.2233231478254], [759.108794669787, 612.547132144013, -95.4139915228319], [742.133230736787, 604.372131413935, -122.779847760247], [721.182323199074, 594.282706102789, -146.510702477768], [696.876341442318, 582.577562203537, -165.903983595854], [669.934884669809, 569.603240428196, -180.385536579977], [641.155577557767, 555.74385657617, -189.52662277255], [611.390455900358, 541.409729460243, -193.056612564483], [581.52074136741, 527.025233070149, -190.870997614276], [552.430752189533, 513.016232620698, -183.034484906103], [524.9817221669346, 499.797476450928, -169.779081044669], [499.9863031123663, 487.76031704779, -151.497223502914], [478.1845056050173, 477.261124723869, -128.730162177812]], "D": [[974.927912181824, 222.520933956314, 0.0], [982.668332089844, 230.718085090636, 25.1120090620683], [1004.345156531845, 254.43345250654, 41.0907123062406], [1035.525410292372, 291.139169988401, 40.0594031563291], [1069.464465665686, 336.94504225401, 16.501446096945], [1097.990023234075, 387.043259167755, -31.92434629364], [1112.586577604817, 436.256470264928, -103.9572177498883], [1105.549226224488, 479.6253004634506, -194.7514666489618], [1071.06666974846, 512.9668699889396, -296.338824440172], [1006.10085114081, 533.3393897774648, -398.485037330127], [910.95401596506, 539.3590226086787, -489.842333060756], [789.450322060618, 531.3326206344865, -559.263800116145], [648.7042224072256, 511.1916224706763, -597.125755965552], [498.4963959150576, 482.2357692066297, -596.502306331028], [350.3243007993443, 448.717630671255, -554.052747011349]], "E": [[974.927912181824, -222.520933956311, 0.0], [989.2844192783731, -208.016063664153, 99.481615097615], [1031.0077638007417, -165.037805929773, 187.3618062196986], [1095.9689440682691, -95.281677655343, 252.3982171450361], [1177.065045088955, -1.817127425995, 284.315881661257], [1264.140723805243, 110.689096202929, 274.807760775183], [1344.293026220884, 235.897449677375, 218.8904998107047], [1402.787040343398, 366.0094641026836, 116.3809613957762], [1424.670182423121, 492.3471147103705, -26.891898847114], [1396.970699585086, 606.2741752702718, -198.576201013604], [1311.156207569126, 700.3287979919467, -380.347121094564], [1165.372137841874, 769.3519797985155, -549.6806232927655], [965.9288260359966, 811.3603087060573, -682.738692204498], [727.5857089725256, 827.9373447561798, -757.966765270373], [472.3845745738633, 824.004203045054, -759.779610490999]], "F": [[781.83148246803, -623.489801858726, 0.0], [838.3164519048771, -583.307628706446, 285.027238140532], [993.7096155598526, -471.694390202679, 507.7254303330366], [1210.5224110770032, -312.501129144808, 623.552467135604], [1440.032532230778, -136.765512825158, 617.030922168355], [1637.109112908071, 26.9094424814496, 502.706454381605], [1771.947997327742, 160.3653941545984, 316.1961957963958], [1834.587437864487, 259.5641810458176, 99.6452925793097], [1831.368189790598, 333.0103005945555, -112.1607364485993], [1776.003177988712, 396.0577751546458, -299.599513337029], [1680.070235283994, 463.6968746848077, -457.6131370544874], [1547.612934080818, 544.7178919629065, -588.3298725487053], [1376.2516450304026, 639.2541113763973, -691.508255954941], [1163.8703600081647, 740.0855040900375, -758.1135898097158], [917.1214157510133, 836.4908409831002, -770.5262456824483]], "G": [[433.883739117558, -900.968867902426, 0.0], [561.1816607020471, -817.056454777497, 543.135854832299], [901.3253207549451, -592.571357160287, 925.9552297587796], [1346.3462884375392, -298.247973196169, 1047.121807479564], [1765.572538321265, -20.280337541809, 897.24008077845], [2054.811894483997, 172.1129664443276, 552.7323185686226], [2169.166850599714, 249.6441654025087, 136.4498528435428], [2127.004704540407, 227.8211841552462, -234.3409174554063], [1987.49648117167, 153.9264914581485, -488.4787005836983], [1816.1944133276606, 84.0508403713538, -614.398816773726], [1656.4494349621004, 61.1771114825407, -645.9802313647884], [1518.5138782500824, 102.8788068860635, -632.9810992214267], [1387.4074634813887, 201.3492254819993, -612.9135817100015], [1241.4118499264957, 332.6396513067635, -596.7523225052068], [1069.8204888565263, 468.9185395374872, -571.4386758096624]], "H": [[0.0, -1000.000000000006, 0.0], [164.1170709044891, -906.925872390244, 722.928689789649], [616.9724121464021, -652.7988438718876, 1262.9690831912867], [1245.4792278625853, -309.7219311814702, 1480.4305294945661], [1885.695980408319, 17.5241208552526, 1324.093036468843], [2371.032366445803, 223.6779327382835, 861.6140622158056], [2594.939034903944, 247.34335136950625, 265.9682589592508], [2554.356010974372, 105.0651312940152, -253.4217080648409], [2341.024252609555, -110.2334882631355, -545.9233185298248], [2080.0186749237505, -273.1108061191942, -584.4892620362951], [1854.9349719048696, -289.7787806055303, -457.5771591277264], [1671.4312167222004, -144.5944963000105, -296.17920492754865], [1481.4307870099813, 98.6235619875103, -190.22064719675348], [1242.4640928960857, 338.2523287851072, -151.7470923882808], [961.2369455843153, 490.8235291946487, -140.4026567187494]], "I": [[-433.88373911756, -900.968867902426, 0.0], [-270.24608087194287, -834.2135814603163, 786.9899052145979], [208.3089635397971, -638.0465037234953, 1438.5789303760926], [936.8372126933021, -343.633715437642, 1799.260204330472], [1758.014419120366, -36.6923480449811, 1746.964479820391], [2448.3485437827517, 159.195418939145, 1295.1189391564326], [2823.87658724092, 154.68091745411215, 636.1891857934718], [2845.518265229264, -30.8242563233728, 54.5082843446941], [2627.987261048914, -262.2325479468645, -241.6031222926038], [2339.8660341952027, -367.2919823665452, -235.6748126287631], [2081.1665542409173, -245.5090382546452, -76.8912974765794], [1839.2784488204602, 72.7019055531025, 54.06620134326435], [1545.5216212831256, 454.3173322061633, 69.46487605198152], [1165.6621433349897, 749.6428993069832, -0.348534850699816], [741.4547332622933, 871.9287788792337, -73.1952761356723]], "J": [[-781.831482468032, -623.489801858726, 0.0], [-651.5145304232169, -614.0513934639494, 721.9880240988812], [-227.4288761442529, -551.8244640545798, 1411.0006937035905], [508.8999440148252, -390.2616925292327, 1912.210591773414], [1427.583357575619, -163.7981620551641, 2016.634073594662], [2253.1606329800265, 6.688010016759, 1664.8559185017707], [2734.7884799260937, 20.70891072909914, 1051.1314405040469], [2815.770350414913, -93.6351188579788, 494.0900415947211], [2634.122358224212, -188.5794148385754, 197.2588614347792], [2371.5575679144004, -117.2394682546882, 131.1107528887779], [2113.6145075636236, 150.6366810391618, 123.3035166558626], [1838.6557917616135, 517.3371510528945, 35.05633672823635], [1502.7900471669434, 841.7039138572353, -145.40232276024648], [1110.631738612234, 1033.164897266733, -338.9474058235968], [714.2563679487263, 1085.4714063313418, -462.7104355072803]],