{"A": [[0.0, 1000.0, 0.0], [0.0, 1000.0, 0.0], [0.0, 1000.0, 0.0], [0.0, 1000.0, 0.0], [0.0, 1000.0, 0.0], [0.0, 1000.0, 0.0], [0.0, 1000.0, 0.0], [0.0, 1000.0, 0.0], [0.0, 1000.0, 0.0], [0.0, 1000.0, 0.0], [0.0, 1000.0, 0.0], [0.0, 1000.0, 0.0], [0.0, 1000.0, 0.0], [0.0, 1000.0, 0.0], [0.0, 1000.0, 0.0]], "B": [[433.8837391175581, 900.9688679024191, 0.0], [433.8837391175581, 900.9688679024191, 0.0], [433.8837391175581, 900.9688679024191, 0.0], [433.8837391175581, 900.9688679024191, 0.0], [433.8837391175581, 900.9688679024191, 0.0], [433.8837391175581, 900.9688679024191, 0.0], [433.8837391175581, 900.9688679024191, 0.0], [433.8837391175581, 900.9688679024191, 0.0], [433.8837391175581, 900.9688679024191, 0.0], [433.8837391175581, 900.9688679024191, 0.0], [433.8837391175581, 900.9688679024191, 0.0], [433.8837391175581, 900.9688679024191, 0.0], [433.8837391175581, 900.9688679024191, 0.0], [433.8837391175581, 900.9688679024191, 0.0], [433.8837391175581, 900.9688679024191, 0.0]], "C": [[781.83148246803, 623.489801858734, 0.0], [779.256160460805, 622.249592144798, -33.1016629765276], [771.606439031228, 618.565680463366, -65.2233231478254], [759.108794669787, 612.547132144013, -95.4139915228319], [742.133230736787, 604.372131413935, -122.779847760247], [721.182323199074, 594.282706102789, -146.510702477768], [696.876341442318, 582.577562203537, -165.903983595854], [669.934884669809, 569.603240428196, -180.385536579977], [641.155577557767, 555.74385657617, -189.52662277255], [611.390455900358, 541.409729460243, -193.056612564483], [581.52074136741, 527.025233070149, -190.870997614276], [552.430752189533, 513.016232620698, -183.034484906103], [524.9817221669346, 499.797476450928, -169.779081044669], [499.9863031123663, 487.76031704779, -151.497223502914], [478.1845056050173, 477.261124723869, -128.730162177812]], "D": [[974.927912181824, 222.520933956314, 0.0], [964.243440470827, 221.845124932638, -92.4163581725917], [932.811378691838, 219.984600711376, -180.1509285693224], [882.441535827519, 217.417861497409, -258.8892454053869], [815.9752440893915, 214.871067001588, -325.013727416563], [737.0425399578343, 213.220112499462, -375.861999565518], [649.759302085843, 213.37060148315, -409.888550634546], [558.396280251966, 216.130329077318, -426.71520361344], [467.054395089457, 222.089889064961, -427.068350522283], [379.379226593729, 231.526162337768, -412.613503821033], [298.342433692407, 244.34083339865, -385.708982719461], [226.109582693173, 260.042018814857, -349.10918401168], [164.0034924180336, 277.772053190401, -305.652894815005], [112.5609535539473, 296.379055667263, -257.972927337629], [71.6698723032963, 314.52473048924, -208.2599245202241]], "E": [[974.927912181824, -222.520933956311, 0.0], [950.3487499208659, -216.918251002276, -165.6003844889778], [879.1419407580976, -199.937190881829, -317.4372883148864], [768.525648364826, -171.145578654417, -443.5616249214459], [629.3528526363995, -130.089527157445, -535.338561140427], [474.5719119518603, -76.618065810509, -588.383207973679], [317.4746297434161, -11.207577375214, -602.797343337483], [170.030997942736, 64.802797170628, -582.710875922196], [41.574185277462, 149.1322791122933, -535.262816200955], [-61.986176853631, 238.6649835210571, -469.2516717559225], [-138.358342428379, 329.7248675525171, -393.72540600379415], [-188.522018284127, 418.460768933751, -316.7610885974637], [-215.9845497732184, 501.257001608049, -244.6133189844028], [-225.8329820173807, 575.080491242147, -181.309256852801], [-223.7764814206847, 637.693590324625, -128.6634151805418]], "F": [[781.83148246803, -623.489801858726, 0.0], [740.4636472425678, -602.731561586662, -237.4237598259683], [623.3680694890386, -541.284769207136, -444.4168998383464], [450.017877559957, -441.752077096768, -596.4903244282649], [248.1202459351485, -308.782026737421, -679.536183786552], [47.8340052868493, -149.2749685766036, -691.717605396642], [-124.0785252973459, 27.7263630868119, -642.5116197228281], [-248.771646125132, 211.626875947046, -549.4047292164905], [-317.596964571118, 391.3453900983223, -433.325785745467], [-331.925202458524, 556.6672955309522, -314.1074929833775], [-300.957027469637, 699.5678894486061, -207.07045436096314], [-238.4131150571245, 815.174815548557, -121.3356350954717], [-159.1098889797085, 902.136922577779, -59.8896710178008], [-76.2386080389457, 962.339477814196, -20.952576953418], [0.2107791263473, 1000.084379336425, 0.0412364339462]], "G": [[433.883739117558, -900.968867902426, 0.0], [378.2663299563769, -855.305020786726, -292.9396607333865], [226.3478287059196, -722.838920574413, -530.8766171926594], [18.226182047951, -516.8257338642796, -673.8346321799626], [-193.1955015744805, -258.1504948371073, -706.7230036191147], [-357.7209153866827, 26.8243864940804, -640.9584913742646], [-441.1583409085489, 309.5622424587319, -508.0081185572931], [-432.312059926023, 563.453445211171, -347.9270732424485], [-342.2811392913993, 767.8789305750433, -197.369330844127], [-197.552512202152, 911.1819712666781, -81.0289890487285], [-30.234323293601, 991.7135486065841, -8.51971657858013], [130.9502465014105, 1016.710999366315, 23.6338028751433], [266.3948153430585, 999.475266352283, 26.9046699589944], [367.2936653235113, 955.8124901148227, 15.0860844071843], [434.0369289887643, 900.801303823883, -0.0412710424797597]], "H": [[0.0, -1000.000000000006, 0.0], [-44.2320896121611, -969.694933242102, -212.4890697740979], [-172.3002584209964, -873.36366311383, -402.4855399767634], [-366.498195779416, -698.5564760404956, -543.3610538256206], [-589.2426360114885, -435.6666583705753, -608.2499454572288], [-783.2485115925527, -89.6770221002526, -582.5123549925139], [-885.0846500328479, 311.88505924113326, -476.6026925191066], [-848.604008061539, 719.634681558814, -328.6735144642048], [-666.1443899351323, 1073.0816701733784, -192.25593478032678], [-374.857550417622, 1318.013171012828, -114.3990734310085], [-43.6397931499556, 1423.328906562878, -116.18001729034214], [252.8325142666915, 1389.926819623942, -185.9298593112677], [459.9368725181185, 1247.984104989447, -287.4949060884606], [557.4149271685083, 1044.6261134496453, -377.3783220041097], [558.3754252507923, 828.2249487964644, -421.15274705968676]], "I": [[-433.88373911756, -900.968867902426, 0.0], [-439.1074606467141, -922.096154486526, -12.8141794987669], [-477.7230678872064, -957.0435933883952, -89.7926540292724], [-593.864704806916, -934.8467894975486, -242.4729973425326], [-800.2664212919815, -778.6896788413893, -418.8655911189348], [-1043.8244911599506, -448.1504203075976, -541.7785134681259], [-1220.8593710108519, 33.46520059808726, -564.9202064134923], [-1233.540751116652, 581.085033913784, -503.8590252198648], [-1047.3717171830162, 1079.07162437816, -421.8035542478998], [-710.873388130087, 1426.1741441238962, -385.4282690856735], [-328.0465811776436, 1571.76912863244, -424.62862498840315], [-5.9420642228475, 1527.024664702569, -521.0450075775346], [189.3234379060785, 1349.5268215523, -625.9025152163716], [247.5042126757673, 1113.5733411774343, -689.2499190218667], [201.3658573800553, 882.6702009942618, -681.2337866551007]],