{"A": [[0.0, 1000.0, 0.0], [0.0, 1000.0, 0.0], [0.0, 1000.0, 0.0], [0.0, 1000.0, 0.0], [0.0, 1000.0, 0.0], [0.0, 1000.0, 0.0], [0.0, 1000.0, 0.0], [0.0, 1000.0, 0.0], [0.0, 1000.0, 0.0], [0.0, 1000.0, 0.0], [0.0, 1000.0, 0.0], [0.0, 1000.0, 0.0], [0.0, 1000.0, 0.0], [0.0, 1000.0, 0.0], [0.0, 1000.0, 0.0]], "B": [[433.8837391175581, 900.9688679024191, 0.0], [433.8837391175581, 900.9688679024191, 0.0], [433.8837391175581, 900.9688679024191, 0.0], [433.8837391175581, 900.9688679024191, 0.0], [433.8837391175581, 900.9688679024191, 0.0], [433.8837391175581, 900.9688679024191, 0.0], [433.8837391175581, 900.9688679024191, 0.0], [433.8837391175581, 900.9688679024191, 0.0], [433.8837391175581, 900.9688679024191, 0.0], [433.8837391175581, 900.9688679024191, 0.0], [433.8837391175581, 900.9688679024191, 0.0], [433.8837391175581, 900.9688679024191, 0.0], [433.8837391175581, 900.9688679024191, 0.0], [433.8837391175581, 900.9688679024191, 0.0], [433.8837391175581, 900.9688679024191, 0.0]], "C": [[781.83148246803, 623.489801858734, 0.0], [779.256160460805, 622.249592144798, -33.1016629765276], [771.606439031228, 618.565680463366, -65.2233231478254], [759.108794669787, 612.547132144013, -95.4139915228319], [742.133230736787, 604.372131413935, -122.779847760247], [721.182323199074, 594.282706102789, -146.510702477768], [696.876341442318, 582.577562203537, -165.903983595854], [669.934884669809, 569.603240428196, -180.385536579977], [641.155577557767, 555.74385657617, -189.52662277255], [611.390455900358, 541.409729460243, -193.056612564483], [581.52074136741, 527.025233070149, -190.870997614276], [552.430752189533, 513.016232620698, -183.034484906103], [524.9817221669346, 499.797476450928, -169.779081044669], [499.9863031123663, 487.76031704779, -151.497223502914], [478.1845056050173, 477.261124723869, -128.730162177812]], "D": [[974.927912181824, 222.520933956314, 0.0], [964.243440470827, 221.845124932638, -92.4163581725917], [932.811378691838, 219.984600711376, -180.1509285693224], [882.441535827519, 217.417861497409, -258.8892454053869], [815.9752440893915, 214.871067001588, -325.013727416563], [737.0425399578343, 213.220112499462, -375.861999565518], [649.759302085843, 213.37060148315, -409.888550634546], [558.396280251966, 216.130329077318, -426.71520361344], [467.054395089457, 222.089889064961, -427.068350522283], [379.379226593729, 231.526162337768, -412.613503821033], [298.342433692407, 244.34083339865, -385.708982719461], [226.109582693173, 260.042018814857, -349.10918401168], [164.0034924180336, 277.772053190401, -305.652894815005], [112.5609535539473, 296.379055667263, -257.972927337629], [71.6698723032963, 314.52473048924, -208.2599245202241]], "E": [[974.927912181824, -222.520933956311, 0.0], [957.9914273942592, -223.085974302094, -100.12955863821495], [908.1570593084476, -224.199587115885, -192.5942406339166], [828.3208558451228, -224.174203715968, -270.2762614317818], [723.1986442270176, -220.387666410628, -327.15888510969666], [599.1180997385572, -209.568920480368, -358.8753407610941], [463.6638712148981, -188.19119995543, -363.2101356066322], [325.150995583278, -152.952703365927, -340.4793842720514], [191.936498719516, -101.306139110392, -293.698877806286], [71.624882191178, -31.978731529352, -228.454065820717], [-29.732450119084, 54.590853802406, -152.419291454586], [-108.314568043771, 155.97678993142, -74.530998905014], [-162.9528715860184, 267.7195354949407, -3.890161661304], [-195.1931835590357, 383.5504513416615, 51.463339220091], [-208.9502721782117, 495.890633940138, 85.7145773873009]], "F": [[781.83148246803, -623.489801858726, 0.0], [761.8011981468712, -619.951195717721, -54.63610665065844], [703.5096553071616, -608.299036495782, -99.5925351831252], [612.2617570619308, -585.636013906868, -126.3106759549808], [496.5418809479625, -547.812579004969, -128.45835046618964], [367.3477226337073, -490.350215879723, -102.9327287448471], [237.1020503968451, -409.535955593704, -50.5785557971002], [118.176073923104, -303.489715499889, 23.6116125635016], [21.220792232773, -172.9780838978808, 111.000447723515], [-46.36271128354, -21.7705526768812, 200.541254743186], [-81.4476051723776, 143.5815851828549, 280.55698579551], [-85.4301538439254, 314.528351180636, 340.679755058962], [-63.6370789310403, 481.6999516269587, 373.483683532615], [-24.0644604303437, 636.1977576969875, 375.417908422171], [24.1966513222793, 770.675261117597, 346.8623993662859]], "G": [[433.883739117558, -900.968867902426, 0.0], [416.5009748144512, -886.160792310826, 34.59657034314236], [367.5623530239046, -840.922282428036, 76.7256423701528], [296.2028075843668, -763.345795799054, 131.7362927738462], [215.9862326895155, -651.863932532938, 200.97162426963035], [142.4533672528313, -507.1028218978547, 280.7391926992219], [90.0072433862971, -333.4919819985272, 362.5106549377618], [68.7819380292603, -139.976002960122, 434.5687263185976], [82.3734773851896, 60.5884662498132, 484.857746630358], [127.208250918123, 253.3437648948578, 504.26398609957], [193.8372962115844, 424.1718444021039, 489.242379861457], [269.7579649747726, 562.453917861555, 442.839325492394], [342.8014888440827, 663.0005113846368, 373.73238340218455], [403.9628461847403, 726.5926509890111, 293.6643014453518], [448.8554507947343, 759.0718727219077, 214.2255658564679]], "H": [[0.0, -1000.000000000006, 0.0], [-6.05044383115681, -966.3151421289463, 148.99868134193335], [-19.7505592518534, -866.7196510893783, 294.4076764239218], [-29.2500478339892, -706.3587408151502, 429.8892378531512], [-19.4675070318115, -495.82470978359, 544.8837665533474], [22.1688347708333, -252.5464496944117, 625.4056239213139], [100.2459716284872, -0.3141312688132, 657.3834282185068], [208.3055480221003, 233.850964283232, 631.6697791097226], [329.7344291421546, 424.9992413662112, 548.7295770418154], [442.592350874454, 556.0139873768288, 420.6824683303531], [526.5587654033824, 621.6030494590469, 269.288731553968], [569.1503063761846, 628.8553970638887, 120.322141973308], [568.7575608213997, 594.1145223245423, -3.442427849780465], [533.6614760500423, 537.4769372516021, -87.7485672728052], [478.0636181858893, 477.1186480233697, -128.8655681515511]], "I": [[-433.88373911756, -900.968867902426, 0.0], [-417.9178775859738, -843.7337019662913, 264.76254329819136], [-366.2730148463444, -679.5529943545853, 501.6589600644378], [-270.7978740208302, -431.0115670391892, 682.6754039167972], [-126.7338355232895, -134.757095274595, 781.9204234651284], [58.7669559668778, 162.6946841885883, 781.2826345792269], [262.3982330958512, 413.6256308803688, 677.9450820443134], [448.2293962446353, 580.825365785557, 489.8685945189156], [578.6096809549906, 648.1641195817892, 254.9255430986284], [627.697279740919, 625.1164891169632, 21.9052451119761], [590.9104849248746, 542.5473275503161, -163.921740645492], [485.6131446886739, 441.1786172952007, -274.470503789011], [343.1511253396977, 357.6846616462534, -305.5432743299635], [196.7893245064523, 314.1672072331671, -274.0606232129622], [71.4496853692103, 314.5307468829237, -208.1911519014718]], "J": [[-781.831482468032, -623.489801858726, 0.0], [-733.3895398857549, -543.9263164351723, 357.7970856036151], [-589.5545053732794, -323.9561822560513, 649.1667476846238], [-359.1951424726661, -16.2392037191342, 817.6275204296952], [-67.9612545022065, 303.927537986928, 828.4375219932989], [236.3430475317968, 558.1665423439644, 680.6297394056489], [490.6266498309222, 689.2029857766768, 413.3110414181834], [636.3393802003853, 680.8173665796421, 99.1276344078416], [643.1746024339049, 563.4553196755156, -177.1833023651356], [522.826884538471, 401.0342531254622, -348.0293652157119], [323.8781959979846, 264.4173376582691, -386.182240033647], [110.4241084813229, 204.4902943585897, -310.1648883671247], [-63.3572656360153, 237.3563690534934, -170.13908583047646], [-169.6707364172727, 346.3357497480072, -23.5921165790642], [-208.9654167056497, 496.0368275812127, 85.8924712281582]],