{"A": [[0.0, 1000.0, 0.0], [0.0, 1000.0, 0.0], [0.0, 1000.0, 0.0], [0.0, 1000.0, 0.0], [0.0, 1000.0, 0.0], [0.0, 1000.0, 0.0], [0.0, 1000.0, 0.0], [0.0, 1000.0, 0.0], [0.0, 1000.0, 0.0], [0.0, 1000.0, 0.0], [0.0, 1000.0, 0.0], [0.0, 1000.0, 0.0], [0.0, 1000.0, 0.0], [0.0, 1000.0, 0.0], [0.0, 1000.0, 0.0]], "B": [[433.8837391175581, 900.9688679024191, 0.0], [433.8837391175581, 900.9688679024191, 0.0], [433.8837391175581, 900.9688679024191, 0.0], [433.8837391175581, 900.9688679024191, 0.0], [433.8837391175581, 900.9688679024191, 0.0], [433.8837391175581, 900.9688679024191, 0.0], [433.8837391175581, 900.9688679024191, 0.0], [433.8837391175581, 900.9688679024191, 0.0], [433.8837391175581, 900.9688679024191, 0.0], [433.8837391175581, 900.9688679024191, 0.0], [433.8837391175581, 900.9688679024191, 0.0], [433.8837391175581, 900.9688679024191, 0.0], [433.8837391175581, 900.9688679024191, 0.0], [433.8837391175581, 900.9688679024191, 0.0], [433.8837391175581, 900.9688679024191, 0.0]], "C": [[781.83148246803, 623.489801858734, 0.0], [779.256160460805, 622.249592144798, -33.1016629765276], [771.606439031228, 618.565680463366, -65.2233231478254], [759.108794669787, 612.547132144013, -95.4139915228319], [742.133230736787, 604.372131413935, -122.779847760247], [721.182323199074, 594.282706102789, -146.510702477768], [696.876341442318, 582.577562203537, -165.903983595854], [669.934884669809, 569.603240428196, -180.385536579977], [641.155577557767, 555.74385657617, -189.52662277255], [611.390455900358, 541.409729460243, -193.056612564483], [581.52074136741, 527.025233070149, -190.870997614276], [552.430752189533, 513.016232620698, -183.034484906103], [524.9817221669346, 499.797476450928, -169.779081044669], [499.9863031123663, 487.76031704779, -151.497223502914], [478.1845056050173, 477.261124723869, -128.730162177812]], "D": [[974.927912181824, 222.520933956314, 0.0], [982.668332089844, 230.718085090636, 25.1120090620683], [1004.345156531845, 254.43345250654, 41.0907123062406], [1035.525410292372, 291.139169988401, 40.0594031563291], [1069.464465665686, 336.94504225401, 16.501446096945], [1097.990023234075, 387.043259167755, -31.92434629364], [1112.586577604817, 436.256470264928, -103.9572177498883], [1105.549226224488, 479.6253004634506, -194.7514666489618], [1071.06666974846, 512.9668699889396, -296.338824440172], [1006.10085114081, 533.3393897774648, -398.485037330127], [910.95401596506, 539.3590226086787, -489.842333060756], [789.450322060618, 531.3326206344865, -559.263800116145], [648.7042224072256, 511.1916224706763, -597.125755965552], [498.4963959150576, 482.2357692066297, -596.502306331028], [350.3243007993443, 448.717630671255, -554.052747011349]], "E": [[974.927912181824, -222.520933956311, 0.0], [1001.7891075959966, -192.145880363551, 162.5264437462093], [1076.7227428393003, -104.787291435887, 293.6460652824046], [1183.892075357398, 28.884350089978, 367.5834577426851], [1300.370762068185, 193.055666790192, 368.695134435439], [1400.555068867889, 369.3119200035212, 293.962531268514], [1460.952905821094, 539.462537541587, 153.0479830487587], [1464.361381492303, 688.1194582395166, -33.9836601687048], [1402.620575806985, 804.5776758109185, -240.6844490474972], [1277.485193692699, 883.7203981955078, -439.055368272745], [1099.59709948769, 925.8927875939557, -604.156373145687], [885.9608909993048, 935.9044663871265, -717.597611737646], [656.6210758937286, 921.4817231579153, -769.351250315512], [431.34669116206595, 891.5615418415957, -757.764804152231], [227.0312334461293, 854.791143767104, -688.087763703967]], "F": [[781.83148246803, -623.489801858726, 0.0], [828.8299845158145, -595.347271160182, 237.1993598414032], [964.9091656425422, -509.652231629437, 440.7663166134016], [1173.6080329353524, -364.632026137828, 575.1921384551321], [1423.460410019391, -162.956153782779, 605.690464293924], [1666.833486059997, 83.2627630704462, 506.8802349728], [1845.048330685728, 350.58253816989, 274.9385677161857], [1901.065568395623, 607.3270614285452, -62.6943890659299], [1796.892006928227, 821.2057639932364, -446.4411244681802], [1529.375074224408, 968.730044862777, -795.968680232935], [1137.1349104931198, 1042.5736673991616, -1031.986654014124], [693.8689208445556, 1053.6207722923996, -1101.402002699042], [288.39309971811457, 1026.5593815425273, -996.13111596761], [-2.53555333705604, 990.5982159562127, -757.3183919177987], [-138.8757984253127, 968.997386384377, -461.965579101393]], "G": [[433.883739117558, -900.968867902426, 0.0], [499.7846691412506, -894.977750008994, 233.5909294274498], [695.5090104035733, -863.829024793561, 447.44611723649354], [1007.6214526036933, -776.598968520354, 603.3693939807941], [1395.2982732228757, -605.463104681654, 643.8579459032765], [1781.106933018555, -346.7939710182828, 514.2997349767071], [2061.547015990928, -30.397479256353, 197.1901929538676], [2138.604977624324, 288.5049661547932, -262.6687994881109], [1959.495151635566, 550.4356439715864, -759.9790386506752], [1544.4567499761135, 715.02769200152, -1161.304037684616], [986.8098090262948, 775.1458315791227, -1354.394750520339], [423.0654247538507, 755.8577614599445, -1291.309664682977], [-14.21576854463441, 700.3626927109854, -1005.3970341219206], [-240.32818545495203, 650.8776765920687, -595.7421453970337], [-241.6408575581027, 633.480727872661, -188.231805741718]], "H": [[0.0, -1000.000000000006, 0.0], [83.1292281140396, -1028.682632983857, 152.452085916721], [332.6225378708522, -1083.045912536947, 312.09609552971955], [733.5164035755383, -1088.916185692591, 444.0375322888511], [1225.8220375077567, -978.315988599213, 469.7292673998485], [1693.7148554548469, -733.9657332159449, 312.9966909584421], [1995.8426077477607, -401.800859387907, -39.0400425356604], [2026.278258515853, -66.0775681993798, -507.0377801310529], [1769.021115129825, 194.4399187152234, -947.1926845517312], [1309.7187597578136, 341.490762281027, -1219.8745275102913], [795.8225989680118, 385.4790013493727, -1255.6733688038437], [369.4462702914307, 367.9688569094625, -1079.816288435576], [111.8350161973346, 334.2305635513043, -786.0326617682986], [26.42797391842096, 313.0776594963857, -482.62908655021977], [60.7777067182553, 311.991594735114, -245.2406949666384]], "I": [[-433.88373911756, -900.968867902426, 0.0], [-334.4281424198184, -968.6372283201094, 10.66825084803298], [-37.4061387133568, -1115.1430894862413, 66.92102760398954], [429.8717299873373, -1212.05039099562, 142.8728864868131], [974.8354598902816, -1149.944717383996, 144.7499118913045], [1442.635796309209, -909.9967753376748, -9.54732536064291], [1682.7165766110547, -567.020462573809, -308.7006357687434], [1635.348484175044, -231.4639038194848, -640.767117672016], [1367.688808993077, 19.0255480735374, -868.2975464347164], [1027.6773424695175, 170.381936858742, -921.1494482287292], [751.1910875720749, 255.1413253145497, -832.4921043420197], [591.5989072382476, 313.784347346158, -698.012007401266], [515.3220418057816, 367.4125392233876, -601.2099335899115], [451.702918680679, 415.3846427305277, -564.706895573993], [350.3775848083363, 448.891597122565, -554.1946788407564]], "J": [[-781.831482468032, -623.489801858726, 0.0], [-665.9915500241054, -727.3373016134475, -162.254611447123], [-326.5335116071388, -952.4834501248823, -229.74287003362247], [183.7345240518633, -1110.702185309718, -213.7884111804379], [730.9051776859736, -1059.785975182653, -216.4033558823115], [1136.9828135957698, -798.3881437205598, -313.1622652138969], [1287.9262005846606, -438.595174202967, -469.0432954041904], [1213.831953028553, -102.7285285978658, -579.0153457788969], [1055.156101607657, 155.1670277109834, -582.2012889764394], [941.6589702776571, 349.322466708558, -522.8488197862252], [896.6191825145139, 511.7615926859727, -499.2369891962787], [846.7862653939757, 652.509422869982, -563.078691856009], [712.1810091895716, 760.1001283093406, -672.6610954671979], [483.83968961878963, 825.0883409313396, -735.5061105294701], [226.8744284616183, 854.957836902045, -688.0582044140414]],