{
  "G__N*N__G": {
    "angle": -1.2851969946503699,
    "mean_close_neighborings": 43.36136459188282
  },
  "AD__X*X__AD": {
    "angle": -0.6505318121069773,
    "mean_close_neighborings": 24.488843935457417
  }
}