{
  "M__W*W__M": {
    "angle": -0.5235987755982987,
    "mean_close_neighborings": 42.33355797515521
  }
}