{
  "AA__H*H__AA": {
    "angle": -0.9995976625058433,
    "mean_close_neighborings": 36.0794607703129
  }
}