{
  "F__last*last__F": {
    "angle": -0.9995976625058433,
    "mean_close_neighborings": 48.41721067546517
  },
  "AA__B_C*B_C__AA*B__Z_AA*Z_AA__B": {
    "angle": -0.6505318121069773,
    "mean_close_neighborings": 36.25810109441692
  }
}