{
  "AC__U*U__AC": {
    "angle": -1.4755965494133876,
    "mean_close_neighborings": 49.500196433876305
  }
}