{
  "V_W__X_Y*X_Y__V_W": {
    "angle": -1.5707963267948966,
    "mean_close_neighborings": 46.261023873855436
  },
  "AE__first*first__AE": {
    "angle": -0.14279966607226324,
    "mean_close_neighborings": 19.955524708123516
  }
}