{
  "T_U__last*last__T_U": {
    "angle": -1.348663512904709,
    "mean_close_neighborings": 12.550747515647702
  },
  "F_G__Z_AA*Z_AA__F_G": {
    "angle": -0.8726646259971648,
    "mean_close_neighborings": 11.406259998070068
  }
}