{
  "AB__AE*AE__AB": {
    "angle": -0.42839899821678995,
    "mean_close_neighborings": 43.957456889952994
  }
}