{
  "AD__T*T__AD": {
    "angle": -1.3803967720318788,
    "mean_close_neighborings": 38.473051641322435
  }
}