{
  "AE__first*first__AE": {
    "angle": -0.14279966607226324,
    "mean_close_neighborings": 21.396654996214533
  }
}