{
  "G__N*N__G": {
    "angle": -1.2851969946503699,
    "mean_close_neighborings": 43.36136459188282
  }
}