{
  "AE__last*last__AE": {
    "angle": -0.015866629563584755,
    "mean_close_neighborings": 46.923612770863485
  }
}