{
  "L_M__O*O__L_M": {
    "angle": -0.6187985529798077,
    "mean_close_neighborings": 23.870495422223655
  }
}