{
  "B__L*L__B": {
    "angle": -1.5073298085405573,
    "mean_close_neighborings": 42.19616045366899
  },
  "D__U*U__D": {
    "angle": -0.7457315894884862,
    "mean_close_neighborings": 46.2118708777378
  },
  "P__X_Y*X_Y__P": {
    "angle": -0.6187985529798077,
    "mean_close_neighborings": 49.92230327335731
  }
}