{
  "D__X_Y*X_Y__D": {
    "angle": -0.8409313668699951,
    "mean_close_neighborings": 38.974441291949134
  }
}