{
  "T_U__Z*Z__T_U": {
    "angle": -1.3169302537775396,
    "mean_close_neighborings": 46.18554875902491
  }
}