{"A": [[0.0, 1000.0, 0.0], [0.0, 1000.0, 0.0], [0.0, 1000.0, 0.0], [0.0, 1000.0, 0.0], [0.0, 1000.0, 0.0], [0.0, 1000.0, 0.0], [0.0, 1000.0, 0.0], [0.0, 1000.0, 0.0], [0.0, 1000.0, 0.0], [0.0, 1000.0, 0.0]], "B": [[382.6834323650898, 923.8795325112867, 0.0], [382.6834323650898, 923.8795325112867, 0.0], [382.6834323650898, 923.8795325112867, 0.0], [382.6834323650898, 923.8795325112867, 0.0], [382.6834323650898, 923.8795325112867, 0.0], [382.6834323650898, 923.8795325112867, 0.0], [382.6834323650898, 923.8795325112867, 0.0], [382.6834323650898, 923.8795325112867, 0.0], [382.6834323650898, 923.8795325112867, 0.0], [382.6834323650898, 923.8795325112867, 0.0]], "C": [[707.106781186547, 707.106781186548, 0.0], [703.760263036934, 704.870709247568, -34.4345628081811], [693.901120247689, 698.283040647598, -67.0127494230126], [678.060861758324, 687.698918305884, -95.9782613721962], [657.093440003781, 673.688934997254, -119.769560409692], [632.129214117638, 657.008372547942, -137.104051446719], [604.514011978664, 638.556484396856, -147.047227584955], [575.736576281543, 619.328016609944, -149.063049625294], [547.348306032889, 600.359580862313, -143.042844079804], [520.879620229265, 582.673770434534, -129.311161787594]], "D": [[923.879532511287, 382.68343236509, 0.0], [909.665582803851, 379.510541335218, -97.5590066089649], [868.357558861435, 370.54214271923, -186.9785354986376], [803.764292310838, 357.318720579628, -261.1705961674772], [721.627759933292, 342.063061059558, -314.963147045426], [628.8328076802134, 327.239211544969, -345.628316541747], [532.5133307779556, 315.070415612632, -352.992851929316], [439.214283075359, 307.116304855356, -339.13263024887], [354.251145958238, 303.996589805691, -307.734675329882], [281.36258987649, 305.317039620137, -263.272988515824]], "E": [[1000.0, 0.0, 0.0], [966.0484242153406, 2.078522622661, -178.8423469829776], [869.4506472781372, 9.419020962567, -334.7277523082796], [724.7404714104691, 24.867694117109, -449.5120034887302], [552.392099808696, 51.788756359005, -513.308941934626], [374.37345614205236, 92.557928502124, -525.672946513233], [209.8428680422566, 147.338064474601, -494.380849429334], [72.082216980026, 213.568162470269, -432.4263925178326], [-32.735404172743, 286.3001455849418, -354.3091410497352], [-104.964837975171, 359.1909596375231, -272.7415791663152]], "F": [[923.879532511287, -382.683432365092, 0.0], [863.5024972722666, -364.458761061976, -264.7241699369499], [696.9510484044272, -309.320333667451, -479.2616485951796], [463.0257265004941, -216.947941684628, -608.4822068475312], [212.047170126684, -89.657846957793, -641.367999510868], [-9.34240085223262, 65.395681850199, -590.9821221732427], [-170.0695605584014, 235.9081518751434, -486.4548674690286], [-259.523828873115, 406.497085928601, -361.3152413228197], [-285.193727982799, 562.2884032945118, -243.2406427125372], [-265.669468574108, 692.3591814227801, -148.5888801463772]], "G": [[707.106781186548, -707.10678118654, 0.0], [630.8949145587126, -677.533965055866, -275.6128836244949], [423.8997029604722, -588.029085198564, -481.57023011770445], [143.9656653860161, -438.323793479492, -570.6094643914578], [-133.752106215512, -233.604162666764, -532.082805397252], [-340.9602355119516, 11.0542618456292, -392.6955699693427], [-436.7713477903804, 270.2954047416615, -203.7383866883886], [-416.849362559371, 513.635006060044, -20.7112520659897], [-308.3946661451442, 714.3042780096438, 115.3591694463748], [-154.840336100636, 857.3995277738371, 187.1484017406988]], "H": [[382.68343236509, -923.87953251128, 0.0], [307.0313539055256, -884.917083091434, -209.691935418987], [107.58456766448418, -768.232316143203, -341.16914138538846], [-143.4676538790409, -577.527706296956, -346.4548467499548], [-356.971080203072, -326.7530404565422, -225.916982360335], [-461.6085058731336, -44.4324325884662, -25.8084530286427], [-430.38562205469736, 229.886063908002, 184.2915640340344], [-285.848351181864, 457.3171314126212, 342.4801120806453], [-82.6486537216292, 613.3389160413637, 417.1631928372538], [120.679387299317, 695.2073143656781, 410.8077474090698]], "I": [[0.0, -1000.0, 0.0], [-73.0645733129314, -943.1825562328365, -143.5620954904243], [-254.69596875977982, -775.7801582274981, -196.47367502433048], [-448.7091980443889, -511.6944201105111, -112.5007633855528], [-544.931462460725, -185.1691981266362, 85.315800729884], [-474.7931823579101, 146.3906648612198, 314.2704271787663], [-248.97029803897237, 415.831177038647, 475.4166747554034], [48.296673365196, 573.3292879978512, 507.1896050442213], [307.5117860101018, 610.2395803445005, 414.6811847767882], [452.984610101738, 560.8866450776351, 256.6256094109378]], "J": [[-382.683432365092, -923.87953251128, 0.0], [-445.9818642205264, -842.6100170139194, -88.2557353261676], [-586.9330821961888, -609.0890248555501, -77.84188549033047], [-686.6402960576409, -259.1819924595601, 66.0131057043692], [-628.0395805389365, 138.7249366341848, 286.3793855842], [-374.19774738337713, 492.1039845407138, 464.6160092086393], [-1.27648223096638, 716.66421335033, 495.119285023909], [343.362382363809, 777.5737078542782, 354.0185264814333], [530.9755031198138, 707.6365340162234, 110.01951090164418], [521.7214385922272, 583.9273577457255, -126.76102174126319]], "K": [[-707.10678118655, -707.10678118654, 0.0], [-742.3425295200605, -610.6211468642305, 14.6639186147634], [-793.0999665732488, -340.36442416597004, 115.86727729737353], [-735.2030360929052, 41.4812877321709, 309.9069088278712], [-476.3954377102565, 428.9213795281348, 498.584506763863], [-53.22107720199112, 700.4560068207968, 540.8022742995006], [361.50957584797163, 780.760375320189, 366.593439134076], [570.749371108345, 694.760496749481, 47.9498015296203], [500.8024719356821, 556.0446485927414, -248.24076241977582], [248.9144895959842, 484.3598575379229, -387.34424541301416]], "L": [[-923.87953251129, -382.683432365092, 0.0], [-912.7050318154154, -285.9184044497845, 148.0268889537214], [-829.9414622076091, -25.98653355135906, 344.0123650585595], [-580.8553693253102, 306.4534293158369, 551.1692078416012], [-146.1463596937945, 577.9728272979958, 643.36070427029], [334.36325753825986, 671.6294010536293, 506.3298905505438], [621.9123930848687, 569.696621379603, 166.885153064062], [565.6237223632571, 384.921348056194, -189.1458851443237], [242.5991508139941, 284.11295762848744, -356.0606835312218], [-102.4407666194018, 358.1707079815429, -273.91269141907117]], "M": [[-1000.0, 0.0, 0.0], [-945.045467834761, 95.1991105423115, 225.127284165136], [-740.374802035242, 337.0254157766249, 455.5519231000105], [-334.1011800581632, 602.7290348570579, 610.9527391668934], [198.4560151146045, 736.1496496276648, 551.326845655578], [606.6036298570109, 648.96425128182, 227.7398590652278], [632.6419942737, 417.699208204149, -192.312003138114], [279.1557904629051, 251.545431301502, -418.0299689072897], [-143.4336166129209, 307.95007148484575, -304.5686506218683], [-301.7698250450108, 541.0242475756019, 7.28731658680681]], "N": [[-923.87953251129, 382.68343236509, 0.0], [-833.968516727278, 469.1499648245225, 233.1025265879468], [-543.1916566959591, 672.5091444947429, 427.08422321177653], [-63.7495444755352, 847.6896459875159, 472.5864603637824], [429.8201990317875, 844.8857496083398, 256.559123645925], [633.0750649349493, 643.3189822242887, -161.5008492883662], [387.266419998772, 415.88440149958234, -495.673947032354], [-80.99244868892094, 391.317587359285, -472.7832811743773], [-329.6876453088169, 607.3265322869347, -137.46357442848233], [-156.9124798960948, 856.64324873275, 185.16910498122482]],