{
  "A__U*U__A*first__last*last__first": {
    "angle": 0.0,
    "mean_close_neighborings": 1.3053054186643355e-12,
    "this_folding": [
      -1,
      1,
      1,
      1,
      1,
      1,
      1,
      1,
      1,
      1,
      1,
      1,
      1,
      1,
      1,
      -1,
      1,
      -1,
      -1
    ],
    "this_folding_np_id": "20_262132"
  },
  "R_S__first*first__R_S": {
    "angle": 0.4125323686532052,
    "mean_close_neighborings": 6.6595255645455955,
    "this_folding": [
      -1,
      1,
      1,
      1,
      1,
      1,
      1,
      1,
      1,
      1,
      1,
      1,
      1,
      1,
      1,
      -1,
      1,
      -1,
      -1
    ],
    "this_folding_np_id": "20_262132"
  },
  "A__R*R__A": {
    "angle": 0.49186551647112925,
    "mean_close_neighborings": 10.554540336270145,
    "this_folding": [
      -1,
      1,
      1,
      1,
      1,
      1,
      1,
      1,
      1,
      1,
      1,
      1,
      1,
      1,
      1,
      -1,
      1,
      -1,
      -1
    ],
    "this_folding_np_id": "20_262132"
  },
  "B__Q*Q__B": {
    "angle": 0.6505318121069774,
    "mean_close_neighborings": 11.532028046740404,
    "this_folding": [
      -1,
      1,
      1,
      1,
      1,
      1,
      1,
      1,
      1,
      1,
      1,
      1,
      1,
      1,
      1,
      -1,
      1,
      -1,
      -1
    ],
    "this_folding_np_id": "20_262132"
  },
  "B_C__P_Q*B__P*C__Q*P_Q__B_C*P__B*Q__C": {
    "angle": 0.7457315894884863,
    "mean_close_neighborings": 2.052228276037363,
    "this_folding": [
      -1,
      1,
      1,
      1,
      1,
      1,
      1,
      1,
      1,
      1,
      1,
      1,
      1,
      1,
      1,
      -1,
      1,
      -1,
      -1
    ],
    "this_folding_np_id": "20_262132"
  },
  "B__O*C__P*D__Q*O__B*P__C*Q__D": {
    "angle": 0.8726646259971648,
    "mean_close_neighborings": 13.189522723386686,
    "this_folding": [
      -1,
      1,
      1,
      1,
      1,
      1,
      1,
      1,
      1,
      1,
      1,
      1,
      1,
      1,
      1,
      -1,
      1,
      -1,
      -1
    ],
    "this_folding_np_id": "20_262132"
  },
  "B_C__N_O*B__N*C__O*D_E__P_Q*D__P*E__Q*N_O__B_C*N__B*O__C*P_Q__D_E*P__D*Q__E": {
    "angle": 0.9995976625058433,
    "mean_close_neighborings": 11.982638422348339,
    "this_folding": [
      -1,
      1,
      1,
      1,
      1,
      1,
      1,
      1,
      1,
      1,
      1,
      1,
      1,
      1,
      1,
      -1,
      1,
      -1,
      -1
    ],
    "this_folding_np_id": "20_262132"
  },
  "B__M*C__N*D__O*E__P*F__Q*M__B*N__C*O__D*P__E*Q__F": {
    "angle": 1.1423973285781066,
    "mean_close_neighborings": 11.242428485388624,
    "this_folding": [
      -1,
      1,
      1,
      1,
      1,
      1,
      1,
      1,
      1,
      1,
      1,
      1,
      1,
      1,
      1,
      -1,
      1,
      -1,
      -1
    ],
    "this_folding_np_id": "20_262132"
  },
  "B_C__L_M*B__L*C__M*D_E__N_O*D__N*E__O*F_G__P_Q*F__P*G__Q*L_M__B_C*L__B*M__C*N_O__D_E*N__D*O__E*P_Q__F_G*P__F*Q__G": {
    "angle": 1.3327968833411243,
    "mean_close_neighborings": 3.591353443745047,
    "this_folding": [
      -1,
      1,
      1,
      1,
      1,
      1,
      1,
      1,
      1,
      1,
      1,
      1,
      1,
      1,
      1,
      -1,
      1,
      -1,
      -1
    ],
    "this_folding_np_id": "20_262132"
  },
  "B_C__L*C__L_M*D_E__N*E__N_O*F_G__P*G__P_Q*L_M__C*L__B_C*N_O__E*N__D_E*P_Q__G*P__F_G": {
    "angle": 1.4597299198498028,
    "mean_close_neighborings": 49.604078316778725,
    "this_folding": [
      -1,
      1,
      1,
      1,
      1,
      1,
      1,
      1,
      1,
      1,
      1,
      1,
      1,
      1,
      1,
      -1,
      1,
      -1,
      -1
    ],
    "this_folding_np_id": "20_262132"
  },
  "B__K*C__L*D__M*E__N*F__O*G__P*H__Q*K__B*L__C*M__D*N__E*O__F*P__G*Q__H": {
    "angle": 1.5549296972313118,
    "mean_close_neighborings": 21.847349477245356,
    "this_folding": [
      -1,
      1,
      1,
      1,
      1,
      1,
      1,
      1,
      1,
      1,
      1,
      1,
      1,
      1,
      1,
      -1,
      1,
      -1,
      -1
    ],
    "this_folding_np_id": "20_262132"
  }
}