{
  "A__U*U__A*first__last*last__first": {
    "angle": 0.0,
    "mean_close_neighborings": 1.3053054186643355e-12,
    "this_folding": [
      1,
      -1,
      1,
      1,
      1,
      -1,
      1,
      1,
      -1,
      -1,
      -1,
      1,
      -1,
      -1,
      -1,
      1,
      1,
      -1,
      -1
    ],
    "this_folding_np_id": "20_383116"
  },
  "first__last*last__first": {
    "angle": 0.06346651825433926,
    "mean_close_neighborings": 28.546844737733146,
    "this_folding": [
      1,
      -1,
      1,
      1,
      1,
      -1,
      1,
      1,
      -1,
      -1,
      -1,
      1,
      -1,
      -1,
      -1,
      1,
      1,
      -1,
      -1
    ],
    "this_folding_np_id": "20_383116"
  }
}