{"A": [[0.0, 1000.0, 0.0], [0.0, 1000.0, 0.0], [0.0, 1000.0, 0.0], [0.0, 1000.0, 0.0], [0.0, 1000.0, 0.0]], "B": [[433.8837391175581, 900.9688679024191, 0.0], [433.8837391175581, 900.9688679024191, 0.0], [433.8837391175581, 900.9688679024191, 0.0], [433.8837391175581, 900.9688679024191, 0.0], [433.8837391175581, 900.9688679024191, 0.0]], "C": [[781.83148246803, 623.489801858734, 0.0], [751.164792969682, 608.721502553478, 109.482758954321], [669.976070290332, 569.6230743777, 180.368069430376], [566.887880855621, 519.97841884712, 187.665767268101], [478.2433084389849, 477.289442676222, 128.803095633525]], "D": [[974.927912181824, 222.520933956314, 0.0], [1052.614209154866, 313.155794431276, -31.341336494561], [1105.578614053914, 479.5679738120821, 194.6076945650383], [853.392436813499, 537.0346680021682, 527.792931686504], [350.7454431841989, 448.8183877808153, 554.239292475987]], "E": [[974.927912181824, -222.520933956311, 0.0], [1135.0043820304377, -51.32960012398, -273.052984465011], [1402.724339127031, 365.8186593362071, -116.5639232316347], [1245.889542589866, 738.0225510546272, 467.6917085839363], [473.1346714643829, 824.0390597130403, 759.890911363049]], "F": [[781.83148246803, -623.489801858726, 0.0], [972.1637839550817, -368.954616020509, -538.871631460202], [1372.9437799760526, 300.5224670721363, -555.7811698962317], [1337.642167406938, 914.6622779831902, 69.6438133439983], [676.2729224665788, 1084.4082707140024, 461.553871862982]], "G": [[433.883739117558, -900.968867902426, 0.0], [743.2350337955537, -467.5684802006786, -907.557401916584], [1292.0350568820843, 572.4629670072673, -898.6578346278787], [1063.345180206978, 1223.3002192571312, -96.3864496033607], [474.8896570734499, 1026.6847360781933, 68.902578520003]], "H": [[0.0, -1000.000000000006, 0.0], [369.1220964796107, -632.9570418261056, -1082.909613227047], [1278.799660881554, 510.4671798947379, -1339.1616494447007], [1225.528857153354, 1627.5624635033403, -187.6594302949446], [60.7107762549169, 1186.1269866637474, 102.0128126972672]], "I": [[-433.88373911756, -900.968867902426, 0.0], [-31.3367401459323, -812.5840437065816, -1009.2270199019406], [1341.6323552164347, 153.8569329611049, -1597.8959697420107], [1656.125443781213, 1708.5199983536234, -109.5907340680281], [6.1184892748639, 1342.3908381901983, 515.1272703280492]], "J": [[-781.831482468032, -623.489801858726, 0.0], [-473.1755918268373, -762.2768734775638, -1026.830484447377], [1344.9612535534154, 95.2511632036525, -2039.0496236792308], [1765.18900901507, 2032.4386827244014, 175.4427531736459], [22.5503757955455, 997.4959342836903, 795.9114624754242]], "K": [[-974.927912181822, -222.520933956311, 0.0], [-826.9698587501443, -517.7743190129077, -912.329909131675], [1029.0791074978165, 121.2373940184574, -2351.468332796516], [1618.992841060784, 2445.3853938224024, 96.9318719915766], [-166.5223038933935, 647.9457155344263, 595.5906433807802]], "L": [[-974.927912181822, 222.520933956314, 0.0], [-980.3355500470783, -156.7434750546807, -702.096803653516], [594.3392595857165, 215.333439664166, -2336.9954952597163], [1369.037153269481, 2519.4315770937483, -263.7640956583024], [-299.8070428009425, 776.8076093809573, 191.0018955345452]], "M": [[-781.831482468032, 623.489801858734, 0.0], [-884.5555154931018, 206.1329434295123, -462.912451982919], [316.48246550861046, 317.857366546389, -2004.8107415502684], [1274.346108576475, 2177.8446292122435, -532.8630129491524], [-193.1085165148425, 1205.9985244207553, 141.2741655355122]], "N": [[-433.88373911756, 900.968867902429, 0.0], [-570.0546192962398, 455.5859682451043, -270.754603075081], [371.7438754161861, 363.7817215555512, -1565.6076058747753], [1433.046174140038, 1774.6043856698175, -431.5029647391734], [6.1192616647735, 1342.3900914309042, 515.1296149344502]], "O": [[0.0, 999.999999999999, 0.0], [-188.2668759861868, 679.1656985377193, -318.8429327992974], [592.5714520222451, 658.9959176543402, -1316.3165630609583], [1330.052445216285, 1596.5986841779816, -36.8277486007174], [248.7706075728705, 1004.3076259573933, 672.8725547558732]], "first": [[-193.09642971379355, 846.010735815048, 0.0], [-193.09642971379355, 846.010735815048, 0.0], [-193.09642971379355, 846.010735815048, 0.0], [-193.09642971379355, 846.010735815048, 0.0], [-193.09642971379355, 846.010735815048, 0.0]], "B_C": [[541.0441730642652, 678.4479339461052, 0.0], [541.0441730642652, 678.4479339461052, 0.0], [541.0441730642652, 678.4479339461052, 0.0], [541.0441730642652, 678.4479339461052, 0.0], [541.0441730642652, 678.4479339461052, 0.0]], "D_E": [[867.767478235117, 0.0, 0.0], [1051.103057859954, 178.344409525787, -238.277393222393], [1278.093030208934, 526.0727701592724, 24.093751475812], [1025.81603346484, 707.307473741918, 575.502465280597], [325.3150474661679, 630.274297743117, 719.847179866094]], "F_G": [[541.044173064266, -678.447933946096, 0.0], [775.5732694633667, -359.083937297983, -688.048251497916], [1227.703684688331, 415.5902108327754, -719.0712605909417], [1181.0634447337382, 1006.1856844479252, -98.0031202025397], [669.0293298712709, 1070.8245933081332, 215.054503249425]], "H_I": [[-193.096429713796, -846.010735815046, 0.0], [142.5661467101877, -638.9249347302236, -984.7479581330416], [1205.309110469912, 310.6920078877563, -1464.4131735959627], [1455.481708474936, 1690.2060818818923, -252.4389633123887], [-31.7702295694271, 1340.6043047839344, 271.077730408053]], "J_K": [[-781.831482468032, -376.510198141266, 0.0], [-605.0346773343023, -553.8041225257756, -1014.5333981190123], [1210.9416779329708, 211.5297870967306, -2210.8546283458127], [1640.019602623159, 2238.283450899405, 229.8438172341179], [-3.9671247570514, 757.0347219183303, 746.1706124157203]], "L_M": [[-781.831482468032, 376.510198141264, 0.0], [-864.5327200201173, 57.0678173722693, -658.814469602498], [475.35252069249145, 370.7423167247694, -2186.3662764781166], [1217.089211924202, 2363.571182886785, -380.4615047598724], [-229.48776482923, 975.0718131815853, 61.5977638799372]], "last": [[-193.096429713796, 846.010735815039, 0.0], [-332.3904508081288, 479.1476915233083, -333.679263308188], [568.8560128086665, 448.447311471038, -1443.2251405079073], [1485.613130406858, 1681.2800325876526, -208.9581268231364], [107.6099135958585, 1205.849273112034, 694.1692115488732]]}