{"A": [[0.0, 1000.0, 0.0], [0.0, 1000.0, 0.0], [0.0, 1000.0, 0.0], [0.0, 1000.0, 0.0], [0.0, 1000.0, 0.0], [0.0, 1000.0, 0.0], [0.0, 1000.0, 0.0], [0.0, 1000.0, 0.0], [0.0, 1000.0, 0.0], [0.0, 1000.0, 0.0], [0.0, 1000.0, 0.0], [0.0, 1000.0, 0.0], [0.0, 1000.0, 0.0], [0.0, 1000.0, 0.0], [0.0, 1000.0, 0.0]], "B": [[433.8837391175581, 900.9688679024191, 0.0], [433.8837391175581, 900.9688679024191, 0.0], [433.8837391175581, 900.9688679024191, 0.0], [433.8837391175581, 900.9688679024191, 0.0], [433.8837391175581, 900.9688679024191, 0.0], [433.8837391175581, 900.9688679024191, 0.0], [433.8837391175581, 900.9688679024191, 0.0], [433.8837391175581, 900.9688679024191, 0.0], [433.8837391175581, 900.9688679024191, 0.0], [433.8837391175581, 900.9688679024191, 0.0], [433.8837391175581, 900.9688679024191, 0.0], [433.8837391175581, 900.9688679024191, 0.0], [433.8837391175581, 900.9688679024191, 0.0], [433.8837391175581, 900.9688679024191, 0.0], [433.8837391175581, 900.9688679024191, 0.0]], "C": [[781.83148246803, 623.489801858734, 0.0], [779.256160460805, 622.249592144798, -33.1016629765276], [771.606439031228, 618.565680463366, -65.2233231478254], [759.108794669787, 612.547132144013, -95.4139915228319], [742.133230736787, 604.372131413935, -122.779847760247], [721.182323199074, 594.282706102789, -146.510702477768], [696.876341442318, 582.577562203537, -165.903983595854], [669.934884669809, 569.603240428196, -180.385536579977], [641.155577557767, 555.74385657617, -189.52662277255], [611.390455900358, 541.409729460243, -193.056612564483], [581.52074136741, 527.025233070149, -190.870997614276], [552.430752189533, 513.016232620698, -183.034484906103], [524.9817221669346, 499.797476450928, -169.779081044669], [499.9863031123663, 487.76031704779, -151.497223502914], [478.1845056050173, 477.261124723869, -128.730162177812]], "D": [[974.927912181824, 222.520933956314, 0.0], [964.243440470827, 221.845124932638, -92.4163581725917], [932.811378691838, 219.984600711376, -180.1509285693224], [882.441535827519, 217.417861497409, -258.8892454053869], [815.9752440893915, 214.871067001588, -325.013727416563], [737.0425399578343, 213.220112499462, -375.861999565518], [649.759302085843, 213.37060148315, -409.888550634546], [558.396280251966, 216.130329077318, -426.71520361344], [467.054395089457, 222.089889064961, -427.068350522283], [379.379226593729, 231.526162337768, -412.613503821033], [298.342433692407, 244.34083339865, -385.708982719461], [226.109582693173, 260.042018814857, -349.10918401168], [164.0034924180336, 277.772053190401, -305.652894815005], [112.5609535539473, 296.379055667263, -257.972927337629], [71.6698723032963, 314.52473048924, -208.2599245202241]], "E": [[974.927912181824, -222.520933956311, 0.0], [957.9914273942592, -223.085974302094, -100.12955863821495], [908.1570593084476, -224.199587115885, -192.5942406339166], [828.3208558451228, -224.174203715968, -270.2762614317818], [723.1986442270176, -220.387666410628, -327.15888510969666], [599.1180997385572, -209.568920480368, -358.8753407610941], [463.6638712148981, -188.19119995543, -363.2101356066322], [325.150995583278, -152.952703365927, -340.4793842720514], [191.936498719516, -101.306139110392, -293.698877806286], [71.624882191178, -31.978731529352, -228.454065820717], [-29.732450119084, 54.590853802406, -152.419291454586], [-108.314568043771, 155.97678993142, -74.530998905014], [-162.9528715860184, 267.7195354949407, -3.890161661304], [-195.1931835590357, 383.5504513416615, 51.463339220091], [-208.9502721782117, 495.890633940138, 85.7145773873009]], "F": [[781.83148246803, -623.489801858726, 0.0], [761.8011981468712, -619.951195717721, -54.63610665065844], [703.5096553071616, -608.299036495782, -99.5925351831252], [612.2617570619308, -585.636013906868, -126.3106759549808], [496.5418809479625, -547.812579004969, -128.45835046618964], [367.3477226337073, -490.350215879723, -102.9327287448471], [237.1020503968451, -409.535955593704, -50.5785557971002], [118.176073923104, -303.489715499889, 23.6116125635016], [21.220792232773, -172.9780838978808, 111.000447723515], [-46.36271128354, -21.7705526768812, 200.541254743186], [-81.4476051723776, 143.5815851828549, 280.55698579551], [-85.4301538439254, 314.528351180636, 340.679755058962], [-63.6370789310403, 481.6999516269587, 373.483683532615], [-24.0644604303437, 636.1977576969875, 375.417908422171], [24.1966513222793, 770.675261117597, 346.8623993662859]], "G": [[433.883739117558, -900.968867902426, 0.0], [408.7199477898172, -889.838860623749, -31.04493938335194], [336.4290825108036, -854.821540330032, -49.1864604107767], [226.4570835824248, -791.507376443682, -43.6426639807374], [93.8948358606295, -694.079232861545, -7.86113968914864], [-41.8841462963617, -557.4343264641255, 58.5951752044869], [-159.6265423037309, -379.7238211358811, 148.8704967653388], [-239.614197809335, -164.761833827896, 249.0067333970836], [-267.569076570023, 76.4239817320842, 340.044734994639], [-238.052543001676, 325.6447435621948, 402.085008181849], [-156.1740648840718, 559.694781422081, 419.582265258256], [-36.7167503304863, 754.528643597004, 386.3854569659543], [99.4357977982027, 890.6860160651026, 308.6770467905879], [230.6731387666853, 958.5282944452915, 204.321313394554], [340.1136434798613, 961.572849642322, 98.2324957812369]], "H": [[0.0, -1000.000000000006, 0.0], [-27.77425211743681, -976.5839216410636, -34.26550324525928], [-105.7426142660274, -905.1102772737268, -53.36948578368266], [-218.4929205922642, -782.770284302101, -45.97101125204803], [-342.6588180874825, -607.5739289274504, -7.922872802333952], [-450.7349549577757, -381.6680744459596, 55.51214040764676], [-516.5085413623289, -114.5362320674391, 129.5561097139129], [-521.22810746374, 175.21826530971, 192.70928874184], [-458.805920012668, 460.6820777812252, 222.416296571198], [-338.067446196015, 710.5404744074348, 202.298723088773], [-180.7384547917908, 895.465578740539, 128.520714015655], [-15.4014945334324, 995.207403382072, 12.6453619081863], [130.6268587989481, 1004.0162203711277, -120.5614029093001], [238.579810086331, 932.4222406234679, -239.88384494746], [302.1408957993031, 804.725150301083, -316.5193985364511]], "I": [[-433.88373911756, -900.968867902426, 0.0], [-456.84465500837183, -862.1342737813286, -63.62758190043248], [-517.7964345539494, -747.1996968692547, -111.14631485562766], [-595.0325714259772, -561.929436334044, -132.62824069042202], [-659.0706472908695, -318.8221397284414, -128.62176579521295], [-681.5277510933917, -39.4353419324846, -110.84201867300524], [-644.6238863234909, 245.6463623566389, -98.2973986079371], [-548.0022631925062, 500.758119324156, -109.564117677629], [-409.7012708177348, 692.8869268002832, -154.056684816103], [-260.1212512949807, 800.8543447571253, -226.455355280255], [-131.0869215738068, 822.1017075658825, -307.615425108968], [-44.774691775515, 773.584826142813, -372.1700649353447], [-7.4838825032399, 685.7280615859277, -399.2733246300011], [-10.600800181903, 591.7437738553759, -380.984766071521], [-37.2357389737649, 516.926726404683, -324.1240792020583]], "J": [[-781.831482468032, -623.489801858726, 0.0], [-789.1994456541198, -570.3074927636906, -113.02077182453728], [-801.6895346158444, -418.6625665483577, -208.76970310315187], [-795.2176678215312, -192.29420474176095, -278.771960849654], [-743.6871442774908, 70.2831361896676, -327.36631763391097], [-633.9654098068644, 320.5375689938424, -368.17369430919825], [-476.1530772427639, 510.1566892195599, -414.0728531095791], [-302.9504249259182, 605.326543121748, -466.043157035922], [-156.9194948496588, 599.6609834954518, -508.277747753526], [-71.4607222895367, 518.6695873819133, -514.276882785831], [-55.8390605757045, 411.4422733258935, -461.754494394022], [-92.7414547803548, 331.818807588456, -347.5887978274831], [-149.2046567520149, 317.6725651768897, -193.0873942065571], [-193.637287393982, 378.4132314693859, -35.948553146675], [-208.9305831881789, 495.971959969589, 85.92962755962574]],