{"A": [[0.0, 1000.0, 0.0], [0.0, 1000.0, 0.0], [0.0, 1000.0, 0.0], [0.0, 1000.0, 0.0], [0.0, 1000.0, 0.0], [0.0, 1000.0, 0.0], [0.0, 1000.0, 0.0], [0.0, 1000.0, 0.0], [0.0, 1000.0, 0.0], [0.0, 1000.0, 0.0]], "B": [[433.8837391175581, 900.9688679024191, 0.0], [433.8837391175581, 900.9688679024191, 0.0], [433.8837391175581, 900.9688679024191, 0.0], [433.8837391175581, 900.9688679024191, 0.0], [433.8837391175581, 900.9688679024191, 0.0], [433.8837391175581, 900.9688679024191, 0.0], [433.8837391175581, 900.9688679024191, 0.0], [433.8837391175581, 900.9688679024191, 0.0], [433.8837391175581, 900.9688679024191, 0.0], [433.8837391175581, 900.9688679024191, 0.0]], "C": [[781.83148246803, 623.489801858734, 0.0], [777.925844473327, 621.608945730235, -40.6857201175375], [766.384290248691, 616.050826154059, -79.544686679466], [747.725025571386, 607.064997879857, -114.832165780887], [722.785835246397, 595.054916805732, -144.963780207122], [692.686467295107, 580.559825158242, -168.586646596875], [658.778357240048, 564.230539983993, -184.6401187321], [622.583949821736, 546.800232028555, -192.403409633528], [585.728342549901, 529.051507005701, -191.527954271059], [549.866320234382, 511.781267279438, -182.05305983138]], "D": [[974.927912181824, 222.520933956314, 0.0], [958.744499878834, 221.505784612621, -113.3791759179066], [911.616142707213, 218.840734781526, -218.087519545164], [837.6211742802477, 215.590442177128, -306.479286499742], [742.9628000376099, 213.288208279372, -372.799981342775], [635.1789875466733, 213.620765112549, -413.761849627136], [522.220153058783, 218.071367761495, -428.746547472077], [411.539738533036, 227.587148630006, -419.616112764062], [309.33661693038, 242.332914065478, -390.179223249147], [220.05844735068, 261.578606920596, -345.416641845392]], "E": [[974.927912181824, -222.520933956311, 0.0], [949.2738126088161, -223.340490270977, -122.5640547945144], [874.5542928390616, -224.469613742395, -230.9178886399513], [757.3891487490775, -222.119412280413, -312.40968151884294], [608.3829526367109, -210.642140739053, -357.5163937460929], [441.2935236095163, -183.520590568386, -361.3267976395475], [271.628815858796, -134.683368273327, -324.677617812529], [114.69054479837, -59.994084899066, -254.571105277817], [-16.687201676875, 41.337937792566, -163.525846020934], [-114.240981809589, 165.7459395624868, -67.707701180336]], "F": [[781.83148246803, -623.489801858726, 0.0], [751.533815158157, -618.047226281645, -66.2812852181965], [664.7718853866216, -599.372331999407, -114.7216857668683], [533.5911740324186, -561.153009468592, -130.65998912425297], [376.6899723454369, -495.156900097081, -105.6593335187619], [216.8337838599733, -394.143362828531, -39.8954095764345], [76.888725730466, -254.889249463272, 57.014807602654], [-24.819882518572, -80.3909365022508, 167.546263838503], [-78.4447844959324, 119.5861419229794, 270.208500912617], [-84.4135226769333, 329.9540671841228, 344.855357878333]], "G": [[433.883739117558, -900.968867902426, 0.0], [395.8829968269861, -883.958473568186, -36.8539478929939], [289.2314960012617, -829.269545419721, -50.0768762534413], [135.3743574696996, -727.564091726417, -22.06448781966396], [-32.6031656526031, -568.4781568266087, 52.9766797143141], [-175.5507330443707, -347.3538663461659, 164.8175555914695], [-257.356136250887, -72.082086280158, 287.067361431489], [-255.729946128979, 232.8856847660102, 383.417904600642], [-170.4979879403582, 528.3651378782484, 420.169177080016], [-24.7456292115691, 769.4948901988198, 380.9922031769323]], "H": [[0.0, -1000.000000000006, 0.0], [-41.82076751478792, -964.3571909107241, -40.55869159212047], [-155.0640943714683, -854.7783762524105, -53.68133461261371], [-305.4246106397114, -666.2593395316928, -22.575630836401622], [-444.1866891826711, -399.2007110366907, 50.44415121960337], [-521.7349650442377, -68.6852284654809, 141.0997991304174], [-504.509823830408, 289.806935384038, 209.5196025345715], [-388.905433437476, 623.2366244050952, 216.22730170024], [-204.2172546878884, 874.0992531286284, 141.972849287551], [-1.0306715523308, 999.7045403150098, 0.8561986051983]], "I": [[-433.88373911756, -900.968867902426, 0.0], [-468.2897487990999, -845.4521343009781, 4.69680210882663], [-554.1164070337023, -678.4471158179693, 34.22089828096719], [-643.9749201338374, -403.5547051036818, 97.55857406227938], [-675.7480454250581, -40.8613302003747, 177.07152042622837], [-598.1917153835049, 360.6928122501171, 229.7063884675118], [-399.772519633413, 722.333015857901, 205.8384322549747], [-124.890015321125, 955.3635746879622, 81.877712613381], [138.6887350773766, 1000.1258772172264, -112.182686554367], [301.9175410329172, 864.5898968903628, -295.8400733949607]], "J": [[-781.831482468032, -623.489801858726, 0.0], [-792.5610447895449, -552.6049349817421, 89.25984748160683], [-804.8494875339424, -345.8224565980424, 190.92451220499518], [-768.1935286921954, -26.4231842798058, 298.56558260690736], [-628.1041188115927, 353.0548930103243, 378.62133943736336], [-363.1983734443989, 706.4677494344941, 382.2845201069808], [-14.149200107448, 932.272032251726, 278.5194409748233], [320.066104838974, 957.2274211589962, 90.41243015791102], [528.0673637510087, 785.1055728855124, -97.5944566239514], [550.0502810641552, 513.1364063638867, -181.9416470822497]], "K": [[-974.927912181822, -222.520933956311, 0.0], [-959.6553932547139, -140.9455878845241, 115.30451783187183], [-892.7276013549684, 88.8478308933626, 228.3603570405768], [-726.0111216184689, 416.2596566077822, 316.30849985063395], [-425.9587334159167, 746.9356706102623, 333.2623227409845], [-23.4904691295739, 955.5079946669921, 238.6190747287418], [365.799754772844, 938.2057605280368, 46.86053924801428], [588.517291008862, 691.1768999224132, -144.56277063758597], [557.2330478727565, 353.2138230149054, -200.9440742264074], [331.2047382438352, 144.5886786714258, -62.1857912939957]], "L": [[-974.927912181822, 222.520933956314, 0.0], [-933.9327182437096, 301.7217979275529, 77.27566400031773], [-795.0516682757975, 513.2876030700025, 136.8586844497439], [-531.392927667842, 777.9358667957312, 144.91322056138097], [-155.8954602043627, 972.0727029128263, 60.42279235100547], [235.5526745761851, 971.9117585845477, -122.8914097990692], [482.494041605704, 736.1115247192278, -332.0888339782637], [460.580083270547, 375.1291301280202, -430.583997610814], [198.1048345155245, 120.2794436583334, -322.7257045315244], [-113.3069685349768, 165.3293704417477, -68.62243922824857]], "M": [[-781.831482468032, 623.489801858734, 0.0], [-712.2799531261996, 687.4089707774039, 63.94447463073343], [-498.0520005408635, 841.7379154416716, 92.43060927807718], [-148.4817418957989, 980.7759961040972, 43.438248533935976], [256.4990150141433, 966.0870964588114, -106.78137482131253], [546.0588919642681, 714.1156443711747, -310.4795668212852], [543.5546110874931, 306.1747381980348, -429.4963832008853], [234.736522514407, 5.17168003565924, -329.64621785861897], [-150.1500193072825, 73.4599538163053, -49.6162825868524], [-301.2674781703758, 494.0895233367127, 165.15068343825945]], "N": [[-433.88373911756, 900.968867902429, 0.0], [-341.9741091002546, 933.851507840804, 78.15440077943853], [-78.4441646365315, 989.3594415257126, 106.55198596233069], [295.9529440259531, 957.6262474161944, 45.47866037957646], [634.5865451885993, 731.5426257325244, -96.73274439380133], [738.5842824634661, 322.7995376403107, -221.7781416845546], [507.5864289353939, -60.13584647475319, -179.32622186163832], [95.970941451968, -115.67006496013876, 75.57427813577902], [-152.22896708208694, 257.8335311456923, 355.4322653109016], [-25.4203473106118, 768.3586284363037, 381.3614199419184]],