{"A": [[0.0, 1000.0, 0.0], [0.0, 1000.0, 0.0], [0.0, 1000.0, 0.0], [0.0, 1000.0, 0.0], [0.0, 1000.0, 0.0], [0.0, 1000.0, 0.0], [0.0, 1000.0, 0.0], [0.0, 1000.0, 0.0], [0.0, 1000.0, 0.0], [0.0, 1000.0, 0.0], [0.0, 1000.0, 0.0], [0.0, 1000.0, 0.0], [0.0, 1000.0, 0.0], [0.0, 1000.0, 0.0], [0.0, 1000.0, 0.0]], "B": [[433.8837391175581, 900.9688679024191, 0.0], [433.8837391175581, 900.9688679024191, 0.0], [433.8837391175581, 900.9688679024191, 0.0], [433.8837391175581, 900.9688679024191, 0.0], [433.8837391175581, 900.9688679024191, 0.0], [433.8837391175581, 900.9688679024191, 0.0], [433.8837391175581, 900.9688679024191, 0.0], [433.8837391175581, 900.9688679024191, 0.0], [433.8837391175581, 900.9688679024191, 0.0], [433.8837391175581, 900.9688679024191, 0.0], [433.8837391175581, 900.9688679024191, 0.0], [433.8837391175581, 900.9688679024191, 0.0], [433.8837391175581, 900.9688679024191, 0.0], [433.8837391175581, 900.9688679024191, 0.0], [433.8837391175581, 900.9688679024191, 0.0]], "C": [[781.83148246803, 623.489801858734, 0.0], [780.213861750901, 622.710796778508, -26.2708242416444], [775.391081091169, 620.388268020705, -52.0531127147836], [767.452825564349, 616.565405641379, -76.867414527539], [756.546716034129, 611.313300101691, -100.252279597701], [742.875563975009, 604.72962026016, -121.772839840304], [726.693599962935, 596.936797109489, -141.028896032817], [708.30174596944, 588.079747033407, -157.662359973518], [688.042019376327, 578.323176922184, -171.363913537692], [666.2911727746, 567.848521261216, -181.87876079893], [643.453687822789, 556.850568151025, -189.011366248325], [619.954253451818, 545.533837001632, -192.629090999004], [596.229868292726, 534.108775262199, -192.664659356642], [572.721714191556, 522.78784491206, -189.117409887295], [549.866951932617, 511.781571489275, -182.053307717509]], "D": [[974.927912181824, 222.520933956314, 0.0], [968.210701148323, 222.093532914294, -73.4434907519595], [948.305109756573, 220.877609750027, -144.5422299880699], [915.935719579337, 219.066452974581, -211.067552414559], [872.265937239425, 216.964128519621, -271.015439885092], [818.8347896827502, 214.959806296388, -322.700569006016], [757.4744826812765, 213.494604049538, -364.829892535553], [690.2142405373733, 213.023484098193, -396.551258785244], [619.1768121413484, 213.975125308189, -417.474345483865], [546.474436623504, 216.7128611419, -427.663142169743], [474.110983134579, 221.499712064103, -427.60121491296], [403.896421819142, 228.470251271982, -418.132882961814], [337.37878995575, 237.611547827756, -400.385090616147], [275.79746354214, 248.754767239132, -375.676049227715], [220.059931615116, 261.578225370309, -345.417560647356]], "E": [[974.927912181824, -222.520933956311, 0.0], [964.2804526866606, -222.886973073429, -79.70181585525378], [932.722744339397, -223.754695662941, -155.5679756006681], [881.401910742835, -224.446971979411, -223.9330927445091], [812.2046482813911, -223.882237573766, -281.4742766327119], [727.7122908860107, -220.645231920812, -325.38479850211485], [631.1256031611365, -213.085822423226, -353.5443004164307], [526.1513683707683, -199.444171871572, -364.6753909475043], [416.8458353214724, -177.998240599483, -358.4716300100561], [307.415523153592, -147.226668337218, -335.6788012835797], [201.982958428067, -105.976867284709, -298.111090415023], [104.332441836155, -53.625240780144, -248.586961584213], [17.657523006886, 9.785559086025, -190.776182147005], [-55.663843841041, 83.447942852413, -128.958964869598], [-114.239542419132, 165.7435162940015, -67.709378571559]], "F": [[781.83148246803, -623.489801858726, 0.0], [769.2263432820487, -621.289824431781, -43.76678240491929], [732.121625559686, -614.276511802818, -82.6696460018218], [672.627644419985, -601.262638184665, -112.1944529693031], [594.1809652267971, -580.441863052561, -128.5260131548559], [501.3990389180177, -549.632829354433, -128.88610406958486], [399.8396754551925, -506.590887824074, -111.8340184166567], [295.6519639382753, -449.355999903811, -77.4884014075623], [195.1261517633354, -376.596800109158, -27.6223315693211], [104.176687008709, -287.90572982962, 34.4098925929743], [27.817304223028, -184.0010851888084, 103.934691195661], [-30.298259978, -66.8004721650888, 175.398004661228], [-68.1972708966578, 60.6533452332944, 242.933037136398], [-85.7162080694178, 194.410807953947, 300.978661034332], [-84.4137996469339, 329.9502614762055, 344.854354807798]], "G": [[433.883739117558, -900.968867902426, 0.0], [418.02969503092567, -894.017028901762, -25.24516275852259], [371.731304849695, -872.508996060767, -43.9777216805494], [298.74471720686, -834.604834271865, -50.3459246205272], [205.1907947903751, -777.624036227214, -39.8236902927854], [99.2761089165507, -698.600628831903, -9.85666199309985], [-9.2082155802665, -595.0028868096504, 39.5773598545183], [-109.6590041950767, -465.5426303594639, 105.6052257356587], [-191.6980468418736, -310.9631958237872, 182.4289325475949], [-246.386721853777, -134.664181252256, 261.7523399086783], [-267.448009089703, 56.9921325429026, 333.723568117092], [-252.266187971573, 254.8304325847502, 388.34415805968], [-202.4249230670838, 447.5500150041184, 417.163254114455], [-123.6006886115099, 622.939492104409, 414.953207269408], [-24.7486016327395, 769.4912546762405, 380.9935805579286]], "H": [[0.0, -1000.000000000006, 0.0], [-17.53525095096434, -985.3311862834385, -27.92222992756418], [-68.01703671779, -940.8203461749879, -48.1273878577168], [-145.23017804939, -865.173169235842, -54.10537602923456], [-239.3658753500909, -756.9315967990397, -41.68223254392556], [-337.9218726270973, -615.4130119774746, -9.954290870661952], [-427.0468872030785, -441.8002277409734, 38.14420043151818], [-493.2839276614817, -240.1566709344889, 95.84041213570885], [-525.5298130644426, -18.1025809759382, 153.2522924596542], [-516.886601543692, 213.099968416164, 198.8860095855535], [-465.997011243715, 439.2231105434796, 221.741259712934], [-377.485175511667, 644.5271346228102, 213.647421469514], [-261.2869957071913, 813.8129230175294, 171.299464968429], [-130.9202255014098, 934.707290885637, 97.448044763376], [-1.0341993688116, 999.7035227294045, 0.8591267679026]], "I": [[-433.88373911756, -900.968867902426, 0.0], [-448.46491077848833, -878.0478870155865, 1.26999805010972], [-489.161867754493, -809.1186118747719, 9.7858979111906], [-547.157254957668, -694.057155805811, 30.96047488010784], [-608.8762249541729, -533.8384688680537, 66.73281254021543], [-657.7862691559773, -332.0594591717326, 114.38313768866306], [-677.0125526788795, -96.5567838064124, 166.15355438116617], [-652.5870441443807, 159.3969358934521, 210.04065970452984], [-576.834677642538, 416.9059272701188, 231.9775922007777], [-451.0952765701482, 652.779843031721, 219.2667262422387], [-286.850474598086, 842.5904463982766, 164.6135521758038], [-104.520102816344, 965.1643686897382, 69.619308194671], [70.2391698865887, 1007.6125699522994, -53.632441549544], [212.07959516841822, 969.4967148744369, -183.982378599415], [301.9158469007764, 864.5935760507975, -295.8374117506984]], "J": [[-781.831482468032, -623.489801858726, 0.0], [-786.6899664145664, -594.0926746012035, 56.36549040510352], [-797.712938754683, -506.7967191916669, 116.8371659293686], [-804.892824052933, -364.743341523515, 183.23342829322883], [-793.7192583466269, -174.5287006978677, 253.25843463790844], [-748.3712227872959, 52.2922044156824, 319.64012068403605], [-655.8483683323188, 298.1128652979206, 370.7267920540552], [-510.3370822113987, 539.4117910155611, 392.8408851194628], [-316.6862331975161, 748.7983870603898, 374.2183957079077], [-91.6873790492272, 899.183178939295, 309.6748201740085], [137.835960004929, 969.5317659589356, 204.4833132428005], [340.249055712829, 950.8258835833867, 75.70762990686191], [486.5345067325277, 850.2937743342784, -50.27785353025779], [557.7581434063782, 692.0476369695749, -144.0998679838014], [550.0515340660754, 513.1413493323895, -181.9415062718504]],