{"A": [[0.0, 1000.0, 0.0], [0.0, 1000.0, 0.0], [0.0, 1000.0, 0.0], [0.0, 1000.0, 0.0], [0.0, 1000.0, 0.0], [0.0, 1000.0, 0.0], [0.0, 1000.0, 0.0], [0.0, 1000.0, 0.0], [0.0, 1000.0, 0.0], [0.0, 1000.0, 0.0]], "B": [[433.8837391175581, 900.9688679024191, 0.0], [433.8837391175581, 900.9688679024191, 0.0], [433.8837391175581, 900.9688679024191, 0.0], [433.8837391175581, 900.9688679024191, 0.0], [433.8837391175581, 900.9688679024191, 0.0], [433.8837391175581, 900.9688679024191, 0.0], [433.8837391175581, 900.9688679024191, 0.0], [433.8837391175581, 900.9688679024191, 0.0], [433.8837391175581, 900.9688679024191, 0.0], [433.8837391175581, 900.9688679024191, 0.0]], "C": [[781.83148246803, 623.489801858734, 0.0], [775.621701137548, 620.499328781629, -51.1299045076077], [757.435658014228, 611.741391996899, -98.6097721058413], [728.571609554343, 597.841198862588, -139.05013295597], [691.090088497922, 579.791049647515, -169.564050124453], [647.666807553466, 558.879499679316, -187.973210841354], [601.401646912415, 536.599372579533, -192.963430839476], [555.59736150037, 514.541191292476, -184.178470705611], [513.5238055048454, 494.279634602054, -162.24546692759], [478.1845056050173, 477.261124723869, -128.730162177812]], "D": [[974.927912181824, 222.520933956314, 0.0], [949.252843192054, 220.933764965796, -142.0246288679678], [875.790675417442, 217.118763083359, -266.9170351696023], [764.4909398833217, 213.614200457519, -360.7293597692], [629.6597816686677, 213.733426852013, -415.105082115711], [487.154787329231, 220.469260528559, -428.340982384515], [351.505071388024, 235.438603842078, -404.897753472244], [233.652411450181, 258.178692545801, -353.565549813508], [139.8173080927084, 286.010215588901, -284.840601786357], [71.6698723032963, 314.52473048924, -208.2599245202241]], "E": [[974.927912181824, -222.520933956311, 0.0], [916.1826744997556, -208.912941106635, -252.4802191135628], [754.247225089363, -167.196080368426, -455.5742772254913], [527.0670878671367, -95.808022520186, -575.089026256369], [283.4978964696967, 4.833281036676, -601.102239376202], [68.119510695679, 129.8218856382672, -547.734259235851], [-90.477594996598, 269.0391900081146, -444.7046300138395], [-184.150729504562, 408.832368594565, -325.1706647722995], [-222.2010540671506, 535.327917996078, -215.2298776078338], [-223.7764814206847, 637.693590324625, -128.6634151805418]], "F": [[781.83148246803, -623.489801858726, 0.0], [683.7619865467266, -573.495056460622, -357.9447589865368], [428.441718437594, -428.522431711343, -609.2673939365053], [112.6372532825937, -204.87418170058, -695.150466040453], [-156.3392909925123, 68.3883548014408, -624.8985693296646], [-307.203204208317, 352.3182272655882, -460.0387528816563], [-326.01650643541, 607.1039329244306, -276.4907334704485], [-246.4551079307158, 803.749531439621, -129.6690967107925], [-122.0411202095226, 931.985573229901, -40.0358240865818], [0.2107791263473, 1000.084379336425, 0.0412364339462]], "G": [[433.883739117558, -900.968867902426, 0.0], [303.6529292932286, -791.773771332137, -434.9757360221193], [-6.100013713042, -490.2396804314781, -682.933725629521], [-310.6393438559663, -69.329547507741, -672.197499968636], [-447.0935259164943, 369.3208529286538, -473.3602222361216], [-368.1059154784683, 727.4792813875542, -228.5062337289323], [-142.729383720763, 944.8043854282046, -51.9322795639165], [114.0473255265232, 1016.29718097262, 21.7368356186995], [315.6596066490184, 982.3884094424654, 22.7327349568898], [434.0369289887643, 900.801303823883, -0.0412710424797597]], "H": [[0.0, -1000.000000000006, 0.0], [-139.6543802662814, -815.2303940326786, -466.4508108870753], [-421.970793938388, -334.2523943159071, -654.9743815702705], [-571.0138175242033, 255.827233578524, -515.5435329880199], [-428.289540047827, 741.5378434406578, -230.1253845076406], [-70.6615797510623, 984.7142064947462, -20.1331917010793], [294.116231433069, 977.6405761385481, 26.4893838695035], [507.9021505421572, 816.857944443893, -34.5182258416459], [546.2329786467074, 623.8159014843005, -105.0324436223162], [478.0683675001745, 477.073223950687, -128.79689594776275]], "I": [[-433.88373911756, -900.968867902426, 0.0], [-547.6222047787033, -638.6510188200676, -445.3737473512975], [-697.237748220903, -6.2958810868241, -533.5870119397765], [-562.8365142709323, 638.660412423151, -288.7525431264659], [-110.305770960475, 979.6025201740188, -29.4420606264396], [370.5933732928957, 938.4882460190231, 14.7880223016845], [590.622503456217, 676.0045520384471, -111.9375058997555], [509.62402129572456, 420.888043625567, -237.6613699597749], [282.7569877403074, 302.4702413998595, -264.3423088408312], [71.4449320689865, 314.576209078689, -208.25988173983575]], "J": [[-781.831482468032, -623.489801858726, 0.0], [-829.5680188864663, -301.2854656757726, -376.4295260277258], [-751.1928959721508, 397.4733555718039, -354.3622654497625], [-289.4254600251333, 923.831441031239, -83.8473356427019], [331.353783413443, 952.1204328615556, 17.9270970854918], [637.3968326147117, 622.1426047770341, -148.9300694178235], [479.433701327608, 311.8774728360031, -342.3952778838145], [117.35278341941057, 256.157762092279, -368.2350061812839], [-146.9028379431846, 418.2290961919305, -256.95407995793727], [-223.7993118611915, 637.913294677591, -128.59665498080236]], "K": [[-974.927912181822, -222.520933956311, 0.0], [-922.8212958933935, 121.8771155466904, -274.9429733433048], [-568.0166447942548, 758.6706014490369, -169.8486486886335], [138.27996346874568, 995.6292056276781, 16.0296682572793], [652.92505379456, 674.2597022180596, -114.1622538361752], [537.3125850672437, 263.8465778781851, -393.2032048554075], [60.807277517337, 213.5878449755708, -457.0832482122005], [-245.13698244886342, 500.626886936925, -285.1791163623029], [-208.0843260439589, 827.0439021518755, -92.0615569714163], [0.4216146669125, 1000.168634553868, 0.0824382440126403]], "L": [[-974.927912181822, 222.520933956314, 0.0], [-806.6538260026695, 536.7767299250834, -163.4723802570408], [-201.4160782812598, 971.3932051175099, -34.1453594284955], [546.7338277841617, 824.9210157404372, -29.6476655790373], [676.9240015038527, 299.3793164592656, -352.8063635002282], [142.5279765067667, 122.0268393144081, -541.8455231655545], [-287.786933023455, 469.7621083942228, -352.5888113529945], [-186.24392070622642, 890.192953189503, -78.2198172278459], [175.3458395657661, 1020.1917134011005, 25.14550469855971], [434.1900140653655, 900.6336525197057, -0.0825766781564807]], "M": [[-781.831482468032, 623.489801858734, 0.0], [-506.8871542017375, 851.1900634108644, -66.7952764583007], [241.1219042295752, 973.2711236044078, 12.9595410868085], [770.2017250593417, 480.9734966603841, -202.3452834005933], [390.1049464827966, 34.3860829226516, -566.2909766501982], [-262.2123526738933, 298.9731176675341, -487.6464022606345], [-252.0262033152122, 849.4113636067358, -123.1332003462505], [230.40919916366758, 1004.003804442356, 29.0626698562901], [526.2529745643801, 757.3223222263715, -51.18358533703759], [477.9521082388207, 476.8853934082577, -128.8636164656085]], "N": [[-433.88373911756, 900.968867902429, 0.0], [-90.1530028560325, 995.2297538801674, -6.4009152410097], [629.8456331445592, 763.7537531906017, -42.3450542780527], [718.0092294491342, 103.3469350940231, -431.9893288202703], [-49.2287771589054, 25.53706386052243, -636.7880569295801], [-384.9830411865873, 667.0601121888471, -269.6978149709865], [135.8444960120488, 1010.2109661245768, 24.3865360575325], [554.7078031220906, 719.108428475384, -79.2300095750249], [407.9735607920561, 365.5464132461805, -226.0660647784396], [71.2200217785337, 314.6278182823917, -208.25979617908237]],