{"A": [[0.0, 1000.0, 0.0], [0.0, 1000.0, 0.0], [0.0, 1000.0, 0.0], [0.0, 1000.0, 0.0], [0.0, 1000.0, 0.0], [0.0, 1000.0, 0.0], [0.0, 1000.0, 0.0], [0.0, 1000.0, 0.0], [0.0, 1000.0, 0.0], [0.0, 1000.0, 0.0], [0.0, 1000.0, 0.0], [0.0, 1000.0, 0.0], [0.0, 1000.0, 0.0], [0.0, 1000.0, 0.0], [0.0, 1000.0, 0.0]], "B": [[433.8837391175581, 900.9688679024191, 0.0], [433.8837391175581, 900.9688679024191, 0.0], [433.8837391175581, 900.9688679024191, 0.0], [433.8837391175581, 900.9688679024191, 0.0], [433.8837391175581, 900.9688679024191, 0.0], [433.8837391175581, 900.9688679024191, 0.0], [433.8837391175581, 900.9688679024191, 0.0], [433.8837391175581, 900.9688679024191, 0.0], [433.8837391175581, 900.9688679024191, 0.0], [433.8837391175581, 900.9688679024191, 0.0], [433.8837391175581, 900.9688679024191, 0.0], [433.8837391175581, 900.9688679024191, 0.0], [433.8837391175581, 900.9688679024191, 0.0], [433.8837391175581, 900.9688679024191, 0.0], [433.8837391175581, 900.9688679024191, 0.0]], "C": [[781.83148246803, 623.489801858734, 0.0], [779.256160460805, 622.249592144798, -33.1016629765276], [771.606439031228, 618.565680463366, -65.2233231478254], [759.108794669787, 612.547132144013, -95.4139915228319], [742.133230736787, 604.372131413935, -122.779847760247], [721.182323199074, 594.282706102789, -146.510702477768], [696.876341442318, 582.577562203537, -165.903983595854], [669.934884669809, 569.603240428196, -180.385536579977], [641.155577557767, 555.74385657617, -189.52662277255], [611.390455900358, 541.409729460243, -193.056612564483], [581.52074136741, 527.025233070149, -190.870997614276], [552.430752189533, 513.016232620698, -183.034484906103], [524.9817221669346, 499.797476450928, -169.779081044669], [499.9863031123663, 487.76031704779, -151.497223502914], [478.1845056050173, 477.261124723869, -128.730162177812]], "D": [[974.927912181824, 222.520933956314, 0.0], [964.243440470827, 221.845124932638, -92.4163581725917], [932.811378691838, 219.984600711376, -180.1509285693224], [882.441535827519, 217.417861497409, -258.8892454053869], [815.9752440893915, 214.871067001588, -325.013727416563], [737.0425399578343, 213.220112499462, -375.861999565518], [649.759302085843, 213.37060148315, -409.888550634546], [558.396280251966, 216.130329077318, -426.71520361344], [467.054395089457, 222.089889064961, -427.068350522283], [379.379226593729, 231.526162337768, -412.613503821033], [298.342433692407, 244.34083339865, -385.708982719461], [226.109582693173, 260.042018814857, -349.10918401168], [164.0034924180336, 277.772053190401, -305.652894815005], [112.5609535539473, 296.379055667263, -257.972927337629], [71.6698723032963, 314.52473048924, -208.2599245202241]], "E": [[974.927912181824, -222.520933956311, 0.0], [957.9914273942592, -223.085974302094, -100.12955863821495], [908.1570593084476, -224.199587115885, -192.5942406339166], [828.3208558451228, -224.174203715968, -270.2762614317818], [723.1986442270176, -220.387666410628, -327.15888510969666], [599.1180997385572, -209.568920480368, -358.8753407610941], [463.6638712148981, -188.19119995543, -363.2101356066322], [325.150995583278, -152.952703365927, -340.4793842720514], [191.936498719516, -101.306139110392, -293.698877806286], [71.624882191178, -31.978731529352, -228.454065820717], [-29.732450119084, 54.590853802406, -152.419291454586], [-108.314568043771, 155.97678993142, -74.530998905014], [-162.9528715860184, 267.7195354949407, -3.890161661304], [-195.1931835590357, 383.5504513416615, 51.463339220091], [-208.9502721782117, 495.890633940138, 85.7145773873009]], "F": [[781.83148246803, -623.489801858726, 0.0], [761.8011981468712, -619.951195717721, -54.63610665065844], [703.5096553071616, -608.299036495782, -99.5925351831252], [612.2617570619308, -585.636013906868, -126.3106759549808], [496.5418809479625, -547.812579004969, -128.45835046618964], [367.3477226337073, -490.350215879723, -102.9327287448471], [237.1020503968451, -409.535955593704, -50.5785557971002], [118.176073923104, -303.489715499889, 23.6116125635016], [21.220792232773, -172.9780838978808, 111.000447723515], [-46.36271128354, -21.7705526768812, 200.541254743186], [-81.4476051723776, 143.5815851828549, 280.55698579551], [-85.4301538439254, 314.528351180636, 340.679755058962], [-63.6370789310403, 481.6999516269587, 373.483683532615], [-24.0644604303437, 636.1977576969875, 375.417908422171], [24.1966513222793, 770.675261117597, 346.8623993662859]], "G": [[433.883739117558, -900.968867902426, 0.0], [408.7199477898172, -889.838860623749, -31.04493938335194], [336.4290825108036, -854.821540330032, -49.1864604107767], [226.4570835824248, -791.507376443682, -43.6426639807374], [93.8948358606295, -694.079232861545, -7.86113968914864], [-41.8841462963617, -557.4343264641255, 58.5951752044869], [-159.6265423037309, -379.7238211358811, 148.8704967653388], [-239.614197809335, -164.761833827896, 249.0067333970836], [-267.569076570023, 76.4239817320842, 340.044734994639], [-238.052543001676, 325.6447435621948, 402.085008181849], [-156.1740648840718, 559.694781422081, 419.582265258256], [-36.7167503304863, 754.528643597004, 386.3854569659543], [99.4357977982027, 890.6860160651026, 308.6770467905879], [230.6731387666853, 958.5282944452915, 204.321313394554], [340.1136434798613, 961.572849642322, 98.2324957812369]], "H": [[0.0, -1000.000000000006, 0.0], [-9.66309827151781, -990.038440735949, 82.87580108535406], [-39.1426888165224, -959.552105560052, 165.3819843424503], [-89.5884015509542, -906.33791417043, 247.8902897781046], [-161.6664581688005, -825.61688217055, 331.91604613035236], [-253.3390133586877, -709.1904328825806, 419.5926648848569], [-356.8878272866809, -545.9177595960031, 511.5409042445748], [-456.596940430775, -324.820318307804, 603.0717488188826], [-529.336563200356, -41.3537373860108, 680.14539070958], [-549.801883558123, 294.452298913142, 718.157221852385], [-499.8827028258728, 651.5804305924866, 686.946555835524], [-378.4639570177743, 978.22228998615, 563.1119786929603], [-206.0260399934323, 1212.1826586633847, 346.029940201281], [-19.7786991791257, 1300.7752920341236, 69.402323974405], [140.1269831691113, 1223.723733119464, -200.6730314093261]], "I": [[-433.88373911756, -900.968867902426, 0.0], [-406.2802201662238, -899.69787463711, 263.4186074556451], [-333.8432436810634, -897.5714572373105, 493.0590302141173], [-245.2726134646522, -897.2086751811903, 664.7132106347296], [-179.9610653506814, -896.0093106136745, 770.9746726953134], [-175.1235631343984, -879.6688979969827, 823.1787157756359], [-250.2590149946639, -820.1408794972211, 845.4484379960448], [-395.112502055706, -682.119788009158, 861.1783488584736], [-568.6309504943779, -438.3715969369548, 877.363631549364], [-712.654251429213, -88.437131502776, 876.071928418043], [-776.0083857490578, 329.2625985951576, 820.842360855349], [-737.2586249982813, 741.188422366557, 677.7575020474163], [-613.5593332042853, 1060.4896286521157, 440.730012882753], [-450.5395620729147, 1218.9837507275097, 145.6747761760487], [-299.3421843069287, 1194.7835064754292, -136.7075851521645]], "J": [[-781.831482468032, -623.489801858726, 0.0], [-698.5933017105358, -637.617510898043, 473.0115689205771], [-477.5524205232534, -683.6270839641205, 855.8781887921193], [-195.9649061131265, -766.7367767095393, 1087.3337235066197], [45.4667055096606, -880.4168604735216, 1154.3823666957394], [158.7716080003496, -994.7837876100076, 1093.9643156096058], [103.8145660950091, -1057.229657527403, 973.8348652446188], [-94.168253873322, -1009.979908709351, 859.5768072402099], [-356.1127804621229, -818.1931434292438, 784.4449336381342], [-586.111515031944, -492.692154414741, 739.590880243932], [-714.1643179567589, -91.6398091963974, 690.156712870075], [-721.0605439641236, 302.424221032788, 605.0535682205224], [-634.2454663300944, 617.5933979350417, 479.1653730094688], [-502.8362828172984, 819.2517925104627, 334.1997845290617], [-370.8604910909267, 914.7532906942173, 201.7159279781095]],