{"A": [[0.0, 1000.0, 0.0], [0.0, 1000.0, 0.0], [0.0, 1000.0, 0.0], [0.0, 1000.0, 0.0], [0.0, 1000.0, 0.0], [0.0, 1000.0, 0.0], [0.0, 1000.0, 0.0], [0.0, 1000.0, 0.0], [0.0, 1000.0, 0.0], [0.0, 1000.0, 0.0], [0.0, 1000.0, 0.0], [0.0, 1000.0, 0.0], [0.0, 1000.0, 0.0], [0.0, 1000.0, 0.0], [0.0, 1000.0, 0.0]], "B": [[433.8837391175581, 900.9688679024191, 0.0], [433.8837391175581, 900.9688679024191, 0.0], [433.8837391175581, 900.9688679024191, 0.0], [433.8837391175581, 900.9688679024191, 0.0], [433.8837391175581, 900.9688679024191, 0.0], [433.8837391175581, 900.9688679024191, 0.0], [433.8837391175581, 900.9688679024191, 0.0], [433.8837391175581, 900.9688679024191, 0.0], [433.8837391175581, 900.9688679024191, 0.0], [433.8837391175581, 900.9688679024191, 0.0], [433.8837391175581, 900.9688679024191, 0.0], [433.8837391175581, 900.9688679024191, 0.0], [433.8837391175581, 900.9688679024191, 0.0], [433.8837391175581, 900.9688679024191, 0.0], [433.8837391175581, 900.9688679024191, 0.0]], "C": [[781.83148246803, 623.489801858734, 0.0], [779.256160460805, 622.249592144798, -33.1016629765276], [771.606439031228, 618.565680463366, -65.2233231478254], [759.108794669787, 612.547132144013, -95.4139915228319], [742.133230736787, 604.372131413935, -122.779847760247], [721.182323199074, 594.282706102789, -146.510702477768], [696.876341442318, 582.577562203537, -165.903983595854], [669.934884669809, 569.603240428196, -180.385536579977], [641.155577557767, 555.74385657617, -189.52662277255], [611.390455900358, 541.409729460243, -193.056612564483], [581.52074136741, 527.025233070149, -190.870997614276], [552.430752189533, 513.016232620698, -183.034484906103], [524.9817221669346, 499.797476450928, -169.779081044669], [499.9863031123663, 487.76031704779, -151.497223502914], [478.1845056050173, 477.261124723869, -128.730162177812]], "D": [[974.927912181824, 222.520933956314, 0.0], [982.668332089844, 230.718085090636, 25.1120090620683], [1004.345156531845, 254.43345250654, 41.0907123062406], [1035.525410292372, 291.139169988401, 40.0594031563291], [1069.464465665686, 336.94504225401, 16.501446096945], [1097.990023234075, 387.043259167755, -31.92434629364], [1112.586577604817, 436.256470264928, -103.9572177498883], [1105.549226224488, 479.6253004634506, -194.7514666489618], [1071.06666974846, 512.9668699889396, -296.338824440172], [1006.10085114081, 533.3393897774648, -398.485037330127], [910.95401596506, 539.3590226086787, -489.842333060756], [789.450322060618, 531.3326206344865, -559.263800116145], [648.7042224072256, 511.1916224706763, -597.125755965552], [498.4963959150576, 482.2357692066297, -596.502306331028], [350.3243007993443, 448.717630671255, -554.052747011349]], "E": [[974.927912181824, -222.520933956311, 0.0], [989.2844192783731, -208.016063664153, 99.481615097615], [1031.0077638007417, -165.037805929773, 187.3618062196986], [1095.9689440682691, -95.281677655343, 252.3982171450361], [1177.065045088955, -1.817127425995, 284.315881661257], [1264.140723805243, 110.689096202929, 274.807760775183], [1344.293026220884, 235.897449677375, 218.8904998107047], [1402.787040343398, 366.0094641026836, 116.3809613957762], [1424.670182423121, 492.3471147103705, -26.891898847114], [1396.970699585086, 606.2741752702718, -198.576201013604], [1311.156207569126, 700.3287979919467, -380.347121094564], [1165.372137841874, 769.3519797985155, -549.6806232927655], [965.9288260359966, 811.3603087060573, -682.738692204498], [727.5857089725256, 827.9373447561798, -757.966765270373], [472.3845745738633, 824.004203045054, -759.779610490999]], "F": [[781.83148246803, -623.489801858726, 0.0], [838.3164519048771, -583.307628706446, 285.027238140532], [993.7096155598526, -471.694390202679, 507.7254303330366], [1210.5224110770032, -312.501129144808, 623.552467135604], [1440.032532230778, -136.765512825158, 617.030922168355], [1637.109112908071, 26.9094424814496, 502.706454381605], [1771.947997327742, 160.3653941545984, 316.1961957963958], [1834.587437864487, 259.5641810458176, 99.6452925793097], [1831.368189790598, 333.0103005945555, -112.1607364485993], [1776.003177988712, 396.0577751546458, -299.599513337029], [1680.070235283994, 463.6968746848077, -457.6131370544874], [1547.612934080818, 544.7178919629065, -588.3298725487053], [1376.2516450304026, 639.2541113763973, -691.508255954941], [1163.8703600081647, 740.0855040900375, -758.1135898097158], [917.1214157510133, 836.4908409831002, -770.5262456824483]], "G": [[433.883739117558, -900.968867902426, 0.0], [529.4493807449301, -832.045508074223, 486.99967169488], [794.2380563981836, -639.759167814348, 868.3188188014346], [1168.0454671863254, -364.2394442543528, 1063.531012274452], [1567.783184108078, -61.8448479585208, 1036.708094666491], [1909.221420616287, 208.5646976323186, 804.399219400828], [2129.182961528738, 400.4901223273404, 429.2694440359398], [2201.129404378577, 491.6145607880006, 0.3383329004583], [2138.386983573763, 488.6445244721165, -394.2595007442323], [1983.500289890068, 423.1852282498641, -692.373384713841], [1788.042283877023, 339.8805216913737, -871.2238376525154], [1591.8112137457524, 281.1483142535355, -944.1948103775463], [1410.903549649207, 274.2232058035133, -943.7263117679499], [1239.778209961185, 325.0329843862995, -899.6468664560538], [1065.0801709933294, 420.2108360200042, -824.2051839192243]], "H": [[0.0, -1000.000000000006, 0.0], [126.9600733300261, -902.466036375277, 663.367386443437], [480.0547477346916, -629.2433122624691, 1183.3434678916826], [980.7151560706043, -235.6645831755488, 1446.203357539965], [1515.2371173301142, 196.5073125617482, 1395.254237046849], [1962.224033433208, 576.7117571955756, 1048.777470815874], [2226.891011746231, 829.1585315933144, 498.2534712831112], [2269.868918632344, 914.9416396951516, -118.5369279373667], [2116.4886083635647, 843.0442901460895, -662.5569689554483], [1840.447404356161, 664.252782284415, -1038.038787274431], [1529.344353204087, 450.1227417861767, -1216.1648438684574], [1249.6733303546484, 266.6349084683648, -1228.4364223845464], [1028.312571385663, 154.1959967144343, -1136.806286454081], [856.843327082666, 121.1764482122735, -998.9728566555252], [711.7525570076112, 150.5455438914232, -846.6215085853696]], "I": [[-433.88373911756, -900.968867902426, 0.0], [-285.3913213592789, -779.914330031075, 777.427330179474], [125.9155188311626, -442.6489345138041, 1377.8433623373367], [702.2342437729453, 36.3643593598502, 1661.867216598679], [1300.9364726076062, 547.1252087269781, 1566.147738255489], [1773.083261544665, 971.3625616152386, 1129.6401641638006], [2013.3491392468939, 1219.4495051478013, 486.6306985275615], [1997.195795370388, 1260.9754033410986, -181.5628469131868], [1782.0236552691356, 1131.5942733248864, -716.7267626990471], [1470.260983780593, 911.2834740130161, -1038.3787294729166], [1157.297698237095, 686.4725456719246, -1154.6642672353753], [895.0393092175705, 517.0358775408978, -1130.4755631863457], [687.473973972185, 423.1693988846973, -1039.1096967831945], [511.80010794861994, 392.9539449911055, -927.2481512228322], [345.5072658524473, 400.2257696562622, -806.7914224212609]], "J": [[-781.831482468032, -623.489801858726, 0.0], [-621.7923019341919, -489.894045889384, 805.4430266686091], [-183.9168098480224, -124.3737382641001, 1405.5397836333614], [412.4360215077773, 373.8637053719232, 1648.6973263738048], [1000.5023754118193, 866.2849014294692, 1489.0847251339642], [1423.995239053333, 1221.0111467360946, 1011.8462734249038], [1601.5984712626007, 1364.7575136740154, 400.5537894996814], [1556.101152564961, 1310.1827825580474, -148.75409634079], [1384.7229666880346, 1138.8463987876255, -516.3225867834551], [1192.313114109494, 951.1557437971003, -693.0999319154556], [1036.2165030871, 817.4923305160187, -746.9444806715852], [915.4031925717497, 758.7483579474388, -757.3500437353047], [797.29259520715, 758.4554121255103, -767.8433628044065], [652.230747110818, 787.8219042583745, -777.5124022389722], [472.5677760621073, 824.1440253540682, -759.7679875556341]],