{"A": [[0.0, 1000.0, 0.0], [0.0, 1000.0, 0.0], [0.0, 1000.0, 0.0], [0.0, 1000.0, 0.0], [0.0, 1000.0, 0.0], [0.0, 1000.0, 0.0], [0.0, 1000.0, 0.0], [0.0, 1000.0, 0.0], [0.0, 1000.0, 0.0], [0.0, 1000.0, 0.0], [0.0, 1000.0, 0.0], [0.0, 1000.0, 0.0], [0.0, 1000.0, 0.0], [0.0, 1000.0, 0.0], [0.0, 1000.0, 0.0]], "B": [[433.8837391175581, 900.9688679024191, 0.0], [433.8837391175581, 900.9688679024191, 0.0], [433.8837391175581, 900.9688679024191, 0.0], [433.8837391175581, 900.9688679024191, 0.0], [433.8837391175581, 900.9688679024191, 0.0], [433.8837391175581, 900.9688679024191, 0.0], [433.8837391175581, 900.9688679024191, 0.0], [433.8837391175581, 900.9688679024191, 0.0], [433.8837391175581, 900.9688679024191, 0.0], [433.8837391175581, 900.9688679024191, 0.0], [433.8837391175581, 900.9688679024191, 0.0], [433.8837391175581, 900.9688679024191, 0.0], [433.8837391175581, 900.9688679024191, 0.0], [433.8837391175581, 900.9688679024191, 0.0], [433.8837391175581, 900.9688679024191, 0.0]], "C": [[781.83148246803, 623.489801858734, 0.0], [780.213861750901, 622.710796778508, -26.2708242416444], [775.391081091169, 620.388268020705, -52.0531127147836], [767.452825564349, 616.565405641379, -76.867414527539], [756.546716034129, 611.313300101691, -100.252279597701], [742.875563975009, 604.72962026016, -121.772839840304], [726.693599962935, 596.936797109489, -141.028896032817], [708.30174596944, 588.079747033407, -157.662359973518], [688.042019376327, 578.323176922184, -171.363913537692], [666.2911727746, 567.848521261216, -181.87876079893], [643.453687822789, 556.850568151025, -189.011366248325], [619.954253451818, 545.533837001632, -192.629090999004], [596.229868292726, 534.108775262199, -192.664659356642], [572.721714191556, 522.78784491206, -189.117409887295], [549.866951932617, 511.781571489275, -182.053307717509]], "D": [[974.927912181824, 222.520933956314, 0.0], [979.815903423018, 227.682303775914, 20.3529773149122], [993.866684534831, 242.818907756137, 36.1061357194857], [1015.29075073764, 266.913314231251, 43.05773718587], [1041.268710005241, 298.351574391734, 37.771662473674], [1068.182959651463, 335.039556199426, 17.88614433287], [1091.91703509005, 374.553648738811, -17.660172484835], [1108.199881477388, 414.314759800902, -68.5025336809754], [1112.968824373002, 451.77282536885, -132.834922995403], [1102.723496217002, 484.5882899776844, -207.507360769314], [1074.843526325139, 510.7972575563752, -288.2291268325697], [1027.845384660058, 528.9482352074504, -369.863419191795], [961.558194508894, 538.2005066429482, -446.792060463968], [877.20427026001, 538.377020932543, -513.323540051711], [777.377154942571, 529.9680547490993, -564.114328430395]], "E": [[974.927912181824, -222.520933956311, 0.0], [983.963262117447, -213.408231624736, 79.3801167592881], [1010.5416476645217, -186.279086958124, 152.9783767863107], [1053.055772505643, -141.782828934146, 215.114500748798], [1108.758816208922, -81.069277198282, 260.363592108334], [1173.705177119166, -5.866377742211, 283.800547890176], [1242.743300738584, 81.453737143573, 281.348428743524], [1309.615614577387, 177.852323844708, 250.2128299848056], [1367.210986896499, 279.673494998222, 189.352922021314], [1407.993313220718, 382.7836613823914, 99.914858040991], [1424.599143605404, 482.8040560399821, -14.4597840548917], [1410.562866393489, 575.4221780008486, -147.53535975706], [1361.096008323233, 656.7514355436061, -290.659178647203], [1273.823770677629, 723.69543402357, -433.2465655018358], [1149.371935176315, 774.2667319378443, -563.5629684422353]], "F": [[781.83148246803, -623.489801858726, 0.0], [791.8083399872, -610.414907976578, 138.7471869947743], [821.6944860179937, -571.140495672109, 272.4803006867267], [871.1504815925641, -505.659078548687, 395.577251197328], [938.995044332308, -414.38815434786, 501.488149317119], [1022.511644272234, -298.67822507518, 582.905883653149], [1116.8684636681, -161.288022466421, 632.481206662484], [1214.901181074771, -6.668908572191, 643.9682808280826], [1307.4231843060943, 159.057219338367, 613.545563285309], [1384.091583201412, 328.46879841045, 540.982729414081], [1434.7073030957772, 493.5214297224537, 430.3381781799103], [1450.7050147577231, 646.4131153184499, 289.970250422559], [1426.527361994013, 780.4747905398282, 131.802101922328], [1360.594428038259, 890.917301214764, -30.0469073305268], [1255.668627128066, 975.2999453210343, -181.00718872886432]], "G": [[433.883739117558, -900.968867902426, 0.0], [450.6135739424891, -878.325459835659, 238.1067966026169], [500.3941515030047, -810.548234729012, 466.1612076326177], [581.667267089419, -698.356515160111, 673.299109608714], [690.863090850392, -543.736585386744, 847.554300860709], [821.368055139041, -350.8594750858305, 976.454658131117], [962.815258888812, -126.9010526202459, 1048.591060664035], [1101.1770680087081, 117.565289550469, 1055.9087550708075], [1219.9683446361068, 368.859508535639, 996.16406082698], [1302.5651704831655, 611.271735851106, 874.806345713754], [1335.2782896311583, 828.8244389021987, 705.5617736647893], [1310.4963819394593, 1007.4172214763178, 509.241404055577], [1229.043142264298, 1136.908702901212, 310.735366777328], [1100.9576638604478, 1212.655713903662, 134.6813801093232], [944.231047615031, 1236.1272598949693, 0.756422135277675]], "H": [[0.0, -1000.000000000006, 0.0], [30.10911524606807, -962.3868687937842, 357.1527706444379], [118.3478013295727, -851.0717703332022, 690.7957855062317], [258.1739109804651, -670.9039988358926, 977.701264817903], [437.975161290508, -430.741345276161, 1195.896137266315], [640.670464696293, -144.1477801630175, 1326.713020180444], [844.220616909968, 170.4099359546591, 1357.789623341291], [1023.5775253457022, 490.325305081264, 1286.3226131504296], [1154.154741874468, 790.790868285676, 1121.482700885731], [1216.295054008056, 1047.756263512705, 884.8556397467407], [1199.6604650541333, 1241.3614747555237, 608.1797224361038], [1106.2171439878532, 1359.0405135596188, 328.428468673264], [950.695172613261, 1397.4727737279431, 81.190083705547], [758.0631442037809, 1362.819118277654, -106.0187747958918], [558.468038081311, 1269.1455994513715, -218.69506207839433]], "I": [[-433.88373911756, -900.968867902426, 0.0], [-396.5135871334699, -853.0294481346903, 421.1550249510533], [-287.6844398645893, -712.0921963403782, 808.6294026058657], [-117.5260391140889, -487.1576668081056, 1129.849538421131], [96.466691802055, -194.163222602592, 1355.47377146069], [329.570865177283, 143.4266764216795, 1463.02235696372], [551.668986256058, 495.1450599420261, 1441.5924087711985], [731.4301981211752, 825.904511760519, 1296.2624036536315], [842.5695229341271, 1100.454964096655, 1050.1730711107962], [870.7304299214021, 1289.337553765375, 742.4272894267457], [818.5938294742923, 1374.9443657448767, 421.0805650944708], [706.6981519688132, 1355.8264905075969, 132.376156095547], [568.525473045, 1247.574606452784, -90.679414387096], [440.5214669554269, 1079.50852219998, -236.2672049421928], [350.109518634416, 887.8024251448054, -314.749083227178]], "J": [[-781.831482468032, -623.489801858726, 0.0], [-742.06543028607, -572.6026306256672, 417.0333856215149], [-627.0851197335513, -424.6266922886172, 793.3641911787699], [-449.9541214551509, -193.8138711199296, 1091.0777471616777], [-232.348515452238, 95.813200821176, 1278.9460148502408], [-3.052381421223, 411.2188413365995, 1337.677247655033], [206.008795993916, 713.1614006748691, 1265.3818181798324], [366.3701655806822, 961.611749676813, 1080.9092462265105], [460.8888356883001, 1123.2588044533563, 822.4405480849921], [490.0170075727151, 1179.317247185399, 539.9054723828707], [473.1896249597463, 1131.0295793252787, 282.2865570655848], [443.2752002136432, 1000.4406598485648, 83.6778599184461], [434.839107630559, 825.3985822175501, -46.4343642868006], [470.1706683908432, 649.8677320767, -124.0532106649478], [548.903478839871, 512.5884750744013, -181.490998093242]],