{"A": [[0.0, 1000.0, 0.0], [0.0, 1000.0, 0.0], [0.0, 1000.0, 0.0], [0.0, 1000.0, 0.0], [0.0, 1000.0, 0.0], [0.0, 1000.0, 0.0], [0.0, 1000.0, 0.0], [0.0, 1000.0, 0.0], [0.0, 1000.0, 0.0], [0.0, 1000.0, 0.0], [0.0, 1000.0, 0.0], [0.0, 1000.0, 0.0], [0.0, 1000.0, 0.0], [0.0, 1000.0, 0.0], [0.0, 1000.0, 0.0]], "B": [[433.8837391175581, 900.9688679024191, 0.0], [433.8837391175581, 900.9688679024191, 0.0], [433.8837391175581, 900.9688679024191, 0.0], [433.8837391175581, 900.9688679024191, 0.0], [433.8837391175581, 900.9688679024191, 0.0], [433.8837391175581, 900.9688679024191, 0.0], [433.8837391175581, 900.9688679024191, 0.0], [433.8837391175581, 900.9688679024191, 0.0], [433.8837391175581, 900.9688679024191, 0.0], [433.8837391175581, 900.9688679024191, 0.0], [433.8837391175581, 900.9688679024191, 0.0], [433.8837391175581, 900.9688679024191, 0.0], [433.8837391175581, 900.9688679024191, 0.0], [433.8837391175581, 900.9688679024191, 0.0], [433.8837391175581, 900.9688679024191, 0.0]], "C": [[781.83148246803, 623.489801858734, 0.0], [779.256160460805, 622.249592144798, -33.1016629765276], [771.606439031228, 618.565680463366, -65.2233231478254], [759.108794669787, 612.547132144013, -95.4139915228319], [742.133230736787, 604.372131413935, -122.779847760247], [721.182323199074, 594.282706102789, -146.510702477768], [696.876341442318, 582.577562203537, -165.903983595854], [669.934884669809, 569.603240428196, -180.385536579977], [641.155577557767, 555.74385657617, -189.52662277255], [611.390455900358, 541.409729460243, -193.056612564483], [581.52074136741, 527.025233070149, -190.870997614276], [552.430752189533, 513.016232620698, -183.034484906103], [524.9817221669346, 499.797476450928, -169.779081044669], [499.9863031123663, 487.76031704779, -151.497223502914], [478.1845056050173, 477.261124723869, -128.730162177812]], "D": [[974.927912181824, 222.520933956314, 0.0], [982.668332089844, 230.718085090636, 25.1120090620683], [1004.345156531845, 254.43345250654, 41.0907123062406], [1035.525410292372, 291.139169988401, 40.0594031563291], [1069.464465665686, 336.94504225401, 16.501446096945], [1097.990023234075, 387.043259167755, -31.92434629364], [1112.586577604817, 436.256470264928, -103.9572177498883], [1105.549226224488, 479.6253004634506, -194.7514666489618], [1071.06666974846, 512.9668699889396, -296.338824440172], [1006.10085114081, 533.3393897774648, -398.485037330127], [910.95401596506, 539.3590226086787, -489.842333060756], [789.450322060618, 531.3326206344865, -559.263800116145], [648.7042224072256, 511.1916224706763, -597.125755965552], [498.4963959150576, 482.2357692066297, -596.502306331028], [350.3243007993443, 448.717630671255, -554.052747011349]], "E": [[974.927912181824, -222.520933956311, 0.0], [989.2844192783731, -208.016063664153, 99.481615097615], [1031.0077638007417, -165.037805929773, 187.3618062196986], [1095.9689440682691, -95.281677655343, 252.3982171450361], [1177.065045088955, -1.817127425995, 284.315881661257], [1264.140723805243, 110.689096202929, 274.807760775183], [1344.293026220884, 235.897449677375, 218.8904998107047], [1402.787040343398, 366.0094641026836, 116.3809613957762], [1424.670182423121, 492.3471147103705, -26.891898847114], [1396.970699585086, 606.2741752702718, -198.576201013604], [1311.156207569126, 700.3287979919467, -380.347121094564], [1165.372137841874, 769.3519797985155, -549.6806232927655], [965.9288260359966, 811.3603087060573, -682.738692204498], [727.5857089725256, 827.9373447561798, -757.966765270373], [472.3845745738633, 824.004203045054, -759.779610490999]], "F": [[781.83148246803, -623.489801858726, 0.0], [797.7275793665501, -602.64996237672, 174.5304476340274], [845.2502404469348, -540.040368237536, 338.7866554856956], [923.1117946400042, -435.938525553905, 480.7303919836171], [1026.965522260946, -292.37401613317, 586.158708090469], [1147.429235470667, -114.682758696462, 640.387054096207], [1269.3389088709348, 87.563116045036, 631.7355917680917], [1373.0727125584071, 300.8366548937642, 555.6210186073941], [1437.9453197465616, 509.2804903948356, 417.62952438481], [1446.783637010494, 697.2908308266614, 234.201922129822], [1390.2427689938795, 852.3103161246717, 30.395131593472], [1269.441857648215, 967.0003236479415, -164.75609849839256], [1096.0804571174986, 1040.1904819739284, -323.907856121273], [890.0848101656416, 1076.4288442174218, -426.442586661788], [675.6538707728143, 1084.400523243892, -461.555510450692]], "G": [[433.883739117558, -900.968867902426, 0.0], [460.5128960593841, -864.896691303925, 299.3309873932664], [539.2768426636057, -757.135207558482, 578.1866863635227], [665.5438007416432, -580.054358004285, 813.8244020640631], [828.196561986631, -340.458159012706, 981.432132228966], [1007.017603899684, -52.3098659469155, 1058.066907769795], [1172.8602893834097, 261.968016899901, 1029.6515008930567], [1292.1607022300368, 572.9020797575182, 898.3977905355562], [1335.4469702827737, 848.3958234375386, 686.993856559098], [1287.290482297819, 1060.2112295215175, 436.471499689399], [1153.6658315200375, 1190.4804302317707, 196.932186855809], [962.879596955636, 1235.9088735027015, 13.48541274190745], [758.3769354578976, 1208.0153432501593, -87.574592293512], [585.1518171914896, 1129.2362288831107, -106.615267447565], [474.6705599160173, 1026.3720453829812, -68.744272437642]], "H": [[0.0, -1000.000000000006, 0.0], [29.72364065628511, -971.070786950716, 334.1152228741316], [119.6919338345267, -883.061382703433, 656.6300856487316], [271.0233854527792, -732.676430306608, 952.1082014102011], [481.48985582247, -515.889125426556, 1198.413007236558], [740.000333552455, -230.8234155473235, 1366.120400106019], [1020.6229914358798, 117.456487833562, 1422.0830073699308], [1279.135921570352, 511.0645730620906, 1338.9301299269173], [1456.6705235850327, 915.0568683816467, 1109.987260061915], [1494.2683138948448, 1278.8246250673624, 764.237612505325], [1357.0763048696256, 1545.8447568646227, 371.295711951026], [1058.6703466130373, 1670.3096944323604, 26.98812546479355], [670.1674900593304, 1634.1352239001624, -180.8655631989256], [302.0098278940176, 1455.7404792960126, -212.859573432108], [60.2547544586723, 1185.2592950249402, -101.5565610430457]], "I": [[-433.88373911756, -900.968867902426, 0.0], [-404.9906693349689, -899.076859687111, 271.6443711018317], [-313.6697178004553, -887.8563992013472, 555.4522674070035], [-147.3506289628638, -850.051932821869, 855.9393932331595], [109.189185619985, -756.761888724378, 1160.5344240632785], [462.416854436822, -572.6456144306845, 1430.6747234915665], [893.2157799638038, -269.472440999091, 1601.2914633436496], [1342.2616395833088, 154.5555019767096, 1597.7325452061082], [1711.1034766107637, 659.4906407784987, 1370.778440738078], [1889.1505011861768, 1164.5260004495674, 934.725579135404], [1801.2913186991784, 1570.4247213175613, 382.7460844803393], [1452.1474853113252, 1795.5508353537116, -139.00182042859444], [937.2771924856044, 1807.3331373439523, -491.8593796062966], [407.94417324585555, 1632.4077283160907, -607.357813977889], [5.2111174628277, 1341.4486466817532, -514.6392993055507]], "J": [[-781.831482468032, -623.489801858726, 0.0], [-753.1636918325999, -663.897225719264, 124.9189460154787], [-657.6953473524293, -770.3793452827463, 298.7271766793295], [-469.6412089261458, -898.5323379133532, 552.8870931523614], [-157.330222331235, -978.078713693834, 881.1627498263776], [294.89842255465, -929.2285687814845, 1223.6760861980895], [858.0832953728546, -693.992981746997, 1472.4105756809417], [1441.4892134058746, -270.4462492854504, 1510.6138663102818], [1908.7714984025567, 272.5176398081197, 1274.645647810535], [2131.259102333414, 815.9245648017264, 800.849784049215], [2051.3282487258543, 1240.1512194188192, 220.0709119384293], [1713.3746902090973, 1474.7864409412746, -303.11402257603646], [1239.2539273546663, 1519.8231542848123, -647.4560551309027], [765.5392364730476, 1430.0692497174527, -778.375868665374], [385.6208493265087, 1279.0555038406715, -737.0303868629887]],