{"A": [[0.0, 1000.0, 0.0], [0.0, 1000.0, 0.0], [0.0, 1000.0, 0.0], [0.0, 1000.0, 0.0], [0.0, 1000.0, 0.0], [0.0, 1000.0, 0.0], [0.0, 1000.0, 0.0], [0.0, 1000.0, 0.0], [0.0, 1000.0, 0.0], [0.0, 1000.0, 0.0], [0.0, 1000.0, 0.0], [0.0, 1000.0, 0.0], [0.0, 1000.0, 0.0], [0.0, 1000.0, 0.0], [0.0, 1000.0, 0.0]], "B": [[433.8837391175581, 900.9688679024191, 0.0], [433.8837391175581, 900.9688679024191, 0.0], [433.8837391175581, 900.9688679024191, 0.0], [433.8837391175581, 900.9688679024191, 0.0], [433.8837391175581, 900.9688679024191, 0.0], [433.8837391175581, 900.9688679024191, 0.0], [433.8837391175581, 900.9688679024191, 0.0], [433.8837391175581, 900.9688679024191, 0.0], [433.8837391175581, 900.9688679024191, 0.0], [433.8837391175581, 900.9688679024191, 0.0], [433.8837391175581, 900.9688679024191, 0.0], [433.8837391175581, 900.9688679024191, 0.0], [433.8837391175581, 900.9688679024191, 0.0], [433.8837391175581, 900.9688679024191, 0.0], [433.8837391175581, 900.9688679024191, 0.0]], "C": [[781.83148246803, 623.489801858734, 0.0], [779.256160460805, 622.249592144798, -33.1016629765276], [771.606439031228, 618.565680463366, -65.2233231478254], [759.108794669787, 612.547132144013, -95.4139915228319], [742.133230736787, 604.372131413935, -122.779847760247], [721.182323199074, 594.282706102789, -146.510702477768], [696.876341442318, 582.577562203537, -165.903983595854], [669.934884669809, 569.603240428196, -180.385536579977], [641.155577557767, 555.74385657617, -189.52662277255], [611.390455900358, 541.409729460243, -193.056612564483], [581.52074136741, 527.025233070149, -190.870997614276], [552.430752189533, 513.016232620698, -183.034484906103], [524.9817221669346, 499.797476450928, -169.779081044669], [499.9863031123663, 487.76031704779, -151.497223502914], [478.1845056050173, 477.261124723869, -128.730162177812]], "D": [[974.927912181824, 222.520933956314, 0.0], [982.668332089844, 230.718085090636, 25.1120090620683], [1004.345156531845, 254.43345250654, 41.0907123062406], [1035.525410292372, 291.139169988401, 40.0594031563291], [1069.464465665686, 336.94504225401, 16.501446096945], [1097.990023234075, 387.043259167755, -31.92434629364], [1112.586577604817, 436.256470264928, -103.9572177498883], [1105.549226224488, 479.6253004634506, -194.7514666489618], [1071.06666974846, 512.9668699889396, -296.338824440172], [1006.10085114081, 533.3393897774648, -398.485037330127], [910.95401596506, 539.3590226086787, -489.842333060756], [789.450322060618, 531.3326206344865, -559.263800116145], [648.7042224072256, 511.1916224706763, -597.125755965552], [498.4963959150576, 482.2357692066297, -596.502306331028], [350.3243007993443, 448.717630671255, -554.052747011349]], "E": [[974.927912181824, -222.520933956311, 0.0], [1001.7891075959966, -192.145880363551, 162.5264437462093], [1076.7227428393003, -104.787291435887, 293.6460652824046], [1183.892075357398, 28.884350089978, 367.5834577426851], [1300.370762068185, 193.055666790192, 368.695134435439], [1400.555068867889, 369.3119200035212, 293.962531268514], [1460.952905821094, 539.462537541587, 153.0479830487587], [1464.361381492303, 688.1194582395166, -33.9836601687048], [1402.620575806985, 804.5776758109185, -240.6844490474972], [1277.485193692699, 883.7203981955078, -439.055368272745], [1099.59709948769, 925.8927875939557, -604.156373145687], [885.9608909993048, 935.9044663871265, -717.597611737646], [656.6210758937286, 921.4817231579153, -769.351250315512], [431.34669116206595, 891.5615418415957, -757.764804152231], [227.0312334461293, 854.791143767104, -688.087763703967]], "F": [[781.83148246803, -623.489801858726, 0.0], [828.8299845158145, -595.347271160182, 237.1993598414032], [964.9091656425422, -509.652231629437, 440.7663166134016], [1173.6080329353524, -364.632026137828, 575.1921384551321], [1423.460410019391, -162.956153782779, 605.690464293924], [1666.833486059997, 83.2627630704462, 506.8802349728], [1845.048330685728, 350.58253816989, 274.9385677161857], [1901.065568395623, 607.3270614285452, -62.6943890659299], [1796.892006928227, 821.2057639932364, -446.4411244681802], [1529.375074224408, 968.730044862777, -795.968680232935], [1137.1349104931198, 1042.5736673991616, -1031.986654014124], [693.8689208445556, 1053.6207722923996, -1101.402002699042], [288.39309971811457, 1026.5593815425273, -996.13111596761], [-2.53555333705604, 990.5982159562127, -757.3183919177987], [-138.8757984253127, 968.997386384377, -461.965579101393]], "G": [[433.883739117558, -900.968867902426, 0.0], [491.8685924017096, -879.740739209853, 297.528786743811], [662.9163047519552, -812.835985682943, 563.0045571288356], [935.4627900652803, -692.695297874112, 758.8319958695931], [1282.249570275277, -513.103188069515, 841.314778222115], [1653.3512345459696, -276.5299602462158, 768.470925437225], [1975.264177904152, -0.027769814107, 516.1407842559947], [2161.402932089905, 283.7959545761092, 97.3504301526651], [2135.258368806808, 532.9468633375664, -424.5944877246749], [1860.598631557208, 708.563782251295, -939.72797579932], [1366.4701293545359, 789.3600923965197, -1317.20675677571], [752.6963966760369, 781.3309693742646, -1448.47527379502], [167.0732289674196, 717.0583891721283, -1292.024490138001], [-242.35674198632205, 643.3558271599247, -898.6364201132867], [-383.0223001059607, 601.918754617201, -401.0719997009459]], "H": [[0.0, -1000.000000000006, 0.0], [61.0283752414276, -986.14250294593, 330.9598523309552], [242.5994310380762, -942.199925196976, 631.2757884049892], [537.7264424191522, -861.258190951335, 865.8582217850771], [926.567876545179, -733.827651876321, 992.422382324768], [1365.9673839615457, -553.7087885719808, 965.053436730548], [1782.669019739304, -326.768326011258, 748.9711477883307], [2080.208490208439, -77.2170801176468, 344.6140861636821], [2165.075802021455, 155.0317100490424, -191.4564990000539], [1985.398332350431, 327.675662062522, -746.307349246349], [1563.0339498966698, 414.2029465716137, -1180.524480728115], [998.1649496799849, 416.5549516756425, -1379.5847040975318], [438.20918754232457, 364.2877880509353, -1302.0474212175116], [22.97370159205796, 300.2692827345147, -998.4043655661785], [-167.9494855376557, 260.930568657852, -589.5740041066919]], "I": [[-433.88373911756, -900.968867902426, 0.0], [-374.0305440466394, -892.4097938075366, 330.5353754241833], [-196.0325257412818, -866.9635844106973, 629.335759496514], [94.4197370787553, -821.9980737753082, 865.5891590977209], [481.926150433146, -747.2416210034002, 1005.6913320771398], [929.5722014115858, -627.8183176277832, 1011.1976297073542], [1369.215571710361, -456.674829075884, 850.1779211271337], [1708.994167014928, -246.6757235350128, 522.2259062159432], [1864.0808895954926, -30.3664256615956, 78.8985604382131], [1796.105341248593, 154.670480949091, -382.577181370782], [1534.3478564534646, 284.4622576789387, -755.781351432568], [1162.061164965666, 357.8685048924851, -970.0041921415027], [776.5185514341185, 391.467267868319, -1014.1753760739415], [449.27517730903895, 406.3826234250557, -927.2055248159687], [209.0694489867083, 417.345988850308, -766.9245144845669]], "J": [[-781.831482468032, -623.489801858726, 0.0], [-722.7701083673944, -618.0488832337966, 296.3436919079342], [-548.6128001801188, -605.0284714278592, 557.6460750330829], [-267.3727332893857, -586.1698088131202, 758.1019411366809], [105.226895912614, -548.6116545236941, 876.4393601188488], [533.8127766720487, -466.6522878761722, 886.8503226231302], [953.770715876906, -320.979606563691, 766.1860016107466], [1283.26825173256, -117.0708826486188, 517.5042040898385], [1457.0138093624048, 115.1814072260614, 184.6079958135881], [1456.028991233667, 338.805538748687, -162.339535077445], [1308.5017420224135, 527.1822353328477, -458.892804601858], [1065.3023736881435, 669.3959011846521, -667.2655559136657], [776.1308100327014, 765.989545087407, -773.7690997033025], [483.55913340893466, 824.0480437865097, -777.3974102707738], [226.9197175097471, 854.967947222737, -687.9900248169083]],