{"A": [[0.0, 1000.0, 0.0], [0.0, 1000.0, 0.0], [0.0, 1000.0, 0.0], [0.0, 1000.0, 0.0], [0.0, 1000.0, 0.0], [0.0, 1000.0, 0.0], [0.0, 1000.0, 0.0], [0.0, 1000.0, 0.0], [0.0, 1000.0, 0.0], [0.0, 1000.0, 0.0], [0.0, 1000.0, 0.0], [0.0, 1000.0, 0.0], [0.0, 1000.0, 0.0], [0.0, 1000.0, 0.0], [0.0, 1000.0, 0.0]], "B": [[433.8837391175581, 900.9688679024191, 0.0], [433.8837391175581, 900.9688679024191, 0.0], [433.8837391175581, 900.9688679024191, 0.0], [433.8837391175581, 900.9688679024191, 0.0], [433.8837391175581, 900.9688679024191, 0.0], [433.8837391175581, 900.9688679024191, 0.0], [433.8837391175581, 900.9688679024191, 0.0], [433.8837391175581, 900.9688679024191, 0.0], [433.8837391175581, 900.9688679024191, 0.0], [433.8837391175581, 900.9688679024191, 0.0], [433.8837391175581, 900.9688679024191, 0.0], [433.8837391175581, 900.9688679024191, 0.0], [433.8837391175581, 900.9688679024191, 0.0], [433.8837391175581, 900.9688679024191, 0.0], [433.8837391175581, 900.9688679024191, 0.0]], "C": [[781.83148246803, 623.489801858734, 0.0], [780.213861750901, 622.710796778508, -26.2708242416444], [775.391081091169, 620.388268020705, -52.0531127147836], [767.452825564349, 616.565405641379, -76.867414527539], [756.546716034129, 611.313300101691, -100.252279597701], [742.875563975009, 604.72962026016, -121.772839840304], [726.693599962935, 596.936797109489, -141.028896032817], [708.30174596944, 588.079747033407, -157.662359973518], [688.042019376327, 578.323176922184, -171.363913537692], [666.2911727746, 567.848521261216, -181.87876079893], [643.453687822789, 556.850568151025, -189.011366248325], [619.954253451818, 545.533837001632, -192.629090999004], [596.229868292726, 534.108775262199, -192.664659356642], [572.721714191556, 522.78784491206, -189.117409887295], [549.866951932617, 511.781571489275, -182.053307717509]], "D": [[974.927912181824, 222.520933956314, 0.0], [979.815903423018, 227.682303775914, 20.3529773149122], [993.866684534831, 242.818907756137, 36.1061357194857], [1015.29075073764, 266.913314231251, 43.05773718587], [1041.268710005241, 298.351574391734, 37.771662473674], [1068.182959651463, 335.039556199426, 17.88614433287], [1091.91703509005, 374.553648738811, -17.660172484835], [1108.199881477388, 414.314759800902, -68.5025336809754], [1112.968824373002, 451.77282536885, -132.834922995403], [1102.723496217002, 484.5882899776844, -207.507360769314], [1074.843526325139, 510.7972575563752, -288.2291268325697], [1027.845384660058, 528.9482352074504, -369.863419191795], [961.558194508894, 538.2005066429482, -446.792060463968], [877.20427026001, 538.377020932543, -513.323540051711], [777.377154942571, 529.9680547490993, -564.114328430395]], "E": [[974.927912181824, -222.520933956311, 0.0], [991.8970913739446, -203.384433148796, 130.3428741688302], [1040.551607238486, -147.474048601777, 244.8025429830317], [1114.413253260226, -59.128614030277, 329.298291098698], [1203.582510563854, 54.928657137716, 373.124875815847], [1295.955132248618, 186.28456521391, 370.099225070127], [1378.686047985414, 325.6823670216802, 319.144511659406], [1439.704716605051, 463.9163943036101, 224.2541679277136], [1469.084418959156, 592.668689091083, 93.863782500846], [1460.094924898389, 705.1937704029434, -60.262163347721], [1409.818799035382, 796.7822681655342, -224.4607602646842], [1319.27801545528, 864.9671121037884, -384.7160375554839], [1193.088958617314, 909.4720788448332, -528.1135775505896], [1038.72918296496, 931.936297403387, -644.025730831222], [865.5486197580368, 935.4748637731973, -724.900785641653]], "F": [[781.83148246803, -623.489801858726, 0.0], [813.9883869574626, -582.392081441115, 281.2201740649292], [905.0268028083549, -463.38581038494, 527.4596680416367], [1039.6298478466952, -278.701752824447, 709.110538386744], [1195.335202783137, -46.74025501391, 806.319610792436], [1346.4765787598453, 210.5257871520204, 811.599180672076], [1468.540917074449, 470.5109017186132, 730.256494255016], [1542.100375428948, 712.837429229453, 578.6772366191186], [1555.605800438979, 921.571689835527, 380.916270459564], [1506.6014291246213, 1086.5722717646195, 164.34827264968], [1401.2696669344139, 1203.8356696856572, -44.7479203049812], [1252.5563462695852, 1274.9176543555004, -224.8691234039379], [1077.384358574081, 1305.6649214471681, -361.6625601470406], [893.58609729098, 1304.581515889243, -448.753382517821], [717.1584594427218, 1281.1670583838193, -487.120359403393]], "G": [[433.883739117558, -900.968867902426, 0.0], [474.6836447028116, -847.914729934268, 392.7203050776392], [590.0830944939879, -694.573974106386, 740.5905145736837], [760.4162273977331, -457.565094171679, 1005.943696024244], [957.0957479361041, -161.900677571171, 1164.149603143253], [1148.0277361389692, 162.5801058401272, 1207.050230362348], [1303.609130386498, 485.3539002358518, 1143.341782458433], [1402.075101933334, 779.2357526093699, 995.8659824284706], [1433.07467777426, 1023.605861460771, 796.412860089898], [1398.7248676137153, 1206.3177898396425, 579.18067564237], [1311.9665453485884, 1324.0348013326372, 374.3456079455798], [1192.6936989920714, 1381.0736356631223, 203.1608233155731], [1062.6828786658427, 1387.152207027734, 75.6084690469654], [940.646909308879, 1354.65494179606, -9.048713239302], [838.6713049658488, 1296.0838877865917, -59.248438416981]], "H": [[0.0, -1000.000000000006, 0.0], [43.3267507306986, -945.6873772691984, 442.0559276136167], [166.0089805582229, -789.4424341283807, 836.6289723799734], [347.7303118448351, -550.2632242795385, 1144.362105110374], [559.541587879106, -256.3884790107278, 1340.459016946531], [770.0615543676633, 59.2275083117392, 1418.052766405197], [952.0213877227371, 364.0799557873918, 1387.761408924211], [1087.514133667181, 630.9209902132409, 1273.5643668206076], [1170.575828790896, 841.242896675756, 1106.090704877642], [1206.4378785254894, 986.7590521090544, 915.159750450156], [1207.7879685960622, 1068.709273106629, 723.6563048574938], [1189.3363687493759, 1095.3959963268303, 544.3928249098511], [1162.5371522564087, 1078.81447059527, 380.5990074781834], [1132.214071230234, 1031.405652589578, 229.43437567071], [1096.1001610299288, 963.7772049363458, 86.918988849689]], "I": [[-433.88373911756, -900.968867902426, 0.0], [-388.8895092196564, -843.3969972585423, 470.128102217024], [-262.3301511207191, -679.3072755616827, 886.2081949957345], [-77.3386707739029, -433.0215559645735, 1204.6366057002524], [134.13398075996307, -140.1401231545098, 1400.266473189476], [339.4661463250173, 158.9799549594494, 1470.0076329293938], [513.5189675098761, 426.6064508812414, 1430.9855812575852], [644.294061203705, 634.2933958242236, 1313.6500056582759], [734.118092977359, 767.2495769640212, 1151.8279728517045], [795.7479596772963, 825.3383486045494, 972.9473895414274], [844.6904046475703, 820.5759627150402, 791.8639548972676], [890.7302646541169, 772.0980252404084, 610.5372175944713], [932.2993369363808, 700.3763486432241, 423.4639167308776], [956.35580098735, 622.595463822544, 226.21528533262264], [944.0831329717138, 550.4327605501918, 22.8919814964848]], "J": [[-781.831482468032, -623.489801858726, 0.0], [-733.6328739768994, -561.9487279076453, 471.19970400736554], [-599.3384416064581, -388.7482397925557, 878.263192041094], [-406.7658655623609, -135.6352865368485, 1171.4493448184774], [-192.92333646628492, 152.3575377845612, 1325.8291636197816], [6.9409111214403, 426.9261729530714, 1344.7317118156748], [169.2402503690801, 647.1046841348194, 1255.159080834298], [287.29109334814, 787.7180034801105, 1096.6890992647209], [369.782507161904, 843.3443812043785, 907.8373462463285], [433.0434412583733, 826.7589839145215, 715.0604408430135], [490.5293875835373, 762.6817616195765, 528.6520637015136], [544.5204115211999, 679.3026206777963, 346.7380237349813], [584.2153233913298, 600.7029316062105, 164.6879641276676], [591.309742369873, 542.5657920368718, -15.44333941908937], [550.2428678939237, 511.8277186619563, -180.7296296832602]],