{"A": [[0.0, 1000.0, 0.0], [0.0, 1000.0, 0.0], [0.0, 1000.0, 0.0], [0.0, 1000.0, 0.0], [0.0, 1000.0, 0.0], [0.0, 1000.0, 0.0], [0.0, 1000.0, 0.0], [0.0, 1000.0, 0.0], [0.0, 1000.0, 0.0], [0.0, 1000.0, 0.0], [0.0, 1000.0, 0.0], [0.0, 1000.0, 0.0], [0.0, 1000.0, 0.0], [0.0, 1000.0, 0.0], [0.0, 1000.0, 0.0]], "B": [[433.8837391175581, 900.9688679024191, 0.0], [433.8837391175581, 900.9688679024191, 0.0], [433.8837391175581, 900.9688679024191, 0.0], [433.8837391175581, 900.9688679024191, 0.0], [433.8837391175581, 900.9688679024191, 0.0], [433.8837391175581, 900.9688679024191, 0.0], [433.8837391175581, 900.9688679024191, 0.0], [433.8837391175581, 900.9688679024191, 0.0], [433.8837391175581, 900.9688679024191, 0.0], [433.8837391175581, 900.9688679024191, 0.0], [433.8837391175581, 900.9688679024191, 0.0], [433.8837391175581, 900.9688679024191, 0.0], [433.8837391175581, 900.9688679024191, 0.0], [433.8837391175581, 900.9688679024191, 0.0], [433.8837391175581, 900.9688679024191, 0.0]], "C": [[781.83148246803, 623.489801858734, 0.0], [779.256160460805, 622.249592144798, -33.1016629765276], [771.606439031228, 618.565680463366, -65.2233231478254], [759.108794669787, 612.547132144013, -95.4139915228319], [742.133230736787, 604.372131413935, -122.779847760247], [721.182323199074, 594.282706102789, -146.510702477768], [696.876341442318, 582.577562203537, -165.903983595854], [669.934884669809, 569.603240428196, -180.385536579977], [641.155577557767, 555.74385657617, -189.52662277255], [611.390455900358, 541.409729460243, -193.056612564483], [581.52074136741, 527.025233070149, -190.870997614276], [552.430752189533, 513.016232620698, -183.034484906103], [524.9817221669346, 499.797476450928, -169.779081044669], [499.9863031123663, 487.76031704779, -151.497223502914], [478.1845056050173, 477.261124723869, -128.730162177812]], "D": [[974.927912181824, 222.520933956314, 0.0], [982.668332089844, 230.718085090636, 25.1120090620683], [1004.345156531845, 254.43345250654, 41.0907123062406], [1035.525410292372, 291.139169988401, 40.0594031563291], [1069.464465665686, 336.94504225401, 16.501446096945], [1097.990023234075, 387.043259167755, -31.92434629364], [1112.586577604817, 436.256470264928, -103.9572177498883], [1105.549226224488, 479.6253004634506, -194.7514666489618], [1071.06666974846, 512.9668699889396, -296.338824440172], [1006.10085114081, 533.3393897774648, -398.485037330127], [910.95401596506, 539.3590226086787, -489.842333060756], [789.450322060618, 531.3326206344865, -559.263800116145], [648.7042224072256, 511.1916224706763, -597.125755965552], [498.4963959150576, 482.2357692066297, -596.502306331028], [350.3243007993443, 448.717630671255, -554.052747011349]], "E": [[974.927912181824, -222.520933956311, 0.0], [1001.7891075959966, -192.145880363551, 162.5264437462093], [1076.7227428393003, -104.787291435887, 293.6460652824046], [1183.892075357398, 28.884350089978, 367.5834577426851], [1300.370762068185, 193.055666790192, 368.695134435439], [1400.555068867889, 369.3119200035212, 293.962531268514], [1460.952905821094, 539.462537541587, 153.0479830487587], [1464.361381492303, 688.1194582395166, -33.9836601687048], [1402.620575806985, 804.5776758109185, -240.6844490474972], [1277.485193692699, 883.7203981955078, -439.055368272745], [1099.59709948769, 925.8927875939557, -604.156373145687], [885.9608909993048, 935.9044663871265, -717.597611737646], [656.6210758937286, 921.4817231579153, -769.351250315512], [431.34669116206595, 891.5615418415957, -757.764804152231], [227.0312334461293, 854.791143767104, -688.087763703967]], "F": [[781.83148246803, -623.489801858726, 0.0], [832.6393526879566, -558.342081373484, 350.5449720236253], [971.5178932719502, -373.624650530965, 632.3504764988126], [1161.6758956678384, -99.035638305143, 793.2654777108281], [1353.3712917602575, 223.4788243424257, 809.521222061928], [1497.389802429574, 548.7943118726482, 689.527152512803], [1557.5631451437441, 837.562309500338, 469.0626216516627], [1518.7313280930828, 1062.8114469973566, 199.9224890930952], [1388.2600091054326, 1212.8428119367745, -64.1182661491012], [1191.4112227368348, 1290.2674538100277, -279.766237161366], [962.727591816306, 1308.1263282741686, -421.874935681465], [736.5093207061307, 1284.6727159181505, -485.031061152368], [539.2344155558196, 1238.4418148308862, -479.83624818861], [385.64225439352276, 1184.7695780746028, -426.098682663742], [278.7207244176635, 1134.20770007419, -345.572291382267]], "G": [[433.883739117558, -900.968867902426, 0.0], [510.4200240373936, -791.663155935663, 550.0399459059223], [713.7627325636792, -488.112274047999, 976.6136394785926], [975.2456766408915, -55.9494355643075, 1195.073412876505], [1209.7635458853424, 417.4789736459327, 1183.423644613734], [1346.412124612037, 847.4916056287802, 982.866429969385], [1351.2754271075692, 1172.752851028837, 676.8002986686677], [1234.1653185901619, 1365.9866535214805, 358.5706677142302], [1038.7073977681916, 1432.9279588870945, 101.5252190663948], [822.1378038661248, 1402.2389465289957, -58.041653208689], [634.370358787718, 1311.7702950375947, -121.49099266986], [504.3952091889617, 1196.5526149181767, -115.680074651029], [437.37328384767056, 1081.8141571466642, -75.912553797386], [420.66983861665307, 981.5171004218607, -31.73367043944], [433.9476669639255, 900.758317498312, 0.069497581162]], "H": [[0.0, -1000.000000000006, 0.0], [102.1866644251426, -843.5537570989757, 719.4954085082333], [364.7867465717102, -421.0093220052625, 1244.5226151088336], [678.0461511451425, 145.7912558480185, 1457.8192970854432], [920.2229640041425, 706.5985062276796, 1358.461959044503], [1013.233385778768, 1135.5969776635632, 1046.5020079846636], [951.2907993008872, 1367.596752740503, 666.2924121404242], [791.1996358849128, 1405.3026228948765, 341.3102304986528], [614.9589008363675, 1300.5048405941186, 132.5670180597927], [488.2493462164958, 1123.033360984669, 34.8292412866316], [436.058186279024, 933.2564558880057, 2.854574208414], [443.2401211349619, 767.8293816788608, -13.119318603213], [473.24071133907387, 639.5053060121643, -42.1683387613892], [490.9924604419983, 545.4585873693287, -86.2310671587857], [478.1577044400611, 477.116246353458, -128.907757536233]], "I": [[-433.88373911756, -900.968867902426, 0.0], [-307.1052095921614, -703.2151769125607, 823.6467837743693], [7.6242293082182, -188.2820685094475, 1372.3319494215657], [355.2767537556025, 448.3525857248715, 1506.1806656258875], [586.9208890905264, 988.8146564638447, 1272.86969537937], [642.645235154078, 1287.9066046076512, 852.7793599749675], [569.3462511651041, 1318.95089789688, 443.1014464831202], [470.8635495945298, 1155.8162532280005, 159.0916601888338], [433.4096088102226, 914.4482018651926, 5.8295316822677], [477.8024808958877, 693.5306033726038, -81.2763503261894], [561.981604865506, 543.2317677151847, -170.599452733438], [619.8657117181879, 466.9513001979918, -289.412722488787], [603.8064639781439, 442.1541925885123, -419.0866143376682], [505.38921866705635, 442.2391969782687, -518.8980927050587], [350.2438151374481, 448.8386749163602, -554.231963374861]], "J": [[-781.831482468032, -623.489801858726, 0.0], [-632.2797990239654, -399.8526145396687, 840.8196208602757], [-272.7426466446838, 154.6950653700775, 1329.6310747307132], [99.4671414757025, 764.9980285392695, 1326.2935621269305], [327.4709571627964, 1164.5406828648468, 956.850137973231], [395.696573096492, 1238.2303023118448, 485.8857957177735], [407.6290247432132, 1052.5665932666338, 125.3764000668452], [476.38683547141005, 775.8083662285845, -72.4807114933862], [629.6147038243796, 563.0102159428836, -184.0577162742953], [799.8100646262067, 484.2769282121258, -306.1902886385054], [888.834338599378, 523.6147994885564, -472.004046599316], [841.2804460651029, 622.6755033636448, -642.665821778335], [672.430512407716, 726.5233949294213, -754.4776710644312], [445.18496686533547, 805.7527683667877, -768.4889492613937], [227.0083104015451, 855.0108035243122, -688.020888588187]],