{"A": [[0.0, 1000.0, 0.0], [0.0, 1000.0, 0.0], [0.0, 1000.0, 0.0], [0.0, 1000.0, 0.0], [0.0, 1000.0, 0.0], [0.0, 1000.0, 0.0], [0.0, 1000.0, 0.0], [0.0, 1000.0, 0.0], [0.0, 1000.0, 0.0], [0.0, 1000.0, 0.0], [0.0, 1000.0, 0.0], [0.0, 1000.0, 0.0], [0.0, 1000.0, 0.0], [0.0, 1000.0, 0.0], [0.0, 1000.0, 0.0]], "B": [[433.8837391175581, 900.9688679024191, 0.0], [433.8837391175581, 900.9688679024191, 0.0], [433.8837391175581, 900.9688679024191, 0.0], [433.8837391175581, 900.9688679024191, 0.0], [433.8837391175581, 900.9688679024191, 0.0], [433.8837391175581, 900.9688679024191, 0.0], [433.8837391175581, 900.9688679024191, 0.0], [433.8837391175581, 900.9688679024191, 0.0], [433.8837391175581, 900.9688679024191, 0.0], [433.8837391175581, 900.9688679024191, 0.0], [433.8837391175581, 900.9688679024191, 0.0], [433.8837391175581, 900.9688679024191, 0.0], [433.8837391175581, 900.9688679024191, 0.0], [433.8837391175581, 900.9688679024191, 0.0], [433.8837391175581, 900.9688679024191, 0.0]], "C": [[781.83148246803, 623.489801858734, 0.0], [779.256160460805, 622.249592144798, -33.1016629765276], [771.606439031228, 618.565680463366, -65.2233231478254], [759.108794669787, 612.547132144013, -95.4139915228319], [742.133230736787, 604.372131413935, -122.779847760247], [721.182323199074, 594.282706102789, -146.510702477768], [696.876341442318, 582.577562203537, -165.903983595854], [669.934884669809, 569.603240428196, -180.385536579977], [641.155577557767, 555.74385657617, -189.52662277255], [611.390455900358, 541.409729460243, -193.056612564483], [581.52074136741, 527.025233070149, -190.870997614276], [552.430752189533, 513.016232620698, -183.034484906103], [524.9817221669346, 499.797476450928, -169.779081044669], [499.9863031123663, 487.76031704779, -151.497223502914], [478.1845056050173, 477.261124723869, -128.730162177812]], "D": [[974.927912181824, 222.520933956314, 0.0], [964.243440470827, 221.845124932638, -92.4163581725917], [932.811378691838, 219.984600711376, -180.1509285693224], [882.441535827519, 217.417861497409, -258.8892454053869], [815.9752440893915, 214.871067001588, -325.013727416563], [737.0425399578343, 213.220112499462, -375.861999565518], [649.759302085843, 213.37060148315, -409.888550634546], [558.396280251966, 216.130329077318, -426.71520361344], [467.054395089457, 222.089889064961, -427.068350522283], [379.379226593729, 231.526162337768, -412.613503821033], [298.342433692407, 244.34083339865, -385.708982719461], [226.109582693173, 260.042018814857, -349.10918401168], [164.0034924180336, 277.772053190401, -305.652894815005], [112.5609535539473, 296.379055667263, -257.972927337629], [71.6698723032963, 314.52473048924, -208.2599245202241]], "E": [[974.927912181824, -222.520933956311, 0.0], [950.3487499208659, -216.918251002276, -165.6003844889778], [879.1419407580976, -199.937190881829, -317.4372883148864], [768.525648364826, -171.145578654417, -443.5616249214459], [629.3528526363995, -130.089527157445, -535.338561140427], [474.5719119518603, -76.618065810509, -588.383207973679], [317.4746297434161, -11.207577375214, -602.797343337483], [170.030997942736, 64.802797170628, -582.710875922196], [41.574185277462, 149.1322791122933, -535.262816200955], [-61.986176853631, 238.6649835210571, -469.2516717559225], [-138.358342428379, 329.7248675525171, -393.72540600379415], [-188.522018284127, 418.460768933751, -316.7610885974637], [-215.9845497732184, 501.257001608049, -244.6133189844028], [-225.8329820173807, 575.080491242147, -181.309256852801], [-223.7764814206847, 637.693590324625, -128.6634151805418]], "F": [[781.83148246803, -623.489801858726, 0.0], [740.4636472425678, -602.731561586662, -237.4237598259683], [623.3680694890386, -541.284769207136, -444.4168998383464], [450.017877559957, -441.752077096768, -596.4903244282649], [248.1202459351485, -308.782026737421, -679.536183786552], [47.8340052868493, -149.2749685766036, -691.717605396642], [-124.0785252973459, 27.7263630868119, -642.5116197228281], [-248.771646125132, 211.626875947046, -549.4047292164905], [-317.596964571118, 391.3453900983223, -433.325785745467], [-331.925202458524, 556.6672955309522, -314.1074929833775], [-300.957027469637, 699.5678894486061, -207.07045436096314], [-238.4131150571245, 815.174815548557, -121.3356350954717], [-159.1098889797085, 902.136922577779, -59.8896710178008], [-76.2386080389457, 962.339477814196, -20.952576953418], [0.2107791263473, 1000.084379336425, 0.0412364339462]], "G": [[433.883739117558, -900.968867902426, 0.0], [385.6015345920339, -871.182051379713, -229.08830961417846], [250.7519894954326, -783.178490679423, -417.8283940952316], [57.077049570904, -641.294831074233, -534.5027512419024], [-156.1664332246365, -453.471029606255, -562.576200467731], [-346.9578018487997, -231.7735899635477, -503.580233556317], [-479.6756036236569, 7.7427373170315, -375.6527866630071], [-532.404641468421, 246.2537062770463, -208.2074684287575], [-500.577200052956, 464.5144848792376, -34.293479801303], [-396.1615519184526, 645.9117174346297, 117.1365084384355], [-242.9168479488094, 779.4019760980901, 226.88820768554686], [-69.3769421468335, 861.4111972405886, 287.7502158588643], [98.2206787149275, 896.0370787022729, 303.1613378360732], [241.0814241810073, 893.465878208697, 283.3937531123], [349.9856287082993, 867.153792964858, 240.9754141713442]], "H": [[0.0, -1000.000000000006, 0.0], [-40.3889096296281, -966.4037567279167, -142.32868503240195], [-150.0471525140864, -868.0628924741123, -243.9981599828766], [-297.6508402554, -712.5700823235056, -275.3691429741014], [-440.8449276635755, -513.0995487239511, -225.730748209622], [-538.2362688334807, -288.261968074944, -105.731172477246], [-561.0767340388651, -60.5798662477317, 56.5140121594229], [-500.9236343081681, 146.7151014212676, 224.4162439665645], [-370.742914042079, 314.0072932932546, 363.893546170294], [-199.2763989872186, 429.40413059825374, 452.4318492839295], [-21.0716991999874, 491.0522810034551, 483.2111436678729], [133.8876108272435, 506.6493170777797, 463.5051420565633], [247.2870880298045, 490.27546650374893, 408.9865894312822], [314.5068058803101, 457.800955052037, 336.9386151288877], [342.0899988249539, 422.63821079414, 261.1203994364533]], "I": [[-433.88373911756, -900.968867902426, 0.0], [-448.8568258468691, -868.5805382228021, 4.79997817639604], [-483.6644170212634, -775.7408359381496, 35.7131606583874], [-512.474459839032, -635.1450556054833, 106.6235819590596], [-505.4595986465725, -466.6262301006208, 212.136171236291], [-442.8762695177944, -294.1915814252887, 328.93372650954], [-325.1911848172211, -141.0740017010546, 425.2157425882069], [-174.3010170767301, -23.8389870247104, 473.9983607586295], [-25.035879712614, 52.2011732486296, 463.925871533017], [88.8709138835854, 93.93280111648072, 402.5081337147983], [147.3440120527996, 116.8755529880741, 310.90273235234486], [149.2817079358451, 138.5229236079607, 213.8889478698113], [109.2540298636285, 171.64521176065392, 130.6272895851982], [48.7918065118011, 220.479310569036, 70.2248352718447], [-12.56278734575708, 280.946144560737, 32.6318355584643]], "J": [[-781.831482468032, -623.489801858726, 0.0], [-754.7978850356911, -598.0699238900802, 181.67942873784003], [-670.7199179004695, -528.1791528706507, 354.7518994704374], [-525.8094210779134, -431.2155080881013, 501.9679668354226], [-327.2096088359085, -330.4502995213158, 596.512707016656], [-102.3190183660844, -246.98555941574247, 611.519314197912], [103.1120051514559, -191.129066725451, 535.2754178703989], [240.2450912049719, -157.2044864260334, 382.1973157041504], [278.419073690687, -125.4243121533894, 191.113587378037], [219.6861561755714, -71.08004394696728, 10.4362046720293], [97.4148602375007, 23.2717786137261, -121.30980496818214], [-40.0151490238569, 159.2686206472109, -188.3529944916187], [-150.2799230615385, 322.4077532364149, -197.9682787993538], [-211.3841368349959, 489.349169451433, -170.7725540985203], [-223.77238751154508, 637.924073063438, -128.6738604193427]],