{"A": [[0.0, 1000.0, 0.0], [0.0, 1000.0, 0.0], [0.0, 1000.0, 0.0], [0.0, 1000.0, 0.0], [0.0, 1000.0, 0.0], [0.0, 1000.0, 0.0], [0.0, 1000.0, 0.0], [0.0, 1000.0, 0.0], [0.0, 1000.0, 0.0], [0.0, 1000.0, 0.0], [0.0, 1000.0, 0.0], [0.0, 1000.0, 0.0], [0.0, 1000.0, 0.0], [0.0, 1000.0, 0.0], [0.0, 1000.0, 0.0]], "B": [[433.8837391175581, 900.9688679024191, 0.0], [433.8837391175581, 900.9688679024191, 0.0], [433.8837391175581, 900.9688679024191, 0.0], [433.8837391175581, 900.9688679024191, 0.0], [433.8837391175581, 900.9688679024191, 0.0], [433.8837391175581, 900.9688679024191, 0.0], [433.8837391175581, 900.9688679024191, 0.0], [433.8837391175581, 900.9688679024191, 0.0], [433.8837391175581, 900.9688679024191, 0.0], [433.8837391175581, 900.9688679024191, 0.0], [433.8837391175581, 900.9688679024191, 0.0], [433.8837391175581, 900.9688679024191, 0.0], [433.8837391175581, 900.9688679024191, 0.0], [433.8837391175581, 900.9688679024191, 0.0], [433.8837391175581, 900.9688679024191, 0.0]], "C": [[781.83148246803, 623.489801858734, 0.0], [779.256160460805, 622.249592144798, -33.1016629765276], [771.606439031228, 618.565680463366, -65.2233231478254], [759.108794669787, 612.547132144013, -95.4139915228319], [742.133230736787, 604.372131413935, -122.779847760247], [721.182323199074, 594.282706102789, -146.510702477768], [696.876341442318, 582.577562203537, -165.903983595854], [669.934884669809, 569.603240428196, -180.385536579977], [641.155577557767, 555.74385657617, -189.52662277255], [611.390455900358, 541.409729460243, -193.056612564483], [581.52074136741, 527.025233070149, -190.870997614276], [552.430752189533, 513.016232620698, -183.034484906103], [524.9817221669346, 499.797476450928, -169.779081044669], [499.9863031123663, 487.76031704779, -151.497223502914], [478.1845056050173, 477.261124723869, -128.730162177812]], "D": [[974.927912181824, 222.520933956314, 0.0], [964.243440470827, 221.845124932638, -92.4163581725917], [932.811378691838, 219.984600711376, -180.1509285693224], [882.441535827519, 217.417861497409, -258.8892454053869], [815.9752440893915, 214.871067001588, -325.013727416563], [737.0425399578343, 213.220112499462, -375.861999565518], [649.759302085843, 213.37060148315, -409.888550634546], [558.396280251966, 216.130329077318, -426.71520361344], [467.054395089457, 222.089889064961, -427.068350522283], [379.379226593729, 231.526162337768, -412.613503821033], [298.342433692407, 244.34083339865, -385.708982719461], [226.109582693173, 260.042018814857, -349.10918401168], [164.0034924180336, 277.772053190401, -305.652894815005], [112.5609535539473, 296.379055667263, -257.972927337629], [71.6698723032963, 314.52473048924, -208.2599245202241]], "E": [[974.927912181824, -222.520933956311, 0.0], [950.3487499208659, -216.918251002276, -165.6003844889778], [879.1419407580976, -199.937190881829, -317.4372883148864], [768.525648364826, -171.145578654417, -443.5616249214459], [629.3528526363995, -130.089527157445, -535.338561140427], [474.5719119518603, -76.618065810509, -588.383207973679], [317.4746297434161, -11.207577375214, -602.797343337483], [170.030997942736, 64.802797170628, -582.710875922196], [41.574185277462, 149.1322791122933, -535.262816200955], [-61.986176853631, 238.6649835210571, -469.2516717559225], [-138.358342428379, 329.7248675525171, -393.72540600379415], [-188.522018284127, 418.460768933751, -316.7610885974637], [-215.9845497732184, 501.257001608049, -244.6133189844028], [-225.8329820173807, 575.080491242147, -181.309256852801], [-223.7764814206847, 637.693590324625, -128.6634151805418]], "F": [[781.83148246803, -623.489801858726, 0.0], [772.1802013354059, -622.628368900816, -124.1572581003365], [739.8717557055236, -618.024536537297, -255.2355909638604], [676.729297952282, -603.916213530866, -395.1336182028486], [574.6048725968509, -571.743435639697, -537.9362522507354], [431.1061885978584, -511.832139154943, -670.6127978511875], [253.7075395846033, -415.766796697508, -776.946303911979], [60.387061155926, -279.09698904263, -843.044139957987], [-123.675446957855, -103.6907755061187, -862.119552852768], [-272.246822497659, 101.11466671353811, -836.5834501724825], [-364.860835912478, 319.2506383733454, -776.6734118267161], [-391.956402764437, 530.714855983826, -696.3341847816357], [-356.7277119341294, 715.885572586283, -608.1902751022948], [-273.392628345683, 860.160323307604, -519.731823455298], [-162.88282977093, 957.436209415416, -432.1743456606248]], "G": [[433.883739117558, -900.968867902426, 0.0], [466.8156099464039, -910.854812123185, 23.2884876788245], [548.1383514929915, -934.79899368184, -8.3459208579214], [633.368129401757, -956.829869978785, -127.4882850665106], [671.0504426193207, -954.242477626737, -331.8901430974674], [625.5345516941273, -903.288300059104, -586.8157220725905], [492.2139581051393, -786.14844838976, -840.1474479632626], [299.0255141805, -597.389812719329, -1042.552614287056], [94.690413550873, -347.6069869220307, -1163.588451693021], [-70.003887314763, -62.45557398159788, -1197.6995474635046], [-159.370091715563, 223.1746827945071, -1159.564034595379], [-161.909166900748, 474.148845471771, -1073.0845264157047], [-89.3761034379564, 664.1673830852836, -960.1996648980978], [31.575303105911, 781.8194954482098, -834.246592061799], [170.183748785662, 831.805005688209, -699.2805400736707]], "H": [[0.0, -1000.000000000006, 0.0], [53.2846800786029, -1030.870317262589, 135.7638750485375], [194.2075451080206, -1114.778544315459, 192.6580836807116], [369.360392622192, -1224.907871657262, 110.2013531842264], [504.0515147290037, -1316.241566791087, -134.07638795686236], [528.9088553916307, -1330.91518923663, -510.2586671294258], [413.8586213681344, -1212.979167802854, -938.829981196337], [191.437523300031, -931.210622162638, -1316.506543983429], [-49.535471603994, -500.9763217659277, -1555.684110143859], [-203.301516786098, 8.44675581235632, -1616.3484048634434], [-200.3185945924441, 490.8703799373501, -1512.7275916599522], [-43.118370183774, 841.63729240996, -1294.2253235958458], [196.9140164474276, 1000.0896525083726, -1017.2650691008083], [419.048362699125, 972.9147755450867, -727.43139553371], [544.324353454821, 824.5506632032141, -458.3895965991068]], "I": [[-433.88373911756, -900.968867902426, 0.0], [-382.3546193836441, -957.6990243265694, 189.8621823166323], [-237.7074344107304, -1115.1393967637555, 299.9501358001106], [-39.609707105355, -1331.299173374019, 249.7958109646574], [132.5376684234917, -1530.000636939119, -14.29831764390436], [183.2203563175917, -1608.876211130769, -474.2115297858103], [60.1199311770454, -1470.310642809871, -1020.755039803366], [-194.120214235114, -1068.774572804141, -1491.102233236772], [-448.665730510901, -449.2843807437788, -1745.645274210173], [-557.139431026344, 252.6518678316203, -1731.3477870571455], [-447.6088991904881, 860.2057143875791, -1490.3405379568624], [-165.381841521313, 1231.640650978817, -1118.1251019132426], [158.6797420435339, 1320.6456728896726, -710.9249929545873], [386.4053345246315, 1185.5617245157687, -337.844470701501], [442.402619809449, 945.7001190321552, -42.4604755240868]],