{"A": [[0.0, 1000.0, 0.0], [0.0, 1000.0, 0.0], [0.0, 1000.0, 0.0], [0.0, 1000.0, 0.0], [0.0, 1000.0, 0.0], [0.0, 1000.0, 0.0], [0.0, 1000.0, 0.0], [0.0, 1000.0, 0.0], [0.0, 1000.0, 0.0], [0.0, 1000.0, 0.0], [0.0, 1000.0, 0.0], [0.0, 1000.0, 0.0], [0.0, 1000.0, 0.0], [0.0, 1000.0, 0.0], [0.0, 1000.0, 0.0]], "B": [[587.7852522924732, 809.0169943749474, 0.0], [587.7852522924732, 809.0169943749474, 0.0], [587.7852522924732, 809.0169943749474, 0.0], [587.7852522924732, 809.0169943749474, 0.0], [587.7852522924732, 809.0169943749474, 0.0], [587.7852522924732, 809.0169943749474, 0.0], [587.7852522924732, 809.0169943749474, 0.0], [587.7852522924732, 809.0169943749474, 0.0], [587.7852522924732, 809.0169943749474, 0.0], [587.7852522924732, 809.0169943749474, 0.0], [587.7852522924732, 809.0169943749474, 0.0], [587.7852522924732, 809.0169943749474, 0.0], [587.7852522924732, 809.0169943749474, 0.0], [587.7852522924732, 809.0169943749474, 0.0], [587.7852522924732, 809.0169943749474, 0.0]], "C": [[951.056516295153, 309.016994374947, 0.0], [949.921162409334, 309.016994374947, -28.6983249326044], [946.522197533671, 309.016994374947, -57.2172646070978], [940.880867653528, 309.016994374947, -85.3785550527928], [933.032435155091, 309.016994374947, -113.006167864993], [923.025958409982, 309.016994374947, -139.927410509659], [910.923985125008, 309.016994374947, -165.974005776472], [896.802161373815, 309.016994374947, -190.983143632936], [880.748758754293, 309.016994374947, -214.798498904671], [862.86412262734, 309.016994374947, -237.271208420656], [843.260044885874, 309.016994374947, -258.260801515568], [822.059065174769, 309.016994374947, -277.636078072889], [799.393704929566, 309.016994374947, -295.275928620401], [775.405639021787, 309.016994374947, -311.070091351849], [750.244810188668, 309.016994374947, -324.919841342873]], "D": [[951.056516295154, -309.016994374943, 0.0], [946.818724220844, -307.269864393317, -75.0329106859222], [934.1792704876432, -302.039395272684, -148.9982652163654], [913.3582763813233, -293.358281222739, -220.8501224327218], [884.7171632833274, -281.280785476203, -289.585263051428], [848.7506200159585, -265.882401104429, -354.263292792586], [806.075630571892, -247.259379131179, -414.025270793355], [757.417827530195, -225.52812689421, -468.110428569681], [703.595500855346, -200.824480415338, -515.87059168239], [645.50164800816, -173.30285532719, -556.781972653777], [584.084497978616, -143.135281663985, -590.454068166529], [520.326977828958, -110.510328549558, -616.63546455587], [455.225614725986, -75.631925504153, -635.216431313977], [389.76937864814, -38.718087737631, -646.228260882723], [324.918970682525, 0.000446603056, -649.839392465357]], "E": [[587.785252292473, -809.016994374943, 0.0], [579.673804392558, -802.289482203812, -121.1436152689211], [555.6432977586602, -782.221989733686, -239.0049570616257], [516.5921096072403, -749.157107821257, -350.4265470821128], [463.9743933037704, -703.657411690147, -452.494803558307], [399.7375648743275, -646.493059910899, -542.648042614294], [326.239065086778, -578.624854114256, -618.768533595324], [246.146409144931, -501.183168043923, -679.254564839615], [162.325314551693, -415.44325374353, -723.069478754731], [77.72122806913, -322.797519298063, -749.765783964989], [-4.760171336025, -224.7254444746157, -759.483686879854], [-82.367946612215, -122.7618560578806, -752.92464012263], [-152.611118833062, -18.4643222903629, -731.3017149382828], [-213.349465582747, 86.619555312407, -696.2697058895113], [-262.866046816186, 190.984174846626, -649.8388120248386]], "F": [[0.0, -1000.000000000003, 0.0], [-9.99381670390298, -985.23146291937, -149.2565939871997], [-39.2153005083348, -941.416315450002, -291.6017818484956], [-85.4407473589977, -870.00537953066, -420.5560387958431], [-145.1468184505946, -773.3491164294369, -530.471895909441], [-213.7694903298635, -654.5996749368061, -616.873289381188], [-286.037328377793, -517.5803988108606, -676.7099154638279], [-356.352846042663, -366.62901812336, -708.5092992881166], [-419.1922217105, -206.421959563462, -712.4174907272314], [-469.492653199339, -41.788037811455, -690.1281221074019], [-502.998188940789, 122.4798068838703, -644.708243110398], [-516.538811937873, 281.8060986979484, -580.337152345674], [-508.223487290986, 431.9995926175631, -501.9807258952538], [-477.535266094292, 569.397948195908, -415.0279994820083], [-425.324699795584, 690.984280274259, -324.9186804623566]], "G": [[-587.785252292477, -809.016994374943, 0.0], [-594.890697914967, -785.578941037048, -148.53541043939288], [-614.8793886329928, -716.5939624457, -285.96454109387923], [-643.9300858696097, -605.95850719635, -402.2552401645009], [-676.1934460103616, -459.8700698552599, -489.4063633250344], [-704.5049482568295, -286.4064436920611, -542.1841599922632], [-721.259318166715, -94.9828402889266, -558.5611347439719], [-719.341739800234, 104.271663741775, -539.8154283925905], [-693.005485813577, 301.171293543723, -490.2882557053584], [-638.593570725769, 486.115598677305, -416.8358947686689], [-555.022415202033, 650.6698639498093, -328.046349683503], [-443.9754827699208, 788.0434561634864, -233.315089046398], [-309.790418508994, 893.4348108209591, -141.8864773082208], [-159.059760381429, 964.223210376358, -61.9665659393723], [0.001809832791, 1000.000210855161, 0.000580438969449572]], "H": [[-951.056516295157, -309.016994374943, 0.0], [-949.562328777157, -280.290031790055, -119.25805223143337], [-943.4313446054038, -196.766868634697, -224.32513797533616], [-928.0615122674106, -66.142689892182, -303.0875681564595], [-896.8652868647926, 99.6519463596321, -347.2618478668384], [-842.6891947010135, 285.6856033660769, -353.5527337198002], [-759.430352449958, 475.5526828145564, -324.0441838238219], [-643.5597889553019, 653.020893154845, -265.7763976053616], [-495.278026643106, 803.617555105977, -189.5930322943374], [-319.091950675298, 915.984168761692, -108.4566826144779], [-123.701628417026, 982.8599348377674, -35.508921410248], [78.7967064176892, 1001.6017722683404, 17.818530934217], [274.270768882278, 974.2045822127297, 43.3560250029882], [448.263070987932, 906.8438379576047, 37.1928883171009], [587.786592536322, 809.015759993522, -0.000580442058578348]], "I": [[-951.056516295157, 309.016994374947, 0.0], [-937.2968862666647, 335.866464822165, -72.70977779857466], [-894.7904806482991, 412.25439429409, -131.08791952562936], [-820.4082139334137, 526.345135760078, -164.0373791534655], [-710.6319976154716, 660.4605004246581, -166.2178230745984], [-563.6195016970045, 793.8028334286129, -139.3028837541072], [-381.255689419619, 905.6311658258154, -91.7029822630219], [-170.6070214999109, 978.38621239113, -36.8242190949736], [55.679725133934, 1000.277582390815, 9.7468801045946], [280.251672974417, 966.9440035793992, 33.5162981807151], [483.117829237218, 881.9561873848443, 24.111467822382], [644.5490192047282, 756.1235302621484, -22.5641946766723], [748.246231920864, 605.7566820668897, -103.4752270028088], [784.139153984478, 450.1959642071057, -209.0305620692311], [750.244340598529, 309.015549137705, -324.9210022244226]], "J": [[-587.785252292477, 809.016994374947, 0.0], [-562.8222111801326, 825.386698505607, -26.83309762821737], [-488.2147464484711, 869.345391338296, -43.16747803953496], [-365.4615160672017, 926.639564465684, -42.5718132592955], [-198.9591757479836, 977.2363794531861, -25.4699027418944], [2.0338778539465, 1000.0268747761389, 0.2460690293988], [222.104472662024, 977.8560031077018, 21.0183508666531], [439.8920986178531, 901.7603642217329, 21.3592405638067], [630.201626203379, 773.47964370927, -11.5437622403843], [767.829599174956, 605.6982380745422, -83.6812872760279], [832.331048087533, 419.9765964187083, -191.73800880676], [812.5720907316822, 242.8312097993504, -323.0059568181373], [709.8558613908277, 100.8061622572967, -457.7592419466058], [538.701364912529, 15.5663979932287, -573.4800690222771], [324.917160848036, 0.000235746691, -649.8399729050305]],