{"A": [[0.0, 1000.0, 0.0], [0.0, 1000.0, 0.0], [0.0, 1000.0, 0.0], [0.0, 1000.0, 0.0], [0.0, 1000.0, 0.0], [0.0, 1000.0, 0.0], [0.0, 1000.0, 0.0], [0.0, 1000.0, 0.0], [0.0, 1000.0, 0.0], [0.0, 1000.0, 0.0], [0.0, 1000.0, 0.0], [0.0, 1000.0, 0.0], [0.0, 1000.0, 0.0], [0.0, 1000.0, 0.0], [0.0, 1000.0, 0.0]], "B": [[587.7852522924732, 809.0169943749474, 0.0], [587.7852522924732, 809.0169943749474, 0.0], [587.7852522924732, 809.0169943749474, 0.0], [587.7852522924732, 809.0169943749474, 0.0], [587.7852522924732, 809.0169943749474, 0.0], [587.7852522924732, 809.0169943749474, 0.0], [587.7852522924732, 809.0169943749474, 0.0], [587.7852522924732, 809.0169943749474, 0.0], [587.7852522924732, 809.0169943749474, 0.0], [587.7852522924732, 809.0169943749474, 0.0], [587.7852522924732, 809.0169943749474, 0.0], [587.7852522924732, 809.0169943749474, 0.0], [587.7852522924732, 809.0169943749474, 0.0], [587.7852522924732, 809.0169943749474, 0.0], [587.7852522924732, 809.0169943749474, 0.0]], "C": [[951.056516295153, 309.016994374947, 0.0], [947.227637134213, 309.016994374947, -52.6040229391962], [935.821712424913, 309.016994374947, -104.099153063727], [917.079179062535, 309.016994374947, -153.399873019694], [891.395129654313, 309.016994374947, -199.466923620016], [859.310983967198, 309.016994374947, -241.32921142831], [821.503075799047, 309.016994374947, -278.10427940874], [778.768395862029, 309.016994374947, -309.016909120513], [732.007791218238, 309.016994374947, -333.415462322777], [682.2069754234407, 309.016994374947, -350.785617508876], [630.4157496851052, 309.016994374947, -360.761211803821], [577.7258730527317, 309.016994374947, -363.131959677768], [525.2480481368559, 309.016994374947, -357.847885765032], [474.088507497785, 309.016994374947, -345.020378344811], [425.325694262993, 309.016994374947, -324.919841276231]], "D": [[951.056516295154, -309.016994374943, 0.0], [936.7966832843106, -303.124955195213, -137.099230071456], [894.8525814495905, -285.573041843178, -267.654129714868], [827.6679355291596, -256.731248656002, -385.564827927424], [739.112476419734, -217.207560640164, -485.585295055834], [634.194580178796, -167.83513714738, -563.6654654521], [518.692185501746, -109.654748875305, -617.199468656907], [398.731871662782, -43.892838420997, -645.161076763792], [280.350059097209, 28.064333129278, -648.116759435395], [169.0715547016187, 104.699908584051, -628.116790846194], [69.5390029121422, 184.398409996552, -588.474835917534], [-14.7776346441313, 265.4797929401771, -533.455524425106], [-81.7692878292001, 346.234861845354, -467.896944951048], [-130.760056677745, 424.961299842512, -396.8001397824884], [-162.459703072703, 499.999553602047, -324.9201313633336]], "E": [[587.785252292473, -809.016994374943, 0.0], [560.5995797558757, -786.377906838517, -220.2156260168733], [482.4476316332365, -719.760848646226, -420.523737683996], [363.0534448333026, -612.969997403517, -583.537907350715], [217.06605854952, -472.032019542861, -696.530889899459], [61.987559707759, -304.75235445586, -752.871206850893], [-84.245832566653, -120.1451818601526, -752.557174139998], [-205.64955960754, 72.21690024686, -701.7969785596131], [-290.179265840277, 262.881170041114, -611.7388301484684], [-331.0351258695553, 443.166783202082, -496.589249682785], [-327.1186806355158, 605.738763248941, -371.447187785183], [-282.6263460218793, 745.0590859495961, -250.212200090761], [-205.9082927277641, 857.680482912168, -143.892476765065], [-107.8374119787756, 942.361919788411, -59.5507334231694], [-0.000669815628, 999.999724110497, -0.000290087354600267]], "F": [[0.0, -1000.000000000003, 0.0], [-33.2360302259094, -950.46096754133, -269.2261224239175], [-124.5316591882795, -807.3432846710829, -497.1492469082243], [-250.7119190092184, -586.3757406912891, -650.997783627511], [-379.482564019163, -311.331521649858, -712.9960694748138], [-477.175944489783, -10.776480131623, -683.2514373393792], [-516.602994255086, 285.7354768161634, -578.504920781097], [-483.050499693422, 551.429243707576, -427.2605336848601], [-377.027808586603, 765.470712327712, -262.7014484010454], [-213.2841382427603, 915.075841948544, -115.272378254244], [-16.6135250920058, 996.308718465495, -6.745022020907], [184.2452911689527, 1013.5383575807231, 52.963930798991], [362.9325407610819, 977.747628605628, 65.797766047638], [500.4513231215274, 904.0677542836938, 42.8425421786906], [587.784872562837, 809.017611281507, 0.000290086856934956]], "G": [[-587.785252292477, -809.016994374943, 0.0], [-610.8873220173704, -730.766417448489, -264.8328319405006], [-665.7798450248695, -510.7602792281869, -464.6695076672034], [-715.0082886380924, -189.8875817659121, -555.1226970224475], [-713.134510940434, 174.004161427854, -525.6683771886668], [-625.113589559995, 518.795573871548, -401.0566393007842], [-440.8421698538882, 791.1200518783064, -230.923649672585], [-180.421837791009, 956.599828422166, -71.9878193831551], [111.527666475416, 1005.033737018432, 30.3670013475966], [379.9164946748057, 949.7003554554884, 54.669268850637], [576.0360000432582, 821.497362960924, 6.4284966325628], [671.0756685954017, 659.8866933197, -88.077535551643], [662.0073243584749, 503.226290029588, -193.720603826792], [568.8190704272864, 380.9200455316008, -279.0399475685644], [425.326364078285, 309.017270263273, -324.91955118898204]], "H": [[-951.056516295157, -309.016994374943, 0.0], [-944.9040477125374, -213.799005345804, -208.76561308815442], [-909.1805216828695, 42.7973842861981, -337.0135833353054], [-803.9380678669834, 383.5881206836839, -342.5594727423575], [-595.181286280225, 709.476506238417, -240.4975231635098], [-283.546000331912, 932.153350176578, -93.7572055115502], [83.8908845843308, 1001.4596055919604, 18.833242071337], [426.174226114157, 918.1262436916838, 39.9363057322509], [659.509717075207, 728.560866361804, -42.0514718580533], [731.1500358886167, 505.1654434181034, -192.291705306048], [639.6131093947116, 320.585924248597, -349.9585022657682], [432.5471532386817, 225.5304986294971, -457.407814226533], [185.1410417064779, 237.229465969201, -483.220602634332], [-29.2092108919726, 340.7015629260719, -429.7405104386064], [-162.459323345191, 499.998936692554, -324.92042145350445]], "I": [[-951.056516295157, 309.016994374947, 0.0], [-903.7670916378355, 396.88530392607, -123.10093831414322], [-750.3503557440985, 615.9343339684981, -168.9272170028944], [-474.2335839952654, 855.0339305354479, -116.7280910917835], [-92.335450302599, 992.230451584448, -18.7718302875518], [320.61332033277, 954.6909906326297, 34.4987154697458], [647.9420572433528, 752.5440461254734, -24.2170788051429], [783.392074156518, 471.1046445705188, -193.5869483758501], [688.1787909791909, 228.04302450109, -403.4736424987983], [415.6347048713877, 119.0915471792374, -557.480743731532], [87.0936578577346, 179.220386736114, -588.0846279369943], [-166.1627378100203, 375.4515534576061, -489.5971747324794], [-260.5845615574651, 629.948727744551, -312.732247384716], [-187.3274879729426, 857.8133863641199, -130.4747693929204], [-0.001339636115, 999.999448220308, -0.000580179926451439]], "J": [[-587.785252292477, 809.016994374947, 0.0], [-503.6741339339605, 860.829508868197, -41.56928098712092], [-257.4042859001575, 962.8585443634161, -32.4949051505534], [113.6915667690736, 995.0737808113659, 12.4960114724335], [511.000995836363, 862.344641579883, 14.104002324937], [786.003376654627, 571.4360707374777, -101.4930971624642], [810.9619548456528, 238.6993866164414, -326.4656356749669], [565.37246886416, 23.3145365379778, -559.5343245195791], [167.2566574022959, 32.091452199236, -672.1911955395843], [-185.0453147309153, 258.3963662635644, -599.2382901222138], [-325.2354863195154, 590.901448627177, -382.0035968050602], [-208.4533576882712, 880.1267817896331, -135.3650070395484], [79.2076031646589, 1016.718614890682, 29.198082420236], [386.9708133797264, 975.6386671033399, 65.1388178965806], [587.784492828107, 809.018228190656, 0.000580172220260841]],