{"A": [[0.0, 1000.0, 0.0], [0.0, 1000.0, 0.0], [0.0, 1000.0, 0.0], [0.0, 1000.0, 0.0], [0.0, 1000.0, 0.0], [0.0, 1000.0, 0.0], [0.0, 1000.0, 0.0], [0.0, 1000.0, 0.0], [0.0, 1000.0, 0.0], [0.0, 1000.0, 0.0], [0.0, 1000.0, 0.0], [0.0, 1000.0, 0.0], [0.0, 1000.0, 0.0], [0.0, 1000.0, 0.0], [0.0, 1000.0, 0.0]], "B": [[587.7852522924732, 809.0169943749474, 0.0], [587.7852522924732, 809.0169943749474, 0.0], [587.7852522924732, 809.0169943749474, 0.0], [587.7852522924732, 809.0169943749474, 0.0], [587.7852522924732, 809.0169943749474, 0.0], [587.7852522924732, 809.0169943749474, 0.0], [587.7852522924732, 809.0169943749474, 0.0], [587.7852522924732, 809.0169943749474, 0.0], [587.7852522924732, 809.0169943749474, 0.0], [587.7852522924732, 809.0169943749474, 0.0], [587.7852522924732, 809.0169943749474, 0.0], [587.7852522924732, 809.0169943749474, 0.0], [587.7852522924732, 809.0169943749474, 0.0], [587.7852522924732, 809.0169943749474, 0.0], [587.7852522924732, 809.0169943749474, 0.0]], "C": [[951.056516295153, 309.016994374947, 0.0], [947.227637134213, 309.016994374947, -52.6040229391962], [935.821712424913, 309.016994374947, -104.099153063727], [917.079179062535, 309.016994374947, -153.399873019694], [891.395129654313, 309.016994374947, -199.466923620016], [859.310983967198, 309.016994374947, -241.32921142831], [821.503075799047, 309.016994374947, -278.10427940874], [778.768395862029, 309.016994374947, -309.016909120513], [732.007791218238, 309.016994374947, -333.415462322777], [682.2069754234407, 309.016994374947, -350.785617508876], [630.4157496851052, 309.016994374947, -360.761211803821], [577.7258730527317, 309.016994374947, -363.131959677768], [525.2480481368559, 309.016994374947, -357.847885765032], [474.088507497785, 309.016994374947, -345.020378344811], [425.325694262993, 309.016994374947, -324.919841276231]], "D": [[951.056516295154, -309.016994374943, 0.0], [936.7966832843106, -303.124955195213, -137.099230071456], [894.8525814495905, -285.573041843178, -267.654129714868], [827.6679355291596, -256.731248656002, -385.564827927424], [739.112476419734, -217.207560640164, -485.585295055834], [634.194580178796, -167.83513714738, -563.6654654521], [518.692185501746, -109.654748875305, -617.199468656907], [398.731871662782, -43.892838420997, -645.161076763792], [280.350059097209, 28.064333129278, -648.116759435395], [169.0715547016187, 104.699908584051, -628.116790846194], [69.5390029121422, 184.398409996552, -588.474835917534], [-14.7776346441313, 265.4797929401771, -533.455524425106], [-81.7692878292001, 346.234861845354, -467.896944951048], [-130.760056677745, 424.961299842512, -396.8001397824884], [-162.459703072703, 499.999553602047, -324.9201313633336]], "E": [[587.785252292473, -809.016994374943, 0.0], [571.0156158425395, -800.867066333787, -116.5319562954007], [521.9437492005854, -776.502199182201, -224.1388846255191], [444.1997954374616, -736.182641195793, -314.5397691356433], [343.566763993405, -680.359736913404, -380.706020436799], [227.589740654598, -609.699844930214, -417.398258800716], [105.050608360116, -525.113100195753, -421.595237547286], [-14.666521418324, -427.782823864026, -392.779898930308], [-122.28344667851, -319.190884758128, -333.051552015039], [-209.3630967446843, -201.134258392486, -247.041092139766], [-269.0161102092488, -75.728425500162, -141.618621812897], [-296.5174064313783, 54.6059238588411, -25.399500366692], [-289.7713410671981, 187.175225507715, 91.925517251945], [-249.571004961265, 319.065301936982, 200.3899534421656], [-179.6117000908944, 447.2128260854639, 290.6165301333534]], "F": [[0.0, -1000.000000000003, 0.0], [-6.0892371084174, -988.22333817751, 0.9994324966243], [-22.9813711841705, -953.233585884731, 7.7848989284069], [-46.7536099719354, -896.066100057837, 25.1189486228287], [-71.52733383394, -818.487666998525, 55.852768421478], [-90.383853093864, -723.033268853366, 100.302755251464], [-96.495605015914, -613.0136706303412, 156.002048493052], [-84.3188480422002, -492.4630187160966, 217.900899064754], [-50.6599386629983, -366.0024691685282, 279.030762640961], [4.5818193537657, -238.6097209294904, 331.568598267655], [78.1635725538982, -115.3027268924348, 368.152065649524], [163.8387620324207, -0.7652415873156, 383.222872300997], [253.2790659936799, 101.0417041247298, 374.136932923408], [337.446720966923, 187.228400399993, 341.7944515648686], [408.1736819315806, 256.2302197305919, 290.6173697690783]], "G": [[-587.785252292477, -809.016994374943, 0.0], [-567.2827880050124, -791.422221898985, 169.2169414358223], [-506.2295077299905, -739.975254627828, 328.6557980835289], [-406.3250368949914, -658.592326446257, 468.1546210435817], [-271.398872085377, -553.468282310527, 577.180021868588], [-108.4868907501509, -432.54464648872, 645.513404041825], [71.398759920647, -304.7333196984641, 664.667674127395], [253.3127417787328, -178.9312228084876, 629.809546412741], [419.5769431505567, -62.9313638930952, 541.692505914522], [552.1613605834677, 37.5963385135876, 407.9418265856323], [635.8596054691772, 119.8446837189472, 243.064730545464], [661.5041817184607, 184.1373131228644, 66.827255137177], [628.2855609649758, 233.6126748319798, -98.896974640515], [544.355763496563, 273.3386588572732, -234.1740221886884], [425.3262037221507, 309.0167767386854, -324.9192917268567]], "H": [[-951.056516295157, -309.016994374943, 0.0], [-891.5950258933974, -287.954174668162, 321.8849113034863], [-720.5578045279415, -228.183875957545, 600.8670711060989], [-459.5695012385956, -139.301217127947, 799.0137784653227], [-143.003531039453, -35.19253939654, 888.420928490392], [185.3070137263491, 68.785795347712, 856.034046807903], [477.660167082638, 159.0564105972329, 707.2912166022768], [690.2358758592128, 226.8043688664154, 467.197075170184], [791.7965479468166, 269.9403488721128, 177.529081204995], [771.1329298962117, 293.4403621455556, -110.2871755501217], [640.6994321593985, 307.8447784594822, -345.661480613221], [434.5732077972167, 326.2352494020584, -490.197448830664], [200.5610049203939, 360.5157834671458, -526.580638608755], [-11.609591227116, 418.0987641239712, -462.0183715157214], [-162.4591629866213, 499.9994302211744, -324.9206809112037]], "I": [[-951.056516295157, 309.016994374947, 0.0], [-851.3279780435365, 323.940214802264, 398.8903152837138], [-574.0507321193835, 362.656813047818, 707.679847495665], [-180.5815742890576, 409.152628401294, 856.7210326946389], [241.040225910201, 443.210638544083, 813.5423378625886], [595.8218363609101, 447.909341743059, 592.009562685614], [805.124194468219, 416.2792827741129, 250.5968811353308], [827.8830131719498, 354.6259381677794, -121.599089271335], [672.8870809570607, 281.0573110891675, -428.856079449011], [396.6723514001767, 219.5046345623473, -596.3723477054288], [86.05831324168346, 191.3636254899172, -592.18000214594], [-169.5320098734093, 207.9823695698254, -435.0689294907868], [-305.9837409555551, 266.9713608229625, -185.072406397976], [-301.956468858864, 353.7137259344331, 79.7558146143686], [-179.6122095495668, 447.2130437216104, 290.6159805834763]], "J": [[-587.785252292477, 809.016994374947, 0.0], [-462.3367981546345, 803.32747582676, 369.912268658874], [-129.5384222743815, 779.16246899086, 603.2870497852249], [294.9006546955014, 719.925845798044, 613.1996403718069], [663.523057066172, 611.163648136689, 394.8944485841136], [850.3403776347772, 452.96295111210617, 28.839264791397], [798.1427860691412, 266.1238435623699, -348.8784021432942], [540.6904635185577, 87.9328187703554, -599.470652287779], [188.4322389586747, -41.3214197210735, -637.042225087], [-118.3478197348813, -94.7929888146967, -462.4423715475337], [-268.8727514719885, -70.1597434158648, -159.057065709304], [-225.9507974202388, 10.4190535632784, 147.8132780180232], [-34.0370305732251, 111.3005100448605, 347.635378583962], [210.434381280273, 199.2908815170651, 388.9082253535456], [408.1731418450322, 256.2303431116314, 290.61791931642745]],