{"A": [[0.0, 1000.0, 0.0], [0.0, 1000.0, 0.0], [0.0, 1000.0, 0.0], [0.0, 1000.0, 0.0], [0.0, 1000.0, 0.0], [0.0, 1000.0, 0.0], [0.0, 1000.0, 0.0], [0.0, 1000.0, 0.0], [0.0, 1000.0, 0.0], [0.0, 1000.0, 0.0], [0.0, 1000.0, 0.0], [0.0, 1000.0, 0.0], [0.0, 1000.0, 0.0], [0.0, 1000.0, 0.0], [0.0, 1000.0, 0.0]], "B": [[587.7852522924732, 809.0169943749474, 0.0], [587.7852522924732, 809.0169943749474, 0.0], [587.7852522924732, 809.0169943749474, 0.0], [587.7852522924732, 809.0169943749474, 0.0], [587.7852522924732, 809.0169943749474, 0.0], [587.7852522924732, 809.0169943749474, 0.0], [587.7852522924732, 809.0169943749474, 0.0], [587.7852522924732, 809.0169943749474, 0.0], [587.7852522924732, 809.0169943749474, 0.0], [587.7852522924732, 809.0169943749474, 0.0], [587.7852522924732, 809.0169943749474, 0.0], [587.7852522924732, 809.0169943749474, 0.0], [587.7852522924732, 809.0169943749474, 0.0], [587.7852522924732, 809.0169943749474, 0.0], [587.7852522924732, 809.0169943749474, 0.0]], "C": [[951.056516295153, 309.016994374947, 0.0], [947.227637134213, 309.016994374947, -52.6040229391962], [935.821712424913, 309.016994374947, -104.099153063727], [917.079179062535, 309.016994374947, -153.399873019694], [891.395129654313, 309.016994374947, -199.466923620016], [859.310983967198, 309.016994374947, -241.32921142831], [821.503075799047, 309.016994374947, -278.10427940874], [778.768395862029, 309.016994374947, -309.016909120513], [732.007791218238, 309.016994374947, -333.415462322777], [682.2069754234407, 309.016994374947, -350.785617508876], [630.4157496851052, 309.016994374947, -360.761211803821], [577.7258730527317, 309.016994374947, -363.131959677768], [525.2480481368559, 309.016994374947, -357.847885765032], [474.088507497785, 309.016994374947, -345.020378344811], [425.325694262993, 309.016994374947, -324.919841276231]], "D": [[951.056516295154, -309.016994374943, 0.0], [961.447113758297, -303.124955195213, 31.3367377857306], [991.3867328504175, -285.573041843177, 55.090132333695], [1037.289805611345, -256.731248656002, 64.417348572712], [1093.540758786511, -217.207560640163, 53.892255357174], [1153.002238732671, -167.83513714738, 20.058437069079], [1207.664759679392, -109.654748875305, -38.189426686799], [1249.382210644232, -43.892838420998, -119.429729959632], [1270.630186965432, 28.064333129279, -219.760158053115], [1265.2219584105826, 104.699908584051, -333.0636165914443], [1228.9202328617941, 184.398409996552, -451.4728609731985], [1159.8914462793236, 265.479792940177, -565.995876358582], [1058.962390601588, 346.2348618453541, -667.250281099155], [929.655486959076, 424.961299842512, -746.245572598933], [777.997540230119, 499.999553602047, -795.147703469983]], "E": [[587.785252292473, -809.016994374943, 0.0], [624.844761969788, -786.377906838517, 218.7706001174456], [730.6510369494584, -719.760848646226, 409.298907714413], [889.930153901286, -612.969997403517, 547.475417741216], [1079.8916285526216, -472.032019542862, 616.781416417245], [1273.751185868518, -304.75235445586, 610.515360663165], [1444.797544995495, -120.1451818601529, 532.445311297249], [1570.326034118733, 72.21690024686, 395.81739716497], [1634.797887096588, 262.881170041112, 220.931287897463], [1631.7319874229918, 443.16678320208, 31.7330180829047], [1564.067668498681, 605.738763248942, -147.9691305887545], [1443.0100070714766, 745.059085949595, -298.015292170715], [1285.632913965628, 857.6804829121701, -404.552999461981], [1111.722539700675, 942.361919788411, -461.440028348654], [940.457413123589, 999.999724110492, -470.228282011263]], "F": [[0.0, -1000.000000000003, 0.0], [46.386135473713, -996.901865840316, 273.8277646702098], [185.4064523555605, -983.996917070643, 531.174476901763], [414.628209891549, -951.368094416899, 751.29102364124], [724.2433072750345, -885.346785530746, 907.730186888821], [1091.477452581867, -772.178576402791, 971.423970203403], [1477.6340511529881, -602.0326456672669, 918.025714506524], [1830.262257440075, -372.500183711846, 737.322721121723], [2091.219374219894, -90.808056023254, 441.270500722234], [2209.1912055178527, 225.79089347994, 67.1531430811175], [2153.316881475333, 551.6436233471956, -326.3650164592365], [1923.6491308689026, 856.14006813168, -670.323040307675], [1554.6651832635548, 1108.4125311010991, -901.263266456228], [1109.8632488861267, 1282.466309802005, -977.474482800339], [668.112360714574, 1361.803217239018, -890.814083053614]], "G": [[-587.785252292477, -809.016994374943, 0.0], [-546.160629711677, -851.803004478674, 174.8294679677176], [-410.5167454793955, -964.9625743412838, 368.450024746786], [-157.363805556632, -1107.282174660879, 576.700230369339], [227.7451076103855, -1223.387276809504, 762.18234171109], [727.270898110291, -1259.588669174737, 863.02194810927], [1280.5391296676462, -1179.112174149386, 817.532824302048], [1792.0733345869182, -972.366796556937, 593.560193962567], [2157.8548318880685, -659.462014470463, 208.550921456126], [2299.220539909199, -284.533399295679, -269.6403342937125], [2190.105422885863, 96.1582457658926, -742.4727973052765], [1865.969743744804, 428.66224500575, -1112.931004861655], [1410.730228012824, 674.0746060934231, -1316.713993747804], [927.5171586126427, 816.10767254506, -1339.725136447684], [505.652244672562, 861.803369747256, -1215.733880009623]], "H": [[-951.056516295157, -309.016994374943, 0.0], [-919.480191696766, -408.214012417, -39.2437017922224], [-801.5545593417175, -670.8207728820998, -9.089430163847], [-547.750325689618, -1004.854190899668, 108.648006476347], [-128.7910963994665, -1294.9629031169145, 262.457541246826], [423.084762885957, -1443.18161953454, 357.323979984459], [1007.3829137846761, -1400.863260377975, 309.42048561006], [1490.5957479719052, -1180.176022066844, 95.672052095478], [1764.3286430684925, -842.508958603005, -231.445631038294], [1792.938530044394, -470.619988745487, -571.3294440810555], [1624.077254235366, -137.2504331083114, -826.7254659304338], [1358.27665632452, 117.076887637722, -948.224279711763], [1097.4336021560598, 289.7704958152941, -947.76740371044], [902.0104222413514, 406.013390637512, -878.05631835779], [777.997152037833, 499.9994302209, -795.148369054332]], "I": [[-951.056516295157, 309.016994374947, 0.0], [-926.5779394969387, 159.201904970605, -284.1004148336354], [-820.0088913298484, -227.7153762004188, -439.534614028809], [-566.5936679188571, -693.91919855781, -425.14068789728], [-143.7138190504326, -1059.5915725286136, -308.807423840191], [380.9989386857794, -1200.991173128276, -209.719741716988], [871.4158668743071, -1094.16693747088, -209.632824676895], [1200.8416702163704, -806.361308247054, -302.161010137879], [1326.2550966969966, -446.627763451493, -414.026184616739], [1302.6425460894009, -107.415787611473, -473.0514320625049], [1230.009932799158, 170.9066441263806, -463.7982374446808], [1177.827467479312, 398.408585710132, -428.362204585197], [1145.0203594902991, 605.9232716023181, -418.854429641285], [1080.5285278297054, 810.826144181728, -446.51960868502], [940.457511228256, 999.998954695597, -470.228196601313]], "J": [[-587.785252292477, 809.016994374947, 0.0], [-564.6591342798407, 627.024679366903, -463.3283184549624], [-457.9655288977304, 174.3261309971212, -738.287423989266], [-204.7258395738461, -325.758732307609, -764.957634427923], [191.4170059382044, -650.3957505094735, -628.513727554441], [628.9722895567354, -693.911642785437, -461.405216894278], [978.7861710783551, -498.4581117964939, -334.407117056699], [1187.1289212423503, -191.921791251193, -237.0299751424038], [1306.2962230260646, 110.080092351877, -146.362182743682], [1421.2964613976399, 365.820109660204, -93.6637080049199], [1547.301555022322, 598.8250500927866, -150.4647480882348], [1600.882592636084, 841.949879247031, -349.2326067326195], [1472.9513539787242, 1087.453932374193, -625.144266619572], [1132.826797396867, 1281.673671755542, -843.424519246747], [668.112748906908, 1361.803340619448, -890.813417469208]],