{"A": [[0.0, 1000.0, 0.0], [0.0, 1000.0, 0.0], [0.0, 1000.0, 0.0], [0.0, 1000.0, 0.0], [0.0, 1000.0, 0.0], [0.0, 1000.0, 0.0], [0.0, 1000.0, 0.0], [0.0, 1000.0, 0.0], [0.0, 1000.0, 0.0], [0.0, 1000.0, 0.0], [0.0, 1000.0, 0.0], [0.0, 1000.0, 0.0], [0.0, 1000.0, 0.0], [0.0, 1000.0, 0.0], [0.0, 1000.0, 0.0]], "B": [[587.7852522924732, 809.0169943749474, 0.0], [587.7852522924732, 809.0169943749474, 0.0], [587.7852522924732, 809.0169943749474, 0.0], [587.7852522924732, 809.0169943749474, 0.0], [587.7852522924732, 809.0169943749474, 0.0], [587.7852522924732, 809.0169943749474, 0.0], [587.7852522924732, 809.0169943749474, 0.0], [587.7852522924732, 809.0169943749474, 0.0], [587.7852522924732, 809.0169943749474, 0.0], [587.7852522924732, 809.0169943749474, 0.0], [587.7852522924732, 809.0169943749474, 0.0], [587.7852522924732, 809.0169943749474, 0.0], [587.7852522924732, 809.0169943749474, 0.0], [587.7852522924732, 809.0169943749474, 0.0], [587.7852522924732, 809.0169943749474, 0.0]], "C": [[951.056516295153, 309.016994374947, 0.0], [947.227637134213, 309.016994374947, -52.6040229391962], [935.821712424913, 309.016994374947, -104.099153063727], [917.079179062535, 309.016994374947, -153.399873019694], [891.395129654313, 309.016994374947, -199.466923620016], [859.310983967198, 309.016994374947, -241.32921142831], [821.503075799047, 309.016994374947, -278.10427940874], [778.768395862029, 309.016994374947, -309.016909120513], [732.007791218238, 309.016994374947, -333.415462322777], [682.2069754234407, 309.016994374947, -350.785617508876], [630.4157496851052, 309.016994374947, -360.761211803821], [577.7258730527317, 309.016994374947, -363.131959677768], [525.2480481368559, 309.016994374947, -357.847885765032], [474.088507497785, 309.016994374947, -345.020378344811], [425.325694262993, 309.016994374947, -324.919841276231]], "D": [[951.056516295154, -309.016994374943, 0.0], [936.7966832843106, -303.124955195213, -137.099230071456], [894.8525814495905, -285.573041843178, -267.654129714868], [827.6679355291596, -256.731248656002, -385.564827927424], [739.112476419734, -217.207560640164, -485.585295055834], [634.194580178796, -167.83513714738, -563.6654654521], [518.692185501746, -109.654748875305, -617.199468656907], [398.731871662782, -43.892838420997, -645.161076763792], [280.350059097209, 28.064333129278, -648.116759435395], [169.0715547016187, 104.699908584051, -628.116790846194], [69.5390029121422, 184.398409996552, -588.474835917534], [-14.7776346441313, 265.4797929401771, -533.455524425106], [-81.7692878292001, 346.234861845354, -467.896944951048], [-130.760056677745, 424.961299842512, -396.8001397824884], [-162.459703072703, 499.999553602047, -324.9201313633336]], "E": [[587.785252292473, -809.016994374943, 0.0], [571.0156158425395, -800.867066333787, -116.5319562954007], [521.9437492005854, -776.502199182201, -224.1388846255191], [444.1997954374616, -736.182641195793, -314.5397691356433], [343.566763993405, -680.359736913404, -380.706020436799], [227.589740654598, -609.699844930214, -417.398258800716], [105.050608360116, -525.113100195753, -421.595237547286], [-14.666521418324, -427.782823864026, -392.779898930308], [-122.28344667851, -319.190884758128, -333.051552015039], [-209.3630967446843, -201.134258392486, -247.041092139766], [-269.0161102092488, -75.728425500162, -141.618621812897], [-296.5174064313783, 54.6059238588411, -25.399500366692], [-289.7713410671981, 187.175225507715, 91.925517251945], [-249.571004961265, 319.065301936982, 200.3899534421656], [-179.6117000908944, 447.2128260854639, 290.6165301333534]], "F": [[0.0, -1000.000000000003, 0.0], [-6.0892371084174, -988.22333817751, 0.9994324966243], [-22.9813711841705, -953.233585884731, 7.7848989284069], [-46.7536099719354, -896.066100057837, 25.1189486228287], [-71.52733383394, -818.487666998525, 55.852768421478], [-90.383853093864, -723.033268853366, 100.302755251464], [-96.495605015914, -613.0136706303412, 156.002048493052], [-84.3188480422002, -492.4630187160966, 217.900899064754], [-50.6599386629983, -366.0024691685282, 279.030762640961], [4.5818193537657, -238.6097209294904, 331.568598267655], [78.1635725538982, -115.3027268924348, 368.152065649524], [163.8387620324207, -0.7652415873156, 383.222872300997], [253.2790659936799, 101.0417041247298, 374.136932923408], [337.446720966923, 187.228400399993, 341.7944515648686], [408.1736819315806, 256.2302197305919, 290.6173697690783]], "G": [[-587.785252292477, -809.016994374943, 0.0], [-567.2827880050124, -791.422221898985, 169.2169414358223], [-506.2295077299905, -739.975254627828, 328.6557980835289], [-406.3250368949914, -658.592326446257, 468.1546210435817], [-271.398872085377, -553.468282310527, 577.180021868588], [-108.4868907501509, -432.54464648872, 645.513404041825], [71.398759920647, -304.7333196984641, 664.667674127395], [253.3127417787328, -178.9312228084876, 629.809546412741], [419.5769431505567, -62.9313638930952, 541.692505914522], [552.1613605834677, 37.5963385135876, 407.9418265856323], [635.8596054691772, 119.8446837189472, 243.064730545464], [661.5041817184607, 184.1373131228644, 66.827255137177], [628.2855609649758, 233.6126748319798, -98.896974640515], [544.355763496563, 273.3386588572732, -234.1740221886884], [425.3262037221507, 309.0167767386854, -324.9192917268567]], "H": [[-951.056516295157, -309.016994374943, 0.0], [-944.8704476181574, -302.215379325568, 160.83626501203653], [-920.5457141198095, -281.426387589069, 335.0611794404076], [-862.4039259689724, -246.01119169757, 529.2681665194561], [-749.613442016917, -196.437825628409, 737.822760131659], [-563.607496378422, -135.975747869359, 940.264373428452], [-296.939110131034, -71.9608190378211, 1102.971436000467], [38.6661823131068, -15.8089602443736, 1185.942617912394], [408.1155062742964, 18.8096605006702, 1154.189895007641], [755.5921275228717, 19.6632235073012, 991.2602110882273], [1015.5000576530992, -19.2370243106268, 710.499663779241], [1130.2505581531666, -93.2158749228276, 358.919800249741], [1069.997646671292, -184.7493443788742, 9.867290965866], [847.061414996984, -265.0593859592558, -255.6878581449916], [518.0629752157508, -299.9999919482176, -374.5628000760307]], "I": [[-951.056516295157, 309.016994374947, 0.0], [-990.1770411397051, 286.771951441843, -20.84270468187946], [-1088.2488626511356, 225.7625377808, 24.25407011866763], [-1193.0907934751233, 140.94110923143, 178.7255532542162], [-1235.700114091852, 50.672675506041, 446.923879572976], [-1153.3955228788468, -30.346108067765, 788.743832767372], [-913.951338402851, -96.4194490990119, 1128.733750117787], [-532.4548604779432, -151.8986953606836, 1378.98756015988], [-72.9394972502476, -207.1084350588178, 1469.64687929057], [368.8449878291047, -270.7207599384768, 1376.0586042072102], [697.4342854155822, -342.1732513110748, 1130.633415186766], [852.4461329871438, -408.2082838113386, 812.318625734422], [830.8309914664409, -445.9793024513442, 516.349503184296], [685.581649705156, -431.9710233172658, 317.0518750374194], [500.9105362201989, -352.7870926839788, 240.9738170983693]], "J": [[-587.785252292477, 809.016994374947, 0.0], [-685.3630933106562, 743.625956134713, -304.28385704878343], [-937.4188012981865, 564.081564526013, -470.47468383094736], [-1237.4940767252729, 313.997770187373, -412.9210911083498], [-1454.73561683744, 48.10125827834912, -130.988611726987], [-1486.0372523821818, -185.828636719676, 291.611381274678], [-1297.94233851127, -359.0145896952239, 721.842222532004], [-939.0655911034952, -463.0574225495386, 1032.846011823819], [-515.5320881537006, -502.0870736246298, 1154.900294690614], [-140.3481384619103, -482.3652753358698, 1096.9618996579004], [117.0297063439952, -406.9299167036194, 928.388241869637], [253.3982539282967, -278.5992656752706, 732.8884534885469], [315.5679182009899, -107.9534044267742, 563.3438522471974], [358.641534826276, 81.3773568822542, 424.5210012068204], [408.173749412963, 256.2296288748202, 290.617874996103]],