{"A": [[0.0, 1000.0, 0.0], [0.0, 1000.0, 0.0], [0.0, 1000.0, 0.0], [0.0, 1000.0, 0.0], [0.0, 1000.0, 0.0], [0.0, 1000.0, 0.0], [0.0, 1000.0, 0.0], [0.0, 1000.0, 0.0], [0.0, 1000.0, 0.0], [0.0, 1000.0, 0.0], [0.0, 1000.0, 0.0], [0.0, 1000.0, 0.0], [0.0, 1000.0, 0.0], [0.0, 1000.0, 0.0], [0.0, 1000.0, 0.0]], "B": [[587.7852522924732, 809.0169943749474, 0.0], [587.7852522924732, 809.0169943749474, 0.0], [587.7852522924732, 809.0169943749474, 0.0], [587.7852522924732, 809.0169943749474, 0.0], [587.7852522924732, 809.0169943749474, 0.0], [587.7852522924732, 809.0169943749474, 0.0], [587.7852522924732, 809.0169943749474, 0.0], [587.7852522924732, 809.0169943749474, 0.0], [587.7852522924732, 809.0169943749474, 0.0], [587.7852522924732, 809.0169943749474, 0.0], [587.7852522924732, 809.0169943749474, 0.0], [587.7852522924732, 809.0169943749474, 0.0], [587.7852522924732, 809.0169943749474, 0.0], [587.7852522924732, 809.0169943749474, 0.0], [587.7852522924732, 809.0169943749474, 0.0]], "C": [[951.056516295153, 309.016994374947, 0.0], [949.921162409334, 309.016994374947, -28.6983249326044], [946.522197533671, 309.016994374947, -57.2172646070978], [940.880867653528, 309.016994374947, -85.3785550527928], [933.032435155091, 309.016994374947, -113.006167864993], [923.025958409982, 309.016994374947, -139.927410509659], [910.923985125008, 309.016994374947, -165.974005776472], [896.802161373815, 309.016994374947, -190.983143632936], [880.748758754293, 309.016994374947, -214.798498904671], [862.86412262734, 309.016994374947, -237.271208420656], [843.260044885874, 309.016994374947, -258.260801515568], [822.059065174769, 309.016994374947, -277.636078072889], [799.393704929566, 309.016994374947, -295.275928620401], [775.405639021787, 309.016994374947, -311.070091351849], [750.244810188668, 309.016994374947, -324.919841342873]], "D": [[951.056516295154, -309.016994374943, 0.0], [954.1554060927484, -307.269864393317, 17.5465681916577], [963.3428463882498, -302.039395272684, 33.8495553275684], [978.294075869182, -293.358281222739, 47.7014601625792], [998.477504657224, -281.280785476203, 57.966008908784], [1023.168974623476, -265.882401104429, 63.61146202139], [1051.471214190774, -247.25937913118, 63.741217774138], [1082.337993349339, -225.528126894211, 57.620918342308], [1114.602364910036, -200.824480415337, 44.70135219687], [1147.008273713205, -173.30285532719, 24.636552512655], [1178.244729218831, -143.135281663984, -2.703387642946], [1206.981670793579, -110.510328549558, -37.225129375614], [1231.90661074572, -75.631925504153, -78.610735318829], [1251.761118857641, -38.71808773763, -126.322207064607], [1265.376214371129, 0.000446603057, -179.611820648047]], "E": [[587.785252292473, -809.016994374943, 0.0], [598.8558506241214, -802.289482203812, 120.9091103268757], [631.5875472178908, -782.221989733686, 237.1451743142794], [684.5626176381251, -749.157107821257, 344.2402794881012], [755.492272406947, -703.657411690146, 438.126729902564], [841.323815928827, -646.493059910899, 515.31255335539], [938.382951618822, -578.624854114256, 573.028934205432], [1042.5440135579208, -501.183168043923, 609.34254082163], [1149.4195225029189, -415.44325374353, 623.227547733736], [1254.559539879605, -322.797519298063, 614.594247470816], [1353.650875248625, -224.7254444746154, 584.273392577204], [1442.706310756269, -122.7618560578799, 533.957683249449], [1518.234631669328, -18.4643222903626, 466.103998121406], [1577.383358489355, 86.619555312407, 383.80193816084], [1618.047600538882, 190.984174846625, 290.615911599647]], "F": [[0.0, -1000.000000000003, 0.0], [20.97635901637642, -985.23146291937, 241.5471479483077], [82.6052593131038, -941.416315450002, 472.1805450069924], [181.0808397359901, -870.00537953066, 681.6833203045672], [310.367816681585, -773.3491164294359, 861.179086539236], [462.636786174786, -654.5996749368061, 1003.673513649098], [628.823192799977, -517.58039881086, 1104.453756214001], [799.2648783429289, -366.62901812336, 1161.317589495302], [964.367349106321, -206.421959563461, 1174.61833741977], [1115.244538001531, -41.788037811455, 1147.126887612669], [1244.285953180604, 122.4798068838626, 1083.726932458793], [1345.6083599191602, 281.8060986979531, 990.972747747359], [1415.360825873279, 431.9995926175724, 876.549186541211], [1451.865059171991, 569.397948195905, 748.680261922892], [1455.587267515937, 690.984280274263, 615.535203142236]], "G": [[-587.785252292477, -809.016994374943, 0.0], [-556.7334831667275, -785.578941037048, 332.9595103557463], [-466.2502859296902, -716.5939624457, 645.9001791764254], [-324.0705779197749, -605.958507196347, 920.5709627244912], [-142.181319875705, -459.8700698552539, 1142.063720526764], [64.422481639166, -286.40644369206103, 1300.02655206591], [279.268589013981, -94.9828402889339, 1389.390404880735], [486.0471475643849, 104.271663741771, 1410.542813329088], [670.1720049726279, 301.171293543716, 1368.94846925794], [820.090894726271, 486.115598677308, 1274.280686979372], [928.206927234039, 650.6698639497996, 1139.1825383382986], [991.3251162223522, 788.0434561634811, 977.8147694797179], [1010.597911121018, 893.4348108209574, 804.3651613489849], [991.004863171595, 964.223210376365, 631.68922236547], [940.455693435799, 1000.000210855167, 470.22647221723]], "H": [[-951.056516295157, -309.016994374943, 0.0], [-911.5894834746586, -280.290031790055, 359.9103635433665], [-797.6755372220532, -196.766868634699, 689.5247891562035], [-622.1209209548529, -66.142689892184, 962.1749006992803], [-404.192753902447, 99.6519463596371, 1157.9108988300427], [-166.861144030528, 285.68560336608095, 1265.6087450467396], [66.412435437703, 475.5526828145511, 1283.808749221037], [274.8297357357489, 653.020893154849, 1220.20758430125], [442.8655799830219, 803.617555105978, 1089.940306920969], [561.950315049447, 915.984168761691, 912.974079196141], [631.008702541624, 982.8599348377696, 711.0599118710376], [655.8359080415962, 1001.6017722683331, 504.7335417113689], [647.482804934044, 974.2045822127257, 310.8171141051059], [619.975715481525, 906.8438379576021, 140.760520377795], [587.784912497283, 809.015759993541, -0.001420459728]], "I": [[-951.056516295157, 309.016994374947, 0.0], [-906.8087517870529, 335.866464822166, 312.0112243320427], [-780.4522082285671, 412.25439429409, 585.7824666011595], [-589.8909190353966, 526.345135760079, 789.3009157269053], [-361.0526153054954, 660.4605004246661, 901.7884566672636], [-122.918956623005, 793.802833428624, 916.5357212687437], [97.849524892356, 905.6311658258381, 841.078335642484], [281.55912017137103, 978.386212391134, 694.795236070384], [418.4571097398846, 1000.277582390817, 504.538674279901], [509.4903795802678, 966.9440035793983, 299.282738491369], [564.8104005929827, 881.9561873848486, 104.9227740720246], [600.4798983158757, 756.1235302621461, -59.7504316119661], [634.2044241782008, 605.7566820668916, -185.2028862302891], [681.0756856048657, 450.1959642070861, -271.192783165431], [750.246020647431, 309.015549137707, -324.92016220186]], "J": [[-587.785252292477, 809.016994374947, 0.0], [-544.2340702368009, 825.386698505607, 207.7253079130537], [-421.3993801951251, 869.345391338296, 375.7469973288995], [-240.7006981470996, 926.639564465665, 473.3949625804993], [-31.6320585415664, 977.236379453187, 485.7341927819316], [175.67376504961, 1000.02687477615, 416.2557570641607], [357.688998363815, 977.8560031077292, 284.991083355774], [502.54124736943305, 901.7603642217528, 122.727591380131], [611.5514277777546, 773.479643709268, -36.980753443051], [696.9881105737288, 605.6982380745453, -165.810917697608], [776.8596981465887, 419.9765964187376, -246.6109571514564], [868.3782751269457, 242.8312097993361, -275.9157958727661], [982.0326106010448, 100.8061622572966, -262.7047347496856], [1117.9361514262757, 15.5663979932051, -224.117473021767], [1265.377764625525, 0.000235746689, -179.610721047027]],