{"A": [[0.0, 1000.0, 0.0], [0.0, 1000.0, 0.0], [0.0, 1000.0, 0.0], [0.0, 1000.0, 0.0], [0.0, 1000.0, 0.0], [0.0, 1000.0, 0.0], [0.0, 1000.0, 0.0], [0.0, 1000.0, 0.0], [0.0, 1000.0, 0.0], [0.0, 1000.0, 0.0], [0.0, 1000.0, 0.0], [0.0, 1000.0, 0.0], [0.0, 1000.0, 0.0], [0.0, 1000.0, 0.0], [0.0, 1000.0, 0.0]], "B": [[587.7852522924732, 809.0169943749474, 0.0], [587.7852522924732, 809.0169943749474, 0.0], [587.7852522924732, 809.0169943749474, 0.0], [587.7852522924732, 809.0169943749474, 0.0], [587.7852522924732, 809.0169943749474, 0.0], [587.7852522924732, 809.0169943749474, 0.0], [587.7852522924732, 809.0169943749474, 0.0], [587.7852522924732, 809.0169943749474, 0.0], [587.7852522924732, 809.0169943749474, 0.0], [587.7852522924732, 809.0169943749474, 0.0], [587.7852522924732, 809.0169943749474, 0.0], [587.7852522924732, 809.0169943749474, 0.0], [587.7852522924732, 809.0169943749474, 0.0], [587.7852522924732, 809.0169943749474, 0.0], [587.7852522924732, 809.0169943749474, 0.0]], "C": [[951.056516295153, 309.016994374947, 0.0], [949.921162409334, 309.016994374947, -28.6983249326044], [946.522197533671, 309.016994374947, -57.2172646070978], [940.880867653528, 309.016994374947, -85.3785550527928], [933.032435155091, 309.016994374947, -113.006167864993], [923.025958409982, 309.016994374947, -139.927410509659], [910.923985125008, 309.016994374947, -165.974005776472], [896.802161373815, 309.016994374947, -190.983143632936], [880.748758754293, 309.016994374947, -214.798498904671], [862.86412262734, 309.016994374947, -237.271208420656], [843.260044885874, 309.016994374947, -258.260801515568], [822.059065174769, 309.016994374947, -277.636078072889], [799.393704929566, 309.016994374947, -295.275928620401], [775.405639021787, 309.016994374947, -311.070091351849], [750.244810188668, 309.016994374947, -324.919841342873]], "D": [[951.056516295154, -309.016994374943, 0.0], [946.818724220844, -307.269864393317, -75.0329106859222], [934.1792704876432, -302.039395272684, -148.9982652163654], [913.3582763813233, -293.358281222739, -220.8501224327218], [884.7171632833274, -281.280785476203, -289.585263051428], [848.7506200159585, -265.882401104429, -354.263292792586], [806.075630571892, -247.259379131179, -414.025270793355], [757.417827530195, -225.52812689421, -468.110428569681], [703.595500855346, -200.824480415338, -515.87059168239], [645.50164800816, -173.30285532719, -556.781972653777], [584.084497978616, -143.135281663985, -590.454068166529], [520.326977828958, -110.510328549558, -616.63546455587], [455.225614725986, -75.631925504153, -635.216431313977], [389.76937864814, -38.718087737631, -646.228260882723], [324.918970682525, 0.000446603056, -649.839392465357]], "E": [[587.785252292473, -809.016994374943, 0.0], [579.673804392558, -802.289482203812, -121.1436152689211], [555.6432977586602, -782.221989733686, -239.0049570616257], [516.5921096072403, -749.157107821257, -350.4265470821128], [463.9743933037704, -703.657411690147, -452.494803558307], [399.7375648743275, -646.493059910899, -542.648042614294], [326.239065086778, -578.624854114256, -618.768533595324], [246.146409144931, -501.183168043923, -679.254564839615], [162.325314551693, -415.44325374353, -723.069478754731], [77.72122806913, -322.797519298063, -749.765783964989], [-4.760171336025, -224.7254444746157, -759.483686879854], [-82.367946612215, -122.7618560578806, -752.92464012263], [-152.611118833062, -18.4643222903629, -731.3017149382828], [-213.349465582747, 86.619555312407, -696.2697058895113], [-262.866046816186, 190.984174846626, -649.8388120248386]], "F": [[0.0, -1000.000000000003, 0.0], [-2.72718783980398, -999.147210955085, -57.7233493615893], [-11.1595795451658, -996.262450066186, -116.9918804228377], [-26.0053884075497, -990.391187366135, -179.0786983523098], [-48.3025393697156, -980.023189213211, -244.744201838771], [-79.2224715040795, -963.208256647696, -314.05500037882], [-119.828459061995, -937.708100863375, -386.284131851902], [-170.81721551065, -901.174911937358, -459.905637827713], [-232.275204563476, -851.345453423826, -532.686407348635], [-303.48037414364, -786.238445524817, -601.867651391857], [-382.775994291136, -704.3426480236127, -664.4185149948757], [-467.536302562326, -604.7834446657356, -717.3362018209191], [-554.234430838729, -487.4568443830099, -757.9614359585512], [-638.612533462237, -353.121591362128, -784.275718577257], [-715.943230610859, -203.442416971591, -795.1479323217355]], "G": [[-587.785252292477, -809.016994374943, 0.0], [-575.8918080554399, -821.962217132209, 90.7818941390127], [-541.8200807193438, -859.417618343101, 168.7333998278933], [-490.1876584750127, -917.3624702077512, 222.3781958160662], [-428.0240180711076, -989.4851064831723, 242.788445257298], [-363.8635417515815, -1067.73078852729, 224.480525569049], [-306.648175868887, -1142.999273924598, 165.911430359041], [-264.5834722841619, -1205.930392227953, 69.526130744635], [-244.0964258208558, -1247.708545301337, -58.637286080173], [-249.0282086549101, -1260.815979361836, -209.723370162533], [-280.161950515842, -1239.6699758037366, -373.1093640881787], [-335.139897197142, -1181.0902340153445, -537.5928079338651], [-408.77209811404, -1084.558584675297, -692.5685254228343], [-493.687502658299, -952.252253684285, -829.0551352995755], [-581.23499221552, -788.852384729142, -940.4575032681475]], "H": [[-951.056516295157, -309.016994374943, 0.0], [-918.887866296098, -339.032276509105, 267.1292437965317], [-826.2384583291988, -425.867265847871, 505.0461851619323], [-684.1158563698247, -560.2525156135403, 688.0286501711552], [-509.0852756816707, -727.9041572737093, 796.837622474792], [-320.9066780413494, -911.119527161423, 820.797246719543], [-139.786222901259, -1090.7275362211724, 758.693654569079], [16.3200390858861, -1248.1559938864734, 618.412482473897], [133.9348908031592, -1367.368261462777, 415.430100722346], [205.4989905624699, -1436.443870348301, 170.442225768198], [229.843296331475, -1448.6285557233437, -93.4721503338167], [211.68720462953, -1402.7511400298315, -353.7108493223891], [160.316739240895, -1302.9877115553008, -590.6243103905713], [87.723036141215, -1158.036156432111, -789.2960861051644], [6.550309652269, -979.835237776713, -940.4578241262889]], "I": [[-951.056516295157, 309.016994374947, 0.0], [-899.5040089272541, 263.492305024594, 403.3438023842267], [-751.8074443203221, 132.736827500131, 758.7931108547833], [-527.6426698272408, -66.6489532031182, 1025.4270442382533], [-256.0270030155907, -309.70590107576635, 1175.040928116559], [29.5342040507626, -566.705377492059, 1195.678685198599], [296.411812656036, -807.3152706352154, 1092.422246004537], [517.6930927440291, -1004.6722369524755, 885.445687197418], [675.6233141680452, -1138.726086396261, 605.857039529376], [763.1157471875989, -1198.367857463838, 290.231107013512], [783.23398871869, -1182.0784982486248, -25.0921847772297], [746.977986456336, -1097.0968957952146, -308.9305732769969], [670.025812975312, -957.3555290472829, -538.6525313402537], [569.230752642431, -780.62451526092, -701.6788314782608], [459.626848111317, -585.407952479698, -795.1485740377138]], "J": [[-587.785252292477, 809.016994374947, 0.0], [-525.21194286746, 753.362238858216, 446.9202692056816], [-347.9958557800211, 595.231453456239, 829.5103871907259], [-85.4358752667107, 359.4500399613718, 1095.1322098919518], [220.4533866745683, 82.17367388897466, 1211.9577023020945], [523.3703487842616, -195.755167011705, 1173.59215651178], [781.456006145976, -436.0220610987844, 998.403661863266], [964.3100863656371, -609.1380070989595, 724.039537151377], [1056.8490132474412, -698.590303150755, 398.701373619885], [1059.478456798199, -702.145447957326, 71.37390264063], [985.03889950874, -630.2644257459096, -216.7742617147797], [853.751986794928, -502.2258436402386, -438.1348898064409], [687.7466067417331, -341.0125647006849, -580.7635158792776], [506.6140463718134, -168.203657269783, -647.0358809418369], [324.917680011823, 0.001833560034, -649.8391328820768]],