{"A": [[0.0, 1000.0, 0.0], [0.0, 1000.0, 0.0], [0.0, 1000.0, 0.0], [0.0, 1000.0, 0.0], [0.0, 1000.0, 0.0], [0.0, 1000.0, 0.0], [0.0, 1000.0, 0.0], [0.0, 1000.0, 0.0], [0.0, 1000.0, 0.0], [0.0, 1000.0, 0.0], [0.0, 1000.0, 0.0], [0.0, 1000.0, 0.0], [0.0, 1000.0, 0.0], [0.0, 1000.0, 0.0], [0.0, 1000.0, 0.0]], "B": [[587.7852522924732, 809.0169943749474, 0.0], [587.7852522924732, 809.0169943749474, 0.0], [587.7852522924732, 809.0169943749474, 0.0], [587.7852522924732, 809.0169943749474, 0.0], [587.7852522924732, 809.0169943749474, 0.0], [587.7852522924732, 809.0169943749474, 0.0], [587.7852522924732, 809.0169943749474, 0.0], [587.7852522924732, 809.0169943749474, 0.0], [587.7852522924732, 809.0169943749474, 0.0], [587.7852522924732, 809.0169943749474, 0.0], [587.7852522924732, 809.0169943749474, 0.0], [587.7852522924732, 809.0169943749474, 0.0], [587.7852522924732, 809.0169943749474, 0.0], [587.7852522924732, 809.0169943749474, 0.0], [587.7852522924732, 809.0169943749474, 0.0]], "C": [[951.056516295153, 309.016994374947, 0.0], [949.921162409334, 309.016994374947, -28.6983249326044], [946.522197533671, 309.016994374947, -57.2172646070978], [940.880867653528, 309.016994374947, -85.3785550527928], [933.032435155091, 309.016994374947, -113.006167864993], [923.025958409982, 309.016994374947, -139.927410509659], [910.923985125008, 309.016994374947, -165.974005776472], [896.802161373815, 309.016994374947, -190.983143632936], [880.748758754293, 309.016994374947, -214.798498904671], [862.86412262734, 309.016994374947, -237.271208420656], [843.260044885874, 309.016994374947, -258.260801515568], [822.059065174769, 309.016994374947, -277.636078072889], [799.393704929566, 309.016994374947, -295.275928620401], [775.405639021787, 309.016994374947, -311.070091351849], [750.244810188668, 309.016994374947, -324.919841342873]], "D": [[951.056516295154, -309.016994374943, 0.0], [946.818724220844, -307.269864393317, -75.0329106859222], [934.1792704876432, -302.039395272684, -148.9982652163654], [913.3582763813233, -293.358281222739, -220.8501224327218], [884.7171632833274, -281.280785476203, -289.585263051428], [848.7506200159585, -265.882401104429, -354.263292792586], [806.075630571892, -247.259379131179, -414.025270793355], [757.417827530195, -225.52812689421, -468.110428569681], [703.595500855346, -200.824480415338, -515.87059168239], [645.50164800816, -173.30285532719, -556.781972653777], [584.084497978616, -143.135281663985, -590.454068166529], [520.326977828958, -110.510328549558, -616.63546455587], [455.225614725986, -75.631925504153, -635.216431313977], [389.76937864814, -38.718087737631, -646.228260882723], [324.918970682525, 0.000446603056, -649.839392465357]], "E": [[587.785252292473, -809.016994374943, 0.0], [582.79714941361, -806.601875608879, -63.9944823380647], [567.9421776611682, -799.363909552175, -126.5320553716889], [543.5462320908792, -787.325413106042, -186.1869464845879], [510.1454390433434, -770.52406264548, -241.5951557931803], [468.4756790151415, -749.013596478316, -291.4840880068606], [419.458065356615, -722.864759143138, -334.7006717033074], [364.180535902707, -692.16644968484, -370.2374525919816], [303.875773201825, -657.027027025852, -397.256144666934], [239.895735763598, -617.575717814447, -415.108125879777], [173.683157410592, -573.964065896295, -423.351376425837], [106.740453068243, -526.367357999897, -421.763381272501], [40.596554805395, -474.985957486586, -410.34955723323], [-23.227711664835, -420.046477180657, -389.346821210817], [-83.255016614597, -361.802723405161, -359.221991891881]], "F": [[0.0, -1000.000000000003, 0.0], [-4.63684586084398, -996.510551668211, -92.6651503350041], [-18.4355585453128, -986.121343753238, -183.5304983513467], [-41.0648023209807, -969.066348911214, -270.8402508894436], [-71.9857709953146, -945.724239357586, -352.9242338863923], [-110.4710447547735, -916.602082814293, -428.2349619850656], [-155.628598783215, -882.313720549692, -495.3785130038454], [-206.428917413449, -843.553951957095, -553.1382103599816], [-261.73303102882, -801.0698630933, -600.4908690733], [-320.319420067601, -755.630776707025, -636.616119282505], [-380.908109242116, -707.998361039478, -660.899994456175], [-442.18086355389, -658.898411030282, -672.934477122697], [-502.797128228521, -608.995710078571, -672.514968184359], [-561.406140968725, -558.87319927482, -659.637647386437], [-616.656391094846, -509.016434289345, -634.49841347643]], "G": [[-587.785252292477, -809.016994374943, 0.0], [-589.050794464088, -803.793642791699, -149.9935112147725], [-592.7945556156678, -788.370468652328, -297.4267016738017], [-598.8647689202216, -763.470569944302, -439.8242270024986], [-607.0299048137626, -730.242025542699, -574.8728803026463], [-617.0063175788615, -690.177032065294, -700.4843422019115], [-628.488840751454, -645.007804345254, -814.8391599546604], [-641.178041491172, -596.587411084021, -916.4104747195746], [-654.798296061867, -546.764807971814, -1003.969056357659], [-669.102435860467, -497.263644909222, -1076.573894928204], [-683.861189648252, -449.573945126241, -1133.554480928532], [-698.838605510838, -404.864535037125, -1174.491656905387], [-713.757572451158, -363.922261937847, -1199.203402877885], [-728.261959248212, -327.121742338682, -1207.740201079045], [-741.883301840598, -294.426843673117, -1200.391989755877]], "H": [[-951.056516295157, -309.016994374943, 0.0], [-945.176337266633, -302.735860942299, -213.8817594444354], [-927.7339047686507, -284.405049890131, -423.1267427673347], [-899.3241800429337, -255.507406483472, -623.3005962841296], [-860.9380970433376, -218.337622299722, -810.3522278243883], [-813.9524957981445, -175.758622653666, -980.7554862630406], [-760.100678269618, -130.900699724556, -1131.6012480487204], [-701.4140234970332, -86.837565201403, -1260.6382079784487], [-640.1290121034172, -46.275555659358, -1366.269113876235], [-578.5604808752036, -11.289930892356, -1447.515554656802], [-518.949552391484, 16.864069051352, -1503.967415472484], [-463.301693622559, 37.847128183847, -1535.732238286212], [-413.235022843418, 52.231692340502, -1543.395347533563], [-369.860024647175, 61.402383177549, -1527.994894122242], [-333.708726252665, 67.376266154554, -1491.00863899116]], "I": [[-951.056516295157, 309.016994374947, 0.0], [-935.7412259538129, 313.524925394754, -259.7035135340416], [-890.6440137936853, 326.244314413719, -510.8633093337086], [-818.2681374146816, 344.890379125128, -745.4416141275826], [-722.6411469528146, 366.06231239421, -956.3545605985503], [-609.0924466998925, 385.784339742342, -1137.8155795938467], [-483.936796281679, 400.136095682599, -1285.5474836608635], [-354.0706978120042, 405.871595661174, -1396.8597486915696], [-226.5025604539002, 400.929629629831, -1470.608425721714], [-107.8531514453695, 384.757915832896, -1507.0699363212304], [-3.875487431762, 358.405140391906, -1507.7641829799422], [80.951483259317, 324.373338122191, -1475.2572705520292], [143.706169155458, 286.261248214621, -1412.962656530383], [183.151003331799, 248.260874117487, -1324.946332080066], [199.692395496988, 214.589462201105, -1215.731452366609]], "J": [[-587.785252292477, 809.016994374947, 0.0], [-564.3823210912019, 807.444666379826, -269.796307724741], [-496.2095571840983, 801.808589391373, -525.8996338245603], [-389.1957609674676, 789.588326145062, -755.7684208121312], [-252.6354551318796, 767.318789171052, -949.0128475391194], [-98.3488558931495, 731.517675057012, -1098.1235583285018], [60.407143222036, 679.673443125426, -1198.8609324530228], [210.1799891407888, 611.070458947052, -1250.2971339851376], [338.5872417143008, 527.265060556072, -1254.555456225134], [435.4620714264595, 432.1044939086274, -1216.3245470364534], [493.737483002856, 331.2813524471815, -1142.2349187166483], [509.958943035637, 231.5160960362631, -1040.1755043303463], [484.369881033515, 139.537061681674, -918.60826973299], [420.583155712059, 61.064846434676, -785.919772914418], [324.918465221543, -0.000583071639, -649.837862386001]],