{"12_0": {"A": [[0.0, 1000.0, 0.0], [0.0, 1000.0, 0.0], [0.0, 1000.0, 0.0], [0.0, 1000.0, 0.0], [0.0, 1000.0, 0.0], [0.0, 1000.0, 0.0], [0.0, 1000.0, 0.0], [0.0, 1000.0, 0.0], [0.0, 1000.0, 0.0], [0.0, 1000.0, 0.0], [0.0, 1000.0, 0.0]], "B": [[499.99999999999994, 866.0254037844387, 0.0], [499.99999999999994, 866.0254037844387, 0.0], [499.99999999999994, 866.0254037844387, 0.0], [499.99999999999994, 866.0254037844387, 0.0], [499.99999999999994, 866.0254037844387, 0.0], [499.99999999999994, 866.0254037844387, 0.0], [499.99999999999994, 866.0254037844387, 0.0], [499.99999999999994, 866.0254037844387, 0.0], [499.99999999999994, 866.0254037844387, 0.0], [499.99999999999994, 866.0254037844387, 0.0], [499.99999999999994, 866.0254037844387, 0.0]], "C": [[654.700538699628, 443.375673059909, -255.703228129115], [391.152952956367, 372.75831029283, -113.088846750441], [421.6607932796874, 380.932861470282, 162.78017850077], [641.037434259475, 439.714655259068, 257.520446295756], [819.306395689265, 487.481679509715, 150.656121399948], [865.092030174799, 499.749903295061, -22.3441194774453], [814.648143593795, 486.233504622594, -157.174589215752], [734.459202370134, 464.746942579807, -227.933480270728], [668.246218317749, 447.005226974516, -253.109647937569], [633.233209303644, 437.623519484603, -258.205208890379], [633.233209303644, 437.623519484603, -258.205208890379]], "D": [[309.401077570946, 154.700538081878, -511.406456542013], [-118.321571167945, 463.7967763702626, -122.93259571588948], [-93.4372590161936, 421.4172006508211, 194.1522557865676], [275.39951301326, 167.555953122298, 502.852351740394], [820.6849434562425, 27.062598350071, 387.218083137849], [996.26952343929, 0.501002047815, -60.9730243982794], [803.6348810663739, 29.983097224538, -401.43565084599], [533.697634055105, 86.573002137509, -518.843184284115], [344.387156862762, 142.29770628682, -518.096114725919], [256.55852975522, 175.054341520498, -497.208985014245], [256.55852975522, 175.054341520498, -497.208985014245]], "E": [[-190.598922640587, 288.675133507994, -511.4064571095824], [-53.8214200727651, 964.9882570319306, -10.70059202715647], [-114.3711705294696, 914.3121537335011, 37.4183124127666], [-213.970060353844, 334.58937458886, 479.0521583210803], [503.5431592084246, -317.348974834009, 608.014254690034], [857.959440084208, -496.33373806001, -105.4112320064476], [471.8713041803219, -299.272244877921, -623.86101176487], [43.008024697722, 5.1910443945708, -662.195465932343], [-162.914759772409, 242.312385010044, -542.4070556640985], [-225.337943040305, 360.413007223587, -460.2340342079266], [-225.337943040305, 360.413007223587, -460.234034207927]], "F": [[-345.299462278348, 711.324864060827, -255.70322926425038], [461.2674799503079, 917.5756944898257, 8.91232252753583], [396.6923592837744, 968.8218040196645, -24.160571562385], [-314.539664093425, 765.875742706241, 211.0465316807033], [4.18496127139359, -397.7288777486387, 718.148962169723], [487.669053384408, -856.021433368513, -143.6078783578657], [-32.7008336090591, -354.7092534334518, -725.265588980065], [-382.493687182222, 279.4978337236938, -554.245148904993], [-370.162053130393, 651.727634374971, -302.8722869678475], [-294.7235005950226, 794.55665198757, -187.0049498391726], [-294.723500595023, 794.55665198757, -187.004949839173]], "G": [[-1.876258e-06, 999.999999656614, -5.67567395926171e-07], [441.6029246933617, 412.2572165434167, -101.61248710179017], [516.1218290580134, 486.4323128264445, 120.705480247274], [79.020303201057, 1009.715741212788, -20.4740931081547], [-462.7711976389754, -179.5307457516467, 670.28756561856], [-14.185366290656, -981.021077797119, -165.2047016531868], [-485.0800794301291, -111.6071669618028, -660.430521812507], [-434.8685583616933, 710.9753842589957, -273.116728633891], [-79.832221383575, 980.339447223683, -27.7867408457665], [122.9472722803014, 1011.056534857854, 28.9305003167054], [122.947272280301, 1011.056534857854, 28.930500316705]], "H": [[499.999998546804, 866.025405019917, 5.67566788056529e-07], [-75.1976644222253, 415.6846436151704, -130.84596559099836], [28.0755399829514, 338.9533554726205, 210.2039120157638], [554.52253101739, 810.728331557603, 26.9688681353617], [-696.6328912732984, 243.4663550113613, 485.0003468804481], [-511.509686059684, -837.434956088089, -164.34502150034905], [-683.5391084157751, 321.6286576897262, -458.267403307392], [-76.2124816840013, 987.3599912334759, -22.265059074269], [431.368228026399, 914.9556638309873, 20.6720439451861], [578.9435117912344, 777.312757155914, -44.4211756602726], [578.943511791234, 777.312757155914, -44.421175660273]], "I": [[654.700539122675, 443.375674638774, -255.70322699397622], [-100.5176979256089, 921.3014598386014, -22.86576607933737], [-185.4134525226386, 792.9197223594975, 82.5865924796308], [613.9590899069783, 377.319073318842, 303.6869607339507], [-596.889033512109, 689.4630996386993, 241.9216372988731], [-869.438256829487, -464.201110752718, -141.26196810679127], [-539.5800299514322, 751.8074303801772, -208.925871096356], [433.9123127843867, 908.6299357713796, 16.7665289876578], [676.226217105703, 517.8920243227763, -203.6808561823819], [583.3588138241857, 344.451454791851, -328.2535037252126], [583.358813824186, 344.451454791851, -328.253503725213]], "J": [[309.401079447163, 154.700538425247, -511.4064559744422], [414.0789244791571, 961.8851369086562, 15.76678232503313], [261.4878197927924, 1027.8900934609626, -31.5070968218552], [195.0802659997273, 163.410650077917, 519.8649193231537], [-206.40839572843402, 966.7751788636493, 45.5238912244211], [-990.907116298221, 37.465973387391, -102.21526144842495], [-117.3978310025481, 987.1015776054973, -23.593608380644], [726.3244898464707, 531.7627796591146, -184.2694324242022], [421.3733779892, 167.5805081456523, -487.0199894821589], [131.4495323693108, 177.523664915773, -517.6269620902985], [131.449532369311, 177.523664915773, -517.626962090299]], "K": [[-190.598921187414, 288.675132272511, -511.4064576771479], [484.1917038188752, 459.8009018428813, -88.85067082114188], [561.1065940895364, 619.2087773091145, 74.1213290323008], [-263.4094224481447, 393.035852257377, 449.0930001593137], [306.98490175111897, 956.2170268768231, -19.7833821899038], [-842.976036277448, 531.522965568372, -57.79368479827556], [394.7457890111769, 922.5874997198268, 15.0850506564755], [589.4030518047687, 129.5002547123896, -479.8816332197572], [-90.296065883451, 197.8947498989918, -559.3015181398077], [-291.2688131897392, 455.870764054218, -409.0853333935276], [-291.268813189739, 455.870764054218, -409.085333393528]], "L": [[-345.299462701406, 711.324862481965, -255.7032303993569], [-24.3019949207978, 375.5136119806342, -136.58958095582307], [171.9498422070384, 305.4746282485655, 208.5724302127658], [-281.3197953274396, 825.701229360118, 165.4927843078667], [722.6402806543609, 662.3264168684861, 74.06813761052], [-465.761335907378, 883.990258739347, -20.04359207573396], [768.4730621716369, 587.0336525450188, -110.1376843933175], [122.2391227556657, -7.0370786296764, -656.1331932989962], [-371.122048969871, 579.9429615400818, -351.6356238853177], [-230.6424235852556, 880.446368446179, -119.2419455616626], [-230.642423585256, 880.446368446179, -119.241945561663]], "M": [[-3.75249e-06, 999.999999313225, -1.135113896835201e-06], [-138.6762948678468, 870.2611118490682, -36.12753181944207], [-202.6698063287536, 653.6910151801035, 128.8563136842596], [160.1072250142434, 1008.263187118372, -33.9126060978583], [861.913804320638, 211.4141779154501, 286.742138840246], [38.442961795935, 999.284893475178, 0.79785244634304], [837.1295635886662, 130.0719667337858, -343.4218350441135], [-337.0770790788983, 220.9639241303006, -585.4694691977845], [-153.455957584073, 949.6040133818308, -61.9437671768217], [248.19382955015038, 995.101304920498, 40.5056073349284], [248.19382955015, 995.101304920498, 40.505607334928]],