{"12_0": {"A": [[0.0, 1000.0, 0.0], [0.0, 1000.0, 0.0], [0.0, 1000.0, 0.0], [0.0, 1000.0, 0.0], [0.0, 1000.0, 0.0], [0.0, 1000.0, 0.0], [0.0, 1000.0, 0.0], [0.0, 1000.0, 0.0], [0.0, 1000.0, 0.0], [0.0, 1000.0, 0.0], [0.0, 1000.0, 0.0]], "B": [[499.99999999999994, 866.0254037844387, 0.0], [499.99999999999994, 866.0254037844387, 0.0], [499.99999999999994, 866.0254037844387, 0.0], [499.99999999999994, 866.0254037844387, 0.0], [499.99999999999994, 866.0254037844387, 0.0], [499.99999999999994, 866.0254037844387, 0.0], [499.99999999999994, 866.0254037844387, 0.0], [499.99999999999994, 866.0254037844387, 0.0], [499.99999999999994, 866.0254037844387, 0.0], [499.99999999999994, 866.0254037844387, 0.0], [499.99999999999994, 866.0254037844387, 0.0]], "C": [[866.025403784439, 500.0, 0.0], [863.525131316896, 499.330054011464, -36.5128989130189], [843.822016645329, 494.05062034684, -106.631954814744], [781.155778431592, 477.259252424773, -194.323185036273], [654.700538699628, 443.375673059909, -255.703228129115], [484.839977610646, 397.861672890219, -220.322688862227], [369.591307866159, 366.980884903423, -43.5583932426217], [445.7863795838425, 387.397292837408, 189.539460809014], [709.523524311628, 458.065447781309, 240.036996084105], [865.092030174798, 499.749903295062, -22.3441194774443], [633.233209303644, 437.623519484604, -258.205208890378]], "D": [[1000.0, 0.0, 0.0], [990.020565484456, 1.345694511856, -99.4388495188575], [912.8942202860031, 12.356354588512, -283.122343932365], [685.4729143648372, 52.167206857707, -473.770379959953], [309.401077570944, 154.700538081878, -511.406456542014], [-21.399671682029, 339.1467454820748, -311.0043695624112], [-132.019585597959, 494.790956802281, -44.09645500701689], [-69.1928505188165, 389.1268821259114, 241.9092375403533], [458.838162748696, 106.603436046125, 525.659992770722], [996.269523439295, 0.501002047815, -60.9730243982784], [256.558529755221, 175.054341520496, -497.208985014249]], "E": [[866.025403784439, -500.0, 0.0], [844.496351083361, -490.180026657841, -171.3718800589119], [683.3960957510051, -412.938391048102, -468.605989033287], [266.7200295420211, -170.371873816115, -681.307295848515], [-190.598922640581, 288.675133507992, -511.40645710957415], [-214.600678617433, 783.1442485263248, -128.0049689056522], [-7.807119318322, 995.414269290537, -0.544708255239795], [-157.2680557996488, 868.2328788097064, 66.8395525932403], [-48.978980309864, 96.3543882249554, 625.4893404882965], [857.959440084214, -496.333738060001, -105.4112320064449], [-225.337943040291, 360.413007223577, -460.2340342079223]], "F": [[500.0, -866.02540378444, 0.0], [467.205997860721, -839.285987910485, -232.4145668782942], [234.4732800558431, -635.164777194662, -599.116261731262], [-239.7862842193609, -65.30299915162, -700.3093517301164], [-345.299462278342, 711.324864060836, -255.70322926423015], [212.120187964557, 1024.602224372465, 37.9966586614698], [495.338127775289, 873.788223999694, 0.531333171757685], [333.3759840664502, 998.8803363371234, -33.9019999887447], [-402.551531216414, 435.6209309298684, 458.6545219472515], [487.669053384421, -856.021433368521, -143.6078783578769], [-294.7235005949924, 794.556651987585, -187.0049498391743]], "G": [[0.0, -1000.0, 0.0], [-37.488062312982, -949.405853039464, -265.6818685494565], [-279.0569171112879, -577.6849274900105, -629.6448697333622], [-549.4167292875429, 308.330776132652, -520.0984145347564], [-1.876221e-06, 999.999999656613, -5.67579135777967e-07], [580.953425839569, 679.9853851230228, -76.6788364344212], [377.340840689397, 371.662507045768, -43.00712161251551], [557.0161989377052, 555.8722485110234, 113.3327813780503], [-315.4547487003727, 849.5674428241534, 160.3063558777515], [-14.185366290647, -981.021077797139, -165.204701653188], [122.9472722803336, 1011.056534857858, 28.9305003166807]], "H": [[-500.0, -866.02540378444, 0.0], [-529.98220845878, -790.079323168995, -261.9717037721012], [-680.0964272417639, -260.3215717697415, -549.6635957287873], [-488.175654057131, 740.567372312716, -241.9433353821064], [499.999998546829, 866.025405019913, 5.67500606420323e-07], [306.039066709489, 296.6880265873778, -289.8792644706032], [-127.261986074976, 487.085967046028, -44.62097851101014], [128.1639784160402, 302.8216009007304, 254.7553224695083], [141.7553432095293, 1002.8609851228985, -27.8670061487525], [-511.509686059664, -837.434956088123, -164.3450215003412], [578.9435117912786, 777.312757155953, -44.4211756603416]], "I": [[-866.02540378444, -500.0, 0.0], [-874.047442578898, -405.377771915568, -222.31034267346567], [-830.3411680605029, 207.4780994727245, -386.7551003307013], [-90.477247957681, 988.513077229579, -22.1523036488884], [654.700539122653, 443.375674638753, -255.7032269940494], [-175.945005803864, 483.5451323320738, -262.9540289605661], [-15.497883160366, 990.637470075061, -1.102459142737135], [-213.9681586311588, 675.9117631375794, 146.5956068970653], [598.6985157715203, 771.3203591476954, 46.5713442031027], [-869.438256829461, -464.201110752747, -141.2619681067757], [583.3588138241835, 344.451454791882, -328.2535037252706]], "J": [[-1000.0, 0.0, 0.0], [-974.511745966371, 98.28635447028, -157.66852982782976], [-677.9771400221069, 664.3868289835415, -197.1006559117923], [420.193381477327, 912.8357445232116, 15.7639458758101], [309.401079447122, 154.700538425238, -511.4064559744704], [-99.4084260660762, 943.7502142039028, -38.6715574820671], [490.485526906864, 881.434207607643, 1.048966971993025], [120.3529096265022, 1032.0472692443855, -24.7114771369097], [685.2107682993858, 342.5137562599294, 323.3198219107967], [-990.90711629824, 37.465973387332, -102.21526144841631], [131.4495323693295, 177.523664915796, -517.6269620903596]], "K": [[-866.02540378444, 500.0, 0.0], [-803.58564844753, 581.594325396656, -85.92686231768737], [-275.5492085008579, 952.8332530386785, -46.1052493178933], [756.866815253214, 556.0619636350826, -149.5014790970629], [-190.598921187462, 288.675132272498, -511.40645767709174], [414.0770125639888, 946.3069654995713, 26.714677834139], [384.971662031532, 376.533754451959, -42.442976573691276], [554.8579996540772, 757.3573918944164, 36.1160696878141], [331.2095972630988, 63.8120907805604, 578.1879152357367], [-842.976036277469, 531.522965568328, -57.79368479829571], [-291.26881318970953, 455.870764054255, -409.0853333935456]], "L": [[-500.0, 866.02540378444, 0.0], [-408.549084573671, 910.858134378797, -26.92983079553327], [238.1597276990511, 973.3425893367887, 14.1582423174259], [730.3506970590416, 118.6794045282926, -425.0783012287739], [-345.299462701441, 711.324862481944, -255.70323039932475], [548.8837258411678, 487.15420604549735, -170.655750478249], [-122.315124310088, 479.500156272127, -45.13164362268886], [340.5907421240892, 325.3250383143814, 224.2298125185111], [-176.5330362120692, 160.9881276539136, 604.7101406399024], [-465.761335907439, 883.990258739331, -20.04359207580641], [-230.6424235852053, 880.446368446203, -119.2419455617046]], "M": [[0.0, 1000.0, 0.0], [101.326727529722, 994.9999906945192, 3.00337282131803], [685.9899594145121, 718.8419065004327, -37.0928886811739], [355.5456587180536, -153.5264663329304, -656.1071728747919], [-3.752494e-06, 999.999999313233, -1.135129754812237e-06], [90.8828103565258, 295.61671862843434, -317.276842959267], [-23.0675976303396, 985.672517772297, -1.672912251034465], [-153.1164179621158, 480.6443223265074, 215.37811636939176], [-426.7011177685432, 555.3207638199096, 381.4011720428684], [38.442961795883, 999.284893475197, 0.797852446235992], [248.1938295501957, 995.10130492056, 40.5056073348754]],