{"A": [[0.0, 1000.0, 0.0], [0.0, 1000.0, 0.0], [0.0, 1000.0, 0.0], [0.0, 1000.0, 0.0], [0.0, 1000.0, 0.0], [0.0, 1000.0, 0.0], [0.0, 1000.0, 0.0], [0.0, 1000.0, 0.0], [0.0, 1000.0, 0.0], [0.0, 1000.0, 0.0], [0.0, 1000.0, 0.0], [0.0, 1000.0, 0.0], [0.0, 1000.0, 0.0], [0.0, 1000.0, 0.0], [0.0, 1000.0, 0.0]], "B": [[499.99999999999994, 866.0254037844387, 0.0], [499.99999999999994, 866.0254037844387, 0.0], [499.99999999999994, 866.0254037844387, 0.0], [499.99999999999994, 866.0254037844387, 0.0], [499.99999999999994, 866.0254037844387, 0.0], [499.99999999999994, 866.0254037844387, 0.0], [499.99999999999994, 866.0254037844387, 0.0], [499.99999999999994, 866.0254037844387, 0.0], [499.99999999999994, 866.0254037844387, 0.0], [499.99999999999994, 866.0254037844387, 0.0], [499.99999999999994, 866.0254037844387, 0.0], [499.99999999999994, 866.0254037844387, 0.0], [499.99999999999994, 866.0254037844387, 0.0], [499.99999999999994, 866.0254037844387, 0.0], [499.99999999999994, 866.0254037844387, 0.0]], "C": [[866.025403784439, 500.0, 0.0], [864.748710675882, 499.65791111258, 26.1233765953087], [860.931670912557, 498.635138390519, 51.9799409116455], [854.613270001353, 496.942127968906, 77.3056057692213], [845.858041213472, 494.596171485644, 101.84170635369], [834.755406470973, 491.621229472534, 125.337642100835], [821.418763031958, 488.047686633308, 147.553436216676], [805.984325302584, 483.912041508093, 168.262186691222], [788.609733605121, 479.256533693938, 187.252383772333], [769.472444111441, 474.128712428786, 204.330070230059], [748.76791638645, 468.580950945206, 219.320822347516], [726.707617053045, 462.669911554032, 232.071531405338], [703.516859968282, 456.455966921303, 242.45196746446], [679.432504970177, 450.002583449337, 250.356109475438], [654.700538699134, 443.375673059777, 255.703228129195]], "D": [[1000.0, 0.0, 0.0], [1003.721477996178, 3.049700348248, -18.7770396155749], [1014.645845117439, 12.113512028573, -35.3003670722313], [1032.063586506436, 26.938644297408, -47.4233120486797], [1054.82735188314, 47.113915746362, -53.20877067831], [1081.403179151491, 72.084539279768, -51.022881387165], [1109.939196043559, 101.171998996555, -39.615884136608], [1138.348936967173, 133.598236885498, -18.186722222215], [1164.405799696822, 168.513199096131, 13.571385548118], [1185.844696461058, 205.024661761635, 55.446391410113], [1200.466645653703, 242.229170141049, 106.70500757775], [1206.241916549569, 279.242885660715, 166.1126486871423], [1201.407385635876, 315.231144802979, 231.9750166095128], [1184.553987723956, 349.435591274561, 302.1997221646116], [1154.700538847592, 381.1978460942131, 374.375508449854]], "E": [[866.025403784439, -500.0, 0.0], [879.066040968946, -488.537162658856, -122.4716420281839], [917.2426151535559, -454.591622993123, -236.9141567000903], [977.7881742233373, -399.467443818232, -335.8348584030867], [1056.3158031935006, -325.256941545002, -412.773676618691], [1147.1367559573064, -234.724908070529, -462.722106948792], [1243.669746045167, -131.157850700372, -482.434327030753], [1338.909022924656, -18.188502386583, -470.608682490503], [1425.914554687927, 100.3926517743062, -427.928279827408], [1498.286427675195, 220.8264984840348, -356.960760544403], [1550.587534919136, 339.5630871749542, -261.92850137924], [1578.683556752037, 453.417344459399, -148.3705384256277], [1579.976678545118, 559.693978588168, -22.7256033250212], [1553.51876636017, 656.275438380234, 108.1288774062576], [1500.000000850972, 741.6697497844061, 237.344560772815]], "F": [[500.0, -866.02540378444, 0.0], [524.735023747841, -841.208285521264, -256.7169464717559], [596.5397981086559, -768.191893334586, -495.2816585503713], [708.4757445762122, -651.163946627196, -699.2476789562747], [849.8205799402537, -496.725434045999, -855.388036173535], [1007.2224560992134, -313.3634184630609, -954.849291535855], [1166.1131166349032, -110.789208623527, -993.823885083697], [1312.210499339639, 100.792838480058, -973.67907696337], [1432.934632859111, 311.4160161106742, -900.547630508002], [1518.5769724518982, 512.0149045160168, -784.449705917656], [1563.0997223974284, 694.9659136094992, -638.068725973698], [1564.4926796814366, 854.464877856931, -475.3394779211757], [1524.673291911017, 986.721448284006, -310.0203439366292], [1448.972767443336, 1089.970488656184, -154.4124144084694], [1345.299463088523, 1164.319480839613, -18.35866737673]], "G": [[0.0, -1000.0, 0.0], [37.238198714976, -958.906004249726, -384.9483194664859], [144.1283228193809, -839.1248177283719, -736.6145607718663], [306.9350176145102, -650.758724205445, -1025.9188788147537], [505.09803703009067, -409.3676212907497, -1231.531856262729], [714.3060627324194, -134.2415505757169, -1342.23093200512], [910.0347445784892, 153.672762018639, -1357.737234495505], [1070.960197167037, 433.91456693278, -1287.967794809582], [1181.7023952182908, 688.4484034486322, -1150.903645213758], [1234.4929321357754, 903.1726098963228, -969.493214289086], [1229.5682289603244, 1068.8460170222893, -768.144102539648], [1174.3203923373997, 1181.375184030376, -569.3843094507972], [1081.448549847008, 1241.498435692401, -391.1973550944409], [966.505111231321, 1253.982101259262, -245.3758360225853], [845.299463151269, 1226.4973086729563, -137.030948132584]], "H": [[-500.0, -866.02540378444, 0.0], [-450.644052694498, -809.572780857696, -472.23915278873], [-310.7856265593591, -647.1323501423719, -891.9895377855083], [-103.3674674790378, -398.376375146984, -1215.4029494932977], [138.5992364717757, -92.6939321134817, -1414.139622262144], [378.6037077564964, 235.2422164888101, -1479.106302947273], [583.6203487562192, 550.500513988688, -1420.4314917883878], [729.9782036588191, 822.63153056346, -1263.8930212897633], [806.9097102314408, 1029.3533475463803, -1044.774220447651], [817.1717756628293, 1158.6589937047988, -800.61766105632], [774.8403237715465, 1209.1554742001551, -564.465480931485], [701.0144700981097, 1188.7824104667911, -359.9187289826552], [618.575808059639, 1112.331939035611, -198.8070396345089], [547.24849804748, 998.35020193281, -81.5911701362813], [500.000000422414, 866.0254055200053, -8.70393e-07]], "I": [[-866.02540378444, -500.0, 0.0], [-806.02636977445, -433.88277227245, -494.8138861698915], [-638.2811732848481, -247.0464642956549, -917.0323661473676], [-396.2710887523688, 28.38007525898198, -1209.4369530977647], [-125.86850066526131, 346.3197824039253, -1341.5244247455273], [126.4306670416054, 656.0616195109751, -1313.973083976043], [324.7705873975472, 912.045779009293, -1155.4201433203148], [451.5506668254661, 1081.938714752626, -912.9128460776643], [509.49228385056784, 1151.363205520987, -639.057987751553], [518.0154697635624, 1124.5643430834555, -379.556796250726], [505.4667515316405, 1021.3059212102532, -164.340979742995], [499.8194828550196, 871.1269880886412, -4.1592566236862], [520.6538529102158, 706.545793501936, 107.2943932660331], [574.5401309579883, 556.805671051352, 187.1890122672587], [654.700537248169, 443.3756741342653, 255.703227299499]], "J": [[-1000.0, 0.0, 0.0], [-932.11263572143, 65.836662475595, -446.5237991358484], [-744.8274229581621, 246.8705510149701, -804.5909542995986], [-481.7132597616449, 498.290707169658, -1009.8553260334187], [-198.96506741652362, 759.3698666305323, -1038.2164751617922], [52.6725043402092, 969.8742513066582, -908.966222316274], [242.8420113493845, 1085.566120888299, -674.6628325989507], [368.1917173629878, 1088.4220833497568, -402.0719276820503], [448.90301610857136, 989.0654495209722, -151.269538254265], [517.2412943346912, 821.4279048168065, 40.03454407762], [603.0432934331216, 631.9344518039022, 162.489052099243], [721.7443729203936, 466.8284223239031, 230.8752202540088], [869.0455768498458, 361.305800844668, 272.7687012159581], [1023.4265616497142, 333.06413330569, 315.2120143378637], [1154.700536974218, 381.1978454331149, 374.375508490546]],