{"A": [[0.0, 1000.0, 0.0], [0.0, 1000.0, 0.0], [0.0, 1000.0, 0.0], [0.0, 1000.0, 0.0], [0.0, 1000.0, 0.0], [0.0, 1000.0, 0.0], [0.0, 1000.0, 0.0], [0.0, 1000.0, 0.0], [0.0, 1000.0, 0.0], [0.0, 1000.0, 0.0], [0.0, 1000.0, 0.0], [0.0, 1000.0, 0.0], [0.0, 1000.0, 0.0], [0.0, 1000.0, 0.0], [0.0, 1000.0, 0.0]], "B": [[499.99999999999994, 866.0254037844387, 0.0], [499.99999999999994, 866.0254037844387, 0.0], [499.99999999999994, 866.0254037844387, 0.0], [499.99999999999994, 866.0254037844387, 0.0], [499.99999999999994, 866.0254037844387, 0.0], [499.99999999999994, 866.0254037844387, 0.0], [499.99999999999994, 866.0254037844387, 0.0], [499.99999999999994, 866.0254037844387, 0.0], [499.99999999999994, 866.0254037844387, 0.0], [499.99999999999994, 866.0254037844387, 0.0], [499.99999999999994, 866.0254037844387, 0.0], [499.99999999999994, 866.0254037844387, 0.0], [499.99999999999994, 866.0254037844387, 0.0], [499.99999999999994, 866.0254037844387, 0.0], [499.99999999999994, 866.0254037844387, 0.0]], "C": [[866.025403784439, 500.0, 0.0], [864.748710675882, 499.65791111258, -26.1233765953087], [860.931670912557, 498.635138390519, -51.9799409116455], [854.613270001353, 496.942127968906, -77.3056057692213], [845.858041213472, 494.596171485644, -101.84170635369], [834.755406470973, 491.621229472534, -125.337642100835], [821.418763031958, 488.047686633308, -147.553436216676], [805.984325302584, 483.912041508093, -168.262186691222], [788.609733605121, 479.256533693938, -187.252383772333], [769.472444111441, 474.128712428786, -204.330070230059], [748.76791638645, 468.580950945206, -219.320822347516], [726.707617053045, 462.669911554032, -232.071531405338], [703.516859968282, 456.455966921303, -242.45196746446], [679.432504970177, 450.002583449337, -250.356109475438], [654.700538699134, 443.375673059777, -255.703228129195]], "D": [[1000.0, 0.0, 0.0], [994.898873861894, 0.685690695328, -71.2548590178233], [979.714948489861, 2.753806486318, -141.0946426618696], [954.802618368166, 6.236630278312, -208.1467363099753], [920.739477830566, 11.185178179169, -271.121871853757], [878.307253410305, 17.665149991365, -328.85192607652], [828.4661414899404, 25.751521337791, -380.323241906873], [772.3235337367877, 35.522025680641, -424.704260556925], [711.0983245481282, 47.049827207048, -461.366478201783], [646.082158623367, 60.395725643453, -489.898005271761], [578.599086314403, 75.60025981697, -510.109298913226], [509.965145271802, 92.676087088288, -522.030947900977], [441.44937717336, 111.601010153884, -525.90370177843], [374.237718519764, 132.312001327496, -522.161239643534], [309.401077569691, 154.700538082337, -511.406456541736]], "E": [[866.025403784439, -500.0, 0.0], [855.001257020943, -494.985302083752, -123.1019047460794], [822.425993759078, -479.997660124822, -241.8934454107856], [769.761625538913, -455.207989542457, -352.2921012800413], [699.348537938059, -420.906031994544, -450.655796935487], [614.268215917667, -377.506603046102, -533.966198403875], [518.1648214423764, -325.556309352494, -599.970894531592], [415.0380612968827, -265.73898046531, -647.275799147211], [309.0215724005852, -198.877920861575, -675.382880712206], [204.16172880252, -125.933169484068, -684.672410619691], [104.211302530168, -47.992256245239, -676.332982547112], [12.450849489415, 33.7465553891673, -652.246262733766], [-68.451808244482, 117.99889677243794, -614.8364886875343], [-136.536844895038, 203.4264021807131, -566.8969054017489], [-190.598922641515, 288.675133509671, -511.4064571084297]], "F": [[500.0, -866.02540378444, 0.0], [495.960329182992, -865.234050667338, -78.8902689397433], [483.289820668421, -862.39215178306, -159.9770167655719], [460.46269277499, -856.136153600335, -244.8678494213313], [425.343366813838, -844.325079966357, -334.093931632345], [375.725302423866, -824.232110607186, -426.808409385501], [309.95276162842634, -792.800371827019, -520.724969327495], [227.5187242670767, -746.949086289197, -612.3111781140491], [129.5339168158122, -683.910894907004, -697.209195390738], [18.98051236227, -601.575815834438, -770.8186959815629], [-99.30340652489, -498.812783474612, -828.949521159366], [-218.921183997995, -375.7370214074397, -868.439174007203], [-332.465644223285, -233.89163455673406, -887.6348405955852], [-432.247703410894, -76.3155161887119, -886.6604738299319], [-511.106998080949, 92.522709676469, -867.4233002964927]], "G": [[0.0, -1000.0, 0.0], [3.154333850912, -1003.19399975735, -1.0539288217824], [11.604120054202, -1012.223013470439, -8.2782852177489], [22.447449839045, -1025.450260745399, -27.0960135275413], [31.293286337038, -1040.224332550609, -61.518787233068], [32.882270302939, -1053.002499797655, -113.643984862393], [21.86265194417733, -1059.537642045335, -183.375729207217], [-6.3668950566943, -1055.137250793784, -268.4118254482521], [-54.8515112357788, -1034.997893946897, -364.509442672894], [-124.420932217967, -994.609367405434, -466.0075323688929], [-213.27829459208, -930.210251093477, -566.546887305912], [-316.9148738137799, -839.2623216479327, -659.894873619085], [-428.3900627766479, -720.897603311452, -740.7577329388802], [-538.966016018446, -576.2816088064469, -805.4551758630953], [-639.032075941619, -408.832438303842, -852.3440934503864]], "H": [[-500.0, -866.02540378444, 0.0], [-470.178692180248, -890.470339258854, 175.5768025449216], [-386.873327647708, -960.3672716992269, 318.0281630014691], [-267.308899649903, -1065.8528656228336, 399.9380364978467], [-136.309618824036, -1191.92481707334, 404.147854913708], [-21.3966713149084, -1320.380515324992, 326.255987563875], [52.46927284878483, -1432.130531138715, 174.656345033303], [67.3910909821913, -1509.557313370639, -31.7446358036911], [15.4086523259201, -1538.588005151269, -267.5058255002536], [-100.7072817800803, -1510.202101947005, -505.3901084905467], [-268.695147696027, -1421.19305904782, -720.864893761579], [-469.5956329859909, -1274.1316430468507, -895.535386934938], [-681.3446485653209, -1076.613890656798, -1019.0185689845572], [-882.354211005654, -839.9908193965609, -1089.1648729558863], [-1054.410047789284, -577.846291215466, -1110.8874175931812]], "I": [[-866.02540378444, -500.0, 0.0], [-795.116186721388, -557.765814029211, 402.8926972029076], [-598.339594568577, -721.6346359634039, 725.7510333684831], [-319.711498618886, -964.9208951462957, 904.9290239304377], [-20.847246073045, -1248.180443328843, 905.598687423185], [233.3121039845496, -1525.759392618307, 727.369623555364], [388.8422106627268, -1753.169300703432, 402.113038876128], [413.6884843112583, -1893.933684873432, -14.9484209038739], [302.6461814893111, -1924.694010096017, -458.2044023613126], [75.8359229934687, -1837.751440401763, -865.2416336467687], [-228.1951906348312, -1640.769544639714, -1187.871438559697], [-562.3673661050994, -1353.94939708409, -1398.498331997147], [-881.1506247549389, -1005.4775047568506, -1491.2117274601353], [-1148.443549196989, -626.3269722529388, -1478.3864254883742], [-1341.86294223658, -245.504996334058, -1384.5099488685703]], "J": [[-1000.0, 0.0, 0.0], [-883.1543436916645, -95.699750178333, 618.9793186901067], [-562.4010989388996, -364.2058102934099, 1098.446957069257], [-118.647491996313, -753.6891117966087, 1332.6013183041878], [338.675946641331, -1189.9874427613472, 1273.438110292092], [701.1689074364986, -1591.860884567695, 938.769237218469], [888.8736106810449, -1887.024339402563, 402.9004661413732], [867.7093383427373, -2025.327201636527, -226.0171307788439], [652.8658730118912, -1986.3148498394578, -834.3669100760897], [298.8557972691257, -1779.935616040298, -1328.7809076706696], [-119.0811067402022, -1440.914186653386, -1652.738242075627], [-525.5993060890952, -1018.807557321881, -1791.279759046056], [-861.7901445102485, -566.5953344242866, -1764.9941315696713], [-1093.9416424452736, -130.6484683758429, -1617.2444658955503], [-1213.937865154722, 255.850151827227, -1399.5891563043551]],