{"A": [[0.0, 1000.0, 0.0], [0.0, 1000.0, 0.0], [0.0, 1000.0, 0.0], [0.0, 1000.0, 0.0], [0.0, 1000.0, 0.0], [0.0, 1000.0, 0.0], [0.0, 1000.0, 0.0], [0.0, 1000.0, 0.0], [0.0, 1000.0, 0.0], [0.0, 1000.0, 0.0], [0.0, 1000.0, 0.0], [0.0, 1000.0, 0.0], [0.0, 1000.0, 0.0], [0.0, 1000.0, 0.0], [0.0, 1000.0, 0.0]], "B": [[499.99999999999994, 866.0254037844387, 0.0], [499.99999999999994, 866.0254037844387, 0.0], [499.99999999999994, 866.0254037844387, 0.0], [499.99999999999994, 866.0254037844387, 0.0], [499.99999999999994, 866.0254037844387, 0.0], [499.99999999999994, 866.0254037844387, 0.0], [499.99999999999994, 866.0254037844387, 0.0], [499.99999999999994, 866.0254037844387, 0.0], [499.99999999999994, 866.0254037844387, 0.0], [499.99999999999994, 866.0254037844387, 0.0], [499.99999999999994, 866.0254037844387, 0.0], [499.99999999999994, 866.0254037844387, 0.0], [499.99999999999994, 866.0254037844387, 0.0], [499.99999999999994, 866.0254037844387, 0.0], [499.99999999999994, 866.0254037844387, 0.0]], "C": [[866.025403784439, 500.0, 0.0], [864.748710675882, 499.65791111258, -26.1233765953087], [860.931670912557, 498.635138390519, -51.9799409116455], [854.613270001353, 496.942127968906, -77.3056057692213], [845.858041213472, 494.596171485644, -101.84170635369], [834.755406470973, 491.621229472534, -125.337642100835], [821.418763031958, 488.047686633308, -147.553436216676], [805.984325302584, 483.912041508093, -168.262186691222], [788.609733605121, 479.256533693938, -187.252383772333], [769.472444111441, 474.128712428786, -204.330070230059], [748.76791638645, 468.580950945206, -219.320822347516], [726.707617053045, 462.669911554032, -232.071531405338], [703.516859968282, 456.455966921303, -242.45196746446], [679.432504970177, 450.002583449337, -250.356109475438], [654.700538699134, 443.375673059777, -255.703228129195]], "D": [[1000.0, 0.0, 0.0], [994.898873861894, 0.685690695328, -71.2548590178233], [979.714948489861, 2.753806486318, -141.0946426618696], [954.802618368166, 6.236630278312, -208.1467363099753], [920.739477830566, 11.185178179169, -271.121871853757], [878.307253410305, 17.665149991365, -328.85192607652], [828.4661414899404, 25.751521337791, -380.323241906873], [772.3235337367877, 35.522025680641, -424.704260556925], [711.0983245481282, 47.049827207048, -461.366478201783], [646.082158623367, 60.395725643453, -489.898005271761], [578.599086314403, 75.60025981697, -510.109298913226], [509.965145271802, 92.676087088288, -522.030947900977], [441.44937717336, 111.601010153884, -525.90370177843], [374.237718519764, 132.312001327496, -522.161239643534], [309.401077569691, 154.700538082337, -511.406456541736]], "E": [[866.025403784439, -500.0, 0.0], [858.717122016035, -498.717658364976, -71.121282559639], [836.984073500355, -494.816245499308, -140.03016021706074], [801.397839020938, -488.135119726561, -204.5775765110013], [752.898202032951, -478.414917879745, -262.74067212726175], [692.773371629022, -465.309988548366, -312.6844681804731], [622.6314117134013, -448.405526170863, -352.8214102075293], [544.3622538224527, -427.239089925989, -381.8673935677309], [460.0898309899562, -401.326046748741, -398.8924496205865], [372.114227280403, -370.18830538649, -403.3638660619305], [282.844280649672, -333.385514664703, -395.179217433368], [194.721770106724, -290.547695772594, -374.686660276888], [110.139104809767, -241.408081597325, -342.689955027613], [31.353239351939, -185.834765222232, -300.436046418031], [-39.60071698804, -123.859635250677, -249.583673615407]], "F": [[500.0, -866.02540378444, 0.0], [493.289428506564, -862.551296334402, -116.2530577230426], [473.403207684241, -852.328625468175, -229.15392030676924], [441.055380600556, -835.936925432458, -335.4836842309983], [397.365518653769, -814.278675299844, -432.27308770601473], [343.76715177572, -788.488804376248, -516.8885424173051], [281.90504927120935, -759.817200004412, -587.0808983146663], [213.5406391587917, -729.493247354872, -640.9980093185759], [140.4828059038702, -698.583613697317, -677.1701541507075], [64.555595649937, -667.856152614662, -694.4836580157995], [-12.394042061202, -637.663666287893, -692.161256753536], [-88.454921208095, -607.861042343047, -669.76697818267], [-161.592087471728, -577.767745972985, -627.248433645785], [-229.591028005879, -546.184683292784, -565.021039021076], [-290.030281802764, -511.470110194639, -484.088140974876]], "G": [[0.0, -1000.0, 0.0], [-1.852012732976, -991.717205035592, -194.3575622522107], [-7.190989479855, -967.679799520349, -383.0126760800733], [-15.425943038153, -930.2259977555906, -560.6137898157863], [-25.755726090976, -882.9476271307695, -722.4492061775807], [-37.39026321531, -830.2682742438315, -864.6279467505811], [-49.76589491523167, -776.9210588256728, -984.1338358771903], [-62.6908684581123, -727.3863315407882, -1078.766107215816], [-76.3734533908888, -685.3556782344407, -1147.0079739983596], [-91.314740277678, -653.287211118778, -1187.8814455590955], [-108.0836107426528, -632.1078042772755, -1200.847634862882], [-127.0237852331788, -621.1011956689149, -1185.796370270802], [-147.96402872302, -617.9983182163546, -1143.140834736199], [-170.0069672077839, -619.2604700590338, -1073.999291521542], [-191.4580523372582, -620.520412235097, -980.415391520535]], "H": [[-500.0, -866.02540378444, 0.0], [-503.006895066858, -862.131320325524, -195.04663986535306], [-511.439332178014, -850.829780270287, -388.3861589863264], [-523.615591423844, -833.3215572514436, -577.9920266462595], [-537.006011193064, -811.7645046356722, -761.2474211623795], [-548.623954582983, -789.384318033356, -934.7550268715237], [-555.5169376504197, -770.4221547879728, -1094.2376026143313], [-555.2731212663333, -759.7966652968697, -1234.5271001354758], [-546.4234574987328, -762.420547954185, -1349.6485225675465], [-528.611975576914, -782.210583531282, -1433.0325917456055], [-502.4442254575248, -820.9417448655605, -1477.922788701565], [-469.0097093353508, -877.1898933857769, -1478.052078596197], [-429.189794268242, -945.6533266646616, -1428.628937226236], [-382.9707858932159, -1017.1188930901608, -1327.582176561575], [-329.0376872976292, -1079.237047531897, -1176.88443482575]], "I": [[-866.02540378444, -500.0, 0.0], [-873.674767584639, -509.089181204384, -118.13260526153395], [-895.331317173536, -535.150278937443, -243.73973239525338], [-927.254403476039, -575.0199734963056, -382.2748999920226], [-963.679373909761, -624.7757485888442, -535.5612694135165], [-997.571182531015, -681.220409023564, -700.8829512904117], [-1021.6828650649127, -743.0660872154895, -870.8765359176894], [-1029.7677092955644, -811.2989525044103, -1034.148476588749], [-1017.6616759182579, -888.461824160617, -1176.4511478063664], [-983.900184954169, -976.960450903604, -1282.2535216077524], [-929.6212097235727, -1076.8647782182654, -1336.598984818273], [-857.7316827598348, -1183.9171609298949, -1327.1786112369], [-771.600216844343, -1288.4857642727065, -1246.502018111818], [-673.7641372501449, -1375.9876699578028, -1093.912280710074], [-565.1895518759572, -1428.903381296564, -877.026227803022]], "J": [[-1000.0, 0.0, 0.0], [-1012.896159431632, -28.749506022872, 15.435328501860052], [-1049.229543078237, -110.797593518164, 9.61639417752462], [-1102.230716646867, -234.7443298047326, -33.6419001618976], [-1161.640865015659, -385.1482149827282, -121.63001230903453], [-1215.305837043095, -546.475558714545, -251.0111495837247], [-1251.3220316389068, -706.4100048525951, -408.4142377439493], [-1260.3448221478143, -857.3813187425516, -572.9979556286859], [-1237.4455468209007, -995.905635142443, -720.2712819596985], [-1182.905348290201, -1120.215898830861, -826.3763297721755], [-1101.6370254318467, -1227.3486834695116, -872.148399892743], [-1001.4304779795218, -1311.0657305409688, -846.415582365725], [-890.688085135062, -1361.6377694170305, -748.088478768779], [-776.5071127116549, -1367.7437636810355, -586.64005454966], [-663.7617817555963, -1319.853080151891, -380.6989771428]],