{"A": [[0.0, 1000.0, 0.0], [0.0, 1000.0, 0.0], [0.0, 1000.0, 0.0], [0.0, 1000.0, 0.0], [0.0, 1000.0, 0.0], [0.0, 1000.0, 0.0], [0.0, 1000.0, 0.0], [0.0, 1000.0, 0.0], [0.0, 1000.0, 0.0], [0.0, 1000.0, 0.0], [0.0, 1000.0, 0.0], [0.0, 1000.0, 0.0], [0.0, 1000.0, 0.0], [0.0, 1000.0, 0.0], [0.0, 1000.0, 0.0]], "B": [[499.99999999999994, 866.0254037844387, 0.0], [499.99999999999994, 866.0254037844387, 0.0], [499.99999999999994, 866.0254037844387, 0.0], [499.99999999999994, 866.0254037844387, 0.0], [499.99999999999994, 866.0254037844387, 0.0], [499.99999999999994, 866.0254037844387, 0.0], [499.99999999999994, 866.0254037844387, 0.0], [499.99999999999994, 866.0254037844387, 0.0], [499.99999999999994, 866.0254037844387, 0.0], [499.99999999999994, 866.0254037844387, 0.0], [499.99999999999994, 866.0254037844387, 0.0], [499.99999999999994, 866.0254037844387, 0.0], [499.99999999999994, 866.0254037844387, 0.0], [499.99999999999994, 866.0254037844387, 0.0], [499.99999999999994, 866.0254037844387, 0.0]], "C": [[866.025403784439, 500.0, 0.0], [864.748710675882, 499.65791111258, -26.1233765953087], [860.931670912557, 498.635138390519, -51.9799409116455], [854.613270001353, 496.942127968906, -77.3056057692213], [845.858041213472, 494.596171485644, -101.84170635369], [834.755406470973, 491.621229472534, -125.337642100835], [821.418763031958, 488.047686633308, -147.553436216676], [805.984325302584, 483.912041508093, -168.262186691222], [788.609733605121, 479.256533693938, -187.252383772333], [769.472444111441, 474.128712428786, -204.330070230059], [748.76791638645, 468.580950945206, -219.320822347516], [726.707617053045, 462.669911554032, -232.071531405338], [703.516859968282, 456.455966921303, -242.45196746446], [679.432504970177, 450.002583449337, -250.356109475438], [654.700538699134, 443.375673059777, -255.703228129195]], "D": [[1000.0, 0.0, 0.0], [994.898873861894, 0.685690695328, -71.2548590178233], [979.714948489861, 2.753806486318, -141.0946426618696], [954.802618368166, 6.236630278312, -208.1467363099753], [920.739477830566, 11.185178179169, -271.121871853757], [878.307253410305, 17.665149991365, -328.85192607652], [828.4661414899404, 25.751521337791, -380.323241906873], [772.3235337367877, 35.522025680641, -424.704260556925], [711.0983245481282, 47.049827207048, -461.366478201783], [646.082158623367, 60.395725643453, -489.898005271761], [578.599086314403, 75.60025981697, -510.109298913226], [509.965145271802, 92.676087088288, -522.030947900977], [441.44937717336, 111.601010153884, -525.90370177843], [374.237718519764, 132.312001327496, -522.161239643534], [309.401077569691, 154.700538082337, -511.406456541736]], "E": [[866.025403784439, -500.0, 0.0], [858.717122016035, -498.717658364976, -71.121282559639], [836.984073500355, -494.816245499308, -140.03016021706074], [801.397839020938, -488.135119726561, -204.5775765110013], [752.898202032951, -478.414917879745, -262.74067212726175], [692.773371629022, -465.309988548366, -312.6844681804731], [622.6314117134013, -448.405526170863, -352.8214102075293], [544.3622538224527, -427.239089925989, -381.8673935677309], [460.0898309899562, -401.326046748741, -398.8924496205865], [372.114227280403, -370.18830538649, -403.3638660619305], [282.844280649672, -333.385514664703, -395.179217433368], [194.721770106724, -290.547695772594, -374.686660276888], [110.139104809767, -241.408081597325, -342.689955027613], [31.353239351939, -185.834765222232, -300.436046418031], [-39.60071698804, -123.859635250677, -249.583673615407]], "F": [[500.0, -866.02540378444, 0.0], [493.295522257677, -862.528753405781, -25.759029679384497], [473.502184648008, -851.971796763413, -49.09050380309885], [441.568137791929, -834.162715767219, -67.6955787067183], [399.032840636663, -808.811825649329, -79.52936851504572], [347.96489921743, -775.574338384791, -82.9186243200551], [290.87380431827034, -734.105792846973, -76.6666709981933], [230.5958275927847, -684.12589549362, -60.1392609348389], [170.1561666135792, -625.485599410976, -33.3241828869005], [112.6119882704, -558.231613518044, 3.1425848670305], [60.883952825514, -482.662275544971, 47.990336986167], [17.586610437649, -399.368932304184, 99.370579009543], [-15.129808464191, -309.2577125959148, 154.957831435499], [-35.7127538051605, -213.5478701755452, 212.090371249209], [-43.30305080305794, -113.744673914924, 267.942338013596]], "G": [[0.0, -1000.0, 0.0], [-1.835391245516, -991.655716307484, 52.476501739495404], [-6.922325855203, -966.711221686154, 105.75246990663815], [-14.045335062291, -925.4489062668893, 160.4105089123917], [-21.316999824788, -868.3938400482605, 216.6212479207863], [-26.376514207018, -796.384223575926, 273.9912344746279], [-26.64866984187667, -710.6491645558174, 331.4735713494117], [-19.6425084257483, -612.8763040381981, 387.3576254624131], [-3.2620000077598, -505.251303937995, 439.3480567347325], [23.9043797412927, -390.453439409096, 484.7343590003025], [62.35066994867313, -271.596431411977, 520.640578298318], [111.5102604840178, -152.110737535718, 544.332291421894], [169.727988819626, -35.5719432340568, 553.546450017743], [234.3599172621435, 74.5114976085478, 546.801807273624], [301.99640993555204, 174.930460765055, 523.645567289743]], "H": [[-500.0, -866.02540378444, 0.0], [-502.990180578765, -862.06948755537, 53.16851133863608], [-511.164711057234, -849.839724654318, 111.21713626716365], [-522.167167678753, -828.3098139718905, 178.4491451614384], [-532.188192029389, -795.967739954715, 258.0250814608694], [-536.182808952179, -751.1088490169956, 351.4307252263265], [-528.2413618319067, -692.2292025171997, 458.0226478842177], [-502.1499984010203, -618.4874433948577, 574.7188532124571], [-452.1479737536268, -530.1802323031283, 695.9199249040945], [-373.8411732773423, -429.1529164337494, 813.7480638258745], [-265.17203129569486, -319.0513733213316, 918.668342517219], [-127.2894703464522, -205.3213097841131, 1000.503877546462], [34.87333837671, -94.8840495516652, 1049.777736545716], [212.5030825048063, 4.5351870026787, 1059.222325168354], [393.42978803979946, 85.3838605948992, 1025.213644620754]], "I": [[-866.02540378444, -500.0, 0.0], [-873.66842016237, -509.065699856976, -23.871484773165122], [-895.216169148919, -534.735150821582, -34.25718283578134], [-926.559051104202, -572.6139596565895, -19.1262256130926], [-961.002834979768, -615.9998576306918, 30.69546228583038], [-989.628334090759, -656.7840541734051, 120.2615637003275], [-1001.9958409152626, -686.6278088843311, 249.5172274056637], [-987.2831906989622, -698.2887614245443, 412.7721712376471], [-935.8427886419488, -686.9073642689613, 598.8368440556003], [-841.0154088628273, -651.0167653955594, 791.9797712862334], [-700.8876551853649, -593.0357771953996, 973.7467771657591], [-519.5790172851222, -519.0629132977781, 1125.501117589807], [-307.643664349338, -437.9118810850832, 1231.335446567002], [-81.2989867734017, -359.4956449999723, 1280.832545759412], [139.56370550676246, -292.8378743544668, 1271.07849323142]], "J": [[-1000.0, 0.0, 0.0], [-1012.907815445404, -28.792625717446, -157.65996517748513], [-1049.393754118726, -111.389602109442, -289.12383642078936], [-1102.877766911215, -236.9832117789255, -371.5647365144516], [-1162.902631464156, -389.2853207959599, -388.5731668751116], [-1216.094397942526, -548.9015843530691, -332.5338504328925], [-1247.7645175833206, -696.2114107476477, -205.9551697550083], [-1244.1489632516252, -814.2998111952783, -21.4059070357089], [-1195.0255908030288, -891.4073755299113, 200.1474751362303], [-1096.1839453398104, -922.3901089650104, 432.5431025624264], [-951.0624161819129, -908.8455109905066, 648.74524881289], [-770.9214742484533, -857.8535991715471, 825.506062757349], [-573.227251096441, -779.6352243163112, 947.364131866847], [-378.4154331201157, -684.7381604295513, 1009.008492558675], [-205.73575541182055, -581.5130095527968, 1015.375264783514]],