{"A": [[0.0, 1000.0, 0.0], [0.0, 1000.0, 0.0], [0.0, 1000.0, 0.0], [0.0, 1000.0, 0.0], [0.0, 1000.0, 0.0], [0.0, 1000.0, 0.0], [0.0, 1000.0, 0.0], [0.0, 1000.0, 0.0], [0.0, 1000.0, 0.0], [0.0, 1000.0, 0.0], [0.0, 1000.0, 0.0], [0.0, 1000.0, 0.0], [0.0, 1000.0, 0.0], [0.0, 1000.0, 0.0], [0.0, 1000.0, 0.0]], "B": [[499.99999999999994, 866.0254037844387, 0.0], [499.99999999999994, 866.0254037844387, 0.0], [499.99999999999994, 866.0254037844387, 0.0], [499.99999999999994, 866.0254037844387, 0.0], [499.99999999999994, 866.0254037844387, 0.0], [499.99999999999994, 866.0254037844387, 0.0], [499.99999999999994, 866.0254037844387, 0.0], [499.99999999999994, 866.0254037844387, 0.0], [499.99999999999994, 866.0254037844387, 0.0], [499.99999999999994, 866.0254037844387, 0.0], [499.99999999999994, 866.0254037844387, 0.0], [499.99999999999994, 866.0254037844387, 0.0], [499.99999999999994, 866.0254037844387, 0.0], [499.99999999999994, 866.0254037844387, 0.0], [499.99999999999994, 866.0254037844387, 0.0]], "C": [[866.025403784439, 500.0, 0.0], [864.748710675882, 499.65791111258, -26.1233765953087], [860.931670912557, 498.635138390519, -51.9799409116455], [854.613270001353, 496.942127968906, -77.3056057692213], [845.858041213472, 494.596171485644, -101.84170635369], [834.755406470973, 491.621229472534, -125.337642100835], [821.418763031958, 488.047686633308, -147.553436216676], [805.984325302584, 483.912041508093, -168.262186691222], [788.609733605121, 479.256533693938, -187.252383772333], [769.472444111441, 474.128712428786, -204.330070230059], [748.76791638645, 468.580950945206, -219.320822347516], [726.707617053045, 462.669911554032, -232.071531405338], [703.516859968282, 456.455966921303, -242.45196746446], [679.432504970177, 450.002583449337, -250.356109475438], [654.700538699134, 443.375673059777, -255.703228129195]], "D": [[1000.0, 0.0, 0.0], [1003.721477996178, 3.049700348248, 18.7770396155749], [1014.645845117439, 12.113512028573, 35.3003670722313], [1032.063586506436, 26.938644297408, 47.4233120486797], [1054.82735188314, 47.113915746362, 53.20877067831], [1081.403179151491, 72.084539279768, 51.022881387165], [1109.939196043559, 101.171998996555, 39.615884136608], [1138.348936967173, 133.598236885498, 18.186722222215], [1164.405799696822, 168.513199096131, -13.571385548118], [1185.844696461058, 205.024661761635, -55.446391410113], [1200.466645653703, 242.229170141049, -106.70500757775], [1206.241916549569, 279.242885660715, -166.1126486871423], [1201.407385635876, 315.231144802979, -231.9750166095128], [1184.553987723956, 349.435591274561, -302.1997221646116], [1154.700538847592, 381.1978460942131, -374.375508449854]], "E": [[866.025403784439, -500.0, 0.0], [872.64646528951, -494.985302083752, 71.0232818500959], [892.287787014234, -479.997660124821, 139.2440647654963], [924.283561815453, -455.207989542457, 201.9137071728497], [967.5242860432069, -420.906031994543, 256.39512760877], [1020.46006740004, -377.5066030461, 300.227484681918], [1081.1109305496143, -325.556309352492, 331.199618925255], [1147.0888677576565, -265.738980465307, 347.432212516945], [1215.6365226979767, -198.877920861572, 347.466521641872], [1283.6868044779071, -125.933169484064, 330.355407791351], [1347.946421208771, -47.992256245236, 295.750495428061], [1405.004392044955, 33.746555389173, 243.9778566763397], [1451.464208680558, 117.998896772445, 176.0938722030822], [1484.095693513352, 203.42640218072, 93.9129835443344], [1499.999999914293, 288.6751335096779, 1.264882e-06]], "F": [[500.0, -866.02540378444, 0.0], [507.224808009703, -858.796412537386, 116.3849477420737], [528.802272877703, -837.154182780898, 230.1654141189299], [564.413611702201, -801.246370239141, 338.6625664786087], [613.4407784184939, -751.361391869868, 439.078780925008], [674.857235860436, -687.983800769379, 528.507542849148], [747.1130764120322, -611.856848334095, 604.01205860031], [828.0444560823036, -524.04001797077, 662.773979229599], [914.8358342859598, -425.949283838286, 702.299911274061], [1004.0568765205832, -319.369675614561, 720.661203184816], [1091.785073202831, -206.433152863536, 716.733913744856], [1173.811847639484, -89.559313727483, 690.4023883542397], [1245.916289716895, 28.6385710301181, 642.6921765549672], [1304.178866253908, 145.4750073644927, 575.8058798800984], [1345.299461215167, 258.3302477881796, 493.047791715136]], "G": [[0.0, -1000.0, 0.0], [6.987055991637, -989.291748695014, 142.5067992871079], [27.99873028069, -957.354152895697, 282.0977868531344], [63.107262230014, -904.775930128455, 415.6220794650885], [112.1901277349589, -832.6207130348324, 539.547185631489], [174.635228962479, -742.5232893245006, 649.96774387914], [249.0500840542542, -636.7759060950891, 742.797823846765], [333.0609301373656, -518.3697025075402, 814.129022081773], [423.2704856489308, -390.9622688606465, 860.69375343163], [515.4091420351192, -258.7551352764256, 880.343580149043], [604.671480190896, -126.2820082689963, 872.443046278276], [686.188197022767, 1.8737514678046, 838.0924773221487], [755.552428852782, 121.3992423792255, 780.1255576543962], [809.306130775843, 228.5678712108487, 702.8717843918535], [845.299461277915, 320.5080746176007, 611.720072996997]], "H": [[-500.0, -866.02540378444, 0.0], [-485.435067584023, -857.365609205388, 232.3129146897918], [-442.725529900889, -831.501501332828, 456.8232097377784], [-374.691878832197, -788.793929421919, 666.2797743966685], [-285.6219410205131, -729.9005121161294, 854.417493388237], [-180.768647928577, -655.8759115921507, 1016.20470085377], [-65.8320398343548, -568.3269981153495, 1147.90668265253], [53.48253263604657, -469.60615541502807, 1247.034587484523], [171.7975193514418, -362.9945413045846, 1312.27801563306], [284.3182088983302, -252.79964148882732, 1343.496584184251], [387.075136214612, -144.2822715214697, 1341.779827323738], [477.205678942119, -43.3473227037373, 1309.5058352348847], [553.26641254127, 44.0189560325954, 1250.2764390965722], [615.486226869108, 112.5141950984047, 1168.6126796775184], [665.807536728013, 158.3672583921067, 1069.368625017239]], "I": [[-866.02540378444, -500.0, 0.0], [-835.919668916075, -498.950952445248, 361.3426418062398], [-748.934294685692, -495.539040691845, 704.4410803371304], [-614.368463215484, -488.962743747216, 1013.5629260559296], [-445.6101407837461, -477.9008014359794, 1277.323055168609], [-257.6259949686451, -460.6446185479667, 1489.413833112851], [-64.50468896468824, -435.4278118078845, 1648.19183818845], [122.37113212638657, -400.9577817458045, 1755.454644213154], [295.2378644961948, -357.0402974430359, 1814.9471121585], [449.9975202416112, -305.09089362388715, 1831.108297716736], [585.68666775391, -248.2992263611977, 1808.345069360276], [703.718246120447, -191.2813994650933, 1750.8183755894256], [807.136741302526, -139.2073716526556, 1662.4986624770702], [899.933723191136, -96.5751327780083, 1547.1895770648764], [986.315611916464, -65.9513848424983, 1408.344896262749]], "J": [[-1000.0, 0.0, 0.0], [-949.004630792013, -11.669818995789, 494.4519232739458], [-803.1760554059678, -45.415768577107, 954.2331212948234], [-582.2262593548367, -97.475060791148, 1350.6882221340945], [-313.7287000945451, -161.7498516519124, 1665.401726295348], [-27.0175720924821, -230.2894091280107, 1891.539964100098], [252.47136924313375, -294.2244164163365, 2032.297256119591], [506.94005463155656, -345.0969229784829, 2097.412976078491], [727.4120733826978, -376.2917559122191, 2099.207603523827], [912.6388011376022, -384.12767630912094, 2049.432425162158], [1066.613889603614, -368.2107742678567, 1957.607993067634], [1195.714589336055, -330.8950541281883, 1830.798486399524], [1306.223751768801, -276.0378458847366, 1674.278719199336], [1402.570891137483, -207.5243131138443, 1492.4597934657052], [1486.31561200997, -128.1292121001363, 1289.672615863629]],