{"A": [[0.0, 1000.0, 0.0], [0.0, 1000.0, 0.0], [0.0, 1000.0, 0.0], [0.0, 1000.0, 0.0], [0.0, 1000.0, 0.0], [0.0, 1000.0, 0.0], [0.0, 1000.0, 0.0], [0.0, 1000.0, 0.0], [0.0, 1000.0, 0.0], [0.0, 1000.0, 0.0], [0.0, 1000.0, 0.0], [0.0, 1000.0, 0.0], [0.0, 1000.0, 0.0], [0.0, 1000.0, 0.0], [0.0, 1000.0, 0.0]], "B": [[499.99999999999994, 866.0254037844387, 0.0], [499.99999999999994, 866.0254037844387, 0.0], [499.99999999999994, 866.0254037844387, 0.0], [499.99999999999994, 866.0254037844387, 0.0], [499.99999999999994, 866.0254037844387, 0.0], [499.99999999999994, 866.0254037844387, 0.0], [499.99999999999994, 866.0254037844387, 0.0], [499.99999999999994, 866.0254037844387, 0.0], [499.99999999999994, 866.0254037844387, 0.0], [499.99999999999994, 866.0254037844387, 0.0], [499.99999999999994, 866.0254037844387, 0.0], [499.99999999999994, 866.0254037844387, 0.0], [499.99999999999994, 866.0254037844387, 0.0], [499.99999999999994, 866.0254037844387, 0.0], [499.99999999999994, 866.0254037844387, 0.0]], "C": [[866.025403784439, 500.0, 0.0], [864.748710675882, 499.65791111258, -26.1233765953087], [860.931670912557, 498.635138390519, -51.9799409116455], [854.613270001353, 496.942127968906, -77.3056057692213], [845.858041213472, 494.596171485644, -101.84170635369], [834.755406470973, 491.621229472534, -125.337642100835], [821.418763031958, 488.047686633308, -147.553436216676], [805.984325302584, 483.912041508093, -168.262186691222], [788.609733605121, 479.256533693938, -187.252383772333], [769.472444111441, 474.128712428786, -204.330070230059], [748.76791638645, 468.580950945206, -219.320822347516], [726.707617053045, 462.669911554032, -232.071531405338], [703.516859968282, 456.455966921303, -242.45196746446], [679.432504970177, 450.002583449337, -250.356109475438], [654.700538699134, 443.375673059777, -255.703228129195]], "D": [[1000.0, 0.0, 0.0], [1003.721477996178, 3.049700348248, 18.7770396155749], [1014.645845117439, 12.113512028573, 35.3003670722313], [1032.063586506436, 26.938644297408, 47.4233120486797], [1054.82735188314, 47.113915746362, 53.20877067831], [1081.403179151491, 72.084539279768, 51.022881387165], [1109.939196043559, 101.171998996555, 39.615884136608], [1138.348936967173, 133.598236885498, 18.186722222215], [1164.405799696822, 168.513199096131, -13.571385548118], [1185.844696461058, 205.024661761635, -55.446391410113], [1200.466645653703, 242.229170141049, -106.70500757775], [1206.241916549569, 279.242885660715, -166.1126486871423], [1201.407385635876, 315.231144802979, -231.9750166095128], [1184.553987723956, 349.435591274561, -302.1997221646116], [1154.700538847592, 381.1978460942131, -374.375508449854]], "E": [[866.025403784439, -500.0, 0.0], [872.64646528951, -494.985302083752, 71.0232818500959], [892.287787014234, -479.997660124821, 139.2440647654963], [924.283561815453, -455.207989542457, 201.9137071728497], [967.5242860432069, -420.906031994543, 256.39512760877], [1020.46006740004, -377.5066030461, 300.227484681918], [1081.1109305496143, -325.556309352492, 331.199618925255], [1147.0888677576565, -265.738980465307, 347.432212516945], [1215.6365226979767, -198.877920861572, 347.466521641872], [1283.6868044779071, -125.933169484064, 330.355407791351], [1347.946421208771, -47.992256245236, 295.750495428061], [1405.004392044955, 33.746555389173, 243.9778566763397], [1451.464208680558, 117.998896772445, 176.0938722030822], [1484.095693513352, 203.42640218072, 93.9129835443344], [1499.999999914293, 288.6751335096779, 1.264882e-06]], "F": [[500.0, -866.02540378444, 0.0], [507.224808009703, -858.796412537386, 116.3849477420737], [528.802272877703, -837.154182780898, 230.1654141189299], [564.413611702201, -801.246370239141, 338.6625664786087], [613.4407784184939, -751.361391869868, 439.078780925008], [674.857235860436, -687.983800769379, 528.507542849148], [747.1130764120322, -611.856848334095, 604.01205860031], [828.0444560823036, -524.04001797077, 662.773979229599], [914.8358342859598, -425.949283838286, 702.299911274061], [1004.0568765205832, -319.369675614561, 720.661203184816], [1091.785073202831, -206.433152863536, 716.733913744856], [1173.811847639484, -89.559313727483, 690.4023883542397], [1245.916289716895, 28.6385710301181, 642.6921765549672], [1304.178866253908, 145.4750073644927, 575.8058798800984], [1345.299461215167, 258.3302477881796, 493.047791715136]], "G": [[0.0, -1000.0, 0.0], [12.071309469261, -987.917323796589, 194.4874162682014], [48.018279777519, -951.797284632082, 383.9604192644249], [106.996464954531, -892.0492677756565, 563.3258258053517], [187.4643941838389, -809.4357784085969, 727.385350627544], [287.019845203372, -705.1774497599698, 870.904577406734], [402.2392206574782, -581.0714394328415, 988.802228234221], [528.5750146946806, -439.5989915892072, 1076.461009688293], [660.3644396571078, -283.996841376758, 1130.135166747451], [790.9902379464742, -118.269599833537, 1147.405341373875], [913.213515139332, 52.873801712416, 1127.612599478786], [1019.670635495659, 224.167660535382, 1072.1943012725576], [1103.495742677666, 390.0183084535401, 984.8475003363502], [1159.002179964536, 544.8001051098677, 871.4617414824124], [1182.335127847189, 683.1942556409936, 739.791369771986]], "H": [[-500.0, -866.02540378444, 0.0], [-477.948187050235, -847.179142510939, 284.0577784998373], [-412.754975910867, -791.185537710843, 556.7060878768428], [-307.320346858081, -699.6964271098165, 806.8235805554277], [-166.5053644233651, -575.5110258509449, 1023.921710225345], [2.880106709062, -422.6180675037808, 1198.584294414832], [192.1886103883402, -246.2060290949666, 1323.007390546143], [391.2093076202096, -52.6045598610052, 1391.604095860938], [588.6508001249991, 150.875161749359, 1401.599137162041], [772.8421641863993, 356.220660709402, 1353.509277531861], [932.6141635844567, 555.119146430751, 1251.396366507381], [1058.2730088426517, 739.456509405449, 1102.7957952435886], [1142.5391309402921, 901.8693831464201, 918.2645926209417], [1181.3044469205197, 1036.2883942302967, 710.5547404625124], [1174.0713329977607, 1138.4031496860975, 493.487157652011]], "I": [[-866.02540378444, -500.0, 0.0], [-829.366195572581, -474.914978629078, 360.6995948056063], [-721.923232370705, -401.188757624471, 699.0672242553579], [-551.141868641585, -283.3328812216515, 994.2846581201748], [-328.8936243448951, -128.6094854348159, 1228.51461979085], [-70.6482540510428, 53.3752636622582, 1388.250109153614], [205.7015640107687, 251.2684148089294, 1465.435513394211], [481.3248383466742, 452.7580802756758, 1458.2147970064084], [738.1423864194231, 645.520998723194, 1371.1532175215941], [960.5453898139162, 818.259415880111, 1214.812196666943], [1136.9082451427946, 961.718680302378, 1004.637496906432], [1260.6455640696267, 1069.551950758538, 759.2386079807637], [1330.6054866412153, 1138.8971420590742, 498.2668785922197], [1350.6941255978707, 1170.5593756074907, 240.2063241276534], [1328.7718715071646, 1168.748036382816, 0.439367202252]], "J": [[-1000.0, 0.0, 0.0], [-946.466365100767, 27.480912262736, 403.537796712445], [-791.189766682941, 106.812158943447, 770.3862849730119], [-549.4973752576661, 229.0170809415175, 1068.06815454069], [-244.8438474327779, 380.3005929670841, 1272.050346879304], [94.1013998591022, 543.6997520912972, 1368.5361543398556], [437.0692487557017, 701.1833024595574, 1355.914826959116], [756.0322384148951, 835.9678521141288, 1244.5905765949524], [1028.6930307276211, 934.74869961063, 1055.1202246829002], [1241.0240274639264, 989.505992185407, 814.867780082798], [1388.3727344072856, 998.5669691083491, 553.686272623656], [1474.8955232470169, 966.697496503803, 299.3830777720237], [1511.4313584510962, 904.1563339768131, 73.8284854935247], [1512.2938363427477, 824.8456060204167, -109.5317427684136], [1491.7362050373897, 743.88402906804, -246.304211673867]],