{"A": [[0.0, 1000.0, 0.0], [0.0, 1000.0, 0.0], [0.0, 1000.0, 0.0], [0.0, 1000.0, 0.0], [0.0, 1000.0, 0.0], [0.0, 1000.0, 0.0], [0.0, 1000.0, 0.0], [0.0, 1000.0, 0.0], [0.0, 1000.0, 0.0], [0.0, 1000.0, 0.0], [0.0, 1000.0, 0.0], [0.0, 1000.0, 0.0], [0.0, 1000.0, 0.0], [0.0, 1000.0, 0.0], [0.0, 1000.0, 0.0]], "B": [[499.99999999999994, 866.0254037844387, 0.0], [499.99999999999994, 866.0254037844387, 0.0], [499.99999999999994, 866.0254037844387, 0.0], [499.99999999999994, 866.0254037844387, 0.0], [499.99999999999994, 866.0254037844387, 0.0], [499.99999999999994, 866.0254037844387, 0.0], [499.99999999999994, 866.0254037844387, 0.0], [499.99999999999994, 866.0254037844387, 0.0], [499.99999999999994, 866.0254037844387, 0.0], [499.99999999999994, 866.0254037844387, 0.0], [499.99999999999994, 866.0254037844387, 0.0], [499.99999999999994, 866.0254037844387, 0.0], [499.99999999999994, 866.0254037844387, 0.0], [499.99999999999994, 866.0254037844387, 0.0], [499.99999999999994, 866.0254037844387, 0.0]], "C": [[866.025403784439, 500.0, 0.0], [864.748710675882, 499.65791111258, -26.1233765953087], [860.931670912557, 498.635138390519, -51.9799409116455], [854.613270001353, 496.942127968906, -77.3056057692213], [845.858041213472, 494.596171485644, -101.84170635369], [834.755406470973, 491.621229472534, -125.337642100835], [821.418763031958, 488.047686633308, -147.553436216676], [805.984325302584, 483.912041508093, -168.262186691222], [788.609733605121, 479.256533693938, -187.252383772333], [769.472444111441, 474.128712428786, -204.330070230059], [748.76791638645, 468.580950945206, -219.320822347516], [726.707617053045, 462.669911554032, -232.071531405338], [703.516859968282, 456.455966921303, -242.45196746446], [679.432504970177, 450.002583449337, -250.356109475438], [654.700538699134, 443.375673059777, -255.703228129195]], "D": [[1000.0, 0.0, 0.0], [1003.721477996178, 3.049700348248, 18.7770396155749], [1014.645845117439, 12.113512028573, 35.3003670722313], [1032.063586506436, 26.938644297408, 47.4233120486797], [1054.82735188314, 47.113915746362, 53.20877067831], [1081.403179151491, 72.084539279768, 51.022881387165], [1109.939196043559, 101.171998996555, 39.615884136608], [1138.348936967173, 133.598236885498, 18.186722222215], [1164.405799696822, 168.513199096131, -13.571385548118], [1185.844696461058, 205.024661761635, -55.446391410113], [1200.466645653703, 242.229170141049, -106.70500757775], [1206.241916549569, 279.242885660715, -166.1126486871423], [1201.407385635876, 315.231144802979, -231.9750166095128], [1184.553987723956, 349.435591274561, -302.1997221646116], [1154.700538847592, 381.1978460942131, -374.375508449854]], "E": [[866.025403784439, -500.0, 0.0], [872.64646528951, -494.985302083752, 71.0232818500959], [892.287787014234, -479.997660124821, 139.2440647654963], [924.283561815453, -455.207989542457, 201.9137071728497], [967.5242860432069, -420.906031994543, 256.39512760877], [1020.46006740004, -377.5066030461, 300.227484681918], [1081.1109305496143, -325.556309352492, 331.199618925255], [1147.0888677576565, -265.738980465307, 347.432212516945], [1215.6365226979767, -198.877920861572, 347.466521641872], [1283.6868044779071, -125.933169484064, 330.355407791351], [1347.946421208771, -47.992256245236, 295.750495428061], [1405.004392044955, 33.746555389173, 243.9778566763397], [1451.464208680558, 117.998896772445, 176.0938722030822], [1484.095693513352, 203.42640218072, 93.9129835443344], [1499.999999914293, 288.6751335096779, 1.264882e-06]], "F": [[500.0, -866.02540378444, 0.0], [524.774042549768, -854.115019427522, 205.0375200820379], [597.156161054658, -819.169121551607, 395.7771728494293], [711.530086287502, -763.463446470592, 559.2143150031867], [859.1881992753459, -690.533660980918, 684.779798695552], [1029.2223039947332, -604.821649891412, 765.200908781294], [1209.6068780342132, -511.240244170495, 796.988691641286], [1388.3395361981766, -414.706831624192, 780.509442037541], [1554.5007041287759, -319.6986597848, 719.652776117229], [1699.1109509741202, -229.878365171579, 621.160096942841], [1815.69725770229, -147.8280788259079, 493.718058226564], [1900.5234876797, -74.915883918622, 346.9462623944327], [1952.488695859878, -11.301507345133, 190.4138293556555], [1972.742373853644, 43.928773199549, 32.8055325017733], [1964.101615417866, 92.5227112988539, -118.672279318785]], "G": [[0.0, -1000.0, 0.0], [39.77847034542, -980.526225813175, 334.4542665773199], [156.238343224544, -923.322760076962, 646.1622561371183], [340.98931736147, -831.954474654776, 914.1195277756957], [580.816939794677, -712.0726292635326, 1120.663621716767], [858.7729113952264, -570.9988327593613, 1252.7993234986], [1155.5757557256131, -417.1813209381272, 1303.133679973251], [1451.2015686506209, -259.562249287091, 1270.333610365844], [1726.5208626304088, -106.90444406036, 1159.057918616063], [1964.8253775236442, 32.866907016485, 979.363890749389], [2153.092337740019, 153.2494988647491, 745.642738655817], [2282.855773047845, 249.621171774472, 475.1917904971977], [2350.595313322837, 319.524111170616, 186.57668236979094], [2357.608980426587, 362.747083298388, -102.0342714207717], [2309.401077695183, 381.1978463911249, -374.375506051606]], "H": [[-500.0, -866.02540378444, 0.0], [-450.24114059125, -839.788075049182, 424.024050813583], [-304.542006535101, -762.71287972556, 818.8907368228693], [-73.404134365172, -639.6213168968972, 1157.5023867121397], [226.4473771531069, -478.2468367361576, 1416.800252772924], [573.2471621993313, -288.7647185429663, 1579.55327335955], [941.84415285087, -83.1167191183912, 1635.802939410818], [1305.756560926383, 125.855628023908, 1583.778983610208], [1639.4727009551455, 325.420440060031, 1430.105893244845], [1920.7588095527242, 504.020045892368, 1189.17821281963], [2132.67978985405, 652.2717243034031, 881.691769663674], [2265.0378659279504, 763.773137221606, 532.4584565764447], [2314.999143108132, 835.594300266438, 167.77069864735893], [2286.8019857887466, 868.377476756338, -187.3188957855227], [2190.598924851564, 866.0254040140989, -511.406452484095]], "I": [[-866.02540378444, -500.0, 0.0], [-811.817273120024, -470.233668770951, 449.3505905890825], [-653.58860038048, -383.208763022797, 864.6323279814749], [-404.231748405585, -245.6029540374091, 1214.5270475965528], [-84.2105573961921, -68.0452048513266, 1473.1514846291204], [280.0802984991183, 135.6839995598167, 1622.5145135676119], [658.7075009169731, 349.8209118966488, 1654.4533124330485], [1021.2272593883268, 558.111944879494, 1571.6651264280506], [1340.0249096049336, 745.495839784983, 1387.4811207232508], [1593.4577608987522, 899.749705003998, 1124.2070432093753], [1768.2205503851721, 1012.8272334968251, 810.1489154630679], [1860.4431775827104, 1081.638029705234, 475.7641824359237], [1875.2768757999133, 1108.108764558601, 149.62168170411235], [1825.0620629038176, 1098.50896140684, -145.0703950086001], [1726.497309598986, 1062.177827082061, -392.734172335605]], "J": [[-1000.0, 0.0, 0.0], [-946.466789854761, 27.48079895635, 403.5356510043493], [-791.21568552605, 106.805339258527, 770.3234872989367], [-549.769993797624, 228.9470661757189, 1067.6594545916748], [-246.2132007718801, 379.9616487938024, 1270.6812521073844], [89.58269707743536, 542.6393060251057, 1365.517947786198], [425.7828608449311, 698.7279224720457, 1351.2055548984306], [733.0318539169499, 831.479671843424, 1239.7574788046568], [988.7189179111045, 928.10885641621, 1054.035804684783], [1180.0944239327162, 981.6610341235926, 823.5902135985053], [1305.411551492845, 991.8507590885955, 579.2441504693599], [1372.7443630288994, 964.63912388099, 347.6614316853787], [1396.7916772863964, 910.636516065509, 147.2095644457582], [1394.5700075343896, 842.726347866324, -13.9176698927461], [1381.197846675756, 773.5026927443879, -137.030945623126]],