{"A": [[0.0, 1000.0, 0.0], [0.0, 1000.0, 0.0], [0.0, 1000.0, 0.0], [0.0, 1000.0, 0.0], [0.0, 1000.0, 0.0], [0.0, 1000.0, 0.0], [0.0, 1000.0, 0.0], [0.0, 1000.0, 0.0], [0.0, 1000.0, 0.0], [0.0, 1000.0, 0.0], [0.0, 1000.0, 0.0], [0.0, 1000.0, 0.0], [0.0, 1000.0, 0.0], [0.0, 1000.0, 0.0], [0.0, 1000.0, 0.0]], "B": [[499.99999999999994, 866.0254037844387, 0.0], [499.99999999999994, 866.0254037844387, 0.0], [499.99999999999994, 866.0254037844387, 0.0], [499.99999999999994, 866.0254037844387, 0.0], [499.99999999999994, 866.0254037844387, 0.0], [499.99999999999994, 866.0254037844387, 0.0], [499.99999999999994, 866.0254037844387, 0.0], [499.99999999999994, 866.0254037844387, 0.0], [499.99999999999994, 866.0254037844387, 0.0], [499.99999999999994, 866.0254037844387, 0.0], [499.99999999999994, 866.0254037844387, 0.0], [499.99999999999994, 866.0254037844387, 0.0], [499.99999999999994, 866.0254037844387, 0.0], [499.99999999999994, 866.0254037844387, 0.0], [499.99999999999994, 866.0254037844387, 0.0]], "C": [[866.025403784439, 500.0, 0.0], [864.748710675882, 499.65791111258, -26.1233765953087], [860.931670912557, 498.635138390519, -51.9799409116455], [854.613270001353, 496.942127968906, -77.3056057692213], [845.858041213472, 494.596171485644, -101.84170635369], [834.755406470973, 491.621229472534, -125.337642100835], [821.418763031958, 488.047686633308, -147.553436216676], [805.984325302584, 483.912041508093, -168.262186691222], [788.609733605121, 479.256533693938, -187.252383772333], [769.472444111441, 474.128712428786, -204.330070230059], [748.76791638645, 468.580950945206, -219.320822347516], [726.707617053045, 462.669911554032, -232.071531405338], [703.516859968282, 456.455966921303, -242.45196746446], [679.432504970177, 450.002583449337, -250.356109475438], [654.700538699134, 443.375673059777, -255.703228129195]], "D": [[1000.0, 0.0, 0.0], [1003.721477996178, 3.049700348248, 18.7770396155749], [1014.645845117439, 12.113512028573, 35.3003670722313], [1032.063586506436, 26.938644297408, 47.4233120486797], [1054.82735188314, 47.113915746362, 53.20877067831], [1081.403179151491, 72.084539279768, 51.022881387165], [1109.939196043559, 101.171998996555, 39.615884136608], [1138.348936967173, 133.598236885498, 18.186722222215], [1164.405799696822, 168.513199096131, -13.571385548118], [1185.844696461058, 205.024661761635, -55.446391410113], [1200.466645653703, 242.229170141049, -106.70500757775], [1206.241916549569, 279.242885660715, -166.1126486871423], [1201.407385635876, 315.231144802979, -231.9750166095128], [1184.553987723956, 349.435591274561, -302.1997221646116], [1154.700538847592, 381.1978460942131, -374.375508449854]], "E": [[866.025403784439, -500.0, 0.0], [872.64646528951, -494.985302083752, 71.0232818500959], [892.287787014234, -479.997660124821, 139.2440647654963], [924.283561815453, -455.207989542457, 201.9137071728497], [967.5242860432069, -420.906031994543, 256.39512760877], [1020.46006740004, -377.5066030461, 300.227484681918], [1081.1109305496143, -325.556309352492, 331.199618925255], [1147.0888677576565, -265.738980465307, 347.432212516945], [1215.6365226979767, -198.877920861572, 347.466521641872], [1283.6868044779071, -125.933169484064, 330.355407791351], [1347.946421208771, -47.992256245236, 295.750495428061], [1405.004392044955, 33.746555389173, 243.9778566763397], [1451.464208680558, 117.998896772445, 176.0938722030822], [1484.095693513352, 203.42640218072, 93.9129835443344], [1499.999999914293, 288.6751335096779, 1.264882e-06]], "F": [[500.0, -866.02540378444, 0.0], [524.774042549768, -854.115019427522, 205.0375200820379], [597.156161054658, -819.169121551607, 395.7771728494293], [711.530086287502, -763.463446470592, 559.2143150031867], [859.1881992753459, -690.533660980918, 684.779798695552], [1029.2223039947332, -604.821649891412, 765.200908781294], [1209.6068780342132, -511.240244170495, 796.988691641286], [1388.3395361981766, -414.706831624192, 780.509442037541], [1554.5007041287759, -319.6986597848, 719.652776117229], [1699.1109509741202, -229.878365171579, 621.160096942841], [1815.69725770229, -147.8280788259079, 493.718058226564], [1900.5234876797, -74.915883918622, 346.9462623944327], [1952.488695859878, -11.301507345133, 190.4138293556555], [1972.742373853644, 43.928773199549, 32.8055325017733], [1964.101615417866, 92.5227112988539, -118.672279318785]], "G": [[0.0, -1000.0, 0.0], [39.77847034542, -980.526225813175, 334.4542665773199], [156.238343224544, -923.322760076962, 646.1622561371183], [340.98931736147, -831.954474654776, 914.1195277756957], [580.816939794677, -712.0726292635326, 1120.663621716767], [858.7729113952264, -570.9988327593613, 1252.7993234986], [1155.5757557256131, -417.1813209381272, 1303.133679973251], [1451.2015686506209, -259.562249287091, 1270.333610365844], [1726.5208626304088, -106.90444406036, 1159.057918616063], [1964.8253775236442, 32.866907016485, 979.363890749389], [2153.092337740019, 153.2494988647491, 745.642738655817], [2282.855773047845, 249.621171774472, 475.1917904971977], [2350.595313322837, 319.524111170616, 186.57668236979094], [2357.608980426587, 362.747083298388, -102.0342714207717], [2309.401077695183, 381.1978463911249, -374.375506051606]], "H": [[-500.0, -866.02540378444, 0.0], [-426.462809357963, -841.647360340034, 511.3184015978759], [-214.157399478589, -771.557896996744, 974.3750111494073], [113.408601116711, -664.330912287731, 1347.7767096187026], [521.448037885911, -532.5122271160596, 1602.516906335548], [969.4747100440864, -390.4039042900503, 1725.112541626353], [1417.363732273515, -251.6624091258762, 1717.886302145274], [1830.6791213367328, -127.203217415522, 1596.56522459184], [2184.3102966882097, -23.8107719694895, 1385.93556880358], [2463.921610625336, 56.3273752061977, 1114.647847548224], [2665.258261452484, 115.1615968047401, 810.3309967522036], [2791.824840684321, 157.5969781853096, 495.957830433496], [2851.744868569665, 189.923460591231, 187.98631935368388], [2854.665128743685, 218.24228162222, -103.68960939948401], [2809.401077615623, 247.2232498786509, -374.3755060516244]], "I": [[-866.02540378444, -500.0, 0.0], [-746.958825992203, -475.305107786124, 687.4571246159389], [-408.248116895726, -407.217727429608, 1286.6797128165742], [98.7649075907992, -312.1339848076251, 1726.8440900995588], [701.136960821964, -212.5099309781426, 1967.564319518641], [1319.6737525430183, -130.9896145080823, 2004.422493688356], [1884.37294574363, -84.6104702295232, 1866.02554973386], [2346.1645626092677, -80.62437457041, 1603.9383966629832], [2682.4366731898126, -114.9662335208423, 1278.650959964007], [2895.734868148289, -173.6299796258733, 945.514414965623], [3006.922958371263, -236.4151669507219, 644.1738226736657], [3045.418784494383, -281.9187709951514, 393.658219894996], [3039.534550777726, -292.418887440571, 193.47147956054036], [3009.439481511647, -257.461141093984, 29.35303704318299], [2964.101615812807, -175.4264818745491, -118.67227931880643]], "J": [[-1000.0, 0.0, 0.0], [-834.4155067512413, 18.719237833686, 814.8952168672369], [-370.6025869047432, 65.644236246088, 1493.8838870302834], [301.5609087148572, 116.3420979409089, 1934.7652791873468], [1059.182816428884, 139.8339680699804, 2092.488834796454], [1777.6000706238513, 109.6337961673957, 1985.6327657779357], [2359.305486604359, 13.3998745725851, 1684.966867604369], [2752.3189941912087, -141.9943429313138, 1288.943956837668], [2953.8420181537626, -331.5001123106533, 894.722046631902], [3000.132874223534, -518.4746028403913, 573.852694312725], [2947.7562330471496, -664.4684658678019, 359.1845872072247], [2853.300092811871, -739.0430636561954, 245.074971187548], [2757.930795322972, -726.726942212162, 198.4745691463056], [2680.417830890322, -629.415198775015, 175.449323197762], [2618.80215426096, -464.1016175836251, 137.03094769733656]],