{"A": [[0.0, 1000.0, 0.0], [0.0, 1000.0, 0.0], [0.0, 1000.0, 0.0], [0.0, 1000.0, 0.0], [0.0, 1000.0, 0.0], [0.0, 1000.0, 0.0], [0.0, 1000.0, 0.0], [0.0, 1000.0, 0.0], [0.0, 1000.0, 0.0], [0.0, 1000.0, 0.0], [0.0, 1000.0, 0.0], [0.0, 1000.0, 0.0], [0.0, 1000.0, 0.0], [0.0, 1000.0, 0.0], [0.0, 1000.0, 0.0]], "B": [[499.99999999999994, 866.0254037844387, 0.0], [499.99999999999994, 866.0254037844387, 0.0], [499.99999999999994, 866.0254037844387, 0.0], [499.99999999999994, 866.0254037844387, 0.0], [499.99999999999994, 866.0254037844387, 0.0], [499.99999999999994, 866.0254037844387, 0.0], [499.99999999999994, 866.0254037844387, 0.0], [499.99999999999994, 866.0254037844387, 0.0], [499.99999999999994, 866.0254037844387, 0.0], [499.99999999999994, 866.0254037844387, 0.0], [499.99999999999994, 866.0254037844387, 0.0], [499.99999999999994, 866.0254037844387, 0.0], [499.99999999999994, 866.0254037844387, 0.0], [499.99999999999994, 866.0254037844387, 0.0], [499.99999999999994, 866.0254037844387, 0.0]], "C": [[866.025403784439, 500.0, 0.0], [864.748710675882, 499.65791111258, -26.1233765953087], [860.931670912557, 498.635138390519, -51.9799409116455], [854.613270001353, 496.942127968906, -77.3056057692213], [845.858041213472, 494.596171485644, -101.84170635369], [834.755406470973, 491.621229472534, -125.337642100835], [821.418763031958, 488.047686633308, -147.553436216676], [805.984325302584, 483.912041508093, -168.262186691222], [788.609733605121, 479.256533693938, -187.252383772333], [769.472444111441, 474.128712428786, -204.330070230059], [748.76791638645, 468.580950945206, -219.320822347516], [726.707617053045, 462.669911554032, -232.071531405338], [703.516859968282, 456.455966921303, -242.45196746446], [679.432504970177, 450.002583449337, -250.356109475438], [654.700538699134, 443.375673059777, -255.703228129195]], "D": [[1000.0, 0.0, 0.0], [1003.721477996178, 3.049700348248, 18.7770396155749], [1014.645845117439, 12.113512028573, 35.3003670722313], [1032.063586506436, 26.938644297408, 47.4233120486797], [1054.82735188314, 47.113915746362, 53.20877067831], [1081.403179151491, 72.084539279768, 51.022881387165], [1109.939196043559, 101.171998996555, 39.615884136608], [1138.348936967173, 133.598236885498, 18.186722222215], [1164.405799696822, 168.513199096131, -13.571385548118], [1185.844696461058, 205.024661761635, -55.446391410113], [1200.466645653703, 242.229170141049, -106.70500757775], [1206.241916549569, 279.242885660715, -166.1126486871423], [1201.407385635876, 315.231144802979, -231.9750166095128], [1184.553987723956, 349.435591274561, -302.1997221646116], [1154.700538847592, 381.1978460942131, -374.375508449854]], "E": [[866.025403784439, -500.0, 0.0], [879.066040968946, -488.537162658856, 122.4716420281839], [917.2426151535559, -454.591622993123, 236.9141567000903], [977.7881742233373, -399.467443818232, 335.8348584030867], [1056.3158031935006, -325.256941545002, 412.773676618691], [1147.1367559573064, -234.724908070529, 462.722106948792], [1243.669746045167, -131.157850700372, 482.434327030753], [1338.909022924656, -18.188502386583, 470.608682490503], [1425.914554687927, 100.3926517743062, 427.928279827408], [1498.286427675195, 220.8264984840348, 356.960760544403], [1550.587534919136, 339.5630871749542, 261.92850137924], [1578.683556752037, 453.417344459399, 148.3705384256277], [1579.976678545118, 559.693978588168, 22.7256033250212], [1553.51876636017, 656.275438380234, -108.1288774062576], [1500.000000850972, 741.6697497844061, -237.344560772815]], "F": [[500.0, -866.02540378444, 0.0], [524.735023747841, -841.208285521264, 256.7169464717559], [596.5397981086559, -768.191893334586, 495.2816585503713], [708.4757445762122, -651.163946627196, 699.2476789562747], [849.8205799402537, -496.725434045999, 855.388036173535], [1007.2224560992134, -313.3634184630609, 954.849291535855], [1166.1131166349032, -110.789208623527, 993.823885083697], [1312.210499339639, 100.792838480058, 973.67907696337], [1432.934632859111, 311.4160161106742, 900.547630508002], [1518.5769724518982, 512.0149045160168, 784.449705917656], [1563.0997223974284, 694.9659136094992, 638.068725973698], [1564.4926796814366, 854.464877856931, 475.3394779211757], [1524.673291911017, 986.721448284006, 310.0203439366292], [1448.972767443336, 1089.970488656184, 154.4124144084694], [1345.299463088523, 1164.319480839613, 18.35866737673]], "G": [[0.0, -1000.0, 0.0], [29.548700041051, -970.362168001592, 334.5563444982879], [115.2447621715279, -883.3552782035, 647.0765056267323], [248.5883175718142, -744.5403563041586, 917.7278680587127], [416.5369787912357, -562.671390685205, 1130.825223585477], [603.0448822830124, -348.9746553638197, 1276.28594324435], [790.9406429719222, -116.2368677520258, 1350.426087049334], [963.9067082129561, 122.2114644572203, 1356.007344266675], [1108.307037727582, 353.521193978252, 1301.537993119102], [1214.6270211709252, 566.2616593613413, 1199.926431061402], [1278.3387042515556, 751.183317815879, 1066.671057325196], [1300.0810149579736, 901.7391205945784, 917.8333309438777], [1285.139690462199, 1014.3253384450842, 768.0715107903492], [1242.312284039835, 1088.2347124979412, 629.0044751424055], [1182.33512876144, 1125.3476898585768, 508.126997994568]], "H": [[-500.0, -866.02540378444, 0.0], [-471.618146220628, -840.820936318997, 334.78858016124417], [-389.1873253096191, -767.191759715689, 648.9469395491011], [-260.4670085472398, -650.885109189424, 924.0967038094485], [-97.16703986770331, -500.8175428482838, 1146.0395310802387], [86.6845933144044, -328.1591202392996, 1306.0845657773073], [276.6518634646632, -145.1993493850356, 1401.5867981636095], [459.7685162635281, 35.8734463296112, 1435.6290905102933], [626.0727194296509, 204.134549396513, 1415.918433350222], [769.5416341783693, 350.8875167241293, 1353.100088718631], [888.2735705202515, 470.316840236305, 1258.797072352691], [983.9054246140686, 559.7579093627734, 1143.7338392793647], [1060.403218203053, 619.5697064323822, 1016.2865414832582], [1122.49235991295, 652.6551750983351, 881.7154658256264], [1174.0713320162295, 663.7261677791588, 742.192101005583]], "I": [[-866.02540378444, -500.0, 0.0], [-842.261805490393, -487.867967248775, 257.3503990180753], [-772.6934846169481, -452.876988316842, 500.3587748623661], [-662.1648923939698, -398.995506431129, 716.3958839592556], [-517.7566151423823, -332.0587998415108, 895.8913984464617], [-347.5666777201816, -258.7491086413862, 1033.0327825457173], [-159.4810607267458, -185.440841216884, 1125.6920950565755], [39.7342392795081, -117.1297076837118, 1174.6493337252082], [244.76952318734587, -56.654011691239, 1182.366744483926], [451.4484630858503, -4.3621649299567, 1151.696040546569], [655.8632376513794, 41.710101266568, 1084.926738722588], [853.2747111056296, 85.1987176235484, 983.4890806904757], [1037.1963540179843, 130.4551521410532, 848.4247332414122], [1199.0674615685327, 181.49355278876618, 681.4851686671134], [1328.7718695889496, 241.0764361692438, 486.488873658144]], "J": [[-1000.0, 0.0, 0.0], [-981.429401919144, -7.637691735486, 123.33377685579426], [-925.7465040183961, -30.177502775673, 243.74795941131208], [-832.9904718749268, -66.323062708748, 358.48966857050755], [-703.1519680398883, -113.4037189832068, 464.8836129367567], [-536.3124926228706, -166.8616395101818, 559.8722360031073], [-333.2045608526028, -219.9604747725057, 639.2995243543374], [-96.2860214965839, -263.9780452949278, 697.2781502313222], [168.82360241237697, -289.029237479308, 726.0958118258], [451.97270488091664, -285.4784208912397, 717.043802273289], [737.7850500614384, -245.695504655908, 662.273184653896], [1006.2350839864536, -165.7532305721616, 557.3723872178347], [1234.8015723218132, -46.6153393541938, 403.9616738406992], [1402.0229860877357, 105.54514565214167, 211.3893412535314], [1491.7362040783155, 280.048226170392, -3.279456983675]],