{
  "C__L*L__C": {
    "angle": -1.5066821910073498,
    "mean_close_neighborings": 35.28208760665497,
    "this_folding": [
      -1,
      1,
      -1,
      -1,
      1,
      1,
      1,
      1,
      -1,
      -1,
      1,
      -1,
      -1
    ],
    "this_folding_np_id": "14_2532"
  },
  "B_C__L_M*L_M__B_C": {
    "angle": -1.3143397836447095,
    "mean_close_neighborings": 26.71973992219456,
    "this_folding": [
      -1,
      1,
      -1,
      -1,
      1,
      1,
      1,
      1,
      -1,
      -1,
      1,
      -1,
      -1
    ],
    "this_folding_np_id": "14_2532"
  },
  "B__M*M__B": {
    "angle": -0.9296549689194287,
    "mean_close_neighborings": 39.751713709764864,
    "this_folding": [
      -1,
      1,
      -1,
      -1,
      1,
      1,
      1,
      1,
      -1,
      -1,
      1,
      -1,
      -1
    ],
    "this_folding_np_id": "14_2532"
  },
  "A__N*N__A": {
    "angle": -0.7373125615567883,
    "mean_close_neighborings": 7.054732682629524,
    "this_folding": [
      -1,
      1,
      -1,
      -1,
      1,
      1,
      1,
      1,
      -1,
      -1,
      1,
      -1,
      -1
    ],
    "this_folding_np_id": "14_2532"
  }
}