{
  "E__N*N__E": {
    "angle": -1.5066821910073498,
    "mean_close_neighborings": 35.28208760662469,
    "this_folding": [
      1,
      -1,
      -1,
      1,
      -1,
      -1,
      1,
      1,
      1,
      1,
      -1,
      -1,
      1
    ],
    "this_folding_np_id": "14_4729"
  },
  "D_E__last*last__D_E": {
    "angle": -1.3143397836447095,
    "mean_close_neighborings": 26.71973992210554,
    "this_folding": [
      1,
      -1,
      -1,
      1,
      -1,
      -1,
      1,
      1,
      1,
      1,
      -1,
      -1,
      1
    ],
    "this_folding_np_id": "14_4729"
  },
  "D__O*O__D": {
    "angle": -0.9296549689194287,
    "mean_close_neighborings": 39.75171370967593,
    "this_folding": [
      1,
      -1,
      -1,
      1,
      -1,
      -1,
      1,
      1,
      1,
      1,
      -1,
      -1,
      1
    ],
    "this_folding_np_id": "14_4729"
  }
}