{
  "F_G__last*last__F_G": {
    "angle": -1.5707963267948966,
    "mean_close_neighborings": 12.901436282320859,
    "this_folding": [
      1,
      1,
      -1,
      1,
      1,
      -1,
      -1,
      -1,
      1,
      1,
      -1,
      -1,
      -1
    ],
    "this_folding_np_id": "14_6936"
  },
  "F__O*O__F": {
    "angle": -1.5066821910073498,
    "mean_close_neighborings": 35.28208760664107,
    "this_folding": [
      1,
      1,
      -1,
      1,
      1,
      -1,
      -1,
      -1,
      1,
      1,
      -1,
      -1,
      -1
    ],
    "this_folding_np_id": "14_6936"
  }
}