{
  "G__N*N__G": {
    "angle": -1.3784539194322563,
    "mean_close_neighborings": 14.318964829783862,
    "this_folding": [
      -1,
      -1,
      -1,
      1,
      -1,
      -1,
      1,
      1,
      1,
      1,
      1,
      1,
      -1
    ],
    "this_folding_np_id": "14_638"
  },
  "F_G__last*last__F_G": {
    "angle": -1.121997376282069,
    "mean_close_neighborings": 11.017773873069297,
    "this_folding": [
      -1,
      -1,
      -1,
      1,
      -1,
      -1,
      1,
      1,
      1,
      1,
      1,
      1,
      -1
    ],
    "this_folding_np_id": "14_638"
  },
  "F__O*O__F": {
    "angle": -1.0578832404945222,
    "mean_close_neighborings": 20.820929938006415,
    "this_folding": [
      -1,
      -1,
      -1,
      1,
      -1,
      -1,
      1,
      1,
      1,
      1,
      1,
      1,
      -1
    ],
    "this_folding_np_id": "14_638"
  }
}