{
  "E__N*N__E": {
    "angle": -1.5066821910073498,
    "mean_close_neighborings": 35.2820876068268,
    "this_folding": [
      -1,
      -1,
      -1,
      1,
      -1,
      -1,
      1,
      1,
      1,
      1,
      -1,
      -1,
      -1
    ],
    "this_folding_np_id": "14_632"
  },
  "D_E__last*last__D_E": {
    "angle": -1.3143397836447095,
    "mean_close_neighborings": 26.719739922237938,
    "this_folding": [
      -1,
      -1,
      -1,
      1,
      -1,
      -1,
      1,
      1,
      1,
      1,
      -1,
      -1,
      -1
    ],
    "this_folding_np_id": "14_632"
  }
}