{
  "H_I__first*first__H_I": {
    "angle": -1.5707963267948966,
    "mean_close_neighborings": 12.901436282257707,
    "this_folding": [
      1,
      1,
      -1,
      -1,
      1,
      1,
      1,
      1,
      -1,
      -1,
      -1,
      1,
      -1
    ],
    "this_folding_np_id": "14_6626"
  },
  "C__L*L__C": {
    "angle": -1.5066821910073498,
    "mean_close_neighborings": 35.28208760671125,
    "this_folding": [
      1,
      1,
      -1,
      -1,
      1,
      1,
      1,
      1,
      -1,
      -1,
      -1,
      1,
      -1
    ],
    "this_folding_np_id": "14_6626"
  },
  "B_C__L_M*L_M__B_C": {
    "angle": -1.3143397836447095,
    "mean_close_neighborings": 26.71973992221818,
    "this_folding": [
      1,
      1,
      -1,
      -1,
      1,
      1,
      1,
      1,
      -1,
      -1,
      -1,
      1,
      -1
    ],
    "this_folding_np_id": "14_6626"
  },
  "L_M__first*first__L_M": {
    "angle": -0.7373125615567883,
    "mean_close_neighborings": 38.65904598832755,
    "this_folding": [
      1,
      1,
      -1,
      -1,
      1,
      1,
      1,
      1,
      -1,
      -1,
      -1,
      1,
      -1
    ],
    "this_folding_np_id": "14_6626"
  },
  "A__last*last__A": {
    "angle": -0.35262774683150755,
    "mean_close_neighborings": 48.55273045561255,
    "this_folding": [
      1,
      1,
      -1,
      -1,
      1,
      1,
      1,
      1,
      -1,
      -1,
      -1,
      1,
      -1
    ],
    "this_folding_np_id": "14_6626"
  }
}