{
  "F_G__last*G__O*O__G*last__F_G": {
    "angle": -1.5707963267948966,
    "mean_close_neighborings": 14.438943700692684,
    "this_folding": [
      1,
      1,
      -1,
      1,
      1,
      -1,
      -1,
      -1,
      1,
      1,
      -1,
      -1,
      1
    ],
    "this_folding_np_id": "14_6937"
  }
}