{"A": [[0.0, 1000.0, 0.0], [0.0, 1000.0, 0.0], [0.0, 1000.0, 0.0], [0.0, 1000.0, 0.0], [0.0, 1000.0, 0.0], [0.0, 1000.0, 0.0], [0.0, 1000.0, 0.0], [0.0, 1000.0, 0.0], [0.0, 1000.0, 0.0], [0.0, 1000.0, 0.0], [0.0, 1000.0, 0.0], [0.0, 1000.0, 0.0], [0.0, 1000.0, 0.0], [0.0, 1000.0, 0.0], [0.0, 1000.0, 0.0]], "B": [[587.7852522924732, 809.0169943749474, 0.0], [587.7852522924732, 809.0169943749474, 0.0], [587.7852522924732, 809.0169943749474, 0.0], [587.7852522924732, 809.0169943749474, 0.0], [587.7852522924732, 809.0169943749474, 0.0], [587.7852522924732, 809.0169943749474, 0.0], [587.7852522924732, 809.0169943749474, 0.0], [587.7852522924732, 809.0169943749474, 0.0], [587.7852522924732, 809.0169943749474, 0.0], [587.7852522924732, 809.0169943749474, 0.0], [587.7852522924732, 809.0169943749474, 0.0], [587.7852522924732, 809.0169943749474, 0.0], [587.7852522924732, 809.0169943749474, 0.0], [587.7852522924732, 809.0169943749474, 0.0], [587.7852522924732, 809.0169943749474, 0.0]], "C": [[951.056516295153, 309.016994374947, 0.0], [950.912177865108, 309.016994374947, -10.2394909185235], [950.479277274839, 309.016994374947, -20.4708449311583], [949.758158532792, 309.016994374947, -30.6859315980829], [948.749394682625, 309.016994374947, -40.8766334064722], [947.453787347835, 309.016994374947, -51.0348522211538], [945.872366094738, 309.016994374947, -61.1525157198658], [944.006387614319, 309.016994374947, -71.221583808002], [941.857334723583, 309.016994374947, -81.2340550077477], [939.426915187232, 309.016994374947, -91.1819728165272], [936.717060360561, 309.016994374947, -101.057432029712], [933.7299236547, 309.016994374947, -110.852585022566], [930.467878825381, 309.016994374947, -120.55964798643], [926.933518086611, 309.016994374947, -130.170907114201], [923.129650050743, 309.016994374947, -139.678724730175]], "D": [[951.056516295154, -309.016994374943, 0.0], [950.517322227915, -308.794880369978, -26.8027865835169], [948.90093757519, -308.128714860026, -53.5570001437899], [946.2109515881882, -307.019027219652, -80.2141929333102], [942.4533350435137, -305.466699272373, -106.7261673810282], [937.6364233166491, -303.47296458991, -133.0451002442305], [931.7708927579046, -301.039407511913, -159.1236656400741], [924.869730443641, -298.167961886957, -184.91515658879], [916.9481973959622, -294.86090953579, -210.3736047052257], [908.0237853842061, -291.12087843806, -235.4538976811802], [898.116167441298, -286.950840643971, -260.111894207919], [887.2471422473757, -282.354109912512, -284.304535996227], [875.4405725519593, -277.33433907815, -307.989956560483], [862.722317824218, -271.895517148073, -331.127586443301], [849.1201613386597, -266.041966132286, -353.678254568481]], "E": [[587.785252292473, -809.016994374943, 0.0], [586.7516822195839, -808.161043020938, -43.3559131367954], [583.655909326642, -805.595052630919, -86.5618993959188], [578.5127183523052, -801.324608978742, -129.4687599004995], [571.3466599014847, -795.359004229992, -171.9287475327757], [562.1919150960941, -787.711210812011, -213.7962822347873], [551.0921072620725, -778.397844944526, -254.9286536908987], [538.1000618192949, -767.439119942943, -295.186707312965], [523.2775158608802, -754.85878943791, -334.4355095566357], [506.6947792184981, -740.68408068563, -372.5449887304032], [488.430349108363, -724.945618173798, -409.390547616836], [468.5704807367757, -707.677337758116, -444.853644406839], [447.2087165124453, -688.91639159287, -478.822338651304], [424.4453767636019, -668.703044147782, -511.191799159291], [400.3870150894877, -647.080559630192, -541.864771015748]], "F": [[0.0, -1000.000000000003, 0.0], [-1.277036729718034, -998.118759840213, -53.5687854926183], [-5.09574154873694, -992.483007853774, -106.820157816703], [-11.41901569590676, -983.116606865072, -159.4392440052457], [-20.18541786859434, -970.059186328978, -211.1162275959627], [-31.30974499065987, -953.365930366949, -261.5488173878984], [-44.6838369729674, -933.107282841334, -310.4446455005284], [-60.1775972612051, -909.368571276797, -357.5235723234378], [-77.6402187766008, -882.249551934256, -402.5198769170352], [-96.9016027794579, -851.863878823661, -445.1843126195378], [-117.77395624641, -818.3384999044047, -485.2860090193278], [-140.0535515704323, -781.8129841631826, -522.6142030488409], [-163.5226307875057, -742.4387836757066, -556.9797837286845], [-187.9514351221301, -700.3784351481455, -588.2166370187373], [-213.1003394413203, -655.8047057938113, -616.1827792951532]], "G": [[-587.785252292477, -809.016994374943, 0.0], [-588.70063151483, -806.02625488964, -53.53589668986249], [-591.4249432874709, -797.075716236999, -106.55781925035366], [-595.8930507352097, -782.23022768706, -158.55817889308216], [-601.9975231169633, -761.597239446442, -209.04206788280615], [-609.5903134079869, -735.325861383055, -257.53337736964426], [-618.4850702369204, -703.60555834743, -303.5806518229432], [-628.4600482184251, -666.664495026553, -346.762598590919], [-639.2615714617898, -624.767546720718, -386.6931763961239], [-650.6079965102759, -578.213995711141, -423.0261930189505], [-662.194113315344, -527.3349359507157, -455.4593499139116], [-673.6959161939903, -472.4904116296216, -483.7376799235497], [-684.7756711634347, -414.0663177121427, -507.6563334643824], [-695.087201682252, -352.4710927826055, -527.0626784082626], [-704.2813117163023, -288.1322364558843, -541.8576892106526]], "H": [[-951.056516295157, -309.016994374943, 0.0], [-950.882304706953, -305.341668947447, -43.26982374345849], [-950.332220984154, -294.35927411707, -85.87555417260685], [-949.3246510721337, -276.199969188908, -127.16562216886895], [-947.7259973691143, -251.07874478874, -166.51325466378265], [-945.3542586632639, -219.292540576381, -203.32824722534198], [-941.9839258485994, -181.21626962752, -237.068001156001], [-937.3520804512451, -137.297807928085, -267.2476046364474], [-931.1655552444558, -88.052022518128, -293.4487578937302], [-923.1089917224899, -34.053925748228, -315.3273670439065], [-912.853608498422, 24.0689443473993, -332.6196595982076], [-900.0664782601273, 85.6448065961174, -345.1467059891977], [-884.4200991296638, 149.9664619731623, -352.8172651624844], [-865.6020393829441, 216.3005341274605, -355.6289075342556], [-843.3244326420763, 283.8969923163947, -353.6674046486746]], "I": [[-951.056516295157, 309.016994374947, 0.0], [-949.3200760051163, 312.468085682409, -26.69641806510249], [-944.0895734032894, 322.752618884918, -52.710028143611154], [-935.3026686179975, 339.665745546867, -77.37790610200575], [-922.8594381214543, 362.87060194762, -100.07632876194404], [-906.6281952392375, 391.905034631164, -120.23897401754068], [-886.4533558445818, 426.190818532127, -137.37348626900211], [-862.1650771147897, 465.045175286143, -151.0759370407744], [-833.5903346525004, 507.694351727643, -161.0427718147502], [-800.5650514067819, 553.288976259232, -167.0799070202705], [-762.946852328912, 600.9208746635943, -169.1087235868376], [-720.6279928278473, 649.6409977942224, -167.1687930058447], [-673.5479976813067, 698.4780920398023, -161.4172657829474], [-621.7055504796351, 746.4577299477295, -152.1249476938726], [-565.1691918294143, 792.6213131661688, -139.6691835474626]],