{"A": [[0.0, 1000.0, 0.0], [0.0, 1000.0, 0.0], [0.0, 1000.0, 0.0], [0.0, 1000.0, 0.0], [0.0, 1000.0, 0.0], [0.0, 1000.0, 0.0], [0.0, 1000.0, 0.0], [0.0, 1000.0, 0.0], [0.0, 1000.0, 0.0], [0.0, 1000.0, 0.0], [0.0, 1000.0, 0.0], [0.0, 1000.0, 0.0], [0.0, 1000.0, 0.0], [0.0, 1000.0, 0.0], [0.0, 1000.0, 0.0], [0.0, 1000.0, 0.0], [0.0, 1000.0, 0.0], [0.0, 1000.0, 0.0], [0.0, 1000.0, 0.0], [0.0, 1000.0, 0.0]], "B": [[587.7852522924732, 809.0169943749474, 0.0], [587.7852522924732, 809.0169943749474, 0.0], [587.7852522924732, 809.0169943749474, 0.0], [587.7852522924732, 809.0169943749474, 0.0], [587.7852522924732, 809.0169943749474, 0.0], [587.7852522924732, 809.0169943749474, 0.0], [587.7852522924732, 809.0169943749474, 0.0], [587.7852522924732, 809.0169943749474, 0.0], [587.7852522924732, 809.0169943749474, 0.0], [587.7852522924732, 809.0169943749474, 0.0], [587.7852522924732, 809.0169943749474, 0.0], [587.7852522924732, 809.0169943749474, 0.0], [587.7852522924732, 809.0169943749474, 0.0], [587.7852522924732, 809.0169943749474, 0.0], [587.7852522924732, 809.0169943749474, 0.0], [587.7852522924732, 809.0169943749474, 0.0], [587.7852522924732, 809.0169943749474, 0.0], [587.7852522924732, 809.0169943749474, 0.0], [587.7852522924732, 809.0169943749474, 0.0], [587.7852522924732, 809.0169943749474, 0.0]], "C": [[951.056516295153, 309.016994374947, 0.0], [950.439927635179, 309.016994374947, -21.1565049613936], [948.592254755445, 309.016994374947, -42.2411910792038], [945.519769851183, 309.016994374947, -63.1824833093926], [941.232902920787, 309.016994374947, -83.9092933793999], [935.746206359659, 309.016994374947, -104.351261107659], [929.078305559981, 309.016994374947, -124.438993251501], [921.251835684103, 309.016994374947, -144.104299072643], [912.293364826182, 309.016994374947, -163.280421820604], [902.233303822907, 309.016994374947, -181.902265348232], [891.105803019475, 309.016994374947, -199.906615090078], [878.948636341267, 309.016994374947, -217.232352653465], [865.803073064737, 309.016994374947, -233.820663293787], [851.713737722835, 309.016994374947, -249.615235569747], [836.728458620519, 309.016994374947, -264.56245250076], [820.89810547459, 309.016994374947, -278.61157357762], [804.276416729019, 309.016994374947, -291.714907008561], [786.919817131951, 309.016994374947, -303.827971616006], [768.887226193668, 309.016994374947, -314.909647834416], [750.239858175712, 309.016994374947, -324.922317296652]], "D": [[951.056516295154, -309.016994374943, 0.0], [948.7540692259115, -308.068161990937, -55.3483011180046], [941.8685571631523, -305.224885788916, -110.2685076038832], [930.4652033222839, -300.496817684883, -164.3372369545866], [914.6518358069201, -293.900007796013, -217.1404707155269], [894.5775838459095, -285.456849956182, -268.278086784812], [870.4310765976136, -275.196005696839, -317.368214294499], [842.4381682045802, -263.152306951246, -364.051355630404], [810.859218998182, -249.366637812402, -407.994223261198], [775.985968566835, -233.885795746022, -448.893242854415], [738.138041734901, -216.76233272971, -486.477678610208], [697.659133280662, -198.054376857602, -520.512341783115], [654.912921386624, -177.825435016065, -550.799848919498], [610.278763308009, -156.144177300309, -577.182402338815], [564.147229518912, -133.084203903721, -599.54307174928], [516.91553461319, -108.723795271275, -617.806562526961], [468.982924471927, -83.145646365126, -631.939463012261], [420.746079645131, -56.436585944507, -641.949970096917], [372.594594526719, -28.687281812824, -647.887099294836], [324.906590734454, 0.008066967431, -649.839392317801]], "E": [[587.785252292473, -809.016994374943, 0.0], [583.3748168708955, -805.361898183892, -89.4503999074941], [570.2333774485123, -794.430581392365, -177.5818928829031], [548.6284205675529, -776.324551462649, -263.1028704185471], [518.9987664007521, -751.211633243773, -344.7756427877749], [481.9442766653506, -719.323956255538, -421.441721916542], [438.2118280564716, -680.955173960482, -492.04514411247], [388.6779205003732, -636.456951498796, -555.653263796146], [334.328376827467, -586.234767935837, -611.474518664255], [276.235664845964, -530.743088027362, -658.872749474452], [215.534432186348, -470.479966722906, -697.377751483176], [153.395887052273, -405.981156993746, -726.691836780209], [91.001683010715, -337.813797988559, -746.692294401285], [29.517972559767, -266.569765902138, -757.429745069637], [-29.929717658918, -192.8587742179988, -759.122496568771], [-86.280167031076, -117.30131309742133, -752.147110969826], [-138.55812049319, -40.5215195943868, -737.025493243833], [-185.893413893767, 36.8599289471749, -714.408899415816], [-227.537127851383, 114.232806518606, -685.059338895565], [-262.87442029082, 191.004125089812, -649.8289078513751]], "F": [[0.0, -1000.000000000003, 0.0], [-5.44200648011947, -991.97121256811, -110.3722443285966], [-21.54271524092772, -968.029901967646, -217.9594023049531], [-47.6352718439431, -928.607912713448, -320.071267342421], [-82.6381162575269, -874.414037089181, -414.2035936580553], [-125.0984161109894, -806.4178931514044, -498.121748996206], [-173.2502130899284, -725.8279469144003, -569.9336396340346], [-225.0847716965798, -634.0642515367515, -628.1490837042808], [-278.430107367299, -532.7266118619923, -671.723406878194], [-331.036298538985, -423.55899824419, -700.0837265806792], [-380.66297107506, -308.411126009504, -713.1371443736418], [-425.165292272032, -189.198183641085, -711.260845452586], [-462.574926236381, -67.859732056222, -695.2748729256869], [-491.172675532972, 53.681191801018, -666.3990671139373], [-509.549950880581, 173.5577515384742, -626.196303562778], [-516.656749762116, 289.9967981385287, -576.504699034419], [-511.834458955159, 401.3532690586392, -519.361859286805], [-494.832493774736, 506.1406977203349, -456.924499437712], [-465.808514251898, 603.057148739173, -391.386868061955], [-425.312680654291, 691.006029101751, -324.9013485329581]], "G": [[-587.785252292477, -809.016994374943, 0.0], [-591.6710105142914, -796.263567744821, -110.08269827274526], [-602.9332088232197, -758.39719253072, -215.67196785155195], [-620.4128656421032, -696.584871070909, -312.5116747707952], [-642.2640985169169, -612.723190388127, -396.8061230601567], [-666.0767914444834, -509.3678455010514, -465.4158189135637], [-689.0368284126374, -389.6391673675723, -516.0144110521552], [-708.1133529337848, -257.10761799744944, -547.1978799529581], [-720.260795380699, -115.6640277133353, -558.540125060755], [-722.62253098414, 30.620056080816, -550.5925214147773], [-712.723044584591, 177.636188648786, -524.8285499218088], [-688.636373058099, 321.381203249127, -483.538008384483], [-649.120299815715, 458.092095266164, -429.6783552856819], [-593.708158626286, 584.368382746411, -366.6932257904423], [-522.7529907532493, 697.2773508641542, -298.30993258897], [-437.4219817896957, 794.4384201214117, -228.328719383695], [-339.642357320465, 874.0838607709262, -160.416628027108], [-232.003013983433, 935.0941604797459, -97.918089203232], [-117.618895093503, 977.007485952803, -43.692827764665], [0.032690775822, 1000.003807993163, 0.0104839589699459]],