{"A": [[0.0, 1000.0, 0.0], [0.0, 1000.0, 0.0], [0.0, 1000.0, 0.0], [0.0, 1000.0, 0.0], [0.0, 1000.0, 0.0], [0.0, 1000.0, 0.0], [0.0, 1000.0, 0.0], [0.0, 1000.0, 0.0], [0.0, 1000.0, 0.0], [0.0, 1000.0, 0.0], [0.0, 1000.0, 0.0], [0.0, 1000.0, 0.0], [0.0, 1000.0, 0.0], [0.0, 1000.0, 0.0], [0.0, 1000.0, 0.0], [0.0, 1000.0, 0.0], [0.0, 1000.0, 0.0], [0.0, 1000.0, 0.0], [0.0, 1000.0, 0.0], [0.0, 1000.0, 0.0]], "B": [[587.7852522924732, 809.0169943749474, 0.0], [587.7852522924732, 809.0169943749474, 0.0], [587.7852522924732, 809.0169943749474, 0.0], [587.7852522924732, 809.0169943749474, 0.0], [587.7852522924732, 809.0169943749474, 0.0], [587.7852522924732, 809.0169943749474, 0.0], [587.7852522924732, 809.0169943749474, 0.0], [587.7852522924732, 809.0169943749474, 0.0], [587.7852522924732, 809.0169943749474, 0.0], [587.7852522924732, 809.0169943749474, 0.0], [587.7852522924732, 809.0169943749474, 0.0], [587.7852522924732, 809.0169943749474, 0.0], [587.7852522924732, 809.0169943749474, 0.0], [587.7852522924732, 809.0169943749474, 0.0], [587.7852522924732, 809.0169943749474, 0.0], [587.7852522924732, 809.0169943749474, 0.0], [587.7852522924732, 809.0169943749474, 0.0], [587.7852522924732, 809.0169943749474, 0.0], [587.7852522924732, 809.0169943749474, 0.0], [587.7852522924732, 809.0169943749474, 0.0]], "C": [[951.056516295153, 309.016994374947, 0.0], [949.590013926816, 309.016994374947, -32.6086753613366], [945.202347170379, 309.016994374947, -64.9540725370065], [937.928941474136, 309.016994374947, -96.7750390150259], [927.828521365658, 309.016994374947, -127.814656468365], [914.982636317629, 309.016994374947, -157.822315079963], [899.495002328055, 309.016994374947, -186.555736933657], [881.49066453084, 309.016994374947, -213.782932134433], [861.114987597713, 309.016994374947, -239.284071864536], [838.532482082851, 309.016994374947, -262.85326325263], [813.925476186154, 309.016994374947, -284.300211725951], [787.492643659174, 309.016994374947, -303.451757423832], [759.447399739195, 309.016994374947, -320.153273267797], [730.01617806248, 309.016994374947, -334.269913400401], [699.436602468671, 309.016994374947, -345.687701913066], [667.9555684569453, 309.016994374947, -354.314453072681], [635.8272497839992, 309.016994374947, -360.080515617173], [603.3110462983391, 309.016994374947, -362.939335110693], [570.6694895797863, 309.016994374947, -362.867829818059], [538.1661232937906, 309.016994374947, -359.866577063663]], "D": [[951.056516295154, -309.016994374943, 0.0], [945.5841827139549, -306.760279276813, -85.2234434440543], [929.2904186971505, -300.008354405365, -168.8816739015215], [902.5413915003198, -288.815733920103, -249.4503858665949], [865.935680858981, -273.272785576895, -325.485847358058], [820.2871144516258, -253.505001110513, -395.662122479145], [766.601492912557, -229.671983030759, -458.80472596195], [706.047930696523, -201.966156012644, -513.919698317473], [639.925706144911, -170.611213284701, -560.217235370095], [569.627652603055, -135.860310559071, -597.129178459194], [496.601227976615, -97.994022085352, -624.319865905388], [422.308469338337, -57.318075330754, -641.690056230201], [348.186069919081, -14.160882576461, -649.373852354025], [275.606807090505, 31.129110640229, -647.728776564921], [205.84350209134, 78.186238829663, -637.319361381626], [140.0366068417174, 126.630568885235, -618.894824631653], [79.1663930142051, 176.070967613658, -593.361581627264], [24.0305674856911, 226.1082596932854, -561.751507349152], [-24.7720387288947, 276.3384505635163, -525.186991933581], [-66.8512582389914, 326.35598822411, -484.843929354446]], "E": [[587.785252292473, -809.016994374943, 0.0], [577.3159300635618, -800.329569804044, -137.5097780677142], [546.4139723926745, -774.459088543156, -270.2135000543585], [496.5691899101928, -731.975458583151, -393.5407784080219], [430.172313414063, -673.810465889541, -503.378695704843], [350.3826318088598, -601.231274776446, -596.266776076074], [260.954401782724, -515.804491791637, -669.553908433081], [166.0327955181, -419.351911742272, -721.508470254191], [69.931946038396, -313.899321813118, -751.375919829082], [-23.091393955042, -201.6199531111359, -759.381489717894], [-109.055002901139, -84.7743316176462, -746.679095361103], [-184.446404375851, 34.3516127201575, -715.2509341941995], [-246.385054147409, 153.508272538481, -667.7652660968464], [-292.742770481598, 270.542032262214, -607.4023350638231], [-322.21657240065, 383.451060448963, -537.6601537821205], [-334.3513140687136, 490.435537028925, -462.152817185186], [-329.5128298789149, 589.940811996865, -384.414085983496], [-308.8155034555919, 680.6922244361064, -307.718195935556], [-274.0110256569137, 761.7205830791243, -234.928272719498], [-227.3474198873124, 832.377613128362, -168.380489956579]], "F": [[0.0, -1000.000000000003, 0.0], [-12.88663543760817, -980.936493488705, -169.2600858316877], [-50.2828106313335, -924.562841890839, -328.4185136686926], [-108.5177804129412, -833.285457195933, -468.1869690432622], [-181.86275207227, -710.9704615054485, -580.8269015658155], [-263.0726017562862, -562.7362517406006, -660.7401881395554], [-344.06512019866, -394.681264540167, -704.8604671964395], [-416.669167907286, -213.563647997541, -712.8122886067665], [-473.367186568288, -26.452338772492, -686.8290709534263], [-507.959598512667, 159.6294583520661, -631.445184563102], [-516.088365698892, 338.0472765896708, -552.999616704644], [-495.573146886913, 502.8650306472765, -459.0062492409045], [-446.53415213631, 649.103991039397, -357.4569780542974], [-371.2985433165906, 772.937414967182, -256.1276829166351], [-274.1094843140303, 871.811621114711, -161.9532439279545], [-160.6762487695786, 944.489270503728, -80.527097322062], [-37.6181035654639, 991.015755208037, -15.764699806531], [88.1373961083371, 1012.6145455556544, 30.249227820804], [209.9401466591703, 1011.5217665450143, 57.230319149774], [321.9315668789786, 990.773869266664, 66.500824729092]], "G": [[-587.785252292477, -809.016994374943, 0.0], [-596.9223559344532, -778.780187343784, -168.20352552560038], [-622.1311872588935, -690.280621164525, -320.2156818353391], [-657.1498239846932, -549.955574351242, -441.8607558023778], [-692.639504546043, -367.9024078366565, -522.7112329871027], [-717.6512920110353, -156.9975933238916, -557.2976113995984], [-721.349617821787, 68.211695060054, -545.6356982189955], [-694.728147462322, 292.734900638901, -493.0146662639695], [-632.058407449556, 502.366109859726, -409.0987052180042], [-531.8574462150258, 684.7974268286831, -306.493635849377], [-397.239170305847, 830.5171743549458, -199.002046374574], [-235.611387813094, 933.4173352879116, -99.8257820130875], [-57.780701807534, 991.066699975541, -19.9687978099584], [123.3860041085444, 1004.641633143447, 32.9507927058749], [294.5350537075057, 978.541209298764, 55.3442379590885], [443.4015927999734, 919.7438706860587, 47.705651079599], [560.1674718344511, 836.985547362444, 14.1202824579584], [638.4277080123381, 739.8521451689834, -38.6511118735742], [675.6616716908333, 637.8814735194914, -102.339113386978], [673.1857422198926, 539.761367094684, -168.391147122331]],