{"A": [[0.0, 1000.0, 0.0], [0.0, 1000.0, 0.0], [0.0, 1000.0, 0.0], [0.0, 1000.0, 0.0], [0.0, 1000.0, 0.0], [0.0, 1000.0, 0.0], [0.0, 1000.0, 0.0], [0.0, 1000.0, 0.0], [0.0, 1000.0, 0.0], [0.0, 1000.0, 0.0], [0.0, 1000.0, 0.0], [0.0, 1000.0, 0.0], [0.0, 1000.0, 0.0], [0.0, 1000.0, 0.0], [0.0, 1000.0, 0.0]], "B": [[587.7852522924732, 809.0169943749474, 0.0], [587.7852522924732, 809.0169943749474, 0.0], [587.7852522924732, 809.0169943749474, 0.0], [587.7852522924732, 809.0169943749474, 0.0], [587.7852522924732, 809.0169943749474, 0.0], [587.7852522924732, 809.0169943749474, 0.0], [587.7852522924732, 809.0169943749474, 0.0], [587.7852522924732, 809.0169943749474, 0.0], [587.7852522924732, 809.0169943749474, 0.0], [587.7852522924732, 809.0169943749474, 0.0], [587.7852522924732, 809.0169943749474, 0.0], [587.7852522924732, 809.0169943749474, 0.0], [587.7852522924732, 809.0169943749474, 0.0], [587.7852522924732, 809.0169943749474, 0.0], [587.7852522924732, 809.0169943749474, 0.0]], "C": [[951.056516295153, 309.016994374947, 0.0], [950.707875955146, 309.016994374947, -15.91164617211], [949.662624132493, 309.016994374947, -31.7927507502036], [947.922767134804, 309.016994374947, -47.6128307632976], [945.491644528929, 309.016994374947, -63.3415203739519], [942.373922730825, 309.016994374947, -78.9486291639468], [938.575586048616, 309.016994374947, -94.4042000832524], [934.10392519601, 309.016994374947, -109.67856695106], [928.96752329815, 309.016994374947, -124.742411398503], [923.176239416745, 309.016994374947, -139.566819143775], [916.741189626097, 309.016994374947, -154.123335491617], [909.674725676369, 309.016994374947, -168.384019950657], [901.990411285025, 309.016994374947, -182.321499863757], [893.702996101969, 309.016994374947, -195.909022948439], [884.828387398344, 309.016994374947, -209.120508646522]], "D": [[951.056516295154, -309.016994374943, 0.0], [952.0097112737263, -308.480492057526, 9.8015940842272], [954.8589718231129, -306.872014894135, 19.3906204002562], [959.5734097913218, -304.194650274722, 28.5564060835899], [966.1018276182728, -300.453537264243, 37.0920530293971], [974.3731400587199, -295.655856738486, 44.7962877694522], [984.2969599788596, -289.810817600743, 51.4752666707686], [995.7643436538131, -282.929639105794, 56.944322102409], [1008.6486897473684, -275.025529325116, 61.02963567385], [1022.8067849542794, -266.113659794661, 63.569825212754], [1038.079988138561, -256.211136393871, 64.417432817727], [1054.295543717209, -245.33696651181, 63.440302087521], [1071.268014026103, -233.512022563452, 60.522833486205], [1088.800819471327, -220.759001926139, 55.567107747557], [1106.687874421859, -207.102383373129, 48.493868244018]], "E": [[587.785252292473, -809.016994374943, 0.0], [589.3692271404334, -808.275505632276, 35.547174743724], [594.110614410994, -806.051734169953, 70.8322546887867], [601.9778512749018, -802.347768541987, 105.5946987699997], [612.9184965006037, -797.16710381027, 139.5770698848281], [626.8594763044149, -790.514662574227, 172.5265779945742], [643.7074297500316, -782.396824057028, 204.1966122386386], [663.3491548155231, -772.821460897083, 234.348257858409], [685.6521564376344, -761.797983197679, 262.751793283984], [710.4652979429563, -749.337389296297, 289.188162207322], [737.619557267482, -735.452322628002, 313.450414865841], [766.9288892367, -720.157133975225, 335.34511210897], [798.191194916776, -703.467948320632, 354.693685136994], [831.189398646401, -685.402735450251, 371.333743108929], [865.692632813929, -665.981383392072, 385.120320136996]], "F": [[0.0, -1000.000000000003, 0.0], [1.69187771772139, -998.927056205425, 51.4635339271804], [6.75875869064098, -995.711016673621, 102.6625137539926], [15.1743383765698, -990.360269348727, 153.3330276125306], [26.8946200194447, -982.888834868903, 203.2124849985075], [41.8576952509959, -973.316425704432, 252.0403680622264], [59.9834651472176, -961.668525077196, 299.5590871007033], [81.1733286968231, -947.97648188822, 345.514967599725], [105.3098715913094, -932.277616944551, 389.65939016843], [132.2565929655163, -914.615334942931, 431.750097594182], [161.857711014193, -895.039235956898, 471.552675264821], [193.938090141556, -873.6052196001, 508.842202633509], [228.30333237554, -850.375574617896, 543.405064534201], [264.740074159944, -825.419046401322, 575.040902302203], [303.016526345312, -798.810874830547, 603.564676126389]], "G": [[-587.785252292477, -809.016994374943, 0.0], [-585.9189834136716, -807.408161468485, 51.454085076493456], [-580.328434451024, -802.592832232001, 102.58676999855516], [-571.0385947775152, -794.60444574856, 153.07655226255764], [-558.0918185641823, -783.498501468292, 202.60185438912583], [-541.5488275898961, -769.35220678202, 250.8413033547067], [-521.4900080961464, -752.263976131715, 297.47437001131317], [-498.0169013433589, -732.352774841229, 342.18245572042], [-471.2537681045106, -709.757299839619, 384.65048745977833], [-441.3490942139577, -684.634989086665, 424.5690527328931], [-408.476898209601, -657.160851886833, 461.6370732221987], [-372.837703451447, -627.526113450039, 495.5649829124249], [-334.659045889107, -595.936669051303, 526.0783440481683], [-294.195404532322, -562.611345946135, 552.9218044315515], [-251.727463948912, -527.779974768372, 575.863273742423]], "H": [[-951.056516295157, -309.016994374943, 0.0], [-948.3854702826486, -307.078030384881, 35.52244747013286], [-940.3850316281951, -301.290232542141, 70.63427990021786], [-927.0936914079512, -291.740372743083, 104.92571121127276], [-908.5768701147923, -278.571375076046, 137.98887641295624], [-884.9286800520752, -261.979792950415, 169.4194275727597], [-856.2741221243114, -242.212319087675, 198.81883093156975], [-822.7714707825819, -219.561371568207, 225.797501333147], [-784.6145633479136, -194.359812993079, 249.97883562913233], [-742.0346938047257, -166.974874550468, 271.0041242263661], [-695.301817888066, -137.801372275622, 288.5382354458697], [-644.724805734166, -107.25431882554, 302.2758870466409], [-590.650528763927, -75.761050272093, 311.9482490747673], [-533.461635572568, -43.753003237917, 317.3295674287475], [-473.572952878214, -11.657292526446, 318.243462456068]], "I": [[-951.056516295157, 309.016994374947, 0.0], [-946.868776467677, 310.417376017542, 9.771059898272958], [-934.3370225670837, 314.565660383102, 19.14688352259306], [-913.555966080322, 321.304998309485, 27.736889001907453], [-884.6844300750028, 330.379700286028, 35.16013347395023], [-847.9465386062343, 341.443653352503, 41.05090761520069], [-803.6328785216081, 354.071764503985, 45.06512405813076], [-752.1011964404265, 367.77409798702, 46.88755254089601], [-693.7761560586276, 382.012290014147, 46.23980184749232], [-629.1476969253287, 396.21774934737, 42.88879029916313], [-558.767605576553, 409.811088201767, 36.65529984189769], [-483.244028239352, 422.222177358577, 27.4220900229069], [-403.233811224357, 432.910184599187, 15.1409714495123], [-319.432736638684, 441.382938769754, -0.1617859079615], [-232.563910509014, 447.214964863782, -18.382300289398]], "J": [[-587.785252292477, 809.016994374947, 0.0], [-581.949854875033, 808.553224956933, -15.936291485888942], [-564.5204868754057, 807.096831111288, -31.98810489280184], [-535.726936879161, 804.45654085633, -48.26194571036625], [-495.9498022369707, 800.326658482669, -64.84615058582777], [-445.7165712718303, 794.306037809377, -81.8015460530203], [-385.6955171946821, 785.923346627627, -99.15201873183123], [-316.6869222287725, 774.66738913982, -116.87529635252999], [-239.6111914303456, 760.020991610422, -134.8944513234597], [-155.4935566895427, 741.496759338652, -153.07082785480188], [-65.445302200616, 718.672890672644, -171.19922432441032], [29.358259739271, 691.227193744426, -189.0062047271861], [127.702502739794, 658.967498440538, -206.1523466220007], [228.360005559425, 621.856790781432, -222.2390508074645], [330.11771496782, 580.031616350751, -236.820247287285]],