{"A": [[0.0, 1000.0, 0.0], [0.0, 1000.0, 0.0], [0.0, 1000.0, 0.0], [0.0, 1000.0, 0.0], [0.0, 1000.0, 0.0], [0.0, 1000.0, 0.0], [0.0, 1000.0, 0.0], [0.0, 1000.0, 0.0], [0.0, 1000.0, 0.0], [0.0, 1000.0, 0.0], [0.0, 1000.0, 0.0], [0.0, 1000.0, 0.0], [0.0, 1000.0, 0.0], [0.0, 1000.0, 0.0], [0.0, 1000.0, 0.0]], "B": [[587.7852522924732, 809.0169943749474, 0.0], [587.7852522924732, 809.0169943749474, 0.0], [587.7852522924732, 809.0169943749474, 0.0], [587.7852522924732, 809.0169943749474, 0.0], [587.7852522924732, 809.0169943749474, 0.0], [587.7852522924732, 809.0169943749474, 0.0], [587.7852522924732, 809.0169943749474, 0.0], [587.7852522924732, 809.0169943749474, 0.0], [587.7852522924732, 809.0169943749474, 0.0], [587.7852522924732, 809.0169943749474, 0.0], [587.7852522924732, 809.0169943749474, 0.0], [587.7852522924732, 809.0169943749474, 0.0], [587.7852522924732, 809.0169943749474, 0.0], [587.7852522924732, 809.0169943749474, 0.0], [587.7852522924732, 809.0169943749474, 0.0]], "C": [[951.056516295153, 309.016994374947, 0.0], [949.069295262161, 309.016994374947, -37.9453758128931], [943.129373753149, 309.016994374947, -75.4756026371802], [933.301738669789, 309.016994374947, -112.180073504964], [919.693911223239, 309.016994374947, -147.657215796876], [902.454770576785, 309.016994374947, -181.518884727799], [881.772925003516, 309.016994374947, -213.394609922673], [857.874648379716, 309.016994374947, -242.935648621879], [831.021404590174, 309.016994374947, -269.818801171294], [801.506986930153, 309.016994374947, -293.749947052874], [769.654303800961, 309.016994374947, -314.467262769128], [735.81184586588, 309.016994374947, -331.744086375565], [700.349873318219, 309.016994374947, -345.391397321119], [663.6563649754704, 309.016994374947, -355.259884465371], [626.1327735192987, 309.016994374947, -361.241579647004]], "D": [[951.056516295154, -309.016994374943, 0.0], [956.4706634144811, -305.958975645959, 23.0118821341242], [972.3793342411743, -296.818376325759, 43.1580969152098], [997.7968504662794, -281.695200973047, 57.718408158676], [1031.13183190455, -260.754907718564, 64.25687214696], [1070.261923566165, -234.226598037244, 60.747848355379], [1112.633724872961, -202.400510217618, 45.683444589963], [1155.38347989754, -165.624843951655, 18.157498988207], [1195.473160106323, -124.301950786242, -22.077765176667], [1229.835879096575, -78.88393211546, -74.585071642902], [1255.524152654465, -29.867692874674, -138.246747581766], [1269.854375931984, 22.210494947498, -211.300658921567], [1270.541039011749, 76.780859500346, -291.4059967607948], [1255.8146362477473, 133.246362774186, -375.7361653922497], [1224.5179247410397, 190.98923261436, -461.0948194603387]], "E": [[587.785252292473, -809.016994374943, 0.0], [596.7970188640442, -804.788941906002, 84.4085060389795], [623.4907077639363, -792.127499052306, 165.2712023084828], [666.8506179457304, -771.101588462864, 239.162587769734], [725.214526486057, -741.828624485369, 302.896124014216], [796.320152710245, -704.478143824881, 353.639297726584], [877.371078816057, -659.276529019401, 389.022638484635], [965.122511703385, -606.51248595579, 407.239575624953], [1055.986758486697, -546.542868347761, 407.133328051503], [1146.1574273463425, -479.798393400785, 388.26644093439], [1231.7501934280533, -406.788766288466, 350.968250685256], [1308.9565721067966, -328.106728065514, 296.355595609847], [1374.205645875926, -244.430562689674, 226.3225834706502], [1424.3272523292214, -156.524643284184, 143.4962233504033], [1456.7089285740417, -65.237663952578, 51.1562190596463]], "F": [[0.0, -1000.000000000003, 0.0], [9.63124645428614, -993.885949142007, 122.4175683129181], [38.2390095396763, -975.634950252222, 241.2414354912202], [84.9573426663934, -945.52264196756, 352.932194999006], [148.320422898429, -904.015104401389, 454.074000134981], [226.242330769178, -851.776936783526, 541.469949575446], [316.013073695573, -789.678921851978, 612.267833910644], [414.328825656906, -718.802183447625, 664.111821106306], [517.371737691972, -640.4355802574376, 695.30693765976], [620.9483128149004, -556.0633464919827, 704.976172697082], [720.6862387229482, -467.3406781700763, 693.186180400771], [812.2792799543486, -376.0560138275772, 661.017829334594], [891.760171816976, -284.0800718509365, 610.5624723856452], [955.7742107895804, -193.3031525524109, 544.8332385509253], [1001.8228179012577, -105.5636420579781, 467.5916318872943]], "G": [[-587.785252292477, -809.016994374943, 0.0], [-577.1581579267638, -799.864843381255, 122.28843419919325], [-545.5509798249927, -772.770046143236, 240.19728580546317], [-493.8227863417496, -728.804455424303, 349.35432736336895], [-423.512312759459, -669.709708757973, 445.45337066241245], [-336.948498015445, -597.8267742939, 524.399021232454], [-237.320578670267, -515.992317568571, 582.5437183577047], [-128.65412879743, -427.400166184238, 616.9908410976368], [-15.658677098242, -335.4294691155466, 625.9105377186869], [96.5565297594424, -243.4459970627076, 608.8010098438428], [202.8676407673642, -154.5886084519883, 566.631631891162], [298.5626886028566, -71.5581218383102, 501.825151128561], [379.735247214442, 3.5704879621605, 418.0692432187742], [443.5745302723444, 69.4905494142361, 319.9844699645503], [488.5024018041197, 125.7409316291159, 212.7066463361633]], "H": [[-951.056516295157, -309.016994374943, 0.0], [-935.8487600667058, -298.021732839978, 84.07121832922314], [-890.6484644822967, -265.969627932137, 162.5630573082352], [-816.7888095908926, -215.568269150732, 229.99111621310396], [-716.667329263589, -151.025269560643, 281.15912218388246], [-593.890048603004, -77.614053583757, 311.5005100983579], [-453.286253034478, -1.114703759231, 317.5420550713787], [-300.706331405113, 72.81837584386, 297.3888056860388], [-142.587511867391, 139.2950631693274, 251.0883123889189], [14.6416896025241, 194.7572769987484, 180.7427651924939], [165.1809038198172, 237.3977386762147, 90.299368892489], [304.34318891712945, 267.3629581299198, -14.958264452273], [428.7832242640267, 286.6984425001025, -129.1042836962338], [536.4253801808004, 299.0301507550591, -246.2807526455687], [626.1454410911117, 309.0181173642219, -361.2531764519567]], "I": [[-951.056516295157, 309.016994374947, 0.0], [-927.2391762347403, 316.887080012907, 22.59733613374274], [-856.818509915123, 338.82124067925, 39.88644719705918], [-742.9306614851395, 370.102071857548, 46.95768519095297], [-590.872828661367, 403.852800149193, 39.80443997649346], [-408.005860983029, 432.343816292043, 15.9399393269969], [-203.341400394478, 448.499289235985, -25.0084363773413], [13.23218202468, 447.332136538844, -80.9603242002442], [231.959064608026, 427.0318552105104, -147.5197806128361], [444.1951031206761, 389.4775962785904, -218.6741516307161], [643.0615330586422, 340.0474717405077, -287.932237071685], [823.5835050368414, 286.7309362404044, -349.59297094566], [982.3242342468947, 238.6982218289464, -399.7596740596318], [1116.7318345448944, 204.6054161466242, -436.7916441126847], [1224.5322195789886, 190.9827912936969, -461.0877214773827]], "J": [[-587.785252292477, 809.016994374947, 0.0], [-554.6706313629082, 806.226523316833, -38.27630224279236], [-457.808366319033, 795.837778355305, -77.98127886958082], [-304.4955183819455, 772.497275420815, -119.83181295406703], [-106.320244762924, 729.420790386184, -163.12482952521555], [121.897919014807, 660.980359464373, -205.1784143217181], [363.747058010971, 565.239871588296, -241.2220530287893], [603.214932656591, 445.68492155142343, -265.0354498682412], [826.548216084993, 311.5766040942094, -270.4011754034241], [1023.4330814196192, 176.7152503921304, -253.0479777074557], [1187.1752829747543, 56.8426790782787, -212.4253909220543], [1313.9781520068414, -33.6825103772686, -152.579456942575], [1401.8145581498306, -85.0589569814786, -81.6792305070058], [1449.5399903237524, -94.1954149176658, -10.2675462559827], [1456.7050955198906, -65.2427678167481, 51.1722025709133]],