{"A": [[0.0, 1000.0, 0.0], [0.0, 1000.0, 0.0], [0.0, 1000.0, 0.0], [0.0, 1000.0, 0.0], [0.0, 1000.0, 0.0], [0.0, 1000.0, 0.0], [0.0, 1000.0, 0.0], [0.0, 1000.0, 0.0], [0.0, 1000.0, 0.0], [0.0, 1000.0, 0.0], [0.0, 1000.0, 0.0], [0.0, 1000.0, 0.0], [0.0, 1000.0, 0.0], [0.0, 1000.0, 0.0], [0.0, 1000.0, 0.0], [0.0, 1000.0, 0.0], [0.0, 1000.0, 0.0], [0.0, 1000.0, 0.0], [0.0, 1000.0, 0.0], [0.0, 1000.0, 0.0]], "B": [[587.7852522924732, 809.0169943749474, 0.0], [587.7852522924732, 809.0169943749474, 0.0], [587.7852522924732, 809.0169943749474, 0.0], [587.7852522924732, 809.0169943749474, 0.0], [587.7852522924732, 809.0169943749474, 0.0], [587.7852522924732, 809.0169943749474, 0.0], [587.7852522924732, 809.0169943749474, 0.0], [587.7852522924732, 809.0169943749474, 0.0], [587.7852522924732, 809.0169943749474, 0.0], [587.7852522924732, 809.0169943749474, 0.0], [587.7852522924732, 809.0169943749474, 0.0], [587.7852522924732, 809.0169943749474, 0.0], [587.7852522924732, 809.0169943749474, 0.0], [587.7852522924732, 809.0169943749474, 0.0], [587.7852522924732, 809.0169943749474, 0.0], [587.7852522924732, 809.0169943749474, 0.0], [587.7852522924732, 809.0169943749474, 0.0], [587.7852522924732, 809.0169943749474, 0.0], [587.7852522924732, 809.0169943749474, 0.0], [587.7852522924732, 809.0169943749474, 0.0]], "C": [[951.056516295153, 309.016994374947, 0.0], [950.702292584261, 309.016994374947, -16.038488580713], [949.640312254573, 309.016994374947, -32.0456990863062], [947.872646367857, 309.016994374947, -47.9904144398006], [945.402742205703, 309.016994374947, -63.8415394415407], [942.235416546669, 309.016994374947, -79.5681614106937], [938.376846272661, 309.016994374947, -95.1396104708023], [933.834556322844, 309.016994374947, -110.525519361824], [928.617405018596, 309.016994374947, -125.695882662009], [922.735566788112, 309.016994374947, -140.62111530413], [916.200512324349, 309.016994374947, -155.272110271936], [909.024986215016, 309.016994374947, -169.620295364319], [901.222982088224, 309.016994374947, -183.637688916493], [892.809715322276, 309.016994374947, -197.296954369512], [883.801593372812, 309.016994374947, -210.571453581708], [874.216183775176, 309.016994374947, -223.435298778093], [864.072179884415, 309.016994374947, -235.863403036396], [853.389364419713, 309.016994374947, -247.831529211288], [842.188570884357, 309.016994374947, -259.316337201383], [830.491642936485, 309.016994374947, -270.295429466835]], "D": [[951.056516295154, -309.016994374943, 0.0], [952.024964875293, -308.471900133198, 9.8792070579543], [954.9196530773683, -306.837680444455, 19.5407265861903], [959.7086974410958, -304.11752234507, 28.7688426670907], [966.339255341523, -300.316730655939, 37.3517666997143], [974.73796723351, -295.442717637098, 45.0835614143993], [984.8115708763189, -289.504988532424, 51.7660176641017], [996.4476826668266, -282.515123032609, 57.210468830527], [1009.5157398837168, -274.486752692592, 61.239528173636], [1023.868096367309, -265.435534347447, 63.688735059132], [1039.341262940554, -255.379119578614, 64.408096715166], [1055.757282725683, -244.337120289981, 63.263512991262], [1072.925230437041, -232.331070460981, 60.138072512851], [1090.642823742222, -219.38438415127, 54.933209636688], [1108.698133888453, -205.522309838903, 47.569712707829], [1126.871381996338, -190.771881181042, 37.988575289302], [1144.936806734711, -175.161864293224, 26.151683271875], [1162.66458851397, -158.722701650026, 12.042332063778], [1179.822814875331, -141.486452716494, -4.334430601185], [1196.179471413609, -123.486731426149, -22.951639324542]], "E": [[587.785252292473, -809.016994374943, 0.0], [589.3945838515999, -808.263629922705, 35.8300228973414], [594.2117011298022, -806.004253778228, 71.3916351425749], [602.2040233130137, -802.241022042727, 106.418042763638], [613.317420516086, -796.977543045638, 140.6456814429863], [627.4764716551539, -790.218899395552, 173.8158219527513], [644.5848267561099, -781.971678473327, 205.6761639641987], [664.5256748877256, -772.244010992668, 235.98241377547], [687.1623191092337, -761.045617152243, 264.499841025978], [712.338859924201, -748.3878598058, 291.004808898294], [739.880988717893, -734.28380398432, 315.286271666406], [769.596892509853, -718.748282017149, 337.147232752601], [801.278271065385, -701.797963418757, 356.406155726029], [834.701466971317, -683.45142863441, 372.898319938207], [869.628708688478, -663.729245672439, 386.477111769434], [905.809465845302, -642.654048593658, 397.015241781102], [942.981915137276, -620.250616780136, 404.405877458295], [980.874514153149, -596.545953866501, 408.563680710458], [1019.207679272112, -571.569365187659, 409.425738899922], [1057.695562481465, -545.352532577417, 406.952377911839]], "F": [[0.0, -1000.000000000003, 0.0], [1.71896517606595, -998.909874322127, 51.8733380420258], [6.86682577251828, -995.642379326878, 103.4757430472207], [15.4164266664628, -990.206174120195, 154.5369504441691], [27.322345984956, -982.615733248057, 204.788071589705], [42.5206654211699, -972.891408663622, 253.9623774680471], [60.9286787223529, -961.059512354756, 301.7961924086561], [82.4445670347536, -947.152415614499, 348.029926569859], [106.9470760941558, -931.20865994301, 392.409269494912], [134.295235221638, -913.273073686521, 434.686559424717], [164.328161519516, -893.396887767683, 474.622334511614], [196.864994410566, -871.637843259076, 511.987062919951], [231.70500562833, -848.060283114361, 546.563039342544], [268.62792791241, -822.735220109008, 578.146426043704], [307.394542014941, -795.740372965562, 606.549407494778], [347.747556269862, -767.160162749235, 631.602419327108], [389.412806058854, -737.085661921989, 653.156404997292], [432.100792226648, -705.614488932009, 671.085047520295], [475.508568099752, -672.850641886439, 685.286919117009], [519.321974533893, -638.904265696884, 695.687488836914]], "G": [[-587.785252292477, -809.016994374943, 0.0], [-585.889101985373, -807.382407458321, 51.86366116155792], [-580.2091759883497, -802.490176676113, 103.39816889266237], [-570.7712759219492, -794.37481917401, 154.27426399166472], [-557.619143648098, -783.093619793705, 204.16261280379402], [-540.8155114171981, -768.726261324705, 252.73410478637496], [-520.4434580779771, -751.374298883538, 299.6605300181199], [-496.6079646392004, -731.160471178602, 344.6157281445229], [-469.4375419823572, -708.227840361962, 387.2772724299112], [-439.085789835946, -682.738751813723, 427.3287205658938], [-405.732740018007, -654.873605645382, 464.4624292986478], [-369.585838832487, -624.829433006327, 498.3828945561207], [-330.880433366956, -592.818272458132, 528.8105443981771], [-289.879643877128, -559.065344730268, 555.4858805600181], [-246.873528668817, -523.807028036567, 578.1738372565608], [-202.177477764924, -487.288640724184, 596.6682047041134], [-156.129805744768, -449.762043220578, 610.7959506451773], [-109.088550816472, -411.483076882243, 620.4212668452885], [-61.427524639161, -372.708863247453, 625.4491694951809], [-13.531693805156, -333.6949931494189, 625.8284927178132]],