{"A": [[0.0, 1000.0, 0.0], [0.0, 1000.0, 0.0], [0.0, 1000.0, 0.0], [0.0, 1000.0, 0.0], [0.0, 1000.0, 0.0], [0.0, 1000.0, 0.0], [0.0, 1000.0, 0.0], [0.0, 1000.0, 0.0], [0.0, 1000.0, 0.0], [0.0, 1000.0, 0.0], [0.0, 1000.0, 0.0], [0.0, 1000.0, 0.0], [0.0, 1000.0, 0.0], [0.0, 1000.0, 0.0], [0.0, 1000.0, 0.0], [0.0, 1000.0, 0.0], [0.0, 1000.0, 0.0], [0.0, 1000.0, 0.0], [0.0, 1000.0, 0.0], [0.0, 1000.0, 0.0]], "B": [[587.7852522924732, 809.0169943749474, 0.0], [587.7852522924732, 809.0169943749474, 0.0], [587.7852522924732, 809.0169943749474, 0.0], [587.7852522924732, 809.0169943749474, 0.0], [587.7852522924732, 809.0169943749474, 0.0], [587.7852522924732, 809.0169943749474, 0.0], [587.7852522924732, 809.0169943749474, 0.0], [587.7852522924732, 809.0169943749474, 0.0], [587.7852522924732, 809.0169943749474, 0.0], [587.7852522924732, 809.0169943749474, 0.0], [587.7852522924732, 809.0169943749474, 0.0], [587.7852522924732, 809.0169943749474, 0.0], [587.7852522924732, 809.0169943749474, 0.0], [587.7852522924732, 809.0169943749474, 0.0], [587.7852522924732, 809.0169943749474, 0.0], [587.7852522924732, 809.0169943749474, 0.0], [587.7852522924732, 809.0169943749474, 0.0], [587.7852522924732, 809.0169943749474, 0.0], [587.7852522924732, 809.0169943749474, 0.0], [587.7852522924732, 809.0169943749474, 0.0]], "C": [[951.056516295153, 309.016994374947, 0.0], [949.977131706408, 309.016994374947, -27.9830973394068], [946.745392271311, 309.016994374947, -55.7999028357391], [941.380502865595, 309.016994374947, -83.2851128487911], [933.914344783041, 309.016994374947, -110.275394271619], [924.391286278282, 309.016994374947, -136.610355150878], [912.867918904831, 309.016994374947, -162.133497829114], [899.412721215139, 309.016994374947, -186.693148944886], [884.105651821208, 309.016994374947, -210.143360764111], [867.037674234, 309.016994374947, -232.344778486404], [848.31021630534, 309.016994374947, -253.165468372365], [828.034567484615, 309.016994374947, -272.481701770618], [806.331217472126, 309.016994374947, -290.178690385422], [783.329140199196, 309.016994374947, -306.151268415513], [759.165027390044, 309.016994374947, -320.304517510463], [733.982476260037, 309.016994374947, -332.554330830742], [707.931136177502, 309.016994374947, -342.827912859484], [681.1658193601291, 309.016994374947, -351.064211995794], [653.8455808907072, 309.016994374947, -357.21428335888], [626.1327735192987, 309.016994374947, -361.241579647004]], "D": [[951.056516295154, -309.016994374943, 0.0], [954.0029930181431, -307.355992285412, 17.1183993784078], [962.7436812112081, -302.382856657493, 33.0836623414328], [976.9848697785106, -294.127140756124, 46.7744602852979], [996.2453622929856, -282.637904847811, 57.13229889683], [1019.8687490682058, -267.983424655986, 63.19100066891], [1047.040171179248, -250.25078562694, 64.103917779955], [1076.807171501553, -229.545365417438, 59.168204001317], [1108.104128892696, -205.990207679388, 47.845544718118], [1139.779684710806, -179.725290862875, 29.778828980914], [1170.626498019478, -150.906696382786, 4.804344729589], [1199.412608812248, -119.705681092239, -27.040814365915], [1224.91364876369, -86.307659574745, -65.516327174094], [1245.945117334123, -50.911102302881, -110.181285582754], [1261.393938044547, -13.726356211295, -160.401852725737], [1270.248525478052, 25.025605307154, -215.363773866684], [1271.626627687787, 65.114495553839, -274.0894580478065], [1264.8002603971563, 106.302083021893, -335.4592384098151], [1249.2171174443702, 148.343607106414, -398.2363181144261], [1224.5179247410397, 190.98923261436, -461.0948194603387]], "E": [[587.785252292473, -809.016994374943, 0.0], [592.6851534890051, -806.720963407053, 62.3959402213862], [607.2839526132171, -799.8395486403, 123.3678370160183], [631.2803943510286, -788.392910143299, 181.5178316681449], [664.1772627817046, -772.415062218651, 235.500246283164], [705.2887486878388, -751.95447845716, 284.047183949747], [753.750858731718, -727.074906789851, 325.993489797201], [808.534936861519, -697.856363511858, 360.300780178583], [868.464355267278, -664.396267786467, 386.080188425662], [932.234397616248, -626.81067167399, 402.61341337448], [998.435299808551, -585.235535440355, 409.37159757106], [1065.578333490159, -539.827993928552, 406.031512452809], [1132.1247172025762, -490.767557233238, 392.488494433641], [1196.517023211575, -438.257187881945, 368.865564681492], [1257.212620156127, -382.524197235314, 335.518181439897], [1312.7185593816127, -323.820905876071, 293.034120607347], [1361.6271837745446, -262.42501632632, 242.2280598725945], [1402.6516202070732, -198.639651442719, 184.1305540518669], [1434.6602184743472, -132.793018180806, 119.9712324409549], [1456.7089285740417, -65.237663952578, 51.1562190596463]], "F": [[0.0, -1000.000000000003, 0.0], [16.49978148846611, -996.682344939663, 180.2564589243352], [65.3872522399111, -986.800928757079, 354.3644164700433], [144.8564505618316, -970.567442051409, 516.4360277739039], [251.9944832297576, -948.324994784282, 661.090498892047], [382.9208453724248, -920.534061413401, 783.672914244362], [532.970444375468, -887.753790370812, 880.434033280415], [696.909350955396, -850.619602428478, 948.662176479296], [869.1705654753655, -809.81818209919, 986.761451122335], [1044.096246493038, -766.061088613113, 994.27400813997], [1216.172942597637, -720.058271952354, 971.84751695088], [1380.247366194483, -672.492772021626, 921.152340764534], [1531.7120484961301, -623.997805872411, 844.755756975766], [1666.652658680809, -575.137313024625, 745.962802609548], [1781.951652078557, -526.390839621026, 628.634794472788], [1875.346000303197, -478.143408528309, 496.997203412267], [1945.4398110349007, -430.680756992112, 355.4483461929905], [1991.6754397608352, -384.190040133436, 208.3793582519442], [2014.2690341020043, -338.765812408826, 60.0142467369008], [2014.1181832640827, -294.420825217964, -85.7233361281197]], "G": [[-587.785252292477, -809.016994374943, 0.0], [-552.5558044860638, -804.05029318435, 325.2897101387412], [-448.7702640797189, -789.373449299708, 634.7756323963233], [-282.0039853639544, -765.641152949758, 913.6279153123879], [-61.1171512647354, -733.895399543605, 1148.888678756645], [202.3544329780978, -695.495658503845, 1330.225289759343], [494.978398179371, -652.02858648844, 1450.483367926602], [802.309727875789, -605.2040302496, 1506.002260025469], [1109.8074940837284, -556.745016965644, 1496.676986215488], [1403.712189116072, -508.27976811543, 1425.772763484556], [1671.817920300597, -461.243476935396, 1299.518949066192], [1904.086015977905, -416.796692515533, 1126.526621453231], [2093.0632060701373, -375.765738742295, 917.0864557747202], [2234.086635139803, -338.608788696968, 682.4100623899413], [2325.277511629686, -305.409170543322, 433.878219423933], [2367.343222778272, -275.895371914528, 182.35379252815], [2363.2225527644778, -249.485210422743, -62.3934490674515], [2317.618981568517, -225.349908712827, -292.1170268041858], [2236.472223857907, -202.492486826482, -500.3618184614002], [2126.41810251034, -179.834057719987, -682.5688874240587]],