{"A": [[0.0, 1000.0, 0.0], [0.0, 1000.0, 0.0], [0.0, 1000.0, 0.0], [0.0, 1000.0, 0.0], [0.0, 1000.0, 0.0], [0.0, 1000.0, 0.0], [0.0, 1000.0, 0.0], [0.0, 1000.0, 0.0], [0.0, 1000.0, 0.0], [0.0, 1000.0, 0.0], [0.0, 1000.0, 0.0], [0.0, 1000.0, 0.0], [0.0, 1000.0, 0.0], [0.0, 1000.0, 0.0], [0.0, 1000.0, 0.0]], "B": [[587.7852522924732, 809.0169943749474, 0.0], [587.7852522924732, 809.0169943749474, 0.0], [587.7852522924732, 809.0169943749474, 0.0], [587.7852522924732, 809.0169943749474, 0.0], [587.7852522924732, 809.0169943749474, 0.0], [587.7852522924732, 809.0169943749474, 0.0], [587.7852522924732, 809.0169943749474, 0.0], [587.7852522924732, 809.0169943749474, 0.0], [587.7852522924732, 809.0169943749474, 0.0], [587.7852522924732, 809.0169943749474, 0.0], [587.7852522924732, 809.0169943749474, 0.0], [587.7852522924732, 809.0169943749474, 0.0], [587.7852522924732, 809.0169943749474, 0.0], [587.7852522924732, 809.0169943749474, 0.0], [587.7852522924732, 809.0169943749474, 0.0]], "C": [[951.056516295153, 309.016994374947, 0.0], [949.921162409334, 309.016994374947, -28.6983249326044], [946.522197533671, 309.016994374947, -57.2172646070978], [940.880867653528, 309.016994374947, -85.3785550527928], [933.032435155091, 309.016994374947, -113.006167864993], [923.025958409982, 309.016994374947, -139.927410509659], [910.923985125008, 309.016994374947, -165.974005776472], [896.802161373815, 309.016994374947, -190.983143632936], [880.748758754293, 309.016994374947, -214.798498904671], [862.86412262734, 309.016994374947, -237.271208420656], [843.260044885874, 309.016994374947, -258.260801515568], [822.059065174769, 309.016994374947, -277.636078072889], [799.393704929566, 309.016994374947, -295.275928620401], [775.405639021787, 309.016994374947, -311.070091351849], [750.244810188668, 309.016994374947, -324.919841342873]], "D": [[951.056516295154, -309.016994374943, 0.0], [946.818724220844, -307.269864393317, -75.0329106859222], [934.1792704876432, -302.039395272684, -148.9982652163654], [913.3582763813233, -293.358281222739, -220.8501224327218], [884.7171632833274, -281.280785476203, -289.585263051428], [848.7506200159585, -265.882401104429, -354.263292792586], [806.075630571892, -247.259379131179, -414.025270793355], [757.417827530195, -225.52812689421, -468.110428569681], [703.595500855346, -200.824480415338, -515.87059168239], [645.50164800816, -173.30285532719, -556.781972653777], [584.084497978616, -143.135281663985, -590.454068166529], [520.326977828958, -110.510328549558, -616.63546455587], [455.225614725986, -75.631925504153, -635.216431313977], [389.76937864814, -38.718087737631, -646.228260882723], [324.918970682525, 0.000446603056, -649.839392465357]], "E": [[587.785252292473, -809.016994374943, 0.0], [582.79714941361, -806.601875608879, -63.9944823380647], [567.9421776611682, -799.363909552175, -126.5320553716889], [543.5462320908792, -787.325413106042, -186.1869464845879], [510.1454390433434, -770.52406264548, -241.5951557931803], [468.4756790151415, -749.013596478316, -291.4840880068606], [419.458065356615, -722.864759143138, -334.7006717033074], [364.180535902707, -692.16644968484, -370.2374525919816], [303.875773201825, -657.027027025852, -397.256144666934], [239.895735763598, -617.575717814447, -415.108125879777], [173.683157410592, -573.964065896295, -423.351376425837], [106.740453068243, -526.367357999897, -421.763381272501], [40.596554805395, -474.985957486586, -410.34955723323], [-23.227711664835, -420.046477180657, -389.346821210817], [-83.255016614597, -361.802723405161, -359.221991891881]], "F": [[0.0, -1000.000000000003, 0.0], [-1.82770705965598, -996.506386803075, 0.1620845262342], [-7.1880482067478, -986.055225278559, 1.2865159533671], [-15.7180723043837, -968.735966971289, 4.2852562792101], [-26.8306709476766, -944.699026545864, 9.9714367808787], [-39.7407523779345, -914.157560921764, 19.0147704775044], [-53.50078357822, -877.389547595393, 31.9026946452966], [-67.04456149256, -834.73978495837, 48.9090262140874], [-79.237709788304, -786.621377620509, 70.071764509509], [-88.933027320929, -733.516241826426, 95.181449469591], [-95.028459205136, -675.974172849769, 123.781163664049], [-96.525149816612, -614.6100584341369, 155.178844391417], [-92.582803255158, -550.0988983832839, 188.47204887875], [-82.5694567604131, -483.1683965897228, 222.584704230745], [-66.1027998220744, -414.5890224766906, 256.314700222845]], "G": [[-587.785252292477, -809.016994374943, 0.0], [-581.706189464702, -803.782753586335, 92.706982243344], [-563.5051524965708, -788.198290934755, 183.8513654090231], [-533.2999625824597, -762.615965508364, 271.8474791418671], [-491.3171806991686, -727.614854589333, 355.0696196142997], [-437.9338528892425, -683.988077579559, 431.8467882441624], [-373.729089982249, -632.724362541825, 500.4737034053706], [-299.539144231005, -574.98339193986, 559.2411695613374], [-216.508597448122, -512.064617850512, 606.486995758402], [-126.129805273404, -445.369551069943, 640.66645894844], [-30.2629611142008, -376.357986353636, 660.438952479838], [68.869874943991, -306.4991890522059, 664.765136596441], [168.72167602982, -237.2196799981219, 653.006843117475], [266.4906906707579, -169.8498465834438, 625.020426983333], [359.2233889471126, -105.5721043909576, 581.233441962966]], "H": [[-951.056516295157, -309.016994374943, 0.0], [-933.3181807028819, -302.718279887625, 177.9678294398133], [-880.7513944375728, -284.128863265167, 348.8811969948961], [-795.2914159132677, -254.15139147063, 505.9206868789801], [-680.1298410716576, -214.232505927669, 642.7401857412557], [-539.6555973417925, -166.278600009943, 753.7094837996294], [-379.3574518947931, -112.54286553331, 834.1584992265996], [-205.67676509029, -55.488918115303, 880.6153388685404], [-25.800711498676, 2.361929764786, 891.024938035698], [152.609564202371, 58.59095222086, 864.930112439681], [321.7546092151842, 111.039601586386, 803.593528724394], [474.086219642965, 157.9532475741241, 710.0383002893951], [602.731435197713, 198.0997947571351, 588.9873531481163], [701.9224660254109, 230.8528130498242, 446.687707538958], [767.3969810198266, 256.2308367504874, 290.615201368948]], "I": [[-951.056516295157, 309.016994374947, 0.0], [-921.1312272696597, 313.546586365785, 223.0799568314138], [-833.3222582255593, 326.581280278172, 431.0372001934164], [-693.4157038543257, 346.517768108918, 609.7662995575341], [-510.6747385274936, 370.874851339807, 747.1449746319357], [-297.2762846021805, 396.561072158933, 833.8954142288972], [-67.54083794737606, 420.21295439336, 864.2856771683296], [163.017409895754, 438.570393917836, 836.6151937005893], [378.775686324395, 448.850605883492, 753.432017896704], [565.15836887513, 449.080353140028, 621.439819444325], [709.7789496131552, 438.348585094561, 451.071257337651], [803.468722354012, 416.9483975529681, 255.7314761657131], [841.086702627569, 386.3881512976181, 50.7492343476923], [822.0122653127539, 349.2658041415822, -147.890138413885], [750.2440197402084, 309.0165366416233, -324.921521383187]], "J": [[-587.785252292477, 809.016994374947, 0.0], [-549.8429155406777, 807.466222688573, 210.6544315587643], [-439.9959448329533, 802.139041037379, 397.7920708542641], [-269.7763708886977, 791.144898126265, 540.4666453947974], [-57.0780469176956, 771.758774025857, 622.6133194489717], [175.7135598884655, 740.989593704388, 634.8587045373741], [404.1033026474469, 696.245023838692, 575.6265139145086], [604.151019103906, 635.983774561375, 451.3943385798163], [755.141887960276, 560.244447172651, 276.037102088905], [841.959575695324, 470.9551070769869, 69.290746916639], [856.8656661924432, 371.9589077539062, -145.52233950917], [800.4352175522223, 268.7343891392901, -344.2597044433649], [681.486746549079, 167.8382549931801, -504.8853650926147], [515.969584015851, 76.1455847567942, -610.177099335271], [324.9174817089864, -0.0007517572077, -649.839453740159]],