{"A": [[0.0, 1000.0, 0.0], [0.0, 1000.0, 0.0], [0.0, 1000.0, 0.0], [0.0, 1000.0, 0.0], [0.0, 1000.0, 0.0], [0.0, 1000.0, 0.0], [0.0, 1000.0, 0.0], [0.0, 1000.0, 0.0], [0.0, 1000.0, 0.0], [0.0, 1000.0, 0.0], [0.0, 1000.0, 0.0], [0.0, 1000.0, 0.0], [0.0, 1000.0, 0.0], [0.0, 1000.0, 0.0], [0.0, 1000.0, 0.0]], "B": [[587.7852522924732, 809.0169943749474, 0.0], [587.7852522924732, 809.0169943749474, 0.0], [587.7852522924732, 809.0169943749474, 0.0], [587.7852522924732, 809.0169943749474, 0.0], [587.7852522924732, 809.0169943749474, 0.0], [587.7852522924732, 809.0169943749474, 0.0], [587.7852522924732, 809.0169943749474, 0.0], [587.7852522924732, 809.0169943749474, 0.0], [587.7852522924732, 809.0169943749474, 0.0], [587.7852522924732, 809.0169943749474, 0.0], [587.7852522924732, 809.0169943749474, 0.0], [587.7852522924732, 809.0169943749474, 0.0], [587.7852522924732, 809.0169943749474, 0.0], [587.7852522924732, 809.0169943749474, 0.0], [587.7852522924732, 809.0169943749474, 0.0]], "C": [[951.056516295153, 309.016994374947, 0.0], [949.921131167582, 309.016994374947, -28.6987191605648], [946.522072957235, 309.016994374947, -57.2180456625624], [940.880588817532, 309.016994374947, -85.3797082119638], [933.03194306924, 309.016994374947, -113.007671234284], [923.025196766934, 309.016994374947, -139.929235254343], [910.922901023529, 309.016994374947, -165.976116422423], [896.800706009893, 309.016994374947, -190.985498438812], [880.746888073628, 309.016994374947, -214.801050301285], [862.861797932951, 309.016994374947, -237.273903513655], [843.257233394974, 309.016994374947, -258.263582647009], [822.05574051943, 309.016994374947, -277.638883436755], [799.389847596214, 309.016994374947, -295.278692926606], [775.40123672506, 309.016994374947, -311.072746532859], [750.239858175712, 309.016994374947, -324.922317296652]], "D": [[951.056516295154, -309.016994374943, 0.0], [954.1554911586828, -307.269816317204, 17.5468040007278], [963.3431806508742, -302.039203569261, 33.8499758379992], [978.2948056970782, -293.357852138262, 47.7019656337532], [998.4787476110643, -281.280028233942, 57.966455827221], [1023.170809575547, -265.881229056294, 63.611670169824], [1051.473673020128, -247.257710870542, 63.740979252461], [1082.341054569334, -225.52588731942, 57.620008210622], [1114.605949519008, -200.821601733793, 44.699540349015], [1147.012243482699, -173.299277990365, 24.63361633946], [1178.248887549603, -143.130955224354, -2.707650276046], [1206.985766180134, -110.505212431055, -37.230887331029], [1231.910342798307, -75.625989678476, -78.618112066326], [1251.764146739352, -38.711313299549, -126.331269720949], [1265.378167419953, 0.008066967432, -179.622570629494]], "E": [[587.785252292473, -809.016994374943, 0.0], [598.8561543080449, -802.289297249552, 120.9107531371118], [631.5887356216282, -782.221256239745, 237.1482683704412], [684.5651946580012, -749.155480961946, 344.2444556881262], [755.4966194348112, -703.654577214528, 438.131468697281], [841.330155145997, -646.488744943902, 515.317223043156], [938.391320575603, -578.618836584415, 573.032837798573], [1042.5542528962, -501.175284422603, 609.34496825809], [1149.43127778208, -415.433404835077, 623.22782983112], [1254.572277500794, -322.785673883513, 614.591807887817], [1353.663911504411, -224.7116406814292, 584.267794168944], [1442.718852127341, -122.7462004023522, 533.948665571033], [1518.245823708428, -18.4469864157567, 466.09150342431], [1577.392340028759, 86.638340102927, 383.7861240004], [1618.053559573035, 191.004125089812, 290.597149077675]], "F": [[0.0, -1000.000000000003, 0.0], [13.73566449404886, -999.147186721913, 150.0139316993469], [54.9529549645092, -996.262335274846, 297.5105430256502], [123.6255396404752, -990.390864141185, 439.7337460891535], [219.5270143461562, -980.022460347076, 573.495373945521], [341.984968398558, -963.206827125359, 695.06719422972], [489.589067024731, -937.705571316175, 800.187554671133], [659.898208954883, -901.170785645527, 884.197587468296], [849.1951002818802, -851.339157329403, 942.305287374786], [1052.334119444791, -786.229364488484, 969.958779221208], [1262.720274411205, -704.3301703538982, 963.294616593397], [1472.4441247018524, -604.7670158574352, 919.614781386901], [1672.581050048649, -487.4360251098027, 837.838636224895], [1853.64489664773, -353.096115147678, 718.874388606971], [2006.16776095492, -203.412242668788, 565.859036704579]], "G": [[-587.785252292477, -809.016994374943, 0.0], [-575.6652193264762, -821.962570339436, 93.6382177873235], [-538.2616045417928, -859.418955725186, 191.0380718733932], [-472.6966090882278, -917.3652062351543, 294.7056127043045], [-374.9755538699948, -989.4893264399745, 404.844592503857], [-241.052587870846, -1067.736179328728, 518.69589906678], [-68.070469774677, -1143.005108401549, 630.381923612272], [144.431278990683, -1205.935570439414, 731.298008289921], [393.5457743905402, -1247.711689564196, 811.00974763847], [672.440473824265, -1260.815573142363, 858.537238113632], [970.32791406572, -1239.664531159944, 863.8469368713875], [1273.0059064499765, -1181.0784685573242, 819.337576412082], [1563.92430394719, -1084.5395874657627, 721.103643191208], [1825.6574585154358, -952.225620332382, 569.78867308057], [2041.6003083744658, -788.81830506178, 370.896763566938]], "H": [[-951.056516295157, -309.016994374943, 0.0], [-942.1558159504591, -339.033095424461, -26.4857852039275], [-913.1884895889588, -425.870366394631, -40.1143947118378], [-857.9506722664418, -560.2588648413054, -30.9020945003625], [-767.9519153434798, -727.9139901241405, 5.953712682781], [-634.782441486588, -911.132234623213, 68.786999260934], [-452.698994051524, -1090.741697920211, 149.450072423778], [-220.881880560182, -1248.169551039085, 234.580183371419], [55.1241710905712, -1367.378802918032, 307.902789177804], [363.114397261414, -1436.448985799099, 353.130180419638], [685.178395140349, -1448.6261991466881, 356.9043519380225], [999.7644902740124, -1402.7399448162512, 311.231947945939], [1284.497783587191, -1302.9672068151037, 214.965118600377], [1519.2506027922088, -1158.006850230906, 74.072085263135], [1688.918082745727, -979.798554792887, -99.324251688987]], "I": [[-951.056516295157, 309.016994374947, 0.0], [-944.4685253672114, 263.491065210621, -164.0550349519805], [-921.386050642486, 132.732184646227, -304.4286039657488], [-872.9171957189604, -66.6582827609743, -402.5208235706355], [-787.4985127018695, -309.7199517469615, -448.686461573292], [-654.8454936239403, -566.722839127606, -443.995267869458], [-469.8727184253658, -807.33368787768, -399.504364925044], [-235.5032590612007, -1004.6884587444321, -333.283518792958], [36.4271568099079, -1138.736866794227, -265.978120029533], [326.4699948552352, -1198.370477010727, -216.02869254599], [610.7937905093584, -1182.0712726158422, -195.7089061241965], [865.5720908709644, -1097.0794654188192, -208.893116367528], [1071.464195039382, -957.3288735813107, -250.992866629962], [1217.1083616232088, -780.590698268252, -310.938467305467], [1300.8089998495027, -585.369660868099, -374.575407292042]], "J": [[-587.785252292477, 809.016994374947, 0.0], [-581.7118897553115, 753.360727260774, -266.0420379107375], [-559.608696272493, 595.225885612812, -497.2568531446158], [-511.4107503412984, 359.4391710720657, -666.5663897850656], [-425.0648835004895, 82.1580121583855, -760.19815811038], [-291.8474700673493, -195.773401591687, -779.546994039816], [-110.9105900739588, -436.039456705504, -738.993386187585], [108.5935232681123, -609.1508070795791, -660.565326653049], [348.6422171182489, -698.595337644793, -567.247437559157], [586.4507720531362, -702.140888209544, -477.050151311132], [800.2652257740774, -630.2501555899933, -399.5717062452075], [974.9631884385344, -502.2033573472892, -335.865613660204], [1105.6353749141988, -340.9844389549267, -281.2893948327429], [1197.9803302595874, -168.172766601206, -230.0409603048681], [1265.3884043086637, 0.033119097721, -179.601106754956]],