{"A": [[0.0, 1000.0, 0.0], [0.0, 1000.0, 0.0], [0.0, 1000.0, 0.0], [0.0, 1000.0, 0.0], [0.0, 1000.0, 0.0], [0.0, 1000.0, 0.0], [0.0, 1000.0, 0.0], [0.0, 1000.0, 0.0], [0.0, 1000.0, 0.0], [0.0, 1000.0, 0.0], [0.0, 1000.0, 0.0], [0.0, 1000.0, 0.0], [0.0, 1000.0, 0.0], [0.0, 1000.0, 0.0], [0.0, 1000.0, 0.0], [0.0, 1000.0, 0.0], [0.0, 1000.0, 0.0], [0.0, 1000.0, 0.0], [0.0, 1000.0, 0.0], [0.0, 1000.0, 0.0]], "B": [[587.7852522924732, 809.0169943749474, 0.0], [587.7852522924732, 809.0169943749474, 0.0], [587.7852522924732, 809.0169943749474, 0.0], [587.7852522924732, 809.0169943749474, 0.0], [587.7852522924732, 809.0169943749474, 0.0], [587.7852522924732, 809.0169943749474, 0.0], [587.7852522924732, 809.0169943749474, 0.0], [587.7852522924732, 809.0169943749474, 0.0], [587.7852522924732, 809.0169943749474, 0.0], [587.7852522924732, 809.0169943749474, 0.0], [587.7852522924732, 809.0169943749474, 0.0], [587.7852522924732, 809.0169943749474, 0.0], [587.7852522924732, 809.0169943749474, 0.0], [587.7852522924732, 809.0169943749474, 0.0], [587.7852522924732, 809.0169943749474, 0.0], [587.7852522924732, 809.0169943749474, 0.0], [587.7852522924732, 809.0169943749474, 0.0], [587.7852522924732, 809.0169943749474, 0.0], [587.7852522924732, 809.0169943749474, 0.0], [587.7852522924732, 809.0169943749474, 0.0]], "C": [[951.056516295153, 309.016994374947, 0.0], [950.439927635179, 309.016994374947, -21.1565049613936], [948.592254755445, 309.016994374947, -42.2411910792038], [945.519769851183, 309.016994374947, -63.1824833093926], [941.232902920787, 309.016994374947, -83.9092933793999], [935.746206359659, 309.016994374947, -104.351261107659], [929.078305559981, 309.016994374947, -124.438993251501], [921.251835684103, 309.016994374947, -144.104299072643], [912.293364826182, 309.016994374947, -163.280421820604], [902.233303822907, 309.016994374947, -181.902265348232], [891.105803019475, 309.016994374947, -199.906615090078], [878.948636341267, 309.016994374947, -217.232352653465], [865.803073064737, 309.016994374947, -233.820663293787], [851.713737722835, 309.016994374947, -249.615235569747], [836.728458620519, 309.016994374947, -264.56245250076], [820.89810547459, 309.016994374947, -278.61157357762], [804.276416729019, 309.016994374947, -291.714907008561], [786.919817131951, 309.016994374947, -303.827971616006], [768.887226193668, 309.016994374947, -314.909647834416], [750.239858175712, 309.016994374947, -324.922317296652]], "D": [[951.056516295154, -309.016994374943, 0.0], [952.7413281543284, -308.068161990937, 12.9993817734255], [957.7634974952147, -305.224885788916, 25.4995810559715], [966.0266953037005, -300.496817684883, 37.0092836521594], [977.3719323947751, -293.900007796012, 47.0528014876291], [991.5798755757546, -285.456849956182, 55.177611006875], [1008.3740454023861, -275.196005696839, 60.96156618689], [1027.424851389895, -263.152306951246, 64.019684662853], [1048.35440896828, -249.366637812402, 64.010411303665], [1070.742071657475, -233.885795746023, 60.641270726926], [1094.13060203088, -216.76233272971, 53.673828607481], [1118.032896170201, -198.054376857601, 42.927891097368], [1141.939168611609, -177.825435016065, 28.284882108986], [1165.324498348052, -156.144177300309, 9.690349475919], [1187.656631372949, -133.084203903722, -12.844437056285], [1208.403931596302, -108.723795271275, -39.24182060624], [1227.043369785229, -83.145646365127, -69.358036502072], [1243.068439507578, -56.436585944508, -102.984435034396], [1255.996889899009, -28.687281812823, -139.849633498009], [1265.378167419953, 0.008066967432, -179.622570629494]], "E": [[587.785252292473, -809.016994374943, 0.0], [590.5857447095203, -807.705550179087, 47.231310646645], [598.9542752454706, -803.77339290562, 93.8467780017824], [612.7922750467475, -797.227071998842, 139.2370198348064], [631.9363687465491, -788.077581040474, 182.8055499657131], [656.1597394813866, -776.340472772913, 223.975159575758], [685.1740511052101, -762.036016681367, 262.194214236341], [718.631937245793, -745.189395745624, 296.942831754644], [756.130067464961, -725.830938090658, 327.738900556172], [797.212799917439, -703.996378447238, 354.143892152688], [841.376427351838, -679.727143590721, 375.768414617323], [888.074018930609, -653.070655270908, 392.277447283885], [936.720854110531, -624.08064358675, 403.395190507698], [986.700436749024, -592.817463306508, 408.909458683532], [1037.37106779481, -559.348405293499, 408.675540220762], [1088.072943575933, -523.747994975454, 402.619445213761], [1138.1357340819916, -486.098269695807, 390.740460468618], [1186.886582088901, -446.489026810312, 373.112932655997], [1233.6584498912814, -405.018034542539, 349.88720389327], [1277.7987262358265, -361.791197886168, 321.289630180391]], "F": [[0.0, -1000.000000000003, 0.0], [9.43590711874532, -998.103754932831, 136.5588044258633], [37.54335181402767, -992.438426793386, 270.4516796610744], [83.7270660458065, -983.07368307341, 399.0774574633574], [147.0132803505111, -970.12380636214, 519.9624591885391], [226.0765623376326, -953.745004162623, 630.819238100246], [319.2760647213681, -934.13175028573, 729.599534366027], [424.699923219122, -911.51226162323, 814.539862915557], [540.216275876477, -886.143238388612, 884.198433878384], [663.529169133181, -858.304016399231, 937.482431064803], [792.2374800083211, -828.290296050375, 973.665031797359], [923.894922746198, -796.407623829196, 992.391925983124], [1056.069223348076, -762.96480821072, 993.677467750664], [1186.398634452797, -728.267452399177, 977.890953583649], [1312.644120613999, -692.611781621765, 945.73385192564], [1432.73576180663, -656.278932702032, 898.20909757214], [1544.8121901294396, -619.529858749244, 836.583798861679], [1647.252178355909, -582.600982458203, 762.34687844379], [1738.6978251102094, -545.700708312267, 677.163273946645], [1818.0691152797447, -509.006877629641, 582.826361080863]], "G": [[-587.785252292477, -809.016994374943, 0.0], [-567.6258716430697, -806.175821468126, 246.6922829795063], [-507.77151933770335, -797.725480405952, 486.5178062519954], [-410.0685460033285, -783.882670244853, 712.8526081357204], [-277.5120433174309, -764.999232521879, 919.5474564314151], [-114.1268566449624, -741.548590132505, 1101.138626213707], [75.1907439440051, -714.107589876316, 1253.028360728547], [284.863048180657, -683.334530415321, 1371.627452626904], [508.8434332598087, -649.944317058828, 1454.454363754527], [740.8414053605738, -614.681801034177, 1500.187545276725], [974.5497616357181, -578.294428618665, 1508.669993909853], [1203.86367736872, -541.505341951103, 1480.867446739855], [1423.082258442943, -504.988038246196, 1418.783842060939], [1627.084315333221, -469.343609710048, 1325.339634116712], [1811.471727192518, -435.081457256579, 1204.220142079729], [1972.67566743156, -402.604203805405, 1059.702259913664], [2108.0230354792066, -372.197335906735, 896.4685053806104], [2215.762557120831, -344.023885406272, 719.4175266091324], [2295.052054103828, -318.124236369493, 533.479828313167], [2345.9102288205318, -294.420917351317, 343.44667155487]],