{"A": [[0.0, 1000.0, 0.0], [0.0, 1000.0, 0.0], [0.0, 1000.0, 0.0], [0.0, 1000.0, 0.0], [0.0, 1000.0, 0.0], [0.0, 1000.0, 0.0], [0.0, 1000.0, 0.0], [0.0, 1000.0, 0.0], [0.0, 1000.0, 0.0], [0.0, 1000.0, 0.0], [0.0, 1000.0, 0.0], [0.0, 1000.0, 0.0], [0.0, 1000.0, 0.0], [0.0, 1000.0, 0.0], [0.0, 1000.0, 0.0]], "B": [[587.7852522924732, 809.0169943749474, 0.0], [587.7852522924732, 809.0169943749474, 0.0], [587.7852522924732, 809.0169943749474, 0.0], [587.7852522924732, 809.0169943749474, 0.0], [587.7852522924732, 809.0169943749474, 0.0], [587.7852522924732, 809.0169943749474, 0.0], [587.7852522924732, 809.0169943749474, 0.0], [587.7852522924732, 809.0169943749474, 0.0], [587.7852522924732, 809.0169943749474, 0.0], [587.7852522924732, 809.0169943749474, 0.0], [587.7852522924732, 809.0169943749474, 0.0], [587.7852522924732, 809.0169943749474, 0.0], [587.7852522924732, 809.0169943749474, 0.0], [587.7852522924732, 809.0169943749474, 0.0], [587.7852522924732, 809.0169943749474, 0.0]], "C": [[951.056516295153, 309.016994374947, 0.0], [949.921131167582, 309.016994374947, -28.6987191605648], [946.522072957235, 309.016994374947, -57.2180456625624], [940.880588817532, 309.016994374947, -85.3797082119638], [933.03194306924, 309.016994374947, -113.007671234284], [923.025196766934, 309.016994374947, -139.929235254343], [910.922901023529, 309.016994374947, -165.976116422423], [896.800706009893, 309.016994374947, -190.985498438812], [880.746888073628, 309.016994374947, -214.801050301285], [862.861797932951, 309.016994374947, -237.273903513655], [843.257233394974, 309.016994374947, -258.263582647009], [822.05574051943, 309.016994374947, -277.638883436755], [799.389847596214, 309.016994374947, -295.278692926606], [775.40123672506, 309.016994374947, -311.072746532859], [750.239858175712, 309.016994374947, -324.922317296652]], "D": [[951.056516295154, -309.016994374943, 0.0], [954.1554911586828, -307.269816317204, 17.5468040007278], [963.3431806508742, -302.039203569261, 33.8499758379992], [978.2948056970782, -293.357852138262, 47.7019656337532], [998.4787476110643, -281.280028233942, 57.966455827221], [1023.170809575547, -265.881229056294, 63.611670169824], [1051.473673020128, -247.257710870542, 63.740979252461], [1082.341054569334, -225.52588731942, 57.620008210622], [1114.605949519008, -200.821601733793, 44.699540349015], [1147.012243482699, -173.299277990365, 24.63361633946], [1178.248887549603, -143.130955224354, -2.707650276046], [1206.985766180134, -110.505212431055, -37.230887331029], [1231.910342798307, -75.625989678476, -78.618112066326], [1251.764146739352, -38.711313299549, -126.331269720949], [1265.378167419953, 0.008066967432, -179.622570629494]], "E": [[587.785252292473, -809.016994374943, 0.0], [592.9390425207548, -806.60180913385, 63.9822369508261], [608.2887750981791, -799.363644059688, 126.4284897524884], [633.5012330837502, -787.324817288506, 185.8324867900242], [668.0267323657772, -770.523007292898, 240.747155880463], [711.107702203712, -749.011955398061, 289.813636412421], [761.790812737532, -722.862410155316, 331.789522853875], [818.942732693117, -692.16327570771, 365.57598402706], [881.269581913129, -657.022917260688, 390.243329924416], [947.340097423904, -617.570569033479, 405.054521776142], [1015.612457051726, -573.957783831027, 409.486049915662], [1084.464601972474, -526.359858820426, 403.24554637193], [1152.227772204683, -474.977169355793, 386.28546340286], [1217.2228223509164, -420.03634186051, 358.812142841337], [1277.7987262358265, -361.791197886168, 321.289630180391]], "F": [[0.0, -1000.000000000003, 0.0], [17.35347057804686, -996.510455780675, 184.8208340556621], [68.7371220329962, -986.120964544835, 363.0119383915314], [152.1551679461972, -969.065511691014, 528.2391117621412], [264.3940511554322, -945.722789749157, 674.742209004732], [401.183946440668, -916.59989301107, 797.580866578422], [557.410206286916, -882.310693857517, 892.83392731881], [727.3614338353913, -843.550025347305, 957.742285823439], [904.9988523014443, -801.065007629378, 990.78875633208], [1084.230756787027, -755.62499585687, 991.712798683323], [1259.176123491497, -707.991687034699, 961.462194719498], [1424.402858081452, -658.890899572191, 902.087722336386], [1575.1285454123931, -608.987433808831, 816.590234805241], [1707.3746978271513, -558.864240518107, 708.732083358513], [1818.0691152797447, -509.006877629641, 582.826361080863]], "G": [[-587.785252292477, -809.016994374943, 0.0], [-562.5321908972012, -803.782605728771, 277.3119508177902], [-487.6961030634928, -788.197467048168, 545.1502550563824], [-366.0056667968458, -762.61184980387, 794.4199639696002], [-201.8753598292588, -727.596961584939, 1016.765557210328], [-1.212557637312, -683.92650719747, 1204.896665793182], [228.838743764081, -632.551725362773, 1352.863559975387], [480.2046403091523, -574.570737744765, 1456.269791087449], [744.2230078397833, -511.193262356228, 1512.412672942545], [1012.0030114104754, -443.7019360296, 1520.346101451806], [1274.7845269810357, -373.411651265277, 1480.86434012819], [1524.2798178747273, -301.628430911602, 1396.409614061905], [1752.981075351993, -229.609428988945, 1270.910406383688], [1954.4196600262364, -158.525647522083, 1109.560985585039], [2123.3659455057527, -89.42888948899, 918.555669560038]], "H": [[-951.056516295157, -309.016994374943, 0.0], [-923.1950018026752, -302.707206860748, 305.803927392022], [-840.7069713900678, -283.955337963295, 600.7309472919874], [-706.8335354871308, -253.287887879649, 874.3666773727668], [-526.8166357764238, -211.56247275531, 1117.202526371529], [-307.664660096655, -159.938212193238, 1321.040485460492], [-57.835767669711, -99.83481152706, 1479.340535973614], [213.1486353065923, -32.881115488424, 1587.492710510713], [495.1433677799993, 39.145589651839, 1642.997864018101], [777.8505744215304, 114.387632734271, 1645.544666696016], [1051.2973554327748, 190.979807945161, 1596.975391168893], [1306.2923708768724, 267.123808486704, 1501.139621131894], [1534.8333792708852, 341.160514437469, 1363.6426317728042], [1730.4396166106085, 411.636109530273, 1191.5031737216052], [1888.3874610486655, 477.358008951186, 992.7428305039429]], "I": [[-951.056516295157, 309.016994374947, 0.0], [-925.6137425516894, 313.571033497878, 259.3142360210861], [-850.5308576614282, 326.965075774637, 507.748418896083], [-729.4696324500325, 348.41077918271, 735.0385308274099], [-568.287483284458, 376.646579085465, 932.117974369921], [-374.6799817755899, 410.014000771068, 1091.629428953903], [-157.7037835047857, 446.559863127994, 1208.332694441556], [72.7933388458923, 484.159284587543, 1279.376455349098], [306.7984276297203, 520.652555899961, 1304.407792952184], [534.7689862694074, 553.987180312327, 1285.503571096215], [748.2259157067738, 582.355008740689, 1226.92246809603], [940.2504658101404, 604.313753295115, 1134.694159834689], [1105.837882425747, 618.882536744702, 1016.0806182237592], [1242.0734877288853, 625.602694403962, 878.9606390664582], [1348.1159374931376, 624.557774747825, 731.1994860378579]], "J": [[-587.785252292477, 809.016994374947, 0.0], [-568.8560844465354, 807.501278419058, 155.7628102195351], [-513.2782731769402, 802.687190846941, 303.01646061946], [-424.5588142943435, 793.811541528606, 434.0176592529779], [-308.1468971612419, 779.724059515102, 542.475277181758], [-170.8794331823699, 759.057108503742, 624.082365453863], [-20.2835618751737, 730.438216921467, 676.830319860896], [136.1865418391744, 692.72205242142, 701.060897078509], [291.8856624203449, 645.214670555873, 699.240130005491], [441.5881076671952, 587.8617275268558, 675.474186423609], [581.8838381906238, 521.3745630077757, 634.826437256495], [711.2969307851234, 447.273951666573, 582.530424377438], [830.1036636286481, 367.840621210517, 523.2169367870061], [939.8768138227064, 285.97337723066, 460.2780523177961], [1042.8316151002507, 204.968267192859, 395.4732003511319]],