{"A": [[0.0, 1000.0, 0.0], [0.0, 1000.0, 0.0], [0.0, 1000.0, 0.0], [0.0, 1000.0, 0.0], [0.0, 1000.0, 0.0], [0.0, 1000.0, 0.0], [0.0, 1000.0, 0.0], [0.0, 1000.0, 0.0], [0.0, 1000.0, 0.0], [0.0, 1000.0, 0.0], [0.0, 1000.0, 0.0], [0.0, 1000.0, 0.0], [0.0, 1000.0, 0.0], [0.0, 1000.0, 0.0], [0.0, 1000.0, 0.0], [0.0, 1000.0, 0.0], [0.0, 1000.0, 0.0], [0.0, 1000.0, 0.0], [0.0, 1000.0, 0.0], [0.0, 1000.0, 0.0]], "B": [[587.7852522924732, 809.0169943749474, 0.0], [587.7852522924732, 809.0169943749474, 0.0], [587.7852522924732, 809.0169943749474, 0.0], [587.7852522924732, 809.0169943749474, 0.0], [587.7852522924732, 809.0169943749474, 0.0], [587.7852522924732, 809.0169943749474, 0.0], [587.7852522924732, 809.0169943749474, 0.0], [587.7852522924732, 809.0169943749474, 0.0], [587.7852522924732, 809.0169943749474, 0.0], [587.7852522924732, 809.0169943749474, 0.0], [587.7852522924732, 809.0169943749474, 0.0], [587.7852522924732, 809.0169943749474, 0.0], [587.7852522924732, 809.0169943749474, 0.0], [587.7852522924732, 809.0169943749474, 0.0], [587.7852522924732, 809.0169943749474, 0.0], [587.7852522924732, 809.0169943749474, 0.0], [587.7852522924732, 809.0169943749474, 0.0], [587.7852522924732, 809.0169943749474, 0.0], [587.7852522924732, 809.0169943749474, 0.0], [587.7852522924732, 809.0169943749474, 0.0]], "C": [[951.056516295153, 309.016994374947, 0.0], [950.439927635179, 309.016994374947, -21.1565049613936], [948.592254755445, 309.016994374947, -42.2411910792038], [945.519769851183, 309.016994374947, -63.1824833093926], [941.232902920787, 309.016994374947, -83.9092933793999], [935.746206359659, 309.016994374947, -104.351261107659], [929.078305559981, 309.016994374947, -124.438993251501], [921.251835684103, 309.016994374947, -144.104299072643], [912.293364826182, 309.016994374947, -163.280421820604], [902.233303822907, 309.016994374947, -181.902265348232], [891.105803019475, 309.016994374947, -199.906615090078], [878.948636341267, 309.016994374947, -217.232352653465], [865.803073064737, 309.016994374947, -233.820663293787], [851.713737722835, 309.016994374947, -249.615235569747], [836.728458620519, 309.016994374947, -264.56245250076], [820.89810547459, 309.016994374947, -278.61157357762], [804.276416729019, 309.016994374947, -291.714907008561], [786.919817131951, 309.016994374947, -303.827971616006], [768.887226193668, 309.016994374947, -314.909647834416], [750.239858175712, 309.016994374947, -324.922317296652]], "D": [[951.056516295154, -309.016994374943, 0.0], [948.7540692259115, -308.068161990937, -55.3483011180046], [941.8685571631523, -305.224885788916, -110.2685076038832], [930.4652033222839, -300.496817684883, -164.3372369545866], [914.6518358069201, -293.900007796013, -217.1404707155269], [894.5775838459095, -285.456849956182, -268.278086784812], [870.4310765976136, -275.196005696839, -317.368214294499], [842.4381682045802, -263.152306951246, -364.051355630404], [810.859218998182, -249.366637812402, -407.994223261198], [775.985968566835, -233.885795746022, -448.893242854415], [738.138041734901, -216.76233272971, -486.477678610208], [697.659133280662, -198.054376857602, -520.512341783115], [654.912921386624, -177.825435016065, -550.799848919498], [610.278763308009, -156.144177300309, -577.182402338815], [564.147229518912, -133.084203903721, -599.54307174928], [516.91553461319, -108.723795271275, -617.806562526961], [468.982924471927, -83.145646365126, -631.939463012261], [420.746079645131, -56.436585944507, -641.949970096917], [372.594594526719, -28.687281812824, -647.887099294836], [324.906590734454, 0.008066967431, -649.839392317801]], "E": [[587.785252292473, -809.016994374943, 0.0], [585.0746895777626, -807.705550179087, -47.23655695483567], [576.9752810818603, -803.77339290562, -93.8888136971927], [563.5835267671059, -797.227071998842, -139.3792501095687], [545.0591316746121, -788.077581040474, -183.143847287743], [521.6233196352966, -776.340472772913, -224.6386905063336], [493.5564848038986, -762.036016681367, -263.3463944898132], [461.1951938739952, -745.189395745624, -298.7822909801489], [424.928556215219, -725.830938090658, -330.5003181178917], [385.193984033497, -703.996378447238, -358.0985507908143], [342.47237003758, -679.72714359072, -381.224310992626], [297.282716014866, -653.070655270908, -399.57879752671], [250.176252155833, -624.08064358675, -412.9211752473], [201.730093861925, -592.817463306508, -421.07206561351], [152.540490032919, -559.348405293499, -423.916382794127], [103.215724326909, -523.747994975453, -421.405463041477], [54.368738457427, -486.098269695808, -413.558439668747], [6.609554046999, -446.489026810312, -400.462821804837], [-39.462423319325, -405.018034542538, -382.274242219323], [-83.266127634498, -361.791197886168, -359.215347922294]], "F": [[0.0, -1000.000000000003, 0.0], [-0.99490774553847, -998.102525683511, 0.06492359472093], [-3.94331444125372, -992.418842148317, 0.5171771380307], [-8.7371358026271, -982.975235591275, 1.7330816261423], [-15.1991025954989, -969.815737372298, 4.067169257097], [-23.0870209401444, -953.002436587203, 7.8418606405874], [-32.0996426479584, -932.615880466818, 13.3378244193228], [-41.8840493851688, -908.755527118412, 20.7852400983961], [-52.044424353547, -881.54020737763, 30.3561776190923], [-62.152053791269, -851.108546474888, 42.1582963845927], [-71.756368331525, -817.619292095086, 56.230051129981], [-80.396801850436, -781.251493414094, 72.537571357116], [-87.615213942686, -742.204475950966, 90.97335430101], [-92.968592924923, -700.697559622379, 111.356878072961], [-96.041730843271, -656.9694721938439, 133.437201577239], [-96.459542052636, -611.2774172759405, 156.897571256384], [-93.89868427664, -563.8957649291317, 181.362002358026], [-88.0981373036698, -515.1143435602472, 206.40374536632], [-78.868401086223, -465.2363238012674, 231.555488084687], [-66.0989931301406, -414.5756980864821, 256.321082584963]], "G": [[-587.785252292477, -809.016994374943, 0.0], [-584.4838927130024, -806.172605584329, 68.39882032581203], [-574.5902578254817, -797.674355673708, 136.1735896075067], [-558.1371974122021, -783.626608970402, 202.6950397621883], [-535.1844315728349, -764.202011585168, 267.324200818208], [-505.8256932234194, -739.639512979749, 329.4093471219904], [-470.1981115957514, -710.241527599848, 388.2850072900628], [-428.4932451996208, -676.370179316495, 443.2735725867571], [-380.969039122938, -638.442570302957, 493.6899103621653], [-327.961875143646, -596.925024767454, 538.8492339052317], [-269.897810228465, -552.326277288253, 578.078301627975], [-207.302065575333, -505.189605191033, 610.729822471662], [-140.8058396177765, -456.083943496346, 636.199738015412], [-71.1495782653182, -405.594067704675, 653.946843799732], [0.8180538266699, -354.3099816497199, 663.514013131344], [74.146096288928, -302.8157018530575, 664.550107480269], [147.792497607574, -251.6776828852867, 656.831510417564], [220.6407394187612, -201.4331766178172, 640.282118595406], [291.521738214309, -152.5788583987714, 614.990574229829], [359.2405827697354, -105.5600818114991, 581.223537672048]],