{"A": [[0.0, 1000.0, 0.0], [0.0, 1000.0, 0.0], [0.0, 1000.0, 0.0], [0.0, 1000.0, 0.0], [0.0, 1000.0, 0.0], [0.0, 1000.0, 0.0], [0.0, 1000.0, 0.0], [0.0, 1000.0, 0.0], [0.0, 1000.0, 0.0], [0.0, 1000.0, 0.0], [0.0, 1000.0, 0.0], [0.0, 1000.0, 0.0], [0.0, 1000.0, 0.0], [0.0, 1000.0, 0.0], [0.0, 1000.0, 0.0]], "B": [[587.7852522924732, 809.0169943749474, 0.0], [587.7852522924732, 809.0169943749474, 0.0], [587.7852522924732, 809.0169943749474, 0.0], [587.7852522924732, 809.0169943749474, 0.0], [587.7852522924732, 809.0169943749474, 0.0], [587.7852522924732, 809.0169943749474, 0.0], [587.7852522924732, 809.0169943749474, 0.0], [587.7852522924732, 809.0169943749474, 0.0], [587.7852522924732, 809.0169943749474, 0.0], [587.7852522924732, 809.0169943749474, 0.0], [587.7852522924732, 809.0169943749474, 0.0], [587.7852522924732, 809.0169943749474, 0.0], [587.7852522924732, 809.0169943749474, 0.0], [587.7852522924732, 809.0169943749474, 0.0], [587.7852522924732, 809.0169943749474, 0.0]], "C": [[951.056516295153, 309.016994374947, 0.0], [949.069295262161, 309.016994374947, -37.9453758128931], [943.129373753149, 309.016994374947, -75.4756026371802], [933.301738669789, 309.016994374947, -112.180073504964], [919.693911223239, 309.016994374947, -147.657215796876], [902.454770576785, 309.016994374947, -181.518884727799], [881.772925003516, 309.016994374947, -213.394609922673], [857.874648379716, 309.016994374947, -242.935648621879], [831.021404590174, 309.016994374947, -269.818801171294], [801.506986930153, 309.016994374947, -293.749947052874], [769.654303800961, 309.016994374947, -314.467262769128], [735.81184586588, 309.016994374947, -331.744086375565], [700.349873318219, 309.016994374947, -345.391397321119], [663.6563649754704, 309.016994374947, -355.259884465371], [626.1327735192987, 309.016994374947, -361.241579647004]], "D": [[951.056516295154, -309.016994374943, 0.0], [956.4706634144811, -305.958975645959, 23.0118821341242], [972.3793342411743, -296.818376325759, 43.1580969152098], [997.7968504662794, -281.695200973047, 57.718408158676], [1031.13183190455, -260.754907718564, 64.25687214696], [1070.261923566165, -234.226598037244, 60.747848355379], [1112.633724872961, -202.400510217618, 45.683444589963], [1155.38347989754, -165.624843951655, 18.157498988207], [1195.473160106323, -124.301950786242, -22.077765176667], [1229.835879096575, -78.88393211546, -74.585071642902], [1255.524152654465, -29.867692874674, -138.246747581766], [1269.854375931984, 22.210494947498, -211.300658921567], [1270.541039011749, 76.780859500346, -291.4059967607948], [1255.8146362477473, 133.246362774186, -375.7361653922497], [1224.5179247410397, 190.98923261436, -461.0948194603387]], "E": [[587.785252292473, -809.016994374943, 0.0], [596.7970188640442, -804.788941906002, 84.4085060389795], [623.4907077639363, -792.127499052306, 165.2712023084828], [666.8506179457304, -771.101588462864, 239.162587769734], [725.214526486057, -741.828624485369, 302.896124014216], [796.320152710245, -704.478143824881, 353.639297726584], [877.371078816057, -659.276529019401, 389.022638484635], [965.122511703385, -606.51248595579, 407.239575624953], [1055.986758486697, -546.542868347761, 407.133328051503], [1146.1574273463425, -479.798393400785, 388.26644093439], [1231.7501934280533, -406.788766288466, 350.968250685256], [1308.9565721067966, -328.106728065514, 296.355595609847], [1374.205645875926, -244.430562689674, 226.3225834706502], [1424.3272523292214, -156.524643284184, 143.4962233504033], [1456.7089285740417, -65.237663952578, 51.1562190596463]], "F": [[0.0, -1000.000000000003, 0.0], [30.31056527882614, -993.898693574091, 243.4575895905115], [119.1807128537053, -975.836084692575, 471.6836626390048], [260.6087193614624, -946.517825710575, 670.628316182327], [445.180909528581, -907.060740945408, 828.486774914665], [660.886280230265, -858.909606155178, 936.541177014784], [894.1280310606122, -803.731431019996, 989.703915943472], [1130.823585141299, -743.296792023418, 986.721429633539], [1357.479639817375, -679.358849721786, 930.0367310321], [1562.1378328292415, -613.540763077771, 825.346859230116], [1735.107976441686, -547.241280961776, 680.922860672232], [1869.4360641088456, -481.566441153503, 506.781037879026], [1961.088850692449, -417.292722390877, 313.8028035082427], [2008.8708170153363, -354.8639276737, 112.8962151476142], [2014.1181832640827, -294.420825217964, -85.7233361281197]], "G": [[-587.785252292477, -809.016994374943, 0.0], [-543.6699647515088, -799.86482183767, 365.3723918713675], [-414.1385272911457, -772.768689847401, 708.9603629115438], [-207.4182805459316, -728.789425048851, 1010.497529488086], [63.479285876406, -669.62845536164, 1252.628014967867], [381.744694634906, -597.531887528929, 1422.059121736869], [728.0271419505382, -515.164116879607, 1510.381754051411], [1081.8512203373268, -425.458595370704, 1514.496570658738], [1423.0700702560039, -331.455093287081, 1436.62027097749], [1733.2300948769443, -236.134040386359, 1283.885423349688], [1996.733590071863, -142.259151333499, 1067.584889095619], [2201.7084511694247, -52.239368034906, 802.144096392778], [2340.526224047633, 31.979925157699, 503.9274445101927], [2409.9475711000264, 108.988470667002, 189.996157667485], [2410.9131941279466, 177.940423333878, -123.0674316479676]], "H": [[-951.056516295157, -309.016994374943, 0.0], [-902.3930312142329, -297.988389158961, 402.839966644555], [-759.7456743719297, -265.444440516685, 780.6807726832213], [-532.8853014685246, -212.978695975543, 1110.380067074691], [-237.249864121202, -143.140785884253, 1372.372423940048], [107.272213590066, -59.279478899285, 1552.117620127331], [477.9314911889412, 34.670442489644, 1641.149234884614], [850.9557015382339, 134.447710794581, 1637.615208423076], [1203.4736562768128, 235.754875743026, 1546.239052445122], [1515.3348122114485, 334.557704567457, 1377.6862191022044], [1770.6297276405112, 427.367256703009, 1147.3897129545355], [1958.7414778799507, 511.476284595031, 873.9613931997538], [2074.81333728076, 585.12365234992, 577.3759987779047], [2119.596723148474, 647.566863511251, 277.1495345684155], [2098.7318010415856, 699.053008395759, -9.2673316880006]], "I": [[-951.056516295157, 309.016994374947, 0.0], [-906.6446515576501, 316.961370269771, 341.3198207319709], [-777.1986857940602, 339.978733882918, 657.7003533380544], [-573.6903182214936, 375.706446416772, 926.6662543538529], [-313.1105939784547, 420.483085348451, 1130.42347748174], [-16.636192839359, 469.741272221474, 1257.584493043376], [292.6977549027042, 518.51127842174, 1304.173687290916], [592.5484790026369, 561.984609479504, 1273.741715496732], [863.6942865724429, 596.071699650127, 1176.525950725832], [1091.9703941261064, 617.879544565428, 1027.7472019441925], [1269.3938501372363, 626.038388328333, 845.2996803279545], [1394.2949509952075, 620.824056797249, 647.2254360772328], [1470.466404811262, 604.0530303914815, 449.4210257922147], [1505.5455099481285, 578.7656341842628, 263.9772279984024], [1509.0019664954586, 548.750559452464, 98.4076762662174]], "J": [[-587.785252292477, 809.016994374947, 0.0], [-554.7748482485631, 806.333493956875, 204.6868183961969], [-459.4052991600202, 797.47910618235, 389.9938274414243], [-312.0174688417366, 780.240418727899, 539.5673052545469], [-127.8042890648637, 751.554668166295, 642.551371638551], [75.8825927637058, 708.331076364834, 695.017882836669], [282.5768639103697, 648.376819098134, 700.022613336348], [479.4394634492589, 571.2366662556706, 666.216603837909], [659.0408538649049, 478.754722752643, 605.281947989032], [819.7079586735764, 375.208721196039, 528.7982576855685], [964.3203165712312, 266.95080860204, 445.3593592124546], [1097.8886708669406, 161.598840085512, 358.7440178079228], [1224.636912931441, 66.9318534091435, 267.6664841451717], [1345.4853261313754, -10.2789608625452, 167.1618684070675], [1456.7176221352347, -65.252175785216, 51.1530499786279]],