{"A": [[0.0, 1000.0, 0.0], [0.0, 1000.0, 0.0], [0.0, 1000.0, 0.0], [0.0, 1000.0, 0.0], [0.0, 1000.0, 0.0], [0.0, 1000.0, 0.0], [0.0, 1000.0, 0.0], [0.0, 1000.0, 0.0], [0.0, 1000.0, 0.0], [0.0, 1000.0, 0.0], [0.0, 1000.0, 0.0], [0.0, 1000.0, 0.0], [0.0, 1000.0, 0.0], [0.0, 1000.0, 0.0], [0.0, 1000.0, 0.0], [0.0, 1000.0, 0.0], [0.0, 1000.0, 0.0], [0.0, 1000.0, 0.0], [0.0, 1000.0, 0.0], [0.0, 1000.0, 0.0]], "B": [[587.7852522924732, 809.0169943749474, 0.0], [587.7852522924732, 809.0169943749474, 0.0], [587.7852522924732, 809.0169943749474, 0.0], [587.7852522924732, 809.0169943749474, 0.0], [587.7852522924732, 809.0169943749474, 0.0], [587.7852522924732, 809.0169943749474, 0.0], [587.7852522924732, 809.0169943749474, 0.0], [587.7852522924732, 809.0169943749474, 0.0], [587.7852522924732, 809.0169943749474, 0.0], [587.7852522924732, 809.0169943749474, 0.0], [587.7852522924732, 809.0169943749474, 0.0], [587.7852522924732, 809.0169943749474, 0.0], [587.7852522924732, 809.0169943749474, 0.0], [587.7852522924732, 809.0169943749474, 0.0], [587.7852522924732, 809.0169943749474, 0.0], [587.7852522924732, 809.0169943749474, 0.0], [587.7852522924732, 809.0169943749474, 0.0], [587.7852522924732, 809.0169943749474, 0.0], [587.7852522924732, 809.0169943749474, 0.0], [587.7852522924732, 809.0169943749474, 0.0]], "C": [[951.056516295153, 309.016994374947, 0.0], [950.867212961205, 309.016994374947, -11.7260857516143], [950.299500254087, 309.016994374947, -23.4399504037533], [949.353969852353, 309.016994374947, -35.1293855939519], [948.03160720173, 309.016994374947, -46.7822084204903], [946.333790488072, 309.016994374947, -58.386274139594], [944.262289200992, 309.016994374947, -69.929488822865], [941.819262289676, 309.016994374947, -81.3998219617517], [939.007255912796, 309.016994374947, -92.7853190059232], [935.829200784859, 309.016994374947, -104.074113822477], [932.288409121784, 309.016994374947, -115.254441062999], [928.38857118885, 309.016994374947, -126.31464842558], [924.133751454656, 309.016994374947, -137.243208799022], [919.528384355067, 309.016994374947, -148.028732276559], [914.577269671583, 309.016994374947, -158.659978026584], [909.285567528932, 309.016994374947, -169.125866008018], [903.658793017116, 309.016994374947, -179.415488518083], [897.702810443498, 309.016994374947, -189.518121560474], [891.423827220941, 309.016994374947, -199.423236022069], [884.828387398344, 309.016994374947, -209.120508646522]], "D": [[951.056516295154, -309.016994374943, 0.0], [950.3493764622615, -308.725686497731, -30.6924592504253], [948.2300166438923, -307.85206647146, -61.3119751470746], [944.7046082216754, -306.397044795802, -91.785851050862], [939.7834113316333, -304.362137915804, -122.0418827835468], [933.4807367223689, -301.74946664142, -152.0086024407925], [925.8148925725143, -298.561753937178, -181.6155193155], [916.8081164823683, -294.802322084262, -210.7933569866437], [906.4864929145147, -290.475089217983, -239.4742856445752], [894.8798564169516, -285.584565244241, -267.592148743297], [882.0216810196645, -280.135847139233, -295.082683093481], [867.9489562512478, -274.134613637312, -321.88373153692], [852.7020502761693, -267.587119312523, -347.93544737352], [836.3245607050293, -260.500188059998, -373.18048974577], [818.8631536797627, -252.881205983985, -397.56420922268], [800.367391882744, -244.738113699949, -421.034822865382], [780.889552163205, -236.079398058742, -443.543578099694], [760.484433515801, -226.914083301479, -465.044904766775], [739.209156184705, -217.251721654347, -485.49655477149], [717.122952701851, -207.102383373129, -504.859728798836]], "E": [[587.785252292473, -809.016994374943, 0.0], [586.9526530731215, -808.614398871954, -26.20827359554578], [584.4579005797574, -807.406817070126, -52.31697772472463], [580.3101204937833, -805.394863773188, -78.2268975718591], [574.5244895903882, -802.579565923651, -103.8395266785733], [567.1221867507219, -798.962365991868, -129.0574187611991], [558.1303244853583, -794.5451266896, -153.7845366918354], [547.5818610769923, -789.330136977384, -177.9265976930181], [535.5154934831596, -783.32011932632, -201.3914137922686], [521.9755311742636, -776.518238186465, -224.0892265786562], [507.0117511183965, -768.928109605846, -245.9330352990041], [490.6792341626938, -760.553811936382, -266.8389173268374], [473.0381831015643, -751.399897555011, -286.7263400330724], [454.1537227650693, -741.471405521468, -305.5184630837895], [434.0956825062987, -730.773875086795, -323.1424301880965], [412.938361514792, -719.313359960485, -339.5296493178942], [390.760277433993, -707.096443237701, -354.6160604223831], [367.643898814235, -694.130252882673, -368.3423896631287], [343.67536198892, -680.422477658872, -380.654389201573], [318.944173020234, -665.981383392073, -391.503061579929]], "F": [[0.0, -1000.000000000003, 0.0], [-0.306039604773475, -999.417402183229, 0.01105303756342], [-1.22072718426464, -997.670431397271, 0.08830152969967], [-2.73379396284767, -994.761557768272, 0.2973679170351], [-4.82820890873479, -990.69490471152, 0.7027198278867], [-7.4803035621621, -985.476258698426, 1.3671080878089], [-10.6599460607907, -979.113082515187, 2.3510103962976], [-14.3307634570407, -971.6145317428, 3.7120905437909], [-18.4504112641334, -962.99147402445, 5.5046758966434], [-22.9708889047744, -953.256510611424, 7.7792567332898], [-27.8388994777825, -942.423999600659, 10.5820109689589], [-32.9962519918662, -930.510080206171, 13.9543577470236], [-38.3803039431657, -917.532697343028, 17.9325432997166], [-43.9244418336637, -903.51162574832, 22.5472623873375], [-49.5585969428523, -888.468492817939, 27.8233185100655], [-55.209793376674, -872.426799303119, 33.7793259485588], [-60.802725127642, -855.411936985485, 40.4274565247769], [-66.260358590574, -837.451202435737, 47.7732337822053], [-71.504556693654, -818.573805957963, 55.815377061839], [-76.456720526228, -798.810874830548, 64.545697695835]], "G": [[-587.785252292477, -809.016994374943, 0.0], [-586.7716949800434, -808.143269462031, 37.93535269423432], [-583.7319905748157, -805.525388815601, 75.76473038675127], [-578.6690854429577, -801.173223631645, 113.3818857080421], [-571.5880375115748, -795.103188867986, 150.6800135278277], [-562.4962338688931, -787.338187345364, 187.5515140845219], [-551.4036901131097, -777.907530812105, 223.8877804419156], [-538.3234256278967, -766.846837328214, 259.5790336320759], [-523.2719077904484, -754.197904185939, 294.5142139557284], [-506.2695566604854, -740.008555479153, 328.5809378815658], [-487.3413003681605, -724.332463366587, 361.6655290229149], [-466.5171701944872, -707.228942051628, 393.6531305594546], [-443.8329232362277, -688.76271352574, 424.4279052200426], [-419.3306795855467, -669.003644198434, 453.8733275590225], [-393.0595601513713, -648.026451664313, 481.8725717533665], [-365.076310620699, -625.910381038848, 508.3089965354698], [-335.445896620756, -602.738850527829, 533.0667271704139], [-304.24205491306, -578.599066179054, 556.0313326069423], [-271.547785440643, -553.581606096147, 577.090594096932], [-237.455769273744, -527.779974768367, 596.135359713429]],