{"A": [[0.0, 1000.0, 0.0], [0.0, 1000.0, 0.0], [0.0, 1000.0, 0.0], [0.0, 1000.0, 0.0], [0.0, 1000.0, 0.0], [0.0, 1000.0, 0.0], [0.0, 1000.0, 0.0], [0.0, 1000.0, 0.0], [0.0, 1000.0, 0.0], [0.0, 1000.0, 0.0], [0.0, 1000.0, 0.0], [0.0, 1000.0, 0.0], [0.0, 1000.0, 0.0], [0.0, 1000.0, 0.0], [0.0, 1000.0, 0.0]], "B": [[587.7852522924732, 809.0169943749474, 0.0], [587.7852522924732, 809.0169943749474, 0.0], [587.7852522924732, 809.0169943749474, 0.0], [587.7852522924732, 809.0169943749474, 0.0], [587.7852522924732, 809.0169943749474, 0.0], [587.7852522924732, 809.0169943749474, 0.0], [587.7852522924732, 809.0169943749474, 0.0], [587.7852522924732, 809.0169943749474, 0.0], [587.7852522924732, 809.0169943749474, 0.0], [587.7852522924732, 809.0169943749474, 0.0], [587.7852522924732, 809.0169943749474, 0.0], [587.7852522924732, 809.0169943749474, 0.0], [587.7852522924732, 809.0169943749474, 0.0], [587.7852522924732, 809.0169943749474, 0.0], [587.7852522924732, 809.0169943749474, 0.0]], "C": [[951.056516295153, 309.016994374947, 0.0], [950.707875955146, 309.016994374947, -15.91164617211], [949.662624132493, 309.016994374947, -31.7927507502036], [947.922767134804, 309.016994374947, -47.6128307632976], [945.491644528929, 309.016994374947, -63.3415203739519], [942.373922730825, 309.016994374947, -78.9486291639468], [938.575586048616, 309.016994374947, -94.4042000832524], [934.10392519601, 309.016994374947, -109.67856695106], [928.96752329815, 309.016994374947, -124.742411398503], [923.176239416745, 309.016994374947, -139.566819143775], [916.741189626097, 309.016994374947, -154.123335491617], [909.674725676369, 309.016994374947, -168.384019950657], [901.990411285025, 309.016994374947, -182.321499863757], [893.702996101969, 309.016994374947, -195.909022948439], [884.828387398344, 309.016994374947, -209.120508646522]], "D": [[951.056516295154, -309.016994374943, 0.0], [949.7543463778908, -308.480492057526, -41.6401572254556], [945.8548201623274, -306.872014894135, -83.0981124638912], [939.3788404412081, -304.194650274722, -124.192798331857], [930.3610861718641, -300.453537264243, -164.7454084520019], [918.8497751731323, -295.655856738486, -204.5805075154848], [904.9063343769012, -289.810817600743, -243.5271169886484], [888.6049800874678, -282.929639105794, -281.419768632328], [870.0322113707223, -275.025529325116, -318.099518245336], [849.2862203401173, -266.113659794661, -353.41491234405], [826.476223722771, -256.211136393872, -387.222900845476], [801.721720671975, -245.336966511811, -419.38968922883], [775.151682337552, -233.512022563452, -449.791524107491], [746.903679208759, -220.759001926139, -478.315406645724], [717.122952701851, -207.102383373129, -504.859728798836]], "E": [[587.785252292473, -809.016994374943, 0.0], [586.2521340234308, -808.275505632276, -35.54940445285897], [581.6631048481844, -806.051734169953, -70.8501081219918], [574.0490803709201, -802.347768541987, -105.6550417876234], [563.4613824676481, -797.16710381027, -139.7203913493107], [549.9714337022283, -790.514662574227, -172.8072053482654], [533.6703307471242, -782.396824057028, -204.6829784018981], [514.6682980780608, -772.821460897083, -235.1232024539306], [493.0940236173593, -761.797983197679, -263.9128776943346], [469.0938784366303, -749.337389296297, -290.8479749523199], [442.831023100589, -735.452322628002, -315.7368413193156], [414.484403743371, -720.157133975225, -338.4015407251335], [384.24764151925, -703.467948320632, -358.6791211771473], [352.327819661987, -685.402735450251, -376.422800388915], [318.944173020234, -665.981383392073, -391.503061579929]], "F": [[0.0, -1000.000000000003, 0.0], [-0.563231415983206, -998.927056205425, 0.02761619766593], [-2.2412974681986, -995.711016673621, 0.220397475258], [-4.99947020483186, -990.360269348727, 0.7408550628706], [-8.7803904777708, -982.888834868903, 1.7462236486343], [-13.5048443706877, -973.316425704433, 3.3859009178106], [-19.0728406804958, -961.668525077196, 5.7989802158949], [-25.3649798014882, -947.97648188822, 9.1119069271204], [-32.2441014280167, -932.277616944551, 13.4362887032764], [-39.5571954499157, -914.615334942931, 18.8668890225961], [-47.137557265195, -895.039235956897, 25.4798326557364], [-54.807165491711, -873.605219600099, 33.3310504113485], [-62.379256750994, -850.375574617896, 42.4549889746947], [-69.66106886696, -825.419046401325, 52.863609686995], [-76.456720526228, -798.810874830548, 64.545697695835]], "G": [[-587.785252292477, -809.016994374943, 0.0], [-585.9185698562823, -807.408161468485, 51.46351774802423], [-580.3218253592026, -802.592832232001, 102.661997234953], [-571.0052033792389, -794.60444574856, 153.3291206353336], [-557.9865894226118, -783.498501468292, 203.1961113057543], [-541.2929044636247, -769.352206782022, 251.9907525856946], [-520.9619093476778, -752.263976131716, 299.4366972813969], [-497.0444165027982, -732.352774841231, 345.2531528380694], [-469.6068305505607, -709.757299839622, 389.1550171426544], [-438.7339250938317, -684.634989086664, 430.8535274961281], [-404.531750554427, -657.160851886834, 470.0574706960154], [-367.130557809605, -627.526113450038, 506.4749855701365], [-326.687614895598, -595.936669051308, 539.8159709576967], [-283.389789560285, -562.61134594614, 569.795092363725], [-237.455769273744, -527.779974768367, 596.135359713429]], "H": [[-951.056516295157, -309.016994374943, 0.0], [-945.5999485182952, -307.078030384881, 99.05634308721243], [-929.2914236638046, -301.290232542141, 196.9060116518749], [-902.3142180908839, -291.740372743082, 292.3545575209946], [-864.9729057428818, -278.571375076045, 384.2320466210573], [-817.6919486498947, -261.979792950415, 471.4054588059286], [-761.0135692578688, -242.212319087676, 552.7912294514449], [-695.5947609236092, -219.561371568209, 627.3679321562804], [-622.2032667957617, -194.359812993081, 694.1890635172384], [-541.7123417120328, -166.974874550472, 752.395846296137], [-455.0941082842698, -137.801372275627, 801.2299184764335], [-363.4113281763042, -107.25431882554, 840.0457251430765], [-267.8074333514941, -75.761050272097, 868.3223804828427], [-169.494699851076, -43.753003237924, 885.674721324383], [-69.740497907642, -11.657292526436, 891.863234415987]], "I": [[-951.056516295157, 309.016994374947, 0.0], [-941.8353660871769, 310.417376017542, 124.57618323412323], [-914.3585016144702, 314.565660383102, 246.55012750077], [-869.1823593542442, 321.304998309485, 363.3733171396391], [-807.2232723786105, 330.379700286027, 472.6038685540952], [-729.7409251644153, 341.443653352501, 571.9577992554216], [-638.3152961508448, 354.071764503974, 659.3578127780999], [-534.8172232257352, 367.774097987018, 732.9787309613754], [-421.3728052213247, 382.012290014134, 791.2886815851293], [-300.3219553385727, 396.217749347374, 833.0851330920655], [-174.1715509903218, 409.811088201764, 857.5248665929056], [-45.54377719313719, 422.222177358565, 864.1469962850949], [82.8795668997329, 432.910184599189, 852.8882002515398], [208.415843208452, 441.382938769752, 824.0894108446106], [328.442287061959, 447.214964863793, 778.493342462503]], "J": [[-587.785252292477, 809.016994374947, 0.0], [-576.0668045125778, 808.553224956933, 118.2479437333449], [-541.2909895054142, 807.096831111288, 232.4190086491133], [-484.58441754326725, 804.456540856341, 338.5736933628958], [-407.7851594540546, 800.326658482669, 433.0430081603635], [-313.3843870933923, 794.306037809366, 512.5532102099716], [-204.4467894389398, 785.923346627623, 574.3381612203447], [-84.5118796727062, 774.667389139822, 616.2356008314684], [42.5211005965533, 760.020991610416, 636.7640009912323], [172.5214059672633, 741.496759338661, 635.1771439189705], [301.2643393193672, 718.672890672656, 611.4941521892756], [424.5738655782398, 691.227193744423, 566.5033933562969], [538.4656470376319, 658.967498440562, 501.7394772102658], [639.285605165121, 621.856790781425, 419.4334480545386], [723.839008236191, 580.031616350732, 322.437226153791]],