{"A": [[0.0, 1000.0, 0.0], [0.0, 1000.0, 0.0], [0.0, 1000.0, 0.0], [0.0, 1000.0, 0.0], [0.0, 1000.0, 0.0], [0.0, 1000.0, 0.0], [0.0, 1000.0, 0.0], [0.0, 1000.0, 0.0], [0.0, 1000.0, 0.0], [0.0, 1000.0, 0.0], [0.0, 1000.0, 0.0], [0.0, 1000.0, 0.0], [0.0, 1000.0, 0.0], [0.0, 1000.0, 0.0], [0.0, 1000.0, 0.0]], "B": [[587.7852522924732, 809.0169943749474, 0.0], [587.7852522924732, 809.0169943749474, 0.0], [587.7852522924732, 809.0169943749474, 0.0], [587.7852522924732, 809.0169943749474, 0.0], [587.7852522924732, 809.0169943749474, 0.0], [587.7852522924732, 809.0169943749474, 0.0], [587.7852522924732, 809.0169943749474, 0.0], [587.7852522924732, 809.0169943749474, 0.0], [587.7852522924732, 809.0169943749474, 0.0], [587.7852522924732, 809.0169943749474, 0.0], [587.7852522924732, 809.0169943749474, 0.0], [587.7852522924732, 809.0169943749474, 0.0], [587.7852522924732, 809.0169943749474, 0.0], [587.7852522924732, 809.0169943749474, 0.0], [587.7852522924732, 809.0169943749474, 0.0]], "C": [[951.056516295153, 309.016994374947, 0.0], [949.069295262161, 309.016994374947, -37.9453758128931], [943.129373753149, 309.016994374947, -75.4756026371802], [933.301738669789, 309.016994374947, -112.180073504964], [919.693911223239, 309.016994374947, -147.657215796876], [902.454770576785, 309.016994374947, -181.518884727799], [881.772925003516, 309.016994374947, -213.394609922673], [857.874648379716, 309.016994374947, -242.935648621879], [831.021404590174, 309.016994374947, -269.818801171294], [801.506986930153, 309.016994374947, -293.749947052874], [769.654303800961, 309.016994374947, -314.467262769128], [735.81184586588, 309.016994374947, -331.744086375565], [700.349873318219, 309.016994374947, -345.391397321119], [663.6563649754704, 309.016994374947, -355.259884465371], [626.1327735192987, 309.016994374947, -361.241579647004]], "D": [[951.056516295154, -309.016994374943, 0.0], [956.4706634144811, -305.958975645959, 23.0118821341242], [972.3793342411743, -296.818376325759, 43.1580969152098], [997.7968504662794, -281.695200973047, 57.718408158676], [1031.13183190455, -260.754907718564, 64.25687214696], [1070.261923566165, -234.226598037244, 60.747848355379], [1112.633724872961, -202.400510217618, 45.683444589963], [1155.38347989754, -165.624843951655, 18.157498988207], [1195.473160106323, -124.301950786242, -22.077765176667], [1229.835879096575, -78.88393211546, -74.585071642902], [1255.524152654465, -29.867692874674, -138.246747581766], [1269.854375931984, 22.210494947498, -211.300658921567], [1270.541039011749, 76.780859500346, -291.4059967607948], [1255.8146362477473, 133.246362774186, -375.7361653922497], [1224.5179247410397, 190.98923261436, -461.0948194603387]], "E": [[587.785252292473, -809.016994374943, 0.0], [596.7970188640442, -804.788941906002, 84.4085060389795], [623.4907077639363, -792.127499052306, 165.2712023084828], [666.8506179457304, -771.101588462864, 239.162587769734], [725.214526486057, -741.828624485369, 302.896124014216], [796.320152710245, -704.478143824881, 353.639297726584], [877.371078816057, -659.276529019401, 389.022638484635], [965.122511703385, -606.51248595579, 407.239575624953], [1055.986758486697, -546.542868347761, 407.133328051503], [1146.1574273463425, -479.798393400785, 388.26644093439], [1231.7501934280533, -406.788766288466, 350.968250685256], [1308.9565721067966, -328.106728065514, 296.355595609847], [1374.205645875926, -244.430562689674, 226.3225834706502], [1424.3272523292214, -156.524643284184, 143.4962233504033], [1456.7089285740417, -65.237663952578, 51.1562190596463]], "F": [[0.0, -1000.000000000003, 0.0], [30.31056527882614, -993.898693574091, 243.4575895905115], [119.1807128537053, -975.836084692575, 471.6836626390048], [260.6087193614624, -946.517825710575, 670.628316182327], [445.180909528581, -907.060740945408, 828.486774914665], [660.886280230265, -858.909606155178, 936.541177014784], [894.1280310606122, -803.731431019996, 989.703915943472], [1130.823585141299, -743.296792023418, 986.721429633539], [1357.479639817375, -679.358849721786, 930.0367310321], [1562.1378328292415, -613.540763077771, 825.346859230116], [1735.107976441686, -547.241280961776, 680.922860672232], [1869.4360641088456, -481.566441153503, 506.781037879026], [1961.088850692449, -417.292722390877, 313.8028035082427], [2008.8708170153363, -354.8639276737, 112.8962151476142], [2014.1181832640827, -294.420825217964, -85.7233361281197]], "G": [[-587.785252292477, -809.016994374943, 0.0], [-523.1454738684589, -799.898130792195, 438.4350385988985], [-335.6176032875087, -773.291715819962, 837.8807154988318], [-43.5597332329976, -731.355499879322, 1163.733515140197], [325.024318093911, -677.389311197972, 1389.538857294435], [735.9497481862188, -615.433434800891, 1499.613855282159], [1152.9308607300582, -549.785805955506, 1490.202393579325], [1541.674055634922, -484.503214781868, 1369.074390291361], [1873.411229362814, -422.952484695039, 1153.724866911035], [2127.4250301973334, -367.468919490542, 868.5330090402398], [2292.3079900199864, -319.162707364757, 541.372438299528], [2365.9163060855226, -277.892098864101, 200.202919172106], [2354.184654860539, -242.398449508175, -129.8791696531453], [2269.1251578650126, -210.576229524555, -428.7815022100608], [2126.41810251034, -179.834057719987, -682.5688874240587]], "H": [[-951.056516295157, -309.016994374943, 0.0], [-848.7847450356659, -298.075389415225, 593.6736052010915], [-556.0909200239417, -266.800979901712, 1115.0533373184048], [-112.8518740097149, -219.556547566645, 1503.183721928073], [422.2385017940697, -162.709860051759, 1717.594456706264], [981.6108100945428, -103.468610477439, 1743.55785001791], [1499.7403876966632, -48.587830729266, 1592.621888229622], [1922.917542816574, -3.200039780062, 1298.5997958274133], [2216.112543683075, 30.013484439387, 910.119343124358], [2365.9159758883843, 51.167522983785, 481.4521271745258], [2379.434778335297, 62.992742480539, 63.53130762794], [2279.8629122482353, 70.194540612579, -303.182138290887], [2100.032786792099, 78.500917888485, -592.9087963638453], [1875.4800453997425, 93.599131071226, -795.5060400974888], [1638.4126162675548, 120.166193458969, -914.5527358696437]], "I": [[-951.056516295157, 309.016994374947, 0.0], [-820.232492728422, 316.821132994924, 648.9279884316045], [-452.6469844128887, 337.816902862521, 1190.5687614190324], [82.9859107641411, 365.42269637382, 1540.771718200987], [690.3074279282437, 390.708546923578, 1655.682188840706], [1267.2891136489377, 404.851600723773, 1538.705510483432], [1728.1359354065862, 401.549971244149, 1236.002421190971], [2019.597345648707, 378.741084486417, 822.4275532843484], [2128.079152271932, 339.18219575345, 382.264399800764], [2076.745931351428, 289.779499289289, -9.8838285178762], [1914.5661053814347, 239.897821941535, -303.303424938532], [1701.1518533723533, 199.144484705085, -477.628214496116], [1491.813112303395, 175.2281539187716, -541.1528244872311], [1326.4841510044685, 172.4262726280254, -522.8234390001338], [1224.5147974367337, 190.9860416263699, -461.0781986321857]], "J": [[-587.785252292477, 809.016994374947, 0.0], [-448.569333517359, 806.161134277857, 582.7549540462448], [-67.3216100477597, 794.8674462277, 1033.7402948382824], [458.4489645946971, 768.174679375369, 1260.0862240145589], [1000.9627465549107, 718.060634033922, 1233.426466175429], [1441.1332696441827, 639.331215167987, 993.945443034939], [1702.1767069257228, 532.706039566641, 632.603535337701], [1767.0588158138842, 405.8969119618057, 258.9979984746034], [1675.4590019670668, 272.2454858098947, -33.211818110724], [1503.4632007972564, 147.400335002098, -191.6559266940132], [1334.8015346105676, 45.214944719879, -214.2100410895164], [1234.2011064321932, -25.72029484258, -140.940165850048], [1231.144564627644, -63.7975780866024, -34.3149619098321], [1317.4367812867376, -73.9288062116016, 43.9157704085772], [1456.7225184472006, -65.2460182959161, 51.1626792965703]],