{"A": [[0.0, 1000.0, 0.0], [0.0, 1000.0, 0.0], [0.0, 1000.0, 0.0], [0.0, 1000.0, 0.0], [0.0, 1000.0, 0.0], [0.0, 1000.0, 0.0], [0.0, 1000.0, 0.0], [0.0, 1000.0, 0.0], [0.0, 1000.0, 0.0], [0.0, 1000.0, 0.0], [0.0, 1000.0, 0.0], [0.0, 1000.0, 0.0], [0.0, 1000.0, 0.0], [0.0, 1000.0, 0.0], [0.0, 1000.0, 0.0]], "B": [[587.7852522924732, 809.0169943749474, 0.0], [587.7852522924732, 809.0169943749474, 0.0], [587.7852522924732, 809.0169943749474, 0.0], [587.7852522924732, 809.0169943749474, 0.0], [587.7852522924732, 809.0169943749474, 0.0], [587.7852522924732, 809.0169943749474, 0.0], [587.7852522924732, 809.0169943749474, 0.0], [587.7852522924732, 809.0169943749474, 0.0], [587.7852522924732, 809.0169943749474, 0.0], [587.7852522924732, 809.0169943749474, 0.0], [587.7852522924732, 809.0169943749474, 0.0], [587.7852522924732, 809.0169943749474, 0.0], [587.7852522924732, 809.0169943749474, 0.0], [587.7852522924732, 809.0169943749474, 0.0], [587.7852522924732, 809.0169943749474, 0.0]], "C": [[951.056516295153, 309.016994374947, 0.0], [949.921162409334, 309.016994374947, -28.6983249326044], [946.522197533671, 309.016994374947, -57.2172646070978], [940.880867653528, 309.016994374947, -85.3785550527928], [933.032435155091, 309.016994374947, -113.006167864993], [923.025958409982, 309.016994374947, -139.927410509659], [910.923985125008, 309.016994374947, -165.974005776472], [896.802161373815, 309.016994374947, -190.983143632936], [880.748758754293, 309.016994374947, -214.798498904671], [862.86412262734, 309.016994374947, -237.271208420656], [843.260044885874, 309.016994374947, -258.260801515568], [822.059065174769, 309.016994374947, -277.636078072889], [799.393704929566, 309.016994374947, -295.275928620401], [775.405639021787, 309.016994374947, -311.070091351849], [750.244810188668, 309.016994374947, -324.919841342873]], "D": [[951.056516295154, -309.016994374943, 0.0], [954.1554060927484, -307.269864393317, 17.5465681916577], [963.3428463882498, -302.039395272684, 33.8495553275684], [978.294075869182, -293.358281222739, 47.7014601625792], [998.477504657224, -281.280785476203, 57.966008908784], [1023.168974623476, -265.882401104429, 63.61146202139], [1051.471214190774, -247.25937913118, 63.741217774138], [1082.337993349339, -225.528126894211, 57.620918342308], [1114.602364910036, -200.824480415337, 44.70135219687], [1147.008273713205, -173.30285532719, 24.636552512655], [1178.244729218831, -143.135281663984, -2.703387642946], [1206.981670793579, -110.510328549558, -37.225129375614], [1231.90661074572, -75.631925504153, -78.610735318829], [1251.761118857641, -38.71808773763, -126.322207064607], [1265.376214371129, 0.000446603057, -179.611820648047]], "E": [[587.785252292473, -809.016994374943, 0.0], [592.9389008893664, -806.601875608879, 63.9813632723365], [608.2882147117368, -799.363909552175, 126.426805620651], [633.4999950955771, -787.325413106041, 185.8301166121832], [668.024587920998, -770.52406264548, 240.744281182302], [711.104463442414, -749.013596478316, 289.810489800088], [761.786342789816, -722.864759143138, 331.786380079291], [818.936954362061, -692.16644968484, 365.573154271317], [881.262484737597, -657.027027025852, 390.241144460074], [947.331742816179, -617.575717814447, 405.053321223518], [1015.602981218495, -573.964065896296, 409.486170369394], [1084.454216355127, -526.367357999897, 403.247304739937], [1152.2167612187984, -474.985957486587, 386.289142366524], [1217.2115382666686, -420.046477180657, 358.817975909221], [1277.7875811214858, -361.80272340516, 321.297787362719]], "F": [[0.0, -1000.000000000003, 0.0], [17.35299438396242, -996.510551668211, 184.8183205323145], [68.7352543603268, -986.121343753238, 363.0071830757], [152.1511019880091, -969.066348911214, 528.2326379330502], [264.387151699665, -945.724239357587, 674.734752749161], [401.173800015777, -916.602082814291, 797.573322592771], [557.396654725826, -882.313720549692, 892.827283552099], [727.344589045168, -843.553951957094, 957.737552071059], [904.97909158488, -801.0698630933, 990.786892249033], [1084.20869963745, -755.630776707024, 991.714646568582], [1259.152592230258, -707.998361039477, 961.468421851806], [1424.378825899757, -658.898411030282, 902.09877668194], [1575.1050762152013, -608.995710078573, 816.606316669204], [1707.3528826925317, -558.873199274819, 708.753134141569], [1818.050010321802, -509.016434289346, 582.852068865417]], "G": [[-587.785252292477, -809.016994374943, 0.0], [-550.7368137953126, -803.793642791699, 333.4795936535625], [-441.6955740388342, -788.370468652328, 649.923498517481], [-266.8190782469639, -763.470569944303, 933.3997330863552], [-35.868278001323, -730.242025542701, 1170.093313505529], [238.497429834678, -690.177032065291, 1349.147529955771], [541.617303319759, -645.007804345256, 1463.268275639523], [857.8399535400881, -596.58741108402, 1509.049168840225], [1171.5613290992542, -546.764807971816, 1487.001423305514], [1468.204522247, -497.263644909219, 1401.299368787451], [1735.065035585002, -449.573945126241, 1259.277385400797], [1961.961250448548, -404.864535037126, 1070.73429463187], [2141.6509558112984, -363.922261937845, 847.1150462265743], [2269.998478864026, -327.121742338679, 600.645749717951], [2345.9005902060508, -294.426843673116, 343.496508735464]], "H": [[-951.056516295157, -309.016994374943, 0.0], [-892.3544721141166, -302.735860942299, 452.6621679798405], [-720.9138795630003, -284.405049890132, 873.579497324011], [-450.2571092890079, -255.507406483471, 1233.8825522031711], [-101.3984377005447, -218.337622299724, 1510.13109281886], [299.2461552668016, -175.758622653664, 1686.266653807991], [722.424454714169, -130.900699724561, 1754.762135323167], [1138.7884335977442, -86.837565201406, 1716.868940339598], [1521.4994384398922, -46.27555565936, 1581.9742573209476], [1848.418533019155, -11.289930892341, 1366.1871693791065], [2103.66759118196, 16.864069051349, 1090.358037226668], [2278.435886171428, 37.847128183844, 777.790273627351], [2371.006431931596, 52.231692340509, 451.9214694034854], [2386.0718537251755, 61.402383177568, 134.231784671569], [2333.4882694106286, 67.376266154548, -157.413119103343]], "I": [[-951.056516295157, 309.016994374947, 0.0], [-875.8199453456277, 313.524925394754, 496.4258960874389], [-658.3712129872115, 326.244314413719, 945.425025946046], [-322.3510910908259, 344.890379125127, 1305.4965228728227], [96.4620827160443, 366.062312394208, 1546.1024986895263], [554.9752848438866, 385.784339742345, 1651.0796545133146], [1008.423485507153, 400.136095682602, 1619.964184451256], [1415.965118082837, 405.871595661167, 1467.115502665477], [1745.407588237882, 400.929629629832, 1218.8783003693345], [1976.421068586241, 384.757915832891, 909.3201589233277], [2101.877764659015, 358.405140391911, 575.273088544745], [2127.275529288194, 324.373338122194, 251.464054657226], [2068.509221023592, 286.261248214602, -33.5593393009876], [1948.4879106385847, 248.260874117538, -260.192109592616], [1793.2253798178485, 214.589462201097, -418.966739396745]], "J": [[-587.785252292477, 809.016994374947, 0.0], [-507.50663666240666, 807.444666379826, 447.9015994706932], [-278.8295425046415, 801.808589391373, 837.014915797632], [64.0375374627301, 789.588326145063, 1118.6447771200367], [471.1614880268803, 767.318789171048, 1262.2722558427934], [885.9434389974676, 731.517675057022, 1260.0623236461577], [1255.04725047775, 679.67344312544, 1127.012258614213], [1537.215599451606, 611.070458947045, 896.889443523906], [1709.3101043831348, 527.265060556047, 614.9723956108586], [1768.576003186938, 432.1044939086066, 329.2126330423126], [1730.9730078921682, 331.2813524471752, 81.653829616007], [1626.230975276411, 231.5160960362766, -98.24711007367], [1490.8996409540694, 139.537061681633, -197.2822678976426], [1360.9457656888496, 61.064846434715, -218.744716698335], [1265.3752935866287, -0.000583071665, -179.61049823001]],