{"A": [[0.0, 1000.0, 0.0], [0.0, 1000.0, 0.0], [0.0, 1000.0, 0.0], [0.0, 1000.0, 0.0], [0.0, 1000.0, 0.0], [0.0, 1000.0, 0.0], [0.0, 1000.0, 0.0], [0.0, 1000.0, 0.0], [0.0, 1000.0, 0.0], [0.0, 1000.0, 0.0], [0.0, 1000.0, 0.0], [0.0, 1000.0, 0.0], [0.0, 1000.0, 0.0], [0.0, 1000.0, 0.0], [0.0, 1000.0, 0.0]], "B": [[587.7852522924732, 809.0169943749474, 0.0], [587.7852522924732, 809.0169943749474, 0.0], [587.7852522924732, 809.0169943749474, 0.0], [587.7852522924732, 809.0169943749474, 0.0], [587.7852522924732, 809.0169943749474, 0.0], [587.7852522924732, 809.0169943749474, 0.0], [587.7852522924732, 809.0169943749474, 0.0], [587.7852522924732, 809.0169943749474, 0.0], [587.7852522924732, 809.0169943749474, 0.0], [587.7852522924732, 809.0169943749474, 0.0], [587.7852522924732, 809.0169943749474, 0.0], [587.7852522924732, 809.0169943749474, 0.0], [587.7852522924732, 809.0169943749474, 0.0], [587.7852522924732, 809.0169943749474, 0.0], [587.7852522924732, 809.0169943749474, 0.0]], "C": [[951.056516295153, 309.016994374947, 0.0], [950.404183323647, 309.016994374947, -21.7605631341047], [948.449527222052, 309.016994374947, -43.4429745715709], [945.199568015066, 309.016994374947, -64.9693632926733], [940.665977727191, 309.016994374947, -86.2624186234789], [934.865038463381, 309.016994374947, -107.245667892281], [927.817583932894, 309.016994374947, -127.843751076397], [919.548924626322, 309.016994374947, -147.982691452964], [910.088756914563, 309.016994374947, -167.590161281691], [899.471056396161, 309.016994374947, -186.595741565403], [887.73395587608, 309.016994374947, -204.931174955443], [874.91960841413, 309.016994374947, -222.530610893662], [861.074035934894, 309.016994374947, -239.330842110562], [846.246963942879, 309.016994374947, -255.271531630237], [830.491642936485, 309.016994374947, -270.295429466835]], "D": [[951.056516295154, -309.016994374943, 0.0], [948.6206656418816, -308.013157151363, -56.9262057728637], [941.337545045303, -305.005250699003, -113.3866198437668], [929.2801357533907, -300.004077725088, -168.9208744153553], [912.5690347279974, -293.027599628442, -223.0793761817209], [891.3709121459002, -284.100871992252, -275.428511315738], [865.8963820343713, -273.255954598516, -325.555634632466], [836.3973156597496, -260.531796287343, -373.07377575328], [803.163635021795, -245.974095074644, -417.625999092738], [766.519631008933, -229.635134030572, -458.889359378615], [726.819857337814, -211.573593508161, -496.57840012523], [684.444657241117, -191.854340396517, -530.448148929399], [639.79538489774, -170.548195155462, -560.29657055511], [593.289387747699, -147.731677468294, -585.966446415745], [545.354819041764, -123.486731426149, -607.346657142244]], "E": [[587.785252292473, -809.016994374943, 0.0], [584.9176734694706, -807.629512681975, -48.58102625113849], [576.351065218314, -803.469502772933, -96.5263055529084], [562.1934107825728, -796.544297981035, -143.2078958154275], [542.6233463477683, -786.866212648953, -188.0133928222883], [517.8881648074722, -774.452678132729, -230.3535192977804], [488.3010365311073, -759.326428888293, -269.6694974597056], [454.2374633146765, -741.515734402766, -305.4401319014413], [416.130987253389, -721.054671636933, -337.1885290633684], [374.46818245576, -697.983431632723, -364.4883791367222], [329.782964378241, -672.348653027416, -386.969726179504], [282.650259108612, -644.203774418059, -404.324152719973], [233.679083128643, -613.609396849112, -416.309306391656], [183.505092854486, -580.633647164108, -422.752698396582], [132.78267245044, -545.352532577418, -423.554707029811]], "F": [[0.0, -1000.000000000003, 0.0], [-1.05241479001935, -997.992538749172, 0.07064609230931], [-4.16901799468096, -991.979938109523, 0.5626227844414], [-9.2289106665573, -981.99162779955, 1.8845907680565], [-16.0339931511686, -968.076918420555, 4.4201499602387], [-24.3140045992928, -950.305369320977, 8.5160052183246], [-33.7334602485347, -928.767257113018, 14.4709627930564], [-43.9003656645565, -903.574100621047, 22.5260256950737], [-54.376549220604, -874.859188564537, 32.8558465781886], [-64.689414580965, -842.778049015087, 45.5617824193188], [-74.344874440615, -807.508794946424, 60.666774988739], [-82.841186308339, -769.252278254022, 78.112253727057], [-89.683372183163, -728.231985596882, 97.757222273252], [-94.397868413021, -684.69361334167, 119.37964596961], [-96.54702196623, -638.9042656968867, 142.680205121684]], "G": [[-587.785252292477, -809.016994374943, 0.0], [-584.2925046392384, -806.00784261342, 70.34784931242991], [-573.825968413059, -797.01946655059, 140.0165026861934], [-556.4225602206103, -782.168647659666, 208.3207739962445], [-532.1496826862536, -761.648487450091, 274.5643876424597], [-501.1136449167448, -735.726060186272, 338.0366181312806], [-463.4706810266767, -704.739041576975, 398.0114312859254], [-419.4398290639985, -669.091243232374, 453.7497637599067], [-369.316768946173, -629.246982669155, 504.5054130621606], [-313.487590376665, -585.724231534285, 549.5348113498328], [-252.441378491077, -539.086511195914, 588.110728486429], [-186.780473954855, -489.933544510479, 619.539701048985], [-117.2272919948115, -438.890723920943, 643.18272408197], [-44.6266760702304, -386.597516544811, 658.478483602716], [30.057081443492, -333.6949931494247, 664.968164202666]], "H": [[-951.056516295157, -309.016994374943, 0.0], [-940.8537491323864, -305.392495647454, 135.2659866683], [-910.459557568046, -294.620624646628, 267.4497854513684], [-860.5145406685543, -277.002919970996, 393.5278641578825], [-792.0803159924826, -253.030895463361, 510.5945175851017], [-706.6295029869988, -223.369722190004, 615.9218934641136], [-606.0299140056617, -188.835910029614, 707.0208732163954], [-492.5214054366975, -150.369539557312, 781.7023343877808], [-368.6837232969647, -109.001779677378, 838.1377545210726], [-237.3937740264399, -65.8186210106, 874.9175068167918], [-101.771078429084, -21.921951224886, 891.104606047198], [34.889276870156, 21.610715914539, 886.281153480939], [169.1961118825745, 63.766386428427, 860.584367076263], [297.7530410088716, 103.63501928269, 814.728928079125], [417.258733100283, 140.4446034531693, 750.0124769924475]], "I": [[-951.056516295157, 309.016994374947, 0.0], [-933.826013044611, 311.630382257586, 169.8982016907818], [-882.7862208124631, 319.286315150018, 333.1648290291656], [-799.8705398381678, 331.443384044913, 483.4245356354954], [-688.2289588588886, 347.236249770259, 614.8070946796897], [-552.1201897117878, 365.529071462572, 722.1814539557306], [-396.7622447955147, 384.986211364385, 801.3671867233317], [-228.1436671457145, 404.156301192469, 849.3153115962862], [-52.799032260778695, 421.564903464673, 864.2503560519878], [122.4458455524271, 435.810361144006, 845.7657711228683], [290.751439321516, 445.657053771906, 794.865537083288], [445.554923002471, 450.120215930949, 713.946169416423], [580.8614247347555, 448.536761006145, 606.71542393487], [691.5222256156096, 440.617208048002, 478.046815457768], [773.484814079183, 426.4748255566283, 333.7725191268416]], "J": [[-587.785252292477, 809.016994374947, 0.0], [-565.9077621036621, 808.140242512976, 160.94663513383608], [-501.59826887228405, 805.284093199785, 311.5334565240738], [-398.7476634824908, 799.796704935244, 442.0528529858764], [-263.5843406210556, 790.675484424407, 544.0638644658925], [-104.3025571014918, 776.684848702636, 610.9326067008716], [69.4319308268683, 756.505824313553, 638.2654422201737], [247.0732616286145, 728.903665023775, 624.2063789858602], [417.8515151773153, 692.897703140209, 569.5766631872237], [571.4552873241091, 647.917009876316, 477.8428144953303], [698.698456236856, 593.926239469954, 354.909299245455], [792.126791634245, 531.5082704809305, 208.743303530102], [846.5208859396705, 461.8938111015521, 48.851057681591], [859.2560574978116, 386.932749032293, -114.36296818225], [830.4876321789205, 309.0073254907953, -270.3119753001194]],