{"A": [[0.0, 1000.0, 0.0], [0.0, 1000.0, 0.0], [0.0, 1000.0, 0.0], [0.0, 1000.0, 0.0], [0.0, 1000.0, 0.0], [0.0, 1000.0, 0.0], [0.0, 1000.0, 0.0], [0.0, 1000.0, 0.0], [0.0, 1000.0, 0.0], [0.0, 1000.0, 0.0], [0.0, 1000.0, 0.0], [0.0, 1000.0, 0.0], [0.0, 1000.0, 0.0], [0.0, 1000.0, 0.0], [0.0, 1000.0, 0.0]], "B": [[587.7852522924732, 809.0169943749474, 0.0], [587.7852522924732, 809.0169943749474, 0.0], [587.7852522924732, 809.0169943749474, 0.0], [587.7852522924732, 809.0169943749474, 0.0], [587.7852522924732, 809.0169943749474, 0.0], [587.7852522924732, 809.0169943749474, 0.0], [587.7852522924732, 809.0169943749474, 0.0], [587.7852522924732, 809.0169943749474, 0.0], [587.7852522924732, 809.0169943749474, 0.0], [587.7852522924732, 809.0169943749474, 0.0], [587.7852522924732, 809.0169943749474, 0.0], [587.7852522924732, 809.0169943749474, 0.0], [587.7852522924732, 809.0169943749474, 0.0], [587.7852522924732, 809.0169943749474, 0.0], [587.7852522924732, 809.0169943749474, 0.0]], "C": [[951.056516295153, 309.016994374947, 0.0], [950.404183323647, 309.016994374947, -21.7605631341047], [948.449527222052, 309.016994374947, -43.4429745715709], [945.199568015066, 309.016994374947, -64.9693632926733], [940.665977727191, 309.016994374947, -86.2624186234789], [934.865038463381, 309.016994374947, -107.245667892281], [927.817583932894, 309.016994374947, -127.843751076397], [919.548924626322, 309.016994374947, -147.982691452964], [910.088756914563, 309.016994374947, -167.590161281691], [899.471056396161, 309.016994374947, -186.595741565403], [887.73395587608, 309.016994374947, -204.931174955443], [874.91960841413, 309.016994374947, -222.530610893662], [861.074035934894, 309.016994374947, -239.330842110562], [846.246963942879, 309.016994374947, -255.271531630237], [830.491642936485, 309.016994374947, -270.295429466835]], "D": [[951.056516295154, -309.016994374943, 0.0], [952.8388625704592, -308.013157151363, 13.3660036563349], [958.1497896096828, -305.005250699003, 26.1889054407931], [966.881518177786, -300.004077725088, 37.9346600755337], [978.8562618487192, -293.027599628442, 48.0872009521301], [993.8289671586286, -284.100871992252, 56.157095116617], [1011.4910936492886, -273.255954598516, 61.689802458556], [1031.475378603399, -260.531796287343, 64.273416127806], [1053.361516876446, -245.974095074644, 63.545768713106], [1076.682672835983, -229.635134030572, 59.20079789984], [1100.932729221863, -211.57359350816, 50.994076048582], [1125.574166915926, -191.854340396517, 38.74742024677], [1150.046460313289, -170.548195155462, 22.352512709026], [1173.774865353989, -147.731677468294, 1.773475745453], [1196.179471413609, -123.486731426149, -22.951639324542]], "E": [[587.785252292473, -809.016994374943, 0.0], [594.1544372690172, -805.150118736092, 91.8920230549029], [613.1030389905038, -793.587513360056, 181.7399380643571], [644.158499541607, -774.442759926167, 267.5512999859757], [686.5474351060471, -747.903558132032, 347.4355322216901], [739.2165167997846, -714.229344417677, 419.651260931341], [800.8608412695846, -673.748004589269, 482.649451269194], [869.958960460067, -626.851725958707, 535.111145123498], [944.813547177181, -573.992046527955, 575.978762429013], [1023.5965117579829, -515.674169840612, 604.480121499194], [1104.3972602006374, -452.45062424119, 620.144552056853], [1185.2726992735506, -384.914354280198, 622.810710929968], [1264.297551904132, -313.69133975348, 612.625957372596], [1339.613547700962, -239.4328442571811, 590.037395000307], [1409.476098568656, -162.8074000848737, 555.774932651048]], "F": [[0.0, -1000.000000000003, 0.0], [12.07628820452524, -991.506378943219, 183.6655699699967], [47.87388463273378, -966.18784196721, 362.5468540792391], [106.117087609501, -924.527448608899, 532.0357731015467], [184.7392165406222, -867.31734313022, 687.8688898450431], [280.9688994116266, -795.6396986454189, 826.280682681289], [391.4451378108026, -710.8407804652367, 944.135007911299], [512.3557632421, -614.4988435540499, 1039.029165128629], [639.592840278102, -508.3867460856119, 1109.366309981453], [768.9178388115338, -394.430301897568, 1154.393486750984], [896.1290243716314, -274.663505062638, 1174.204199973009], [1017.2235182256056, -151.181836633604, 1169.70612524042], [1128.546854047304, -26.09490474122, 1142.55618848773], [1226.92358210133, 98.5203264061309, 1095.066738050664], [1309.7635038697804, 220.6644953571883, 1030.087820009798]], "G": [[-587.785252292477, -809.016994374943, 0.0], [-569.8928923628838, -795.526037688227, 253.4480173431157], [-517.1042389604092, -755.493920908401, 498.0968549650151], [-432.030540815613, -690.225492308375, 725.5964471659527], [-318.8474908022388, -601.838239185939, 928.466655434477], [-183.0433629943884, -493.1790856983279, 1100.463485210241], [-31.0908710207984, -367.7131501118297, 1236.8682683701], [129.934977508873, -229.3893941935939, 1334.682790005056], [292.767328723193, -82.4890853731319, 1392.719902484563], [450.3589845494948, 68.536305586504, 1411.586387073019], [596.2681394279434, 219.230764217093, 1393.562153335859], [724.9938752517666, 365.295890901282, 1342.386766824508], [832.240991578466, 502.742780718029, 1262.97026388928], [915.099178850954, 628.0274414739729, 1161.0498258852463], [972.1279172130714, 738.1644413818353, 1042.8168316594304]], "H": [[-951.056516295157, -309.016994374943, 0.0], [-928.2922532085228, -292.460388927023, 274.4447416594291], [-861.4957966477663, -243.674166815855, 535.5268638407531], [-755.029723199887, -165.255762706888, 770.8106311278821], [-615.7555876946108, -61.359941082882, 969.6346348538392], [-452.4605847415364, 62.5505292396511, 1123.808012556765], [-275.1321372846474, 200.0305924802183, 1228.0981852456], [-94.148159495778, 344.0336859804111, 1280.472734812199], [80.542341360331, 487.3228582733121, 1282.081234439448], [240.1741928437558, 622.885843050088, 1236.986974417606], [377.79020035311237, 744.32788504747, 1151.681159697711], [488.6823625317806, 846.218088280969, 1034.43105527887], [570.616966850389, 924.368656735544, 894.526914637808], [623.832056864764, 976.0313345592399, 741.4991551701562], [650.8178952364684, 1000.0012456600183, 584.3766840361134]], "I": [[-951.056516295157, 309.016994374947, 0.0], [-925.5058707969434, 324.526596037867, 238.5935532956316], [-850.9916975240674, 369.667091037273, 460.2395703123329], [-733.6834207933344, 440.39812971944, 649.5930201445761], [-583.0815111293775, 530.389369764724, 794.3315570653962], [-410.9488793388593, 631.5860676221502, 886.234138525125], [-230.008853065635, 734.9254214175303, 921.801886790138], [-52.5720751702631, 831.1372070146701, 902.362168630459], [110.7391671147456, 911.5550956096031, 833.660481385913], [252.0166297709333, 968.865033700095, 725.006342386577], [366.72482087735835, 997.724106187849, 588.090950646032], [453.9257139836092, 995.196580046428, 435.629422329279], [516.0597941377697, 960.9719116650859, 279.994793521038], [558.3305770841816, 897.3505103586454, 132.0035478851172], [587.7884111398598, 809.0048461683112, -0.0150260058966]], "J": [[-587.785252292477, 809.016994374947, 0.0], [-562.6036426524994, 818.528150562239, 159.6603651844007], [-489.6884299398294, 845.333203028963, 301.5962282340019], [-376.5299804698614, 884.479567380243, 410.4296700251661], [-234.3505252197975, 928.458142788173, 475.1232196739282], [-76.4329287834743, 968.2189763647741, 490.325847597028], [83.816109625008, 994.4029019449483, 456.8810966102811], [234.7509300237599, 998.6295585008331, 381.442007636449], [368.0162540101866, 974.6756706600315, 275.278618487407], [479.4827375859253, 919.3926425199328, 152.487640895948], [569.4550962779764, 833.247104673984, 27.900123642316], [642.1441503922402, 720.417214974061, -84.981883710481], [704.5173914753857, 588.4345287072078, -175.708666587304], [764.7429323204937, 447.4184927852974, -238.0250056324198], [830.5023390707278, 309.0006002236353, -270.2958327158326]],