{"A": [[0.0, 1000.0, 0.0], [0.0, 1000.0, 0.0], [0.0, 1000.0, 0.0], [0.0, 1000.0, 0.0], [0.0, 1000.0, 0.0], [0.0, 1000.0, 0.0], [0.0, 1000.0, 0.0], [0.0, 1000.0, 0.0], [0.0, 1000.0, 0.0], [0.0, 1000.0, 0.0], [0.0, 1000.0, 0.0], [0.0, 1000.0, 0.0], [0.0, 1000.0, 0.0], [0.0, 1000.0, 0.0], [0.0, 1000.0, 0.0]], "B": [[587.7852522924732, 809.0169943749474, 0.0], [587.7852522924732, 809.0169943749474, 0.0], [587.7852522924732, 809.0169943749474, 0.0], [587.7852522924732, 809.0169943749474, 0.0], [587.7852522924732, 809.0169943749474, 0.0], [587.7852522924732, 809.0169943749474, 0.0], [587.7852522924732, 809.0169943749474, 0.0], [587.7852522924732, 809.0169943749474, 0.0], [587.7852522924732, 809.0169943749474, 0.0], [587.7852522924732, 809.0169943749474, 0.0], [587.7852522924732, 809.0169943749474, 0.0], [587.7852522924732, 809.0169943749474, 0.0], [587.7852522924732, 809.0169943749474, 0.0], [587.7852522924732, 809.0169943749474, 0.0], [587.7852522924732, 809.0169943749474, 0.0]], "C": [[951.056516295153, 309.016994374947, 0.0], [949.921131167582, 309.016994374947, -28.6987191605648], [946.522072957235, 309.016994374947, -57.2180456625624], [940.880588817532, 309.016994374947, -85.3797082119638], [933.03194306924, 309.016994374947, -113.007671234284], [923.025196766934, 309.016994374947, -139.929235254343], [910.922901023529, 309.016994374947, -165.976116422423], [896.800706009893, 309.016994374947, -190.985498438812], [880.746888073628, 309.016994374947, -214.801050301285], [862.861797932951, 309.016994374947, -237.273903513655], [843.257233394974, 309.016994374947, -258.263582647009], [822.05574051943, 309.016994374947, -277.638883436755], [799.389847596214, 309.016994374947, -295.278692926606], [775.40123672506, 309.016994374947, -311.072746532859], [750.239858175712, 309.016994374947, -324.922317296652]], "D": [[951.056516295154, -309.016994374943, 0.0], [954.1554911586828, -307.269816317204, 17.5468040007278], [963.3431806508742, -302.039203569261, 33.8499758379992], [978.2948056970782, -293.357852138262, 47.7019656337532], [998.4787476110643, -281.280028233942, 57.966455827221], [1023.170809575547, -265.881229056294, 63.611670169824], [1051.473673020128, -247.257710870542, 63.740979252461], [1082.341054569334, -225.52588731942, 57.620008210622], [1114.605949519008, -200.821601733793, 44.699540349015], [1147.012243482699, -173.299277990365, 24.63361633946], [1178.248887549603, -143.130955224354, -2.707650276046], [1206.985766180134, -110.505212431055, -37.230887331029], [1231.910342798307, -75.625989678476, -78.618112066326], [1251.764146739352, -38.711313299549, -126.331269720949], [1265.378167419953, 0.008066967432, -179.622570629494]], "E": [[587.785252292473, -809.016994374943, 0.0], [598.8561543080449, -802.289297249552, 120.9107531371118], [631.5887356216282, -782.221256239745, 237.1482683704412], [684.5651946580012, -749.155480961946, 344.2444556881262], [755.4966194348112, -703.654577214528, 438.131468697281], [841.330155145997, -646.488744943902, 515.317223043156], [938.391320575603, -578.618836584415, 573.032837798573], [1042.5542528962, -501.175284422603, 609.34496825809], [1149.43127778208, -415.433404835077, 623.22782983112], [1254.572277500794, -322.785673883513, 614.591807887817], [1353.663911504411, -224.7116406814292, 584.267794168944], [1442.718852127341, -122.7462004023522, 533.948665571033], [1518.245823708428, -18.4469864157567, 466.09150342431], [1577.392340028759, 86.638340102927, 383.7861240004], [1618.053559573035, 191.004125089812, 290.597149077675]], "F": [[0.0, -1000.000000000003, 0.0], [20.97693352286486, -985.2310574488, 241.5504224421218], [82.6074861843512, -941.414720479713, 472.1866481293022], [181.0855911317152, -870.001890075279, 681.6914077969492], [310.3756469692122, -773.3431537113456, 861.188005613136], [462.647854523578, -654.5908256247895, 1003.681925631353], [628.837228923905, -517.568443883797, 1104.460278888045], [799.281195161757, -366.613949572935, 1161.320943998083], [964.3849010051651, -206.403983927179, 1174.61748414715], [1115.262018441055, -41.767566366678, 1147.121136862731], [1244.301921183303, 122.5021805861378, 1083.716018356276], [1345.6213818930958, 281.8296324800908, 990.956858026811], [1415.369617664242, 432.0234383215373, 876.528945572397], [1451.868613323062, 569.421200589612, 748.656669405637], [1455.584952440075, 691.006029101759, 615.509535623363]], "G": [[-587.785252292477, -809.016994374943, 0.0], [-565.7142114726652, -794.160365495275, 276.9270009984123], [-500.9211241714798, -750.196788116178, 542.1586031463652], [-397.5506817271908, -678.917478706535, 784.8069871917902], [-262.1360306909578, -583.2166668259287, 995.532001301284], [-103.071051000698, -466.9591921144886, 1167.152110340289], [70.062904445026, -334.803564177285, 1295.075766976343], [247.257071821994, -191.98852932685, 1377.518402597739], [418.8557486877382, -44.092947855209, 1415.488990953536], [576.28895736361, 103.219849083699, 1412.550411894583], [712.693321308312, 244.4611564686698, 1374.377876863284], [823.3672088659237, 374.5670117545469, 1308.157691082325], [906.021228377499, 489.1271018790756, 1221.882968553766], [960.80392157452, 584.5810343901334, 1123.612212379935], [990.103355696632, 658.3719402909741, 1020.759965099713]], "H": [[-951.056516295157, -309.016994374943, 0.0], [-935.0710963984171, -302.7274005022, 213.4042198395401], [-887.9655185535657, -284.274767514205, 419.3607255356442], [-812.2023394101508, -254.874433231993, 610.9751442643422], [-711.5989375985548, -216.4440362454096, 782.396025874031], [-590.935731704914, -171.45001926816855, 929.184899709977], [-455.479849109917, -122.70902560388, 1048.526112457558], [-310.485454259167, -73.159338231383, 1139.256132831195], [-160.7351031744908, -25.6202082050612, 1201.715247061701], [-10.181129336048, 17.4415858477194, 1237.447761392597], [138.267418343271, 54.1185205161358, 1248.796930093753], [282.7868894062547, 83.2244857406119, 1238.4550225623043], [422.509093073048, 104.3973828409246, 1209.0350289418757], [557.243438266432, 118.1317218556134, 1162.7272529439765], [687.097876135926, 125.7364739845211, 1101.0914697463436]], "I": [[-951.056516295157, 309.016994374947, 0.0], [-944.7212807019299, 299.639906308636, 75.4675935270881], [-925.2864638300183, 271.882752780242, 152.4113466007882], [-891.5003636010972, 226.876914942963, 232.0378497931872], [-841.4000451361428, 166.5337392199534, 315.014268386938], [-772.509628722434, 93.56820421541644, 401.205475495755], [-682.137274603172, 11.504653454635, 489.438363466003], [-567.774613181037, -75.35744985949017, 577.327784857331], [-427.5855291617648, -162.0390542969832, 661.209225049497], [-260.947840134252, -243.0547150107786, 736.225510046357], [-68.986141140805, -312.6709379265692, 796.60508307902], [144.9868568978997, -365.2451550025291, 836.1465046031192], [375.2131795474487, -395.6271312767304, 848.8897900516757], [613.5029340975899, -399.5911554311866, 829.9151397137085], [849.578881989311, -374.2563100052419, 776.1712488533667]], "J": [[-587.785252292477, 809.016994374947, 0.0], [-590.945000796394, 780.752831564937, -83.7137752873799], [-598.1077918998993, 698.0810014503, -152.9985103369408], [-602.6721262200452, 567.236299174028, -195.3960633528158], [-594.7591641520958, 398.1868830965304, -202.161821556907], [-562.773026842857, 204.00399681693744, -169.56637454118], [-495.337538900051, -0.0054719572234, -99.577244989616], [-383.371977748794, -197.37621473378817, 0.202928076495], [-222.0237632270378, -371.7223423967612, 117.386376754604], [-12.159844083509, -508.0603943491626, 236.383000660083], [238.85740245496, -594.1156115229702, 340.548880818019], [517.3119001185067, -621.4887355701501, 414.6262786841852], [804.2758087820577, -586.5516265343604, 447.1198094843197], [1077.678671175215, -490.9481851934718, 432.2207979491365], [1315.06274594545, -341.6055608375541, 370.9247655554077]],