{"A": [[0.0, 1000.0, 0.0], [0.0, 1000.0, 0.0], [0.0, 1000.0, 0.0], [0.0, 1000.0, 0.0], [0.0, 1000.0, 0.0], [0.0, 1000.0, 0.0], [0.0, 1000.0, 0.0], [0.0, 1000.0, 0.0], [0.0, 1000.0, 0.0], [0.0, 1000.0, 0.0], [0.0, 1000.0, 0.0], [0.0, 1000.0, 0.0], [0.0, 1000.0, 0.0], [0.0, 1000.0, 0.0], [0.0, 1000.0, 0.0]], "B": [[587.7852522924732, 809.0169943749474, 0.0], [587.7852522924732, 809.0169943749474, 0.0], [587.7852522924732, 809.0169943749474, 0.0], [587.7852522924732, 809.0169943749474, 0.0], [587.7852522924732, 809.0169943749474, 0.0], [587.7852522924732, 809.0169943749474, 0.0], [587.7852522924732, 809.0169943749474, 0.0], [587.7852522924732, 809.0169943749474, 0.0], [587.7852522924732, 809.0169943749474, 0.0], [587.7852522924732, 809.0169943749474, 0.0], [587.7852522924732, 809.0169943749474, 0.0], [587.7852522924732, 809.0169943749474, 0.0], [587.7852522924732, 809.0169943749474, 0.0], [587.7852522924732, 809.0169943749474, 0.0], [587.7852522924732, 809.0169943749474, 0.0]], "C": [[951.056516295153, 309.016994374947, 0.0], [949.069295262161, 309.016994374947, 37.9453758128931], [943.129373753149, 309.016994374947, 75.4756026371802], [933.301738669789, 309.016994374947, 112.180073504964], [919.693911223239, 309.016994374947, 147.657215796876], [902.454770576785, 309.016994374947, 181.518884727799], [881.772925003516, 309.016994374947, 213.394609922673], [857.874648379716, 309.016994374947, 242.935648621879], [831.021404590174, 309.016994374947, 269.818801171294], [801.506986930153, 309.016994374947, 293.749947052874], [769.654303800961, 309.016994374947, 314.467262769128], [735.81184586588, 309.016994374947, 331.744086375565], [700.349873318219, 309.016994374947, 345.391397321119], [663.6563649754704, 309.016994374947, 355.259884465371], [626.1327735192987, 309.016994374947, 361.241579647004]], "D": [[951.056516295154, -309.016994374943, 0.0], [956.4706634144811, -305.958975645959, -23.0118821341242], [972.3793342411743, -296.818376325759, -43.1580969152098], [997.7968504662794, -281.695200973047, -57.718408158676], [1031.13183190455, -260.754907718564, -64.25687214696], [1070.261923566165, -234.226598037244, -60.747848355379], [1112.633724872961, -202.400510217618, -45.683444589963], [1155.38347989754, -165.624843951655, -18.157498988207], [1195.473160106323, -124.301950786242, 22.077765176667], [1229.835879096575, -78.88393211546, 74.585071642902], [1255.524152654465, -29.867692874674, 138.246747581766], [1269.854375931984, 22.210494947498, 211.300658921567], [1270.541039011749, 76.780859500346, 291.4059967607948], [1255.8146362477473, 133.246362774186, 375.7361653922497], [1224.5179247410397, 190.98923261436, 461.0948194603387]], "E": [[587.785252292473, -809.016994374943, 0.0], [607.1170186336351, -797.249781335828, -159.2153562933472], [663.6490248278174, -762.299889130671, -307.6927232620978], [753.1114028440344, -705.208977492623, -435.516137201792], [868.777063102299, -627.668449314135, -534.34345277979], [1002.0093554132692, -531.954387561924, -598.024091581698], [1142.9595393970112, -420.840342537709, -623.031169864368], [1281.35262291688, -297.491643089807, -608.673318879713], [1407.292891681028, -165.3456763397856, -557.071460117135], [1512.019571130815, -27.9831593114657, -472.906925127815], [1588.548572844728, 111.004212358292, -362.967630826396], [1632.147614593123, 248.144224132926, -235.536638634148], [1640.608048116635, 380.207304711157, -99.6807102096702], [1614.2959231696755, 504.317325860061, 35.4957819404567], [1555.9853130566278, 618.045534145455, 161.5646923346517]], "F": [[0.0, -1000.000000000003, 0.0], [36.58623910981014, -974.194280311097, -317.8069233719082], [142.3950966011943, -898.272964915714, -610.6311266050508], [306.0774107390444, -776.6141554472744, -856.262999001194], [510.314768105344, -616.1591021750947, -1037.670711374095], [733.9765005794802, -425.910119237445, -1144.722375039118], [954.7004747164851, -216.287337292111, -1175.01178896319], [1151.540173729004, 1.602560039322, -1133.704172202167], [1307.3200794390966, 216.7259129601804, -1032.458406417034], [1410.393889411674, 418.8490461959303, -887.610689502606], [1455.596486385509, 599.175842441226, -717.901728284536], [1444.304898894569, 750.848252844721, -542.081553656439], [1383.655765464397, 869.275198279731, -376.7260696191122], [1285.0862836094154, 952.271208222102, -234.5492953105273], [1162.4541458883136, 1000.003286812048, -123.4046163551423]], "G": [[-587.785252292477, -809.016994374943, 0.0], [-533.7089213883869, -768.123488901816, -437.2400431101342], [-379.5640114713857, -649.483143052891, -828.8702736150558], [-148.1257942393026, -464.7345487912503, -1136.256875344194], [127.265636605601, -231.7339759381787, -1333.401495069541], [408.6353663987172, 27.538715033719, -1410.246973444265], [659.9081340230362, 289.508765530104, -1373.087000659272], [852.75824824233, 531.638423746825, -1242.135511935776], [970.6739044479306, 734.8257155936634, -1046.8791770299079], [1010.551248902437, 885.2762416318283, -820.2493843006202], [981.678035565193, 975.636687926078, -592.823572561768], [902.513103910756, 1005.287941791513, -388.172142550456], [796.094507932499, 979.814540193063, -220.1411604260082], [685.1273312504364, 909.7776764676171, -92.3889404521893], [587.7760216590337, 809.005101801742, 0.0083412513627]], "H": [[-951.056516295157, -309.016994374943, 0.0], [-882.4471486064858, -259.009782016987, -471.1648657164164], [-690.1233012504197, -117.029463461646, -873.7257958145713], [-411.1887333306326, 94.2602127721457, -1153.249752423143], [-97.085081768983, 341.6632797928983, -1280.031526594806], [198.9199929302822, 587.362836650949, -1253.459135151287], [434.0426176809231, 795.49864166131, -1099.362641074048], [584.817352374926, 938.154298755869, -861.453845792639], [650.3089891464487, 999.6555612658194, -589.498061180933], [649.251970690752, 978.4584540034782, -327.5568654703142], [612.401969730623, 886.4139371525742, -105.339727499949], [572.630952475671, 745.721139174917, 65.445375182336], [555.712449777642, 584.311377176402, 189.4436603512728], [574.2627148830004, 430.6544794465291, 281.9317912260247], [626.1437324916803, 309.006357696563, 361.2495154118107]], "I": [[-951.056516295157, 309.016994374947, 0.0], [-874.2893968628904, 355.56894995015, -406.415776531653], [-663.0828912470741, 482.718467556676, -726.9700575410922], [-368.2556024353836, 656.3076510824827, -899.822377006812], [-55.387770376525, 829.6677062955163, -903.0978120154642], [216.303916675347, 955.989523008225, -757.698934499218], [411.538850535827, 1000.517633158123, -516.759169714664], [526.9030438615926, 949.2925667819061, -246.240156815462], [586.9462809652533, 812.2233371914084, -3.9894448134579], [630.7939175166763, 619.9146295694252, 175.5053945764098], [694.9855064757395, 415.4005854591442, 286.185997370449], [799.194287739809, 243.244861927643, 345.003342637749], [939.805131221871, 139.003017829473, 379.5470227803168], [1092.9016646571895, 121.7076608275461, 414.3384160316967], [1224.5339282554173, 190.994551491275, 461.0913826825118]], "J": [[-587.785252292477, 809.016994374947, 0.0], [-512.4015431671195, 837.10573360539, -268.120734738652], [-309.4310102799462, 906.045133162956, -448.2391971664532], [-38.0714185769256, 976.0124600118957, -486.623573611584], [232.405816559025, 998.7739754649843, -382.9594339885492], [451.546768527546, 937.4764371306911, -186.48612165813], [605.791051828874, 782.53864549024, 27.958421774907], [717.7455345954876, 557.6045076063081, 192.081208486118], [828.1962716175043, 313.3648852595614, 269.6977821383381], [970.7230549271563, 111.6218993495672, 265.2421941355886], [1151.7782684794445, 5.4738202827092, 213.6158173849568], [1345.575606812699, 22.655880931014, 158.525550712989], [1505.297938402801, 157.5801386459038, 130.8729653096598], [1584.1917234979303, 374.2161189729241, 137.1389068340627], [1555.9842446007483, 618.05945800433, 161.5546325671518]],