{"A": [[0.0, 1000.0, 0.0], [0.0, 1000.0, 0.0], [0.0, 1000.0, 0.0], [0.0, 1000.0, 0.0], [0.0, 1000.0, 0.0], [0.0, 1000.0, 0.0], [0.0, 1000.0, 0.0], [0.0, 1000.0, 0.0], [0.0, 1000.0, 0.0], [0.0, 1000.0, 0.0], [0.0, 1000.0, 0.0], [0.0, 1000.0, 0.0], [0.0, 1000.0, 0.0], [0.0, 1000.0, 0.0], [0.0, 1000.0, 0.0], [0.0, 1000.0, 0.0], [0.0, 1000.0, 0.0], [0.0, 1000.0, 0.0], [0.0, 1000.0, 0.0], [0.0, 1000.0, 0.0]], "B": [[587.7852522924732, 809.0169943749474, 0.0], [587.7852522924732, 809.0169943749474, 0.0], [587.7852522924732, 809.0169943749474, 0.0], [587.7852522924732, 809.0169943749474, 0.0], [587.7852522924732, 809.0169943749474, 0.0], [587.7852522924732, 809.0169943749474, 0.0], [587.7852522924732, 809.0169943749474, 0.0], [587.7852522924732, 809.0169943749474, 0.0], [587.7852522924732, 809.0169943749474, 0.0], [587.7852522924732, 809.0169943749474, 0.0], [587.7852522924732, 809.0169943749474, 0.0], [587.7852522924732, 809.0169943749474, 0.0], [587.7852522924732, 809.0169943749474, 0.0], [587.7852522924732, 809.0169943749474, 0.0], [587.7852522924732, 809.0169943749474, 0.0], [587.7852522924732, 809.0169943749474, 0.0], [587.7852522924732, 809.0169943749474, 0.0], [587.7852522924732, 809.0169943749474, 0.0], [587.7852522924732, 809.0169943749474, 0.0], [587.7852522924732, 809.0169943749474, 0.0]], "C": [[951.056516295153, 309.016994374947, 0.0], [950.439927635179, 309.016994374947, 21.1565049613936], [948.592254755445, 309.016994374947, 42.2411910792038], [945.519769851183, 309.016994374947, 63.1824833093926], [941.232902920787, 309.016994374947, 83.9092933793999], [935.746206359659, 309.016994374947, 104.351261107659], [929.078305559981, 309.016994374947, 124.438993251501], [921.251835684103, 309.016994374947, 144.104299072643], [912.293364826182, 309.016994374947, 163.280421820604], [902.233303822907, 309.016994374947, 181.902265348232], [891.105803019475, 309.016994374947, 199.906615090078], [878.948636341267, 309.016994374947, 217.232352653465], [865.803073064737, 309.016994374947, 233.820663293787], [851.713737722835, 309.016994374947, 249.615235569747], [836.728458620519, 309.016994374947, 264.56245250076], [820.89810547459, 309.016994374947, 278.61157357762], [804.276416729019, 309.016994374947, 291.714907008561], [786.919817131951, 309.016994374947, 303.827971616006], [768.887226193668, 309.016994374947, 314.909647834416], [750.239858175712, 309.016994374947, 324.922317296652]], "D": [[951.056516295154, -309.016994374943, 0.0], [952.7413281543284, -308.068161990937, -12.9993817734255], [957.7634974952147, -305.224885788916, -25.4995810559715], [966.0266953037005, -300.496817684883, -37.0092836521594], [977.3719323947751, -293.900007796012, -47.0528014876291], [991.5798755757546, -285.456849956182, -55.177611006875], [1008.3740454023861, -275.196005696839, -60.96156618689], [1027.424851389895, -263.152306951246, -64.019684662853], [1048.35440896828, -249.366637812402, -64.010411303665], [1070.742071657475, -233.885795746023, -60.641270726926], [1094.13060203088, -216.76233272971, -53.673828607481], [1118.032896170201, -198.054376857601, -42.927891097368], [1141.939168611609, -177.825435016065, -28.284882108986], [1165.324498348052, -156.144177300309, -9.690349475919], [1187.656631372949, -133.084203903722, 12.844437056285], [1208.403931596302, -108.723795271275, 39.24182060624], [1227.043369785229, -83.145646365127, 69.358036502072], [1243.068439507578, -56.436585944508, 102.984435034396], [1255.996889899009, -28.687281812823, 139.849633498009], [1265.378167419953, 0.008066967432, 179.622570629494]], "E": [[587.785252292473, -809.016994374943, 0.0], [593.8060297866483, -805.361898183893, -89.3564559647717], [611.7263208075867, -794.430581392365, -176.8338831467755], [641.1236348754705, -776.324551462649, -260.5981481834484], [681.3058333287381, -751.211633243773, -338.9037111388641], [731.3287973965066, -719.323956255538, -410.134962850825], [790.0204737240921, -680.955173960482, -472.844105699593], [856.010631741956, -636.456951498796, -525.784580374756], [927.765510806587, -586.234767935837, -567.939167972101], [1003.6264024719491, -530.743088027361, -598.542048026305], [1081.8511083866695, -470.479966722906, -617.094264416161], [1160.6571401441017, -405.981156993746, -623.372237420058], [1238.2654860147416, -337.813797988558, -617.429156068293], [1312.943761963606, -266.569765902138, -599.589284583999], [1383.047590793626, -192.8587742179984, -570.435414276261], [1447.059112747268, -117.3013130974203, -530.789881975158], [1503.621621552245, -40.5215195943882, -481.68975245696], [1551.569438904074, 36.8599289471748, -424.356920190599], [1589.952284096089, 114.232806518606, -360.164020603671], [1618.053559573035, 191.004125089812, -290.597149077675]], "F": [[0.0, -1000.000000000003, 0.0], [11.41625561621732, -991.97121256811, -178.6040104235667], [45.27958591378867, -968.029901967646, -352.8094032456285], [100.4489775651975, -928.607912713449, -518.3707302760464], [175.0730471414251, -874.414037089181, -671.3424951666151], [266.6631440516676, -806.4178931514044, -808.213457632571], [372.1911006923861, -725.8279469144006, -926.022945154246], [488.207301699021, -634.0642515367523, -1022.454487502545], [610.973872318633, -532.7266118619902, -1095.903131011063], [736.6071620628901, -423.55899824419, -1145.513991912669], [861.2233523569384, -308.411126009501, -1171.190912474252], [981.0809604476258, -189.198183641086, -1173.575426614832], [1092.7142464624185, -67.859732056225, -1153.997558232905], [1193.052041895805, 53.681191801026, -1114.401202471983], [1279.517278030847, 173.5577515384696, -1057.24791949968], [1350.1034618882966, 289.9967981385287, -985.403851844371], [1403.425475290466, 401.3532690586338, -902.015120091654], [1438.74330225776, 506.1406977203388, -810.377430266491], [1455.958559600323, 603.057148739168, -713.805725579899], [1455.584952440075, 691.006029101759, -615.509535623363]], "G": [[-587.785252292477, -809.016994374943, 0.0], [-570.8697147685417, -796.263567744821, -246.4831508196298], [-520.9172522193103, -758.39719253072, -484.8748373013075], [-440.2646471660585, -696.58487107091, -707.4741290478364], [-332.6572795939489, -612.723190388127, -907.3378919780301], [-203.0354184872364, -509.3678455010514, -1078.603066881755], [-57.2546497033119, -389.6391673675736, -1216.745258064686], [98.241601693713, -257.10761799744733, -1318.759162626305], [256.776600438704, -115.6640277133423, -1383.251534079844], [411.7995757942081, 30.620056080825, -1410.443095192874], [557.2275158475494, 177.636188648778, -1402.081688705212], [687.7488400407328, 321.381203249128, -1361.274569048991], [799.0712645259105, 458.092095266156, -1292.252705499808], [888.100270222226, 584.368382746413, -1200.0839520178945], [953.039507339502, 697.2773508641586, -1090.3546828066258], [993.4098572095775, 794.4384201214167, -968.8408315072375], [1009.989330573196, 874.0838607709318, -841.1891475186167], [1004.68112229969, 935.0941604797478, -712.6279445038522], [980.321609435943, 977.0074859528, -587.723814957287], [940.443574411953, 1000.003807993167, -470.196960346596]],