{"A": [[0.0, 1000.0, 0.0], [0.0, 1000.0, 0.0], [0.0, 1000.0, 0.0], [0.0, 1000.0, 0.0], [0.0, 1000.0, 0.0], [0.0, 1000.0, 0.0], [0.0, 1000.0, 0.0], [0.0, 1000.0, 0.0], [0.0, 1000.0, 0.0], [0.0, 1000.0, 0.0], [0.0, 1000.0, 0.0], [0.0, 1000.0, 0.0], [0.0, 1000.0, 0.0], [0.0, 1000.0, 0.0], [0.0, 1000.0, 0.0], [0.0, 1000.0, 0.0], [0.0, 1000.0, 0.0], [0.0, 1000.0, 0.0], [0.0, 1000.0, 0.0], [0.0, 1000.0, 0.0]], "B": [[587.7852522924732, 809.0169943749474, 0.0], [587.7852522924732, 809.0169943749474, 0.0], [587.7852522924732, 809.0169943749474, 0.0], [587.7852522924732, 809.0169943749474, 0.0], [587.7852522924732, 809.0169943749474, 0.0], [587.7852522924732, 809.0169943749474, 0.0], [587.7852522924732, 809.0169943749474, 0.0], [587.7852522924732, 809.0169943749474, 0.0], [587.7852522924732, 809.0169943749474, 0.0], [587.7852522924732, 809.0169943749474, 0.0], [587.7852522924732, 809.0169943749474, 0.0], [587.7852522924732, 809.0169943749474, 0.0], [587.7852522924732, 809.0169943749474, 0.0], [587.7852522924732, 809.0169943749474, 0.0], [587.7852522924732, 809.0169943749474, 0.0], [587.7852522924732, 809.0169943749474, 0.0], [587.7852522924732, 809.0169943749474, 0.0], [587.7852522924732, 809.0169943749474, 0.0], [587.7852522924732, 809.0169943749474, 0.0], [587.7852522924732, 809.0169943749474, 0.0]], "C": [[951.056516295153, 309.016994374947, 0.0], [949.977131706408, 309.016994374947, -27.9830973394068], [946.745392271311, 309.016994374947, -55.7999028357391], [941.380502865595, 309.016994374947, -83.2851128487911], [933.914344783041, 309.016994374947, -110.275394271619], [924.391286278282, 309.016994374947, -136.610355150878], [912.867918904831, 309.016994374947, -162.133497829114], [899.412721215139, 309.016994374947, -186.693148944886], [884.105651821208, 309.016994374947, -210.143360764111], [867.037674234, 309.016994374947, -232.344778486404], [848.31021630534, 309.016994374947, -253.165468372365], [828.034567484615, 309.016994374947, -272.481701770618], [806.331217472126, 309.016994374947, -290.178690385422], [783.329140199196, 309.016994374947, -306.151268415513], [759.165027390044, 309.016994374947, -320.304517510463], [733.982476260037, 309.016994374947, -332.554330830742], [707.931136177502, 309.016994374947, -342.827912859484], [681.1658193601291, 309.016994374947, -351.064211995794], [653.8455808907072, 309.016994374947, -357.21428335888], [626.1327735192987, 309.016994374947, -361.241579647004]], "D": [[951.056516295154, -309.016994374943, 0.0], [954.0029930181431, -307.355992285412, 17.1183993784078], [962.7436812112081, -302.382856657493, 33.0836623414328], [976.9848697785106, -294.127140756124, 46.7744602852979], [996.2453622929856, -282.637904847811, 57.13229889683], [1019.8687490682058, -267.983424655986, 63.19100066891], [1047.040171179248, -250.25078562694, 64.103917779955], [1076.807171501553, -229.545365417438, 59.168204001317], [1108.104128892696, -205.990207679388, 47.845544718118], [1139.779684710806, -179.725290862875, 29.778828980914], [1170.626498019478, -150.906696382786, 4.804344729589], [1199.412608812248, -119.705681092239, -27.040814365915], [1224.91364876369, -86.307659574745, -65.516327174094], [1245.945117334123, -50.911102302881, -110.181285582754], [1261.393938044547, -13.726356211295, -160.401852725737], [1270.248525478052, 25.025605307154, -215.363773866684], [1271.626627687787, 65.114495553839, -274.0894580478065], [1264.8002603971563, 106.302083021893, -335.4592384098151], [1249.2171174443702, 148.343607106414, -398.2363181144261], [1224.5179247410397, 190.98923261436, -461.0948194603387]], "E": [[587.785252292473, -809.016994374943, 0.0], [598.3117201124841, -802.620840811621, 117.9274239901528], [629.4570467948201, -783.536374720256, 231.5208630506968], [679.9384073953576, -752.073395747062, 336.6272470159619], [747.6815037044496, -708.741006289113, 429.446905641972], [829.9129327841358, -654.236940326634, 506.689614806572], [923.283179923324, -589.432968271449, 565.707013206898], [1024.0143006933417, -515.356712567078, 604.595374100535], [1128.0651920590933, -433.170290748843, 622.264187402988], [1231.306547573025, -344.146274843418, 618.46769812282], [1329.697186248478, -249.6415166613849, 593.798370727315], [1419.453457707394, -151.0694362924088, 549.643111998738], [1497.203854843368, -49.8714048336348, 488.104891949263], [1560.121785240058, 52.512128715987, 411.89406135411], [1606.030619455992, 154.670112812506, 324.195091441401], [1633.476585753795, 255.248329066233, 228.515584679506], [1641.766740161717, 352.975173082832, 128.5251700029355], [1630.9710207554263, 446.685206341683, 27.8922647765809], [1601.8892027980921, 535.339959504716, -69.8733562981211], [1555.9853130566278, 618.045534145455, -161.5646923346517]], "F": [[0.0, -1000.000000000003, 0.0], [19.94689763273011, -985.957940603184, 235.6034674658188], [78.6117942373581, -944.27519231583, 461.0825138179588], [172.5487247943306, -876.264360807857, 666.9276034151139], [296.2794911812626, -784.0549841886997, 844.814260008037], [442.6696333478868, -670.5091167960111, 988.087428018037], [603.413367815741, -539.1085862689763, 1092.125830431769], [769.5902619565068, -393.819040168162, 1154.561749391605], [932.2513452483034, -238.936916748157, 1175.343155608775], [1082.990784057797, -78.926191925866, 1156.637516265945], [1214.461256867296, 81.7478627253691, 1102.58886892812], [1320.796544645128, 238.7806446189242, 1018.950835319556], [1397.9130904552103, 388.1789595979282, 912.627251288212], [1443.672636972947, 526.394237802483, 791.158288253651], [1457.899601918002, 650.432872259647, 662.192871372903], [1442.25859266564, 757.939515858052, 532.987686999702], [1400.00838770941, 847.250543818776, 409.9692464257615], [1335.6579109410873, 917.416370945766, 298.3887510612999], [1254.5564530639251, 968.192829467977, 202.0905478817829], [1162.4541458883136, 1000.003286812048, 123.4046163551423]], "G": [[-587.785252292477, -809.016994374943, 0.0], [-566.7977620474019, -794.891120114623, 270.1025355016086], [-505.1195001066489, -753.061650423695, 529.3552657080425], [-406.5038281868334, -685.149223397777, 767.6209814935069], [-276.8836798710784, -593.7765118409517, 976.131028017103], [-123.9156344583282, -482.4541481701991, 1148.032650923307], [43.604577852599, -355.4279141359503, 1278.784718821448], [216.4066513206498, -217.493794900524, 1366.371362146293], [385.4351612038954, -73.788963960737, 1411.318208966838], [542.5065912184001, 70.43207470543, 1416.512402951358], [680.879349067555, 210.0261662695121, 1386.844098886569], [795.689598600333, 340.1846055456442, 1328.702256904645], [884.2172837563644, 456.6403293950692, 1249.369987328088], [945.961486968803, 555.8494171575481, 1156.373313712381], [982.52103401934, 635.1381350835475, 1056.841195133982], [997.29359492175, 692.808234511409, 956.933530502186], [995.022903376472, 728.195095705829, 861.3876432643845], [981.2376253600082, 741.675529061276, 773.2228577896019], [961.6355206436803, 734.624507756609, 693.628112766804], [941.4718314833997, 709.322694659874, 622.0403765212272]],