{"A": [[0.0, 1000.0, 0.0], [0.0, 1000.0, 0.0], [0.0, 1000.0, 0.0], [0.0, 1000.0, 0.0], [0.0, 1000.0, 0.0], [0.0, 1000.0, 0.0], [0.0, 1000.0, 0.0], [0.0, 1000.0, 0.0], [0.0, 1000.0, 0.0], [0.0, 1000.0, 0.0], [0.0, 1000.0, 0.0], [0.0, 1000.0, 0.0], [0.0, 1000.0, 0.0], [0.0, 1000.0, 0.0], [0.0, 1000.0, 0.0]], "B": [[587.7852522924732, 809.0169943749474, 0.0], [587.7852522924732, 809.0169943749474, 0.0], [587.7852522924732, 809.0169943749474, 0.0], [587.7852522924732, 809.0169943749474, 0.0], [587.7852522924732, 809.0169943749474, 0.0], [587.7852522924732, 809.0169943749474, 0.0], [587.7852522924732, 809.0169943749474, 0.0], [587.7852522924732, 809.0169943749474, 0.0], [587.7852522924732, 809.0169943749474, 0.0], [587.7852522924732, 809.0169943749474, 0.0], [587.7852522924732, 809.0169943749474, 0.0], [587.7852522924732, 809.0169943749474, 0.0], [587.7852522924732, 809.0169943749474, 0.0], [587.7852522924732, 809.0169943749474, 0.0], [587.7852522924732, 809.0169943749474, 0.0]], "C": [[951.056516295153, 309.016994374947, 0.0], [950.707875955146, 309.016994374947, 15.91164617211], [949.662624132493, 309.016994374947, 31.7927507502036], [947.922767134804, 309.016994374947, 47.6128307632976], [945.491644528929, 309.016994374947, 63.3415203739519], [942.373922730825, 309.016994374947, 78.9486291639468], [938.575586048616, 309.016994374947, 94.4042000832524], [934.10392519601, 309.016994374947, 109.67856695106], [928.96752329815, 309.016994374947, 124.742411398503], [923.176239416745, 309.016994374947, 139.566819143775], [916.741189626097, 309.016994374947, 154.123335491617], [909.674725676369, 309.016994374947, 168.384019950657], [901.990411285025, 309.016994374947, 182.321499863757], [893.702996101969, 309.016994374947, 195.909022948439], [884.828387398344, 309.016994374947, 209.120508646522]], "D": [[951.056516295154, -309.016994374943, 0.0], [952.0097112737263, -308.480492057526, -9.8015940842272], [954.8589718231129, -306.872014894135, -19.3906204002562], [959.5734097913218, -304.194650274722, -28.5564060835899], [966.1018276182728, -300.453537264243, -37.0920530293971], [974.3731400587199, -295.655856738486, -44.7962877694522], [984.2969599788596, -289.810817600743, -51.4752666707686], [995.7643436538131, -282.929639105794, -56.944322102409], [1008.6486897473684, -275.025529325116, -61.02963567385], [1022.8067849542794, -266.113659794661, -63.569825212754], [1038.079988138561, -256.211136393871, -64.417432817727], [1054.295543717209, -245.33696651181, -63.440302087521], [1071.268014026103, -233.512022563452, -60.522833486205], [1088.800819471327, -220.759001926139, -55.567107747557], [1106.687874421859, -207.102383373129, -48.493868244018]], "E": [[587.785252292473, -809.016994374943, 0.0], [591.1921045289384, -806.949835407966, -67.2905465260116], [601.367175045532, -800.759226614338, -133.7802307689522], [618.1746639422568, -790.477698501593, -198.6790224224399], [641.3904232968727, -776.159223082073, -261.2183915849491], [670.70519897634, -757.878847536825, -320.6616527327552], [705.7290976740646, -735.732185157924, -376.3138285703316], [745.9972090908361, -709.834767347739, -427.530885840265], [790.9762951507864, -680.321261483169, -473.72820530448], [840.0724415682052, -647.34456044663, -514.388160449308], [892.639552228493, -611.074750574831, -549.066693812546], [947.988553959345, -571.697965674109, -577.398795941367], [1005.3971685561522, -529.415135591156, -599.102809597176], [1064.1201005611517, -484.440638602944, -613.983500633389], [1123.3994834125208, -437.000867594583, -621.933856671514]], "F": [[0.0, -1000.000000000003, 0.0], [6.46227672226539, -995.457828950602, -134.5346993856862], [25.72555072596198, -981.877756647523, -267.1924104207842], [57.4219312411028, -959.39850565859, -396.1331814764379], [100.9474558493187, -928.249289262083, -519.5902591633521], [155.4756299966189, -888.746855919145, -635.9045224080631], [219.9759015753396, -841.291412974201, -743.5563821406035], [293.2366055852731, -786.3614898407595, -841.194405996275], [373.8918030182064, -724.5078164811132, -927.660012991524], [460.4513428673103, -656.3463073276042, -1002.007685514008], [551.333399081682, -582.5502536952449, -1063.52026232189], [644.898677388252, -503.8418389941367, -1111.719003347208], [739.4854516378213, -420.983100492302, -1146.36825142589], [833.4445765347617, -334.766468856713, -1167.474653928573], [925.1736334836049, -246.005022100221, -1175.281044858065]], "G": [[-587.785252292477, -809.016994374943, 0.0], [-578.2054343446656, -801.798556352407, -185.7769185278644], [-549.720887039786, -780.269491452378, -368.0959084662672], [-503.0880184402322, -744.805876303202, -543.5937219090239], [-439.5401097952403, -696.025666357314, -709.0932712731991], [-360.7472771681341, -634.775659778985, -861.6888285491661], [-268.7624940456874, -562.113685470752, -998.8221032272736], [-165.9556516596309, -479.2864400456205, -1118.346703352369], [-54.9380609619286, -387.7035006757242, -1218.578922421205], [61.5198677313573, -288.9081291706902, -1298.333308146753], [180.574807132998, -184.5455551135339, -1356.942036655739], [299.397488778225, -76.3294805940357, -1394.257714561017], [415.2574145075832, 33.992415287467, -1410.639837544627], [525.6023745128286, 144.673178220945, -1406.925723490703], [628.1300826311269, 254.000697248091, -1384.387287629619]], "H": [[-951.056516295157, -309.016994374943, 0.0], [-938.8604840050466, -300.151074806404, -201.3894347605644], [-902.702516127634, -273.806827104579, -397.5161463700947], [-843.8534916580672, -230.736580114242, -583.313518340044], [-764.3675098827463, -172.167159396437, -754.0981164259151], [-666.989267124812, -99.760312093085, -905.7391699554751], [-555.0310416236084, -15.559279223653, -1034.8028054108324], [-432.2255046438999, 78.0765982763805, -1138.6646794890612], [-302.5617534725756, 178.5469405943258, -1215.586278277035], [-170.1127384151277, 283.0924325424268, -1264.7519975742723], [-38.862592010796, 388.8811188160221, -1286.2660949698065], [87.457749659684, 493.0959214384553, -1281.110599031695], [205.5188048515692, 593.020401781557, -1251.067166995949], [312.5178219790747, 686.119891497725, -1198.607598011025], [406.2755270132449, 770.115323456501, -1126.759144727006]], "I": [[-951.056516295157, 309.016994374947, 0.0], [-937.3579169630585, 317.334058034875, -175.3920452305286], [-896.8780749273475, 341.886008602217, -344.0893815968619], [-831.4270830969442, 381.494346261696, -499.7378735071106], [-743.898427038976, 434.258007544386, -636.6436793091111], [-638.0928257366323, 497.644681429294, -750.0526880768952], [-518.4886372343645, 568.612158195518, -836.3729799430484], [-389.9743672024783, 643.7536333699755, -893.3274735810971], [-257.5612562154635, 719.4597207407438, -920.028617623499], [-126.0950705245006, 792.0891418628058, -916.9721734547602], [0.0139899901981, 858.1396936959851, -885.9524522799225], [117.0258937938726, 914.4111666497023, -829.90643210153], [222.0552584249589, 958.152384087491, -752.698636237189], [313.1948051807847, 987.185429735204, -658.862200041179], [389.5713077865476, 1000.001368679592, -553.313954214608]], "J": [[-587.785252292477, 809.016994374947, 0.0], [-574.2732750197745, 814.135944564331, -117.7427644389189], [-534.4972886256504, 828.993982059671, -228.4520210093199], [-470.6751073051492, 852.130721521267, -325.5959041402756], [-386.301927417769, 881.229840511214, -403.6051948413361], [-285.8675901211313, 913.286897625189, -458.2566244271701], [-174.4969170809235, 944.827593162492, -486.9482323813094], [-57.5451786405533, 972.1612289205145, -488.8459572829121], [59.8155047083645, 991.6517069740958, -464.891796979476], [172.9826089086174, 999.9872437514248, -417.6757363093372], [278.2491976421631, 994.430140111531, -351.1851246608665], [373.0420946211436, 973.0294182390884, -270.4552575164], [456.0532430942429, 934.7817952810713, -181.152688828182], [527.2552411881197, 879.730110167227, -89.127616850899], [587.8026769492486, 808.992683434119, 0.026824773151]],