{"A": [[0.0, 1000.0, 0.0], [0.0, 1000.0, 0.0], [0.0, 1000.0, 0.0], [0.0, 1000.0, 0.0], [0.0, 1000.0, 0.0], [0.0, 1000.0, 0.0], [0.0, 1000.0, 0.0], [0.0, 1000.0, 0.0], [0.0, 1000.0, 0.0], [0.0, 1000.0, 0.0], [0.0, 1000.0, 0.0], [0.0, 1000.0, 0.0], [0.0, 1000.0, 0.0], [0.0, 1000.0, 0.0], [0.0, 1000.0, 0.0], [0.0, 1000.0, 0.0], [0.0, 1000.0, 0.0], [0.0, 1000.0, 0.0], [0.0, 1000.0, 0.0], [0.0, 1000.0, 0.0]], "B": [[587.7852522924732, 809.0169943749474, 0.0], [587.7852522924732, 809.0169943749474, 0.0], [587.7852522924732, 809.0169943749474, 0.0], [587.7852522924732, 809.0169943749474, 0.0], [587.7852522924732, 809.0169943749474, 0.0], [587.7852522924732, 809.0169943749474, 0.0], [587.7852522924732, 809.0169943749474, 0.0], [587.7852522924732, 809.0169943749474, 0.0], [587.7852522924732, 809.0169943749474, 0.0], [587.7852522924732, 809.0169943749474, 0.0], [587.7852522924732, 809.0169943749474, 0.0], [587.7852522924732, 809.0169943749474, 0.0], [587.7852522924732, 809.0169943749474, 0.0], [587.7852522924732, 809.0169943749474, 0.0], [587.7852522924732, 809.0169943749474, 0.0], [587.7852522924732, 809.0169943749474, 0.0], [587.7852522924732, 809.0169943749474, 0.0], [587.7852522924732, 809.0169943749474, 0.0], [587.7852522924732, 809.0169943749474, 0.0], [587.7852522924732, 809.0169943749474, 0.0]], "C": [[951.056516295153, 309.016994374947, 0.0], [950.702292584261, 309.016994374947, -16.038488580713], [949.640312254573, 309.016994374947, -32.0456990863062], [947.872646367857, 309.016994374947, -47.9904144398006], [945.402742205703, 309.016994374947, -63.8415394415407], [942.235416546669, 309.016994374947, -79.5681614106937], [938.376846272661, 309.016994374947, -95.1396104708023], [933.834556322844, 309.016994374947, -110.525519361824], [928.617405018596, 309.016994374947, -125.695882662009], [922.735566788112, 309.016994374947, -140.62111530413], [916.200512324349, 309.016994374947, -155.272110271936], [909.024986215016, 309.016994374947, -169.620295364319], [901.222982088224, 309.016994374947, -183.637688916493], [892.809715322276, 309.016994374947, -197.296954369512], [883.801593372812, 309.016994374947, -210.571453581708], [874.216183775176, 309.016994374947, -223.435298778093], [864.072179884415, 309.016994374947, -235.863403036396], [853.389364419713, 309.016994374947, -247.831529211288], [842.188570884357, 309.016994374947, -259.316337201383], [830.491642936485, 309.016994374947, -270.295429466835]], "D": [[951.056516295154, -309.016994374943, 0.0], [952.024964875293, -308.471900133198, 9.8792070579543], [954.9196530773683, -306.837680444455, 19.5407265861903], [959.7086974410958, -304.11752234507, 28.7688426670907], [966.339255341523, -300.316730655939, 37.3517666997143], [974.73796723351, -295.442717637098, 45.0835614143993], [984.8115708763189, -289.504988532424, 51.7660176641017], [996.4476826668266, -282.515123032609, 57.210468830527], [1009.5157398837168, -274.486752692592, 61.239528173636], [1023.868096367309, -265.435534347447, 63.688735059132], [1039.341262940554, -255.379119578614, 64.408096715166], [1055.757282725683, -244.337120289981, 63.263512991262], [1072.925230437041, -232.331070460981, 60.138072512851], [1090.642823742222, -219.38438415127, 54.933209636688], [1108.698133888453, -205.522309838903, 47.569712707829], [1126.871381996338, -190.771881181042, 37.988575289302], [1144.936806734711, -175.161864293224, 26.151683271875], [1162.66458851397, -158.722701650026, 12.042332063778], [1179.822814875331, -141.486452716494, -4.334430601185], [1196.179471413609, -123.486731426149, -22.951639324542]], "E": [[587.785252292473, -809.016994374943, 0.0], [591.246611344271, -806.916739841507, 67.8251529188021], [601.5837353227463, -800.627195088796, 134.8301697365323], [618.6564554924348, -790.181939243364, 200.2061843905757], [642.23344891668, -775.636680046197, 263.1666980117273], [671.9956374762679, -757.068869687109, 322.9583331493703], [707.5408703275629, -734.57717103581, 378.8710806468977], [748.3898151654886, -708.280778294448, 430.24788306702], [793.9929644934429, -678.318597193203, 476.493409438358], [843.738645508392, -644.848290907198, 517.081889333767], [896.961906478114, -608.045198882289, 551.563889672634], [952.95413887971, -568.101136710602, 579.571934902698], [1010.9732833089826, -525.223086087543, 600.824890069334], [1070.2544584432476, -479.631784702812, 615.131046402152], [1130.0208462868607, -431.560226662633, 622.389870099747], [1189.4946636444374, -381.252084703389, 622.592396617741], [1247.908049299304, -328.96006603277, 615.820274597961], [1304.513698724306, -274.944214119099, 602.243485249743], [1358.595083270222, -219.470169138986, 582.116784143901], [1409.476098568656, -162.8074000848737, 555.774932651048]], "F": [[0.0, -1000.000000000003, 0.0], [6.56561704093395, -995.385138674497, 135.6027951904057], [26.13492990224528, -981.588493516256, 269.2834778463473], [58.3282368472168, -958.753251756075, 399.1584682119147], [102.522337011786, -927.115970838437, 523.4203269923273], [157.8647237376519, -887.00347951311, 640.3735375075913], [223.2929432096609, -838.828604815324, 748.4676105102607], [297.5586234074756, -783.0847891074543, 846.326731068746], [379.2555607417058, -720.3396778879427, 932.775258690138], [466.851150989382, -651.2277742959062, 1006.85850159387], [558.720370000375, -576.4422699080397, 1067.858310649208], [653.181450274911, -496.7261733177594, 1115.303174441171], [748.5323634453046, -412.862867918169, 1148.972640410562], [843.0872067943986, -325.666238122075, 1168.896034004757], [935.2116043779347, -235.970508826084, 1175.345594180435], [1023.3562695628574, -144.619946177156, 1168.824285359696], [1106.08793464601, -52.458568587434, 1150.048679159452], [1182.11693283886, 39.679984538913, 1119.92742026192], [1250.320815872689, 130.98228271743, 1079.535896419918], [1309.7635038697804, 220.6644953571883, 1030.087820009798]], "G": [[-587.785252292477, -809.016994374943, 0.0], [-578.052338300428, -801.683108005308, 187.249487797301], [-549.1167111031697, -779.811767418764, 370.9580251828183], [-501.7589989581742, -743.791127170114, 547.6831615510457], [-437.251521720197, -694.258842986008, 714.1760626545043], [-357.3163289960891, -632.088405773294, 867.4699913206913], [-264.0686645337271, -558.370476373082, 1004.9591556702497], [-159.9479600621124, -474.3896732949443, 1124.465298702921], [-47.6389139717072, -381.5973740511197, 1224.289872904576], [70.01444033623, -281.5811842891372, 1303.250193151616], [190.098538403858, -176.0318052749987, 1360.698568013], [309.720714565509, -66.7080874718764, 1396.524048704621], [426.0970310202886, 44.598905406823, 1411.137080410394], [536.6344252398716, 156.10198224447, 1405.437966381352], [639.0043593204147, 266.053227015216, 1380.770636172615], [731.2055258824854, 372.777912300516, 1338.863722725954], [811.613626074209, 474.706166142238, 1281.761378997628], [879.016766033939, 570.401701296959, 1211.746587620029], [932.635596051143, 658.586999514267, 1131.2599253694848], [972.1279172130714, 738.1644413818353, 1042.8168316594304]],