{"A": [[0.0, 1000.0, 0.0], [0.0, 1000.0, 0.0], [0.0, 1000.0, 0.0], [0.0, 1000.0, 0.0], [0.0, 1000.0, 0.0], [0.0, 1000.0, 0.0], [0.0, 1000.0, 0.0], [0.0, 1000.0, 0.0], [0.0, 1000.0, 0.0], [0.0, 1000.0, 0.0], [0.0, 1000.0, 0.0], [0.0, 1000.0, 0.0], [0.0, 1000.0, 0.0], [0.0, 1000.0, 0.0], [0.0, 1000.0, 0.0]], "B": [[587.7852522924732, 809.0169943749474, 0.0], [587.7852522924732, 809.0169943749474, 0.0], [587.7852522924732, 809.0169943749474, 0.0], [587.7852522924732, 809.0169943749474, 0.0], [587.7852522924732, 809.0169943749474, 0.0], [587.7852522924732, 809.0169943749474, 0.0], [587.7852522924732, 809.0169943749474, 0.0], [587.7852522924732, 809.0169943749474, 0.0], [587.7852522924732, 809.0169943749474, 0.0], [587.7852522924732, 809.0169943749474, 0.0], [587.7852522924732, 809.0169943749474, 0.0], [587.7852522924732, 809.0169943749474, 0.0], [587.7852522924732, 809.0169943749474, 0.0], [587.7852522924732, 809.0169943749474, 0.0], [587.7852522924732, 809.0169943749474, 0.0]], "C": [[951.056516295153, 309.016994374947, 0.0], [949.921131167582, 309.016994374947, -28.6987191605648], [946.522072957235, 309.016994374947, -57.2180456625624], [940.880588817532, 309.016994374947, -85.3797082119638], [933.03194306924, 309.016994374947, -113.007671234284], [923.025196766934, 309.016994374947, -139.929235254343], [910.922901023529, 309.016994374947, -165.976116422423], [896.800706009893, 309.016994374947, -190.985498438812], [880.746888073628, 309.016994374947, -214.801050301285], [862.861797932951, 309.016994374947, -237.273903513655], [843.257233394974, 309.016994374947, -258.263582647009], [822.05574051943, 309.016994374947, -277.638883436755], [799.389847596214, 309.016994374947, -295.278692926606], [775.40123672506, 309.016994374947, -311.072746532859], [750.239858175712, 309.016994374947, -324.922317296652]], "D": [[951.056516295154, -309.016994374943, 0.0], [954.1554911586828, -307.269816317204, 17.5468040007278], [963.3431806508742, -302.039203569261, 33.8499758379992], [978.2948056970782, -293.357852138262, 47.7019656337532], [998.4787476110643, -281.280028233942, 57.966455827221], [1023.170809575547, -265.881229056294, 63.611670169824], [1051.473673020128, -247.257710870542, 63.740979252461], [1082.341054569334, -225.52588731942, 57.620008210622], [1114.605949519008, -200.821601733793, 44.699540349015], [1147.012243482699, -173.299277990365, 24.63361633946], [1178.248887549603, -143.130955224354, -2.707650276046], [1206.985766180134, -110.505212431055, -37.230887331029], [1231.910342798307, -75.625989678476, -78.618112066326], [1251.764146739352, -38.711313299549, -126.331269720949], [1265.378167419953, 0.008066967432, -179.622570629494]], "E": [[587.785252292473, -809.016994374943, 0.0], [598.8561543080449, -802.289297249552, 120.9107531371118], [631.5887356216282, -782.221256239745, 237.1482683704412], [684.5651946580012, -749.155480961946, 344.2444556881262], [755.4966194348112, -703.654577214528, 438.131468697281], [841.330155145997, -646.488744943902, 515.317223043156], [938.391320575603, -578.618836584415, 573.032837798573], [1042.5542528962, -501.175284422603, 609.34496825809], [1149.43127778208, -415.433404835077, 623.22782983112], [1254.572277500794, -322.785673883513, 614.591807887817], [1353.663911504411, -224.7116406814292, 584.267794168944], [1442.718852127341, -122.7462004023522, 533.948665571033], [1518.245823708428, -18.4469864157567, 466.09150342431], [1577.392340028759, 86.638340102927, 383.7861240004], [1618.053559573035, 191.004125089812, 290.597149077675]], "F": [[0.0, -1000.000000000003, 0.0], [13.73566449404886, -999.147186721913, 150.0139316993469], [54.9529549645092, -996.262335274846, 297.5105430256502], [123.6255396404752, -990.390864141185, 439.7337460891535], [219.5270143461562, -980.022460347076, 573.495373945521], [341.984968398558, -963.206827125359, 695.06719422972], [489.589067024731, -937.705571316175, 800.187554671133], [659.898208954883, -901.170785645527, 884.197587468296], [849.1951002818802, -851.339157329403, 942.305287374786], [1052.334119444791, -786.229364488484, 969.958779221208], [1262.720274411205, -704.3301703538982, 963.294616593397], [1472.4441247018524, -604.7670158574352, 919.614781386901], [1672.581050048649, -487.4360251098027, 837.838636224895], [1853.64489664773, -353.096115147678, 718.874388606971], [2006.16776095492, -203.412242668788, 565.859036704579]], "G": [[-587.785252292477, -809.016994374943, 0.0], [-575.7240705180542, -813.397116944085, 150.39291336836936], [-539.1794906235048, -826.075136194862, 300.50480737802906], [-477.1485034663768, -845.688998194684, 449.62972359355933], [-388.2178116916538, -870.050869215558, 596.2656795732311], [-270.922047302937, -896.2668689838385, 737.8462002724691], [-124.189146599499, -920.8974673972854, 870.6134261460275], [52.177370143285, -940.151493467841, 989.657995877828], [257.0358502011222, -950.1049700576352, 1089.134262819113], [487.521465262984, -946.934499592722, 1162.641255013211], [738.791982723329, -927.1537706181252, 1203.741699304801], [1003.9476905605763, -887.8410254780002, 1206.575070493854], [1274.153933313379, -826.8451168285357, 1166.507637438567], [1538.97601263339, -742.958164947898, 1080.754322851517], [1786.91521943821, -636.043866145877, 948.905003471159]], "H": [[-951.056516295157, -309.016994374943, 0.0], [-942.3096847232672, -316.638378050833, 121.90161573081618], [-915.5787369145598, -339.040445944186, 244.94556751574154], [-869.4664573681798, -374.852891880031, 369.84253610794826], [-801.8859962947138, -421.845770434697, 496.4817443724286], [-710.404817520871, -477.0126719735625, 623.6235045375641], [-592.687898838749, -536.6907621485254, 748.7112602822814], [-447.000987557972, -596.719017507163, 867.833889444427], [-272.7239605448348, -652.6336477087982, 975.858640779129], [-70.816281201887, -699.896111857802, 1066.740227344152], [155.826614411983, -734.1447507145712, 1133.9928008505406], [402.1833878888444, -751.4565267771382, 1171.290459199057], [661.128700202204, -748.6014667874236, 1173.1413428385063], [923.692080490685, -723.2699034043527, 1135.5636875122377], [1179.552013945853, -674.2521418139268, 1056.682902572165]], "I": [[-951.056516295157, 309.016994374947, 0.0], [-944.7169525991344, 299.648223971997, 75.52230484078238], [-925.2201947652007, 272.014185134347, 152.82992618323553], [-891.1894727869579, 227.52828620335, 233.34697522006627], [-840.5225521492241, 168.530022894002, 317.7930473227556], [-770.6810102265334, 98.2452092713885, 405.8824613036811], [-679.0882955025221, 20.7039800631826, 496.1007219803714], [-563.61379055009, -59.400005973496, 585.600395200932], [-423.0989486664218, -136.9191777837962, 670.257659583871], [-257.860430159189, -206.529440557923, 744.917566175905], [-70.091242269762, -263.0609997753752, 803.8303667616615], [135.9193351580514, -301.8556224532322, 841.2472918639231], [353.809303922465, -319.1142180867546, 852.1094080969832], [575.44013423161, -312.1952751387157, 832.7366029026587], [791.451149128588, -279.8281775550668, 781.413096024999]], "J": [[-587.785252292477, 809.016994374947, 0.0], [-582.0179677858474, 797.908629106192, 29.132366912099375], [-564.2866028257147, 765.159034178725, 60.62845482432373], [-533.339768594394, 712.499855114198, 96.55451268084326], [-487.2263064439231, 642.822557074133, 138.3651619714566], [-423.5270491130804, 560.1494384855285, 186.5776014226441], [-339.7162685218401, 469.5323130472336, 240.4725426575784], [-233.646647576156, 376.845223298957, 297.88908894977], [-104.1112179926078, 288.4571815676408, 355.189743358495], [48.603935415116, 210.799018848611, 407.452663033942], [222.284592101666, 149.8670657854788, 448.9039019863565], [412.5724536794544, 110.7272700528278, 473.5457551880311], [613.032473771795, 97.0901770473564, 475.88705238907113], [815.509539717614, 111.0175690319583, 451.6544853365557], [1010.719751397736, 152.7976987613162, 398.369831561925]],