{"A": [[0.0, 1000.0, 0.0], [0.0, 1000.0, 0.0], [0.0, 1000.0, 0.0], [0.0, 1000.0, 0.0], [0.0, 1000.0, 0.0], [0.0, 1000.0, 0.0], [0.0, 1000.0, 0.0], [0.0, 1000.0, 0.0], [0.0, 1000.0, 0.0], [0.0, 1000.0, 0.0], [0.0, 1000.0, 0.0], [0.0, 1000.0, 0.0], [0.0, 1000.0, 0.0], [0.0, 1000.0, 0.0], [0.0, 1000.0, 0.0]], "B": [[587.7852522924732, 809.0169943749474, 0.0], [587.7852522924732, 809.0169943749474, 0.0], [587.7852522924732, 809.0169943749474, 0.0], [587.7852522924732, 809.0169943749474, 0.0], [587.7852522924732, 809.0169943749474, 0.0], [587.7852522924732, 809.0169943749474, 0.0], [587.7852522924732, 809.0169943749474, 0.0], [587.7852522924732, 809.0169943749474, 0.0], [587.7852522924732, 809.0169943749474, 0.0], [587.7852522924732, 809.0169943749474, 0.0], [587.7852522924732, 809.0169943749474, 0.0], [587.7852522924732, 809.0169943749474, 0.0], [587.7852522924732, 809.0169943749474, 0.0], [587.7852522924732, 809.0169943749474, 0.0], [587.7852522924732, 809.0169943749474, 0.0]], "C": [[951.056516295153, 309.016994374947, 0.0], [949.069295262161, 309.016994374947, -37.9453758128931], [943.129373753149, 309.016994374947, -75.4756026371802], [933.301738669789, 309.016994374947, -112.180073504964], [919.693911223239, 309.016994374947, -147.657215796876], [902.454770576785, 309.016994374947, -181.518884727799], [881.772925003516, 309.016994374947, -213.394609922673], [857.874648379716, 309.016994374947, -242.935648621879], [831.021404590174, 309.016994374947, -269.818801171294], [801.506986930153, 309.016994374947, -293.749947052874], [769.654303800961, 309.016994374947, -314.467262769128], [735.81184586588, 309.016994374947, -331.744086375565], [700.349873318219, 309.016994374947, -345.391397321119], [663.6563649754704, 309.016994374947, -355.259884465371], [626.1327735192987, 309.016994374947, -361.241579647004]], "D": [[951.056516295154, -309.016994374943, 0.0], [956.4706634144811, -305.958975645959, 23.0118821341242], [972.3793342411743, -296.818376325759, 43.1580969152098], [997.7968504662794, -281.695200973047, 57.718408158676], [1031.13183190455, -260.754907718564, 64.25687214696], [1070.261923566165, -234.226598037244, 60.747848355379], [1112.633724872961, -202.400510217618, 45.683444589963], [1155.38347989754, -165.624843951655, 18.157498988207], [1195.473160106323, -124.301950786242, -22.077765176667], [1229.835879096575, -78.88393211546, -74.585071642902], [1255.524152654465, -29.867692874674, -138.246747581766], [1269.854375931984, 22.210494947498, -211.300658921567], [1270.541039011749, 76.780859500346, -291.4059967607948], [1255.8146362477473, 133.246362774186, -375.7361653922497], [1224.5179247410397, 190.98923261436, -461.0948194603387]], "E": [[587.785252292473, -809.016994374943, 0.0], [607.1170186336351, -797.249781335828, 159.2153562933472], [663.6490248278174, -762.299889130671, 307.6927232620978], [753.1114028440344, -705.208977492623, 435.516137201792], [868.777063102299, -627.668449314135, 534.34345277979], [1002.0093554132692, -531.954387561924, 598.024091581698], [1142.9595393970112, -420.840342537709, 623.031169864368], [1281.35262291688, -297.491643089807, 608.673318879713], [1407.292891681028, -165.3456763397856, 557.071460117135], [1512.019571130815, -27.9831593114657, 472.906925127815], [1588.548572844728, 111.004212358292, 362.967630826396], [1632.147614593123, 248.144224132926, 235.536638634148], [1640.608048116635, 380.207304711157, 99.6807102096702], [1614.2959231696755, 504.317325860061, -35.4957819404567], [1555.9853130566278, 618.045534145455, -161.5646923346517]], "F": [[0.0, -1000.000000000003, 0.0], [24.05202617532414, -998.470799416093, 198.091154708772], [96.2175766979563, -992.891965464209, 390.2448719654743], [216.2261919188464, -980.420608047878, 569.601333800968], [382.70594336686, -956.740505938026, 727.766459060245], [592.0494949399592, -916.647108227645, 854.754367781495], [837.2709448995271, -854.775767694325, 939.607450148299], [1107.187910603725, -766.393631344883, 971.665866524178], [1386.2250581504047, -648.1676130302706, 942.305330760515], [1655.032672400664, -498.8218603443567, 846.837642941886], [1891.964416957763, -319.608062202398, 686.198052954258], [2075.288958069998, -114.529888267179, 468.043088321908], [2185.851998143536, 109.71293489028, 206.9553209261572], [2209.7888014189916, 344.067300630322, -76.412436475315], [2140.8362278048207, 577.7333248529307, -357.2438801658237]], "G": [[-587.785252292477, -809.016994374943, 0.0], [-566.6265370402989, -816.635489327017, 198.96649033045856], [-502.0744047393637, -838.083106446823, 397.09566517924503], [-391.3221762624446, -869.269341509685, 591.8810895740244], [-231.017232021704, -903.8105397896728, 777.8493296310263], [-18.9837766914858, -933.6466675281367, 945.9430030003477], [243.8540706451271, -949.8380498760345, 1083.779524790561], [551.746161565717, -943.478563300098, 1176.827757600772], [892.9793777192847, -906.6488186775236, 1210.376545763711], [1249.648756854569, -833.3245919415327, 1172.011157885293], [1598.520746011372, -720.153633361634, 1054.192711415952], [1912.993511475287, -567.019287777581, 856.475247901223], [2165.9622934299573, -377.322845496802, 586.9113177458722], [2333.2156122932424, -157.938167972074, 262.29443251438], [2396.8544457496355, 81.1791784189397, -92.9435529059647]], "H": [[-951.056516295157, -309.016994374943, 0.0], [-935.6869240725568, -322.310870735431, 161.50166111703726], [-888.1030470447017, -360.781942747147, 325.4611923261598], [-804.2722528699167, -420.284887684484, 492.6278493081561], [-678.731947601234, -494.2050201403298, 660.6279025093033], [-506.2976768531908, -573.9170040491007, 823.1189696333537], [-284.0899653534509, -649.4462157331965, 969.736322082357], [-13.520781176443, -710.320835442783, 1086.9569134216842], [298.1787302298387, -746.5675238413576, 1159.8574400726188], [637.295185489351, -749.7624040493112, 1174.5558859717237], [984.132260072274, -714.013674163566, 1120.939250626707], [1314.76604579689, -636.734547844626, 995.14641675721], [1603.8829359357153, -519.074204411927, 801.2460078328412], [1828.2571976825675, -365.912805776686, 551.655039359929], [1970.2283029851187, -185.3897679647123, 266.0789288189253]], "I": [[-951.056516295157, 309.016994374947, 0.0], [-939.9034238249832, 292.664545648785, 100.23609474415025], [-905.0004975613485, 245.053874790612, 204.4510704168938], [-842.3260709396385, 170.501831510669, 315.1765303413931], [-746.211106482529, 76.0838323150232, 432.1914799932693], [-610.8620594057728, -28.6712706900097, 551.5689900619847], [-432.3294116025559, -132.3931784172205, 665.356239901914], [-210.590473245984, -222.844751045269, 762.1544890800823], [48.7540015478077, -288.2081888928956, 828.7078725995559], [333.715814561755, -318.5140566456942, 852.3285754299986], [626.486711872029, -306.9613709750859, 823.6782616429549], [905.407882920999, -250.863587538319, 739.225515443421], [1148.0071555066693, -152.022200594282, 602.7110976488722], [1334.4397163958254, -16.458246905402, 425.196280431167], [1450.5459415154287, 146.4190291028967, 223.6622267320563]], "J": [[-587.785252292477, 809.016994374947, 0.0], [-577.6396884352952, 789.629840330173, 38.94585772504985], [-545.9002534254505, 733.234935991794, 83.23936555252281], [-488.8689682597755, 645.147664072398, 137.0040817219431], [-401.166593478371, 534.1783993108992, 201.8446480535013], [-277.0960609989448, 412.2669056280993, 275.6345880334287], [-112.6323009634849, 293.5716218805845, 351.805992562856], [92.327503433389, 192.949906311946, 419.6322072241663], [332.1219596561957, 124.0197702097744, 465.7523363397589], [594.594946023573, 97.2092335886798, 476.71942222078667], [861.86555482759, 118.2663993664541, 441.9137336032659], [1112.461280540039, 187.581862806504, 356.001705044803], [1324.2158010653313, 300.416025469605, 220.3288594674232], [1477.1794162313033, 447.843851921568, 43.077253993255], [1555.9971936508748, 618.0529575008877, -161.5746903164687]],