{"A": [[0.0, 1000.0, 0.0], [0.0, 1000.0, 0.0], [0.0, 1000.0, 0.0], [0.0, 1000.0, 0.0], [0.0, 1000.0, 0.0], [0.0, 1000.0, 0.0], [0.0, 1000.0, 0.0], [0.0, 1000.0, 0.0], [0.0, 1000.0, 0.0], [0.0, 1000.0, 0.0], [0.0, 1000.0, 0.0], [0.0, 1000.0, 0.0], [0.0, 1000.0, 0.0], [0.0, 1000.0, 0.0], [0.0, 1000.0, 0.0]], "B": [[587.7852522924732, 809.0169943749474, 0.0], [587.7852522924732, 809.0169943749474, 0.0], [587.7852522924732, 809.0169943749474, 0.0], [587.7852522924732, 809.0169943749474, 0.0], [587.7852522924732, 809.0169943749474, 0.0], [587.7852522924732, 809.0169943749474, 0.0], [587.7852522924732, 809.0169943749474, 0.0], [587.7852522924732, 809.0169943749474, 0.0], [587.7852522924732, 809.0169943749474, 0.0], [587.7852522924732, 809.0169943749474, 0.0], [587.7852522924732, 809.0169943749474, 0.0], [587.7852522924732, 809.0169943749474, 0.0], [587.7852522924732, 809.0169943749474, 0.0], [587.7852522924732, 809.0169943749474, 0.0], [587.7852522924732, 809.0169943749474, 0.0]], "C": [[951.056516295153, 309.016994374947, 0.0], [949.069295262161, 309.016994374947, 37.9453758128931], [943.129373753149, 309.016994374947, 75.4756026371802], [933.301738669789, 309.016994374947, 112.180073504964], [919.693911223239, 309.016994374947, 147.657215796876], [902.454770576785, 309.016994374947, 181.518884727799], [881.772925003516, 309.016994374947, 213.394609922673], [857.874648379716, 309.016994374947, 242.935648621879], [831.021404590174, 309.016994374947, 269.818801171294], [801.506986930153, 309.016994374947, 293.749947052874], [769.654303800961, 309.016994374947, 314.467262769128], [735.81184586588, 309.016994374947, 331.744086375565], [700.349873318219, 309.016994374947, 345.391397321119], [663.6563649754704, 309.016994374947, 355.259884465371], [626.1327735192987, 309.016994374947, 361.241579647004]], "D": [[951.056516295154, -309.016994374943, 0.0], [956.4706634144811, -305.958975645959, -23.0118821341242], [972.3793342411743, -296.818376325759, -43.1580969152098], [997.7968504662794, -281.695200973047, -57.718408158676], [1031.13183190455, -260.754907718564, -64.25687214696], [1070.261923566165, -234.226598037244, -60.747848355379], [1112.633724872961, -202.400510217618, -45.683444589963], [1155.38347989754, -165.624843951655, -18.157498988207], [1195.473160106323, -124.301950786242, 22.077765176667], [1229.835879096575, -78.88393211546, 74.585071642902], [1255.524152654465, -29.867692874674, 138.246747581766], [1269.854375931984, 22.210494947498, 211.300658921567], [1270.541039011749, 76.780859500346, 291.4059967607948], [1255.8146362477473, 133.246362774186, 375.7361653922497], [1224.5179247410397, 190.98923261436, 461.0948194603387]], "E": [[587.785252292473, -809.016994374943, 0.0], [607.1170186336351, -797.249781335828, -159.2153562933472], [663.6490248278174, -762.299889130671, -307.6927232620978], [753.1114028440344, -705.208977492623, -435.516137201792], [868.777063102299, -627.668449314135, -534.34345277979], [1002.0093554132692, -531.954387561924, -598.024091581698], [1142.9595393970112, -420.840342537709, -623.031169864368], [1281.35262291688, -297.491643089807, -608.673318879713], [1407.292891681028, -165.3456763397856, -557.071460117135], [1512.019571130815, -27.9831593114657, -472.906925127815], [1588.548572844728, 111.004212358292, -362.967630826396], [1632.147614593123, 248.144224132926, -235.536638634148], [1640.608048116635, 380.207304711157, -99.6807102096702], [1614.2959231696755, 504.317325860061, 35.4957819404567], [1555.9853130566278, 618.045534145455, 161.5646923346517]], "F": [[0.0, -1000.000000000003, 0.0], [36.58623910981014, -974.194280311097, -317.8069233719082], [142.3950966011943, -898.272964915714, -610.6311266050508], [306.0774107390444, -776.6141554472744, -856.262999001194], [510.314768105344, -616.1591021750947, -1037.670711374095], [733.9765005794802, -425.910119237445, -1144.722375039118], [954.7004747164851, -216.287337292111, -1175.01178896319], [1151.540173729004, 1.602560039322, -1133.704172202167], [1307.3200794390966, 216.7259129601804, -1032.458406417034], [1410.393889411674, 418.8490461959303, -887.610689502606], [1455.596486385509, 599.175842441226, -717.901728284536], [1444.304898894569, 750.848252844721, -542.081553656439], [1383.655765464397, 869.275198279731, -376.7260696191122], [1285.0862836094154, 952.271208222102, -234.5492953105273], [1162.4541458883136, 1000.003286812048, -123.4046163551423]], "G": [[-587.785252292477, -809.016994374943, 0.0], [-549.2965876055349, -783.070490013482, -364.4869125795682], [-438.1397030156027, -707.079154953882, -702.2296239523193], [-266.6325051581066, -586.4400167949733, -989.691483482699], [-53.365797703343, -429.6679794719087, -1209.284499085346], [179.3957848310222, -247.715274414581, -1351.248010853661], [408.7812165762081, -53.095342139796, -1414.399649056152], [614.382318530714, 141.118402049413, -1405.665161458157], [780.8579450299206, 322.3370177245684, -1338.481161835459], [899.67888686324, 479.4564967020407, -1230.339349473163], [969.755069133366, 603.7286761157616, -1099.874764293713], [996.865708931506, 689.4260427467661, -963.971935914666], [992.007840417144, 734.239968091214, -835.3581669086792], [968.9576195116844, 739.374239199217, -721.0711957083963], [941.4718314833997, 709.322694659874, -622.0403765212272]], "H": [[-951.056516295157, -309.016994374943, 0.0], [-923.1608538177999, -298.050122538526, -281.1396580709511], [-842.0473676514797, -266.412596734211, -545.2659524696344], [-714.9676986661046, -217.7184157729653, -777.545433667907], [-552.549016355483, -157.4292529261907, -967.069302958076], [-366.9471848572608, -92.088753334945, -1107.822957379438], [-169.8676496539609, -28.3960660685742, -1198.711340095745], [29.103540631061, 27.75462005377, -1242.682290204628], [223.4880822183766, 72.1318658827914, -1245.195421920994], [410.015150851196, 102.7936497235837, -1212.4358137632162], [587.843813867886, 120.3818449831686, -1149.7310094966265], [757.144926402969, 128.0282393110981, -1060.576614743516], [917.4543266354427, 130.873086407522, -946.5165715401272], [1066.2845842935967, 135.258881350192, -807.8934715792917], [1198.4311695458878, 147.718076303172, -645.2387056211392]], "I": [[-951.056516295157, 309.016994374947, 0.0], [-939.9165491566163, 292.639124238933, -100.1107331299531], [-905.1946670760783, 244.656016147277, -203.5243794164404], [-843.1807211539816, 168.5632576027487, -312.449851095171], [-748.380617427501, 70.2935189520513, -426.922716891145], [-614.6455491004278, -41.7533358844519, -543.839023786072], [-436.8349092675389, -156.8904929920192, -656.324323479259], [-212.890794585985, -262.676721357552, -753.750404458791], [54.0160313021506, -345.8863676647676, -822.695727684268], [353.8132155656343, -393.9019406639163, -848.9790154915872], [668.9603596992498, -396.39072923239337, -820.5924007295765], [975.511968295811, -347.0095078731219, -730.999635852088], [1245.9973036348717, -244.804509548197, -581.9732031854492], [1453.8032850591576, -94.967159217112, -385.0563421171657], [1578.2198884339916, 91.3149202839069, -160.9400124094982]], "J": [[-587.785252292477, 809.016994374947, 0.0], [-593.0610890473793, 759.76135727968, 108.3457861769059], [-601.9208596339344, 618.447182542194, 184.1238798273976], [-595.2925364080417, 403.7507171840277, 202.5300688718], [-547.157101979216, 144.5372250176329, 152.700419457279], [-432.0360340474438, -123.4646523331641, 40.919932559565], [-233.2219217653119, -362.0988711255312, -110.066798025969], [50.2331000816, -535.949571973069, -265.842855407185], [399.7824301321826, -617.6204131589246, -388.446700961573], [778.4081569964693, -592.2972865413183, -446.0839501263732], [1136.8336889519837, -460.6860813808249, -421.9363249999115], [1423.899712555863, -239.5478046542809, -319.458113780761], [1598.6421701023617, 40.574473604777, -162.2513364941672], [1640.7241062748385, 340.275723107592, 11.9200441224313], [1555.9781573075668, 618.0611735916269, 161.5653383567758]],