{"A": [[0.0, 1000.0, 0.0], [0.0, 1000.0, 0.0], [0.0, 1000.0, 0.0], [0.0, 1000.0, 0.0], [0.0, 1000.0, 0.0], [0.0, 1000.0, 0.0], [0.0, 1000.0, 0.0], [0.0, 1000.0, 0.0], [0.0, 1000.0, 0.0], [0.0, 1000.0, 0.0], [0.0, 1000.0, 0.0], [0.0, 1000.0, 0.0], [0.0, 1000.0, 0.0], [0.0, 1000.0, 0.0], [0.0, 1000.0, 0.0], [0.0, 1000.0, 0.0], [0.0, 1000.0, 0.0], [0.0, 1000.0, 0.0], [0.0, 1000.0, 0.0], [0.0, 1000.0, 0.0]], "B": [[587.7852522924732, 809.0169943749474, 0.0], [587.7852522924732, 809.0169943749474, 0.0], [587.7852522924732, 809.0169943749474, 0.0], [587.7852522924732, 809.0169943749474, 0.0], [587.7852522924732, 809.0169943749474, 0.0], [587.7852522924732, 809.0169943749474, 0.0], [587.7852522924732, 809.0169943749474, 0.0], [587.7852522924732, 809.0169943749474, 0.0], [587.7852522924732, 809.0169943749474, 0.0], [587.7852522924732, 809.0169943749474, 0.0], [587.7852522924732, 809.0169943749474, 0.0], [587.7852522924732, 809.0169943749474, 0.0], [587.7852522924732, 809.0169943749474, 0.0], [587.7852522924732, 809.0169943749474, 0.0], [587.7852522924732, 809.0169943749474, 0.0], [587.7852522924732, 809.0169943749474, 0.0], [587.7852522924732, 809.0169943749474, 0.0], [587.7852522924732, 809.0169943749474, 0.0], [587.7852522924732, 809.0169943749474, 0.0], [587.7852522924732, 809.0169943749474, 0.0]], "C": [[951.056516295153, 309.016994374947, 0.0], [950.867212961205, 309.016994374947, 11.7260857516143], [950.299500254087, 309.016994374947, 23.4399504037533], [949.353969852353, 309.016994374947, 35.1293855939519], [948.03160720173, 309.016994374947, 46.7822084204903], [946.333790488072, 309.016994374947, 58.386274139594], [944.262289200992, 309.016994374947, 69.929488822865], [941.819262289676, 309.016994374947, 81.3998219617517], [939.007255912796, 309.016994374947, 92.7853190059232], [935.829200784859, 309.016994374947, 104.074113822477], [932.288409121784, 309.016994374947, 115.254441062999], [928.38857118885, 309.016994374947, 126.31464842558], [924.133751454656, 309.016994374947, 137.243208799022], [919.528384355067, 309.016994374947, 148.028732276559], [914.577269671583, 309.016994374947, 158.659978026584], [909.285567528932, 309.016994374947, 169.125866008018], [903.658793017116, 309.016994374947, 179.415488518083], [897.702810443498, 309.016994374947, 189.518121560474], [891.423827220941, 309.016994374947, 199.423236022069], [884.828387398344, 309.016994374947, 209.120508646522]], "D": [[951.056516295154, -309.016994374943, 0.0], [951.5742541467355, -308.725686497731, -7.2341771974591], [953.1244223699288, -307.85206647146, -14.3832281460596], [955.6978985873131, -306.397044795802, -21.3624386804386], [959.2795241695849, -304.362137915804, -28.0879170250373], [963.8481720333809, -301.74946664142, -34.4770005535094], [969.3768411555594, -298.561753937178, -40.448657246416], [975.8327774032941, -294.802322084262, -45.9238801146803], [983.1776201677405, -290.475089217983, -50.8260728858468], [991.3675741795809, -285.584565244241, -55.081425286901], [1000.3536057779412, -280.135847139233, -58.619276301142], [1010.0816628003229, -274.134613637312, -61.372463827166], [1020.4929171609494, -267.587119312524, -63.277659225163], [1031.524029088454, -260.500188059997, -64.275685299275], [1043.107431901785, -252.881205983985, -64.311816334431], [1055.171636115773, -244.738113699949, -63.336058881488], [1067.641551585466, -236.079398058741, -61.303412065547], [1080.438826321386, -226.914083301479, -58.174106278349], [1093.482200536675, -217.251721654347, -53.913819206684], [1106.687874421859, -207.102383373129, -48.493868244018]], "E": [[587.785252292473, -809.016994374943, 0.0], [589.6358982143015, -807.894433833159, -49.6275662884076], [595.1744127461187, -804.529957565626, -98.9342444537842], [604.3606317959642, -798.933169822097, -147.6015045743766], [617.1279663390519, -791.120038320473, -195.3155137843063], [633.383925962791, -781.11283536611, -241.7694366046474], [653.0108455634094, -768.940055751364, -286.66567791212], [675.8668089951921, -754.6363117665, -329.7180502098593], [701.7867617978515, -738.242205745189, -370.6538475285038], [730.5838035225228, -719.804180658233, -409.215809104288], [762.0506486567272, -699.374349357549, -445.163956946386], [795.9612437269149, -677.010303158422, -478.277292509716], [832.0725268464694, -652.774900530769, -508.355338921651], [870.126314789143, -626.736036750362, -535.219516560619], [909.851301613056, -598.966395436921, -558.714341238888], [950.965151948244, -569.543182978781, -578.708435788053], [993.1766712988286, -538.547846911917, -595.095347469555], [1036.1880351064406, -506.065779385358, -607.794165319548], [1079.6970578789824, -472.186006904028, -616.749933272091], [1123.3994834125208, -437.000867594583, -621.933856671514]], "F": [[0.0, -1000.000000000003, 0.0], [3.511166286134517, -997.532928694591, -99.23654873042], [14.00818069412973, -990.145418101455, -197.7204923968882], [31.38203572664814, -977.878482004112, -294.7072996492946], [55.4525322756139, -960.800156863547, -389.4684828343983], [85.9704783551719, -939.005024754664, -481.2993619971484], [122.6207249565444, -912.613550860701, -569.526523586825], [165.0259974075461, -881.771240852725, -653.5148789046823], [212.7514697927815, -846.647624923707, -732.6742330268248], [265.3100199390418, -807.435076630087, -806.465281893353], [322.1680933414862, -764.3474760063114, -874.404963366934], [382.7520963329389, -717.6187276487459, -936.071097208366], [446.4552318977104, -667.5011456026912, -991.10625895453], [512.644685901595, -614.2637179220914, -1039.220843464687], [580.669067229782, -558.1902646950455, -1080.195285261069], [649.866002452945, -499.5775041336904, -1113.881414559459], [719.5697842146736, -438.7330420054364, -1140.20293988752], [789.1189725657995, -375.973300230665, -1159.155060244806], [857.8638499542874, -311.62140088284, -1170.803221688654], [925.1736334836049, -246.005022100221, -1175.281044858065]], "G": [[-587.785252292477, -809.016994374943, 0.0], [-582.5787301852415, -805.09522524557, -137.0832764032114], [-567.0344927353252, -793.367193733099, -272.778825168757], [-541.3771906850909, -773.94429882508, -405.7195905968556], [-505.9768158099691, -747.010782285087, -534.5794806107883], [-461.3421548777481, -712.821613288191, -658.0929058022024], [-408.1118094168606, -671.699565544091, -775.073209005411], [-347.0429607148979, -624.031524881965, -884.4296514698243], [-278.9981039942455, -570.26407519019, -985.1826514351928], [-204.9300153958452, -510.898419844113, -1076.477006824961], [-125.8652494025618, -446.4847041868143, -1157.592875063267], [-42.8864919321311, -377.6158121341009, -1227.954328777689], [42.8858850385694, -304.9207164505282, -1287.135355365055], [130.312708206947, -229.0574676028214, -1334.863219989401], [218.254962296543, -150.7059102654775, -1371.019164422775], [305.592461356892, -70.5602194811754, -1395.636467079687], [391.2418790020356, 10.6786498735586, -1408.895941492031], [474.1738015629645, 92.310506311531, -1411.119000209355], [553.4284920037804, 173.64336457774, -1402.758457633307], [628.1300826311269, 254.000697248091, -1384.387287629619]],