{"A": [[0.0, 1000.0, 0.0], [0.0, 1000.0, 0.0], [0.0, 1000.0, 0.0], [0.0, 1000.0, 0.0], [0.0, 1000.0, 0.0], [0.0, 1000.0, 0.0], [0.0, 1000.0, 0.0], [0.0, 1000.0, 0.0], [0.0, 1000.0, 0.0], [0.0, 1000.0, 0.0], [0.0, 1000.0, 0.0], [0.0, 1000.0, 0.0], [0.0, 1000.0, 0.0], [0.0, 1000.0, 0.0], [0.0, 1000.0, 0.0]], "B": [[587.7852522924732, 809.0169943749474, 0.0], [587.7852522924732, 809.0169943749474, 0.0], [587.7852522924732, 809.0169943749474, 0.0], [587.7852522924732, 809.0169943749474, 0.0], [587.7852522924732, 809.0169943749474, 0.0], [587.7852522924732, 809.0169943749474, 0.0], [587.7852522924732, 809.0169943749474, 0.0], [587.7852522924732, 809.0169943749474, 0.0], [587.7852522924732, 809.0169943749474, 0.0], [587.7852522924732, 809.0169943749474, 0.0], [587.7852522924732, 809.0169943749474, 0.0], [587.7852522924732, 809.0169943749474, 0.0], [587.7852522924732, 809.0169943749474, 0.0], [587.7852522924732, 809.0169943749474, 0.0], [587.7852522924732, 809.0169943749474, 0.0]], "C": [[951.056516295153, 309.016994374947, 0.0], [949.069295262161, 309.016994374947, -37.9453758128931], [943.129373753149, 309.016994374947, -75.4756026371802], [933.301738669789, 309.016994374947, -112.180073504964], [919.693911223239, 309.016994374947, -147.657215796876], [902.454770576785, 309.016994374947, -181.518884727799], [881.772925003516, 309.016994374947, -213.394609922673], [857.874648379716, 309.016994374947, -242.935648621879], [831.021404590174, 309.016994374947, -269.818801171294], [801.506986930153, 309.016994374947, -293.749947052874], [769.654303800961, 309.016994374947, -314.467262769128], [735.81184586588, 309.016994374947, -331.744086375565], [700.349873318219, 309.016994374947, -345.391397321119], [663.6563649754704, 309.016994374947, -355.259884465371], [626.1327735192987, 309.016994374947, -361.241579647004]], "D": [[951.056516295154, -309.016994374943, 0.0], [956.4706634144811, -305.958975645959, 23.0118821341242], [972.3793342411743, -296.818376325759, 43.1580969152098], [997.7968504662794, -281.695200973047, 57.718408158676], [1031.13183190455, -260.754907718564, 64.25687214696], [1070.261923566165, -234.226598037244, 60.747848355379], [1112.633724872961, -202.400510217618, 45.683444589963], [1155.38347989754, -165.624843951655, 18.157498988207], [1195.473160106323, -124.301950786242, -22.077765176667], [1229.835879096575, -78.88393211546, -74.585071642902], [1255.524152654465, -29.867692874674, -138.246747581766], [1269.854375931984, 22.210494947498, -211.300658921567], [1270.541039011749, 76.780859500346, -291.4059967607948], [1255.8146362477473, 133.246362774186, -375.7361653922497], [1224.5179247410397, 190.98923261436, -461.0948194603387]], "E": [[587.785252292473, -809.016994374943, 0.0], [607.1170186336351, -797.249781335828, 159.2153562933472], [663.6490248278174, -762.299889130671, 307.6927232620978], [753.1114028440344, -705.208977492623, 435.516137201792], [868.777063102299, -627.668449314135, 534.34345277979], [1002.0093554132692, -531.954387561924, 598.024091581698], [1142.9595393970112, -420.840342537709, 623.031169864368], [1281.35262291688, -297.491643089807, 608.673318879713], [1407.292891681028, -165.3456763397856, 557.071460117135], [1512.019571130815, -27.9831593114657, 472.906925127815], [1588.548572844728, 111.004212358292, 362.967630826396], [1632.147614593123, 248.144224132926, 235.536638634148], [1640.608048116635, 380.207304711157, 99.6807102096702], [1614.2959231696755, 504.317325860061, -35.4957819404567], [1555.9853130566278, 618.045534145455, -161.5646923346517]], "F": [[0.0, -1000.000000000003, 0.0], [36.58623910981014, -974.194280311097, 317.8069233719082], [142.3950966011943, -898.272964915714, 610.6311266050508], [306.0774107390444, -776.6141554472744, 856.262999001194], [510.314768105344, -616.1591021750947, 1037.670711374095], [733.9765005794802, -425.910119237445, 1144.722375039118], [954.7004747164851, -216.287337292111, 1175.01178896319], [1151.540173729004, 1.602560039322, 1133.704172202167], [1307.3200794390966, 216.7259129601804, 1032.458406417034], [1410.393889411674, 418.8490461959303, 887.610689502606], [1455.596486385509, 599.175842441226, 717.901728284536], [1444.304898894569, 750.848252844721, 542.081553656439], [1383.655765464397, 869.275198279731, 376.7260696191122], [1285.0862836094154, 952.271208222102, 234.5492953105273], [1162.4541458883136, 1000.003286812048, 123.4046163551423]], "G": [[-587.785252292477, -809.016994374943, 0.0], [-533.7089213883869, -768.123488901816, 437.2400431101342], [-379.5640114713857, -649.483143052891, 828.8702736150558], [-148.1257942393026, -464.7345487912503, 1136.256875344194], [127.265636605601, -231.7339759381787, 1333.401495069541], [408.6353663987172, 27.538715033719, 1410.246973444265], [659.9081340230362, 289.508765530104, 1373.087000659272], [852.75824824233, 531.638423746825, 1242.135511935776], [970.6739044479306, 734.8257155936634, 1046.8791770299079], [1010.551248902437, 885.2762416318283, 820.2493843006202], [981.678035565193, 975.636687926078, 592.823572561768], [902.513103910756, 1005.287941791513, 388.172142550456], [796.094507932499, 979.814540193063, 220.1411604260082], [685.1273312504364, 909.7776764676171, 92.3889404521893], [587.7760216590337, 809.005101801742, -0.0083412513627]], "H": [[-951.056516295157, -309.016994374943, 0.0], [-882.4471486064858, -259.009782016987, 471.1648657164164], [-690.1233012504197, -117.029463461646, 873.7257958145713], [-411.1887333306326, 94.2602127721457, 1153.249752423143], [-97.085081768983, 341.6632797928983, 1280.031526594806], [198.9199929302822, 587.362836650949, 1253.459135151287], [434.0426176809231, 795.49864166131, 1099.362641074048], [584.817352374926, 938.154298755869, 861.453845792639], [650.3089891464487, 999.6555612658194, 589.498061180933], [649.251970690752, 978.4584540034782, 327.5568654703142], [612.401969730623, 886.4139371525742, 105.339727499949], [572.630952475671, 745.721139174917, -65.445375182336], [555.712449777642, 584.311377176402, -189.4436603512728], [574.2627148830004, 430.6544794465291, -281.9317912260247], [626.1437324916803, 309.006357696563, -361.2495154118107]], "I": [[-951.056516295157, 309.016994374947, 0.0], [-898.4761566548168, 343.729150408999, 335.4634969352954], [-752.7961681325577, 439.964067173682, 613.3485121716482], [-546.6195835283396, 575.7033062606267, 790.156040281142], [-323.477116587868, 719.5057822646413, 846.5021721716662], [-125.1938139637568, 837.196925882982, 790.31857410275], [19.8336100511001, 899.113713276692, 652.52841433828], [103.867429255941, 886.3568037886716, 476.784894332986], [140.4731683335286, 794.7310192098464, 306.5857441474459], [158.611563036333, 635.5727096226223, 173.7148428393552], [192.279247472082, 433.3501387037902, 91.3360127308326], [269.130817255148, 220.625188948219, 53.415561322203], [401.692441962347, 31.522563320897, 40.0522562113122], [583.7758419531611, -104.8587948419099, 26.4527815468613], [792.8939248790393, -169.699557020123, -7.6946656301427]], "J": [[-587.785252292477, 809.016994374947, 0.0], [-575.5753752512378, 806.181148644161, 82.7992019758404], [-542.1146624109417, 795.155748992046, 153.5461812031972], [-495.2879357635193, 769.3920561403897, 205.505938632404], [-443.584101327024, 720.9996027336862, 240.2529726114602], [-391.4243961207448, 644.242471086899, 267.006175292258], [-336.1821101986449, 538.682395483241, 298.539596239685], [-268.456109925921, 410.8855297703736, 345.376138899355], [-175.7449113934384, 274.0315907986744, 410.7214371454839], [-48.136855627436, 145.4084013039042, 488.2940116992412], [116.3363981719237, 42.4451502590992, 563.9796257198816], [308.9946099094564, -21.578676762982, 620.614095100155], [511.706069462538, -40.8758870179387, 643.8912061001841], [701.6184062293102, -18.5384800768071, 626.9758406826253], [857.5814238690358, 34.448622967751, 572.0510194181893]],