{"A": [[0.0, 1000.0, 0.0], [0.0, 1000.0, 0.0], [0.0, 1000.0, 0.0], [0.0, 1000.0, 0.0], [0.0, 1000.0, 0.0], [0.0, 1000.0, 0.0], [0.0, 1000.0, 0.0], [0.0, 1000.0, 0.0], [0.0, 1000.0, 0.0], [0.0, 1000.0, 0.0], [0.0, 1000.0, 0.0], [0.0, 1000.0, 0.0], [0.0, 1000.0, 0.0], [0.0, 1000.0, 0.0], [0.0, 1000.0, 0.0]], "B": [[587.7852522924732, 809.0169943749474, 0.0], [587.7852522924732, 809.0169943749474, 0.0], [587.7852522924732, 809.0169943749474, 0.0], [587.7852522924732, 809.0169943749474, 0.0], [587.7852522924732, 809.0169943749474, 0.0], [587.7852522924732, 809.0169943749474, 0.0], [587.7852522924732, 809.0169943749474, 0.0], [587.7852522924732, 809.0169943749474, 0.0], [587.7852522924732, 809.0169943749474, 0.0], [587.7852522924732, 809.0169943749474, 0.0], [587.7852522924732, 809.0169943749474, 0.0], [587.7852522924732, 809.0169943749474, 0.0], [587.7852522924732, 809.0169943749474, 0.0], [587.7852522924732, 809.0169943749474, 0.0], [587.7852522924732, 809.0169943749474, 0.0]], "C": [[951.056516295153, 309.016994374947, 0.0], [949.069295262161, 309.016994374947, 37.9453758128931], [943.129373753149, 309.016994374947, 75.4756026371802], [933.301738669789, 309.016994374947, 112.180073504964], [919.693911223239, 309.016994374947, 147.657215796876], [902.454770576785, 309.016994374947, 181.518884727799], [881.772925003516, 309.016994374947, 213.394609922673], [857.874648379716, 309.016994374947, 242.935648621879], [831.021404590174, 309.016994374947, 269.818801171294], [801.506986930153, 309.016994374947, 293.749947052874], [769.654303800961, 309.016994374947, 314.467262769128], [735.81184586588, 309.016994374947, 331.744086375565], [700.349873318219, 309.016994374947, 345.391397321119], [663.6563649754704, 309.016994374947, 355.259884465371], [626.1327735192987, 309.016994374947, 361.241579647004]], "D": [[951.056516295154, -309.016994374943, 0.0], [956.4706634144811, -305.958975645959, -23.0118821341242], [972.3793342411743, -296.818376325759, -43.1580969152098], [997.7968504662794, -281.695200973047, -57.718408158676], [1031.13183190455, -260.754907718564, -64.25687214696], [1070.261923566165, -234.226598037244, -60.747848355379], [1112.633724872961, -202.400510217618, -45.683444589963], [1155.38347989754, -165.624843951655, -18.157498988207], [1195.473160106323, -124.301950786242, 22.077765176667], [1229.835879096575, -78.88393211546, 74.585071642902], [1255.524152654465, -29.867692874674, 138.246747581766], [1269.854375931984, 22.210494947498, 211.300658921567], [1270.541039011749, 76.780859500346, 291.4059967607948], [1255.8146362477473, 133.246362774186, 375.7361653922497], [1224.5179247410397, 190.98923261436, 461.0948194603387]], "E": [[587.785252292473, -809.016994374943, 0.0], [607.1170186336351, -797.249781335828, -159.2153562933472], [663.6490248278174, -762.299889130671, -307.6927232620978], [753.1114028440344, -705.208977492623, -435.516137201792], [868.777063102299, -627.668449314135, -534.34345277979], [1002.0093554132692, -531.954387561924, -598.024091581698], [1142.9595393970112, -420.840342537709, -623.031169864368], [1281.35262291688, -297.491643089807, -608.673318879713], [1407.292891681028, -165.3456763397856, -557.071460117135], [1512.019571130815, -27.9831593114657, -472.906925127815], [1588.548572844728, 111.004212358292, -362.967630826396], [1632.147614593123, 248.144224132926, -235.536638634148], [1640.608048116635, 380.207304711157, -99.6807102096702], [1614.2959231696755, 504.317325860061, 35.4957819404567], [1555.9853130566278, 618.045534145455, 161.5646923346517]], "F": [[0.0, -1000.000000000003, 0.0], [36.58623910981014, -974.194280311097, -317.8069233719082], [142.3950966011943, -898.272964915714, -610.6311266050508], [306.0774107390444, -776.6141554472744, -856.262999001194], [510.314768105344, -616.1591021750947, -1037.670711374095], [733.9765005794802, -425.910119237445, -1144.722375039118], [954.7004747164851, -216.287337292111, -1175.01178896319], [1151.540173729004, 1.602560039322, -1133.704172202167], [1307.3200794390966, 216.7259129601804, -1032.458406417034], [1410.393889411674, 418.8490461959303, -887.610689502606], [1455.596486385509, 599.175842441226, -717.901728284536], [1444.304898894569, 750.848252844721, -542.081553656439], [1383.655765464397, 869.275198279731, -376.7260696191122], [1285.0862836094154, 952.271208222102, -234.5492953105273], [1162.4541458883136, 1000.003286812048, -123.4046163551423]], "G": [[-587.785252292477, -809.016994374943, 0.0], [-533.7089213883869, -768.123488901816, -437.2400431101342], [-379.5640114713857, -649.483143052891, -828.8702736150558], [-148.1257942393026, -464.7345487912503, -1136.256875344194], [127.265636605601, -231.7339759381787, -1333.401495069541], [408.6353663987172, 27.538715033719, -1410.246973444265], [659.9081340230362, 289.508765530104, -1373.087000659272], [852.75824824233, 531.638423746825, -1242.135511935776], [970.6739044479306, 734.8257155936634, -1046.8791770299079], [1010.551248902437, 885.2762416318283, -820.2493843006202], [981.678035565193, 975.636687926078, -592.823572561768], [902.513103910756, 1005.287941791513, -388.172142550456], [796.094507932499, 979.814540193063, -220.1411604260082], [685.1273312504364, 909.7776764676171, -92.3889404521893], [587.7760216590337, 809.005101801742, 0.0083412513627]], "H": [[-951.056516295157, -309.016994374943, 0.0], [-917.5033819845139, -290.271283819356, -357.7095875370673], [-817.7099433442897, -232.884656471806, -700.6522771727518], [-655.2748110894196, -134.1823251012193, -1011.753408036479], [-438.964900176282, 7.9615933178983, -1270.9913633213826], [-185.1334509568118, 192.420525525533, -1457.3488986199036], [81.5776547052521, 412.388109122352, -1553.088486376761], [330.421518455223, 654.108720908196, -1548.943885808828], [529.6707929085316, 897.3671503771334, -1448.2051652753948], [653.471293188233, 1117.8742598082913, -1267.8631446092543], [688.310305273884, 1291.160582278084, -1035.933105484242], [636.83922220025, 1397.146413482553, -785.450807961698], [517.508640922319, 1424.317227468483, -546.9029803456882], [359.8296025025564, 1372.466630807758, -341.5200915618363], [196.5825601171157, 1253.273245056624, -177.6416060771543]], "I": [[-951.056516295157, 309.016994374947, 0.0], [-965.8534021276416, 273.916472208195, -110.0798987861933], [-993.9962953291287, 182.232180979989, -278.0802186809568], [-993.9435114109276, 70.7202421016937, -537.112005895569], [-917.441088190383, -11.7643715791058, -880.3029515883655], [-731.7140343511708, -18.907087154353, -1260.9912727801957], [-436.0692520957309, 79.213033568957, -1607.879545496471], [-66.157164567619, 287.111402074192, -1848.951098039835], [315.6787622260046, 582.2172173814514, -1934.8815893882509], [639.898236010576, 920.7415751009163, -1853.4572770841332], [851.336591267528, 1249.0715726875003, -1630.590113007826], [924.758632288361, 1517.158455015553, -1318.991372897192], [869.264156071427, 1690.021976072144, -980.0716026877863], [721.1803044623894, 1754.345876379132, -666.4199580515983], [529.4947008517837, 1718.838709811301, -410.8460567836643]], "J": [[-587.785252292477, 809.016994374947, 0.0], [-659.9952069455617, 705.488638965666, 209.5483862111057], [-836.7867729701406, 427.179143206574, 267.1281479328872], [-1016.2658900830377, 60.5107253108239, 80.434339270057], [-1079.216767924935, -281.4731900449308, -348.2768301071956], [-940.5732215933538, -494.113605904739, -925.5473643666226], [-584.929675677131, -511.71099614431, -1504.848595541071], [-71.76568278379519, -323.9239612463, -1941.52723181805], [489.4905893497736, 26.1783466792894, -2141.221683093451], [981.263742305116, 459.9096695806773, -2083.8255848371114], [1317.469045633599, 888.9444655212083, -1817.659653341924], [1465.562258880895, 1239.980971173305, -1431.5528723779], [1445.589356656441, 1470.421959458148, -1019.9602868461942], [1311.5314017259964, 1571.7681266277232, -655.6052224805343], [1126.4350345545226, 1562.300049620615, -377.3214819962798]],