{"A": [[0.0, 1000.0, 0.0], [0.0, 1000.0, 0.0], [0.0, 1000.0, 0.0], [0.0, 1000.0, 0.0], [0.0, 1000.0, 0.0], [0.0, 1000.0, 0.0], [0.0, 1000.0, 0.0], [0.0, 1000.0, 0.0], [0.0, 1000.0, 0.0], [0.0, 1000.0, 0.0], [0.0, 1000.0, 0.0], [0.0, 1000.0, 0.0], [0.0, 1000.0, 0.0], [0.0, 1000.0, 0.0], [0.0, 1000.0, 0.0]], "B": [[587.7852522924732, 809.0169943749474, 0.0], [587.7852522924732, 809.0169943749474, 0.0], [587.7852522924732, 809.0169943749474, 0.0], [587.7852522924732, 809.0169943749474, 0.0], [587.7852522924732, 809.0169943749474, 0.0], [587.7852522924732, 809.0169943749474, 0.0], [587.7852522924732, 809.0169943749474, 0.0], [587.7852522924732, 809.0169943749474, 0.0], [587.7852522924732, 809.0169943749474, 0.0], [587.7852522924732, 809.0169943749474, 0.0], [587.7852522924732, 809.0169943749474, 0.0], [587.7852522924732, 809.0169943749474, 0.0], [587.7852522924732, 809.0169943749474, 0.0], [587.7852522924732, 809.0169943749474, 0.0], [587.7852522924732, 809.0169943749474, 0.0]], "C": [[951.056516295153, 309.016994374947, 0.0], [949.921131167582, 309.016994374947, 28.6987191605648], [946.522072957235, 309.016994374947, 57.2180456625624], [940.880588817532, 309.016994374947, 85.3797082119638], [933.03194306924, 309.016994374947, 113.007671234284], [923.025196766934, 309.016994374947, 139.929235254343], [910.922901023529, 309.016994374947, 165.976116422423], [896.800706009893, 309.016994374947, 190.985498438812], [880.746888073628, 309.016994374947, 214.801050301285], [862.861797932951, 309.016994374947, 237.273903513655], [843.257233394974, 309.016994374947, 258.263582647009], [822.05574051943, 309.016994374947, 277.638883436755], [799.389847596214, 309.016994374947, 295.278692926606], [775.40123672506, 309.016994374947, 311.072746532859], [750.239858175712, 309.016994374947, 324.922317296652]], "D": [[951.056516295154, -309.016994374943, 0.0], [954.1554911586828, -307.269816317204, -17.5468040007278], [963.3431806508742, -302.039203569261, -33.8499758379992], [978.2948056970782, -293.357852138262, -47.7019656337532], [998.4787476110643, -281.280028233942, -57.966455827221], [1023.170809575547, -265.881229056294, -63.611670169824], [1051.473673020128, -247.257710870542, -63.740979252461], [1082.341054569334, -225.52588731942, -57.620008210622], [1114.605949519008, -200.821601733793, -44.699540349015], [1147.012243482699, -173.299277990365, -24.63361633946], [1178.248887549603, -143.130955224354, 2.707650276046], [1206.985766180134, -110.505212431055, 37.230887331029], [1231.910342798307, -75.625989678476, 78.618112066326], [1251.764146739352, -38.711313299549, 126.331269720949], [1265.378167419953, 0.008066967432, 179.622570629494]], "E": [[587.785252292473, -809.016994374943, 0.0], [598.8561543080449, -802.289297249552, -120.9107531371118], [631.5887356216282, -782.221256239745, -237.1482683704412], [684.5651946580012, -749.155480961946, -344.2444556881262], [755.4966194348112, -703.654577214528, -438.131468697281], [841.330155145997, -646.488744943902, -515.317223043156], [938.391320575603, -578.618836584415, -573.032837798573], [1042.5542528962, -501.175284422603, -609.34496825809], [1149.43127778208, -415.433404835077, -623.22782983112], [1254.572277500794, -322.785673883513, -614.591807887817], [1353.663911504411, -224.7116406814292, -584.267794168944], [1442.718852127341, -122.7462004023522, -533.948665571033], [1518.245823708428, -18.4469864157567, -466.09150342431], [1577.392340028759, 86.638340102927, -383.7861240004], [1618.053559573035, 191.004125089812, -290.597149077675]], "F": [[0.0, -1000.000000000003, 0.0], [20.97693352286486, -985.2310574488, -241.5504224421218], [82.6074861843512, -941.414720479713, -472.1866481293022], [181.0855911317152, -870.001890075279, -681.6914077969492], [310.3756469692122, -773.3431537113456, -861.188005613136], [462.647854523578, -654.5908256247895, -1003.681925631353], [628.837228923905, -517.568443883797, -1104.460278888045], [799.281195161757, -366.613949572935, -1161.320943998083], [964.3849010051651, -206.403983927179, -1174.61748414715], [1115.262018441055, -41.767566366678, -1147.121136862731], [1244.301921183303, 122.5021805861378, -1083.716018356276], [1345.6213818930958, 281.8296324800908, -990.956858026811], [1415.369617664242, 432.0234383215373, -876.528945572397], [1451.868613323062, 569.421200589612, -748.656669405637], [1455.584952440075, 691.006029101759, -615.509535623363]], "G": [[-587.785252292477, -809.016994374943, 0.0], [-556.7326344600701, -785.578298822018, -332.9640006665825], [-466.2470369326688, -716.591466354128, -645.9083454168712], [-324.0637915272988, -605.953156397134, -920.5812960138942], [-142.1704767254258, -459.8611907567736, -1142.074238955421], [64.437177307991, -286.39377275676753, -1300.035090049938], [279.286217531901, -94.966564775493, -1389.394926586531], [486.066194687492, 104.290911261629, -1410.541703106133], [670.1905764064122, 301.192486314434, -1368.940756099442], [820.106990739799, 486.137407313081, -1274.266170729373], [928.218734627582, 650.6907791210448, -1139.161800924697], [991.3312725621226, 788.0619300481128, -977.7890723606422], [1010.597700917001, 893.4494031793913, -804.336247756956], [990.998316705886, 964.232724809718, -631.659057083447], [940.443574411953, 1000.003807993167, -470.196960346596]], "H": [[-951.056516295157, -309.016994374943, 0.0], [-911.5884073354322, -280.289247055058, -359.9151763658909], [-797.6714766877388, -196.763874748705, -689.5331891284663], [-622.1126464716458, -66.136474862373, -962.1846811317661], [-404.1800008544398, 99.6617794759884, -1157.9193106719479], [-166.844687848013, 285.69873069506843, -1265.6130390610056], [66.430931973064, 475.568068108011, -1283.806710670836], [274.84807014026, 653.036910412013, -1220.197952146727], [442.8814776107652, 803.632208024837, -1089.922995190956], [561.961915706594, 915.99537504847, -912.950160759414], [631.014961548833, 982.8658336822018, -711.0313749501531], [655.8368258777307, 1001.6010098981568, -504.7028763341262], [647.479436617821, 974.1965338114023, -310.786819353721], [619.969957908807, 906.8287337598758, -140.732636904208], [587.779114774245, 808.994697522604, 0.025657012231]], "I": [[-951.056516295157, 309.016994374947, 0.0], [-920.7718842967022, 329.007137447551, -256.7667840708509], [-833.9391824025992, 386.359779319072, -487.9954287982293], [-701.9313861580958, 473.543205016457, -671.7697655870461], [-541.5271456025218, 579.0366778555714, -792.8145587400978], [-372.06279135988, 688.7435657040585, -844.4166451855715], [-212.197850645607, 787.717207560428, -828.949669958424], [-76.875094273007, 861.985811796479, -756.951599246426], [24.9861942011762, 900.2514922103734, -644.957538916435], [91.666636970586, 895.2557863992631, -512.502621734153], [128.509174194392, 844.6473945660038, -378.8422601169421], [146.5280002906647, 751.2517759105428, -259.9667072232862], [160.05306590725, 622.7183219204113, -166.41019052504], [183.868888586902, 470.5991672454328, -102.1887153988464], [230.386015153412, 308.984075573684, -64.9786684376723]], "J": [[-587.785252292477, 809.016994374947, 0.0], [-580.7431989406641, 807.451246480912, -63.2784409686709], [-560.6909862612002, 801.908249895478, -121.0882155178413], [-530.5321789698228, 790.044746824384, -169.3604732182281], [-494.1307837267828, 768.5657759041075, -206.4713852282428], [-455.1263128884263, 734.0200094551717, -233.6658725437075], [-415.757577651334, 683.694277471765, -254.747023841893], [-376.025491629255, 616.435486808865, -275.100907734859], [-333.4447907553998, 533.2375335025424, -300.292492259875], [-283.487231226663, 437.4699185372361, -334.576553906648], [-220.641106780929, 334.6872264479818, -379.6904806158316], [-139.8489385410193, 232.0336715054158, -434.2274894246462], [-37.979243864885, 137.3312041480473, -493.745739216362], [85.0320878124811, 57.9995529411078, -551.5870424303364], [225.66314145586895, -0.009368784692, -600.2045627450183]],