{"A": [[0.0, 1000.0, 0.0], [0.0, 1000.0, 0.0], [0.0, 1000.0, 0.0], [0.0, 1000.0, 0.0], [0.0, 1000.0, 0.0], [0.0, 1000.0, 0.0], [0.0, 1000.0, 0.0], [0.0, 1000.0, 0.0], [0.0, 1000.0, 0.0], [0.0, 1000.0, 0.0], [0.0, 1000.0, 0.0], [0.0, 1000.0, 0.0], [0.0, 1000.0, 0.0], [0.0, 1000.0, 0.0], [0.0, 1000.0, 0.0]], "B": [[587.7852522924732, 809.0169943749474, 0.0], [587.7852522924732, 809.0169943749474, 0.0], [587.7852522924732, 809.0169943749474, 0.0], [587.7852522924732, 809.0169943749474, 0.0], [587.7852522924732, 809.0169943749474, 0.0], [587.7852522924732, 809.0169943749474, 0.0], [587.7852522924732, 809.0169943749474, 0.0], [587.7852522924732, 809.0169943749474, 0.0], [587.7852522924732, 809.0169943749474, 0.0], [587.7852522924732, 809.0169943749474, 0.0], [587.7852522924732, 809.0169943749474, 0.0], [587.7852522924732, 809.0169943749474, 0.0], [587.7852522924732, 809.0169943749474, 0.0], [587.7852522924732, 809.0169943749474, 0.0], [587.7852522924732, 809.0169943749474, 0.0]], "C": [[951.056516295153, 309.016994374947, 0.0], [949.921131167582, 309.016994374947, 28.6987191605648], [946.522072957235, 309.016994374947, 57.2180456625624], [940.880588817532, 309.016994374947, 85.3797082119638], [933.03194306924, 309.016994374947, 113.007671234284], [923.025196766934, 309.016994374947, 139.929235254343], [910.922901023529, 309.016994374947, 165.976116422423], [896.800706009893, 309.016994374947, 190.985498438812], [880.746888073628, 309.016994374947, 214.801050301285], [862.861797932951, 309.016994374947, 237.273903513655], [843.257233394974, 309.016994374947, 258.263582647009], [822.05574051943, 309.016994374947, 277.638883436755], [799.389847596214, 309.016994374947, 295.278692926606], [775.40123672506, 309.016994374947, 311.072746532859], [750.239858175712, 309.016994374947, 324.922317296652]], "D": [[951.056516295154, -309.016994374943, 0.0], [946.8186077178714, -307.269816317204, 75.033938651141], [934.1788085386364, -302.039203569261, 149.0002772085448], [913.357252096179, -293.357852138262, 220.8530320584338], [884.7153794122678, -281.280028233943, 289.588944379431], [848.7479058801932, -265.881229056293, 354.267584609351], [806.071848104777, -247.257710870542, 414.029982056426], [757.412876224914, -225.52588731942, 468.115344878735], [703.58932145056, -200.821601733793, 515.875482553779], [645.494224784116, -173.299277990365, 556.786599357053], [584.075859581524, -143.130955224354, 590.458191861879], [520.317196589612, -110.505212431054, 616.638854460109], [455.214804488204, -75.625989678477, 635.218872620293], [389.757691171925, -38.711313299548, 646.229562165687], [324.906590734454, 0.008066967431, 649.839392317801]], "E": [[587.785252292473, -809.016994374943, 0.0], [582.7970123347834, -806.60180913385, 63.995356558686], [567.9416353566544, -799.363644059688, 126.5337438608518], [543.545034271585, -787.324817288506, 186.1893314766909], [510.1433646033148, -770.523007292898, 241.598065937934], [468.4725464951022, -749.011955398061, 291.4873045914889], [419.453742217384, -722.862410155316, 334.7039367220559], [364.174946298032, -692.163275707711, 370.2404784671718], [303.868903964881, -657.022917260688, 397.258625376099], [239.887640354063, -617.570569033479, 415.109749194521], [173.673957610681, -573.957783831027, 423.351836921273], [106.730338266968, -526.359858820425, 421.762393723359], [40.585778771034, -474.977169355793, 410.346869975961], [-23.238836554241, -420.03634186051, 389.34222902289], [-83.266127634498, -361.791197886168, 359.215347922294]], "F": [[0.0, -1000.000000000003, 0.0], [-1.82775709630964, -996.506290686504, -0.1620912082482], [-7.1882416174176, -986.05484244842, -1.2865687114232], [-15.718482662677, -968.735111773005, -4.2854304511691], [-26.8313403508852, -944.697521668886, -9.971836934702], [-39.7416818695108, -914.155240937818, -19.0155208046801], [-53.5019264369, -877.386262643463, -31.9039270099001], [-67.045819992697, -834.735404547012, -48.9108665717912], [-79.23893586808, -786.615794473202, -70.074318556183], [-88.93402738689, -733.509375650528, -95.18478849365], [-95.029003056674, -675.96597386791, -123.785311647627], [-96.52498340113, -614.6005104831974, -155.183767419805], [-92.581664676695, -550.0880213644203, -188.477647863982], [-82.5670946801391, -483.1562480461487, -222.590811824692], [-66.0989931301406, -414.5756980864821, -256.321082584963]], "G": [[-587.785252292477, -809.016994374943, 0.0], [-581.7060221794857, -803.782609751487, -92.7082512641806], [-563.5044853897826, -788.197722096162, -183.8538387546112], [-533.298469986601, -762.614709798732, -271.8510258886991], [-491.3145508369842, -727.612681628542, -355.074040131498], [-437.9297981720008, -683.984799595193, -431.8518118665591], [-373.723361153214, -632.719843929041, -500.4789877544981], [-299.531548253102, -574.977556725016, -559.2463032212752], [-216.499018279423, -512.057454509014, -606.491505997683], [-126.1182259119832, -445.361114180042, -640.669825906858], [-30.2494846170426, -376.348394659477, -660.440630702717], [68.885008256061, -306.4886196706824, -664.764584023039], [168.738078185378, -237.2083587332143, -653.003556670367], [266.5078253444649, -169.8380345983907, -625.013982854672], [359.2405827697354, -105.5600818114991, -581.223537672048]], "H": [[-951.056516295157, -309.016994374943, 0.0], [-933.3176938284406, -302.71810718208, -177.9702467556754], [-880.7494825913926, -284.128189251778, -348.8857419088512], [-795.287247158459, -254.149936529879, -505.9267961656671], [-680.1227574883492, -214.230067340783, -642.747055373235], [-539.6451776261098, -166.275073039616, -753.7161184654201], [-379.34356505450575, -112.538255490057, -834.1637785486041], [-205.6596105328334, -55.483341827253, -880.6180991936332], [-25.780840065715, 2.368253869622, -891.024067065995], [152.6312537897778, 58.597725241506, -864.924651908421], [321.7769031964134, 111.046475214043, -803.582778074084], [474.10765411395, 157.9598626981296, -710.0219122621614], [602.750392848119, 198.1058241801137, -588.9654108063648], [701.9373006831539, 230.8580040814563, -446.660771942562], [767.4061617642444, 256.2350490259699, -290.584320296833]], "I": [[-951.056516295157, 309.016994374947, 0.0], [-921.1304079193847, 313.546709787457, -223.0829575782612], [-833.3190886028285, 326.581743728037, -431.0425842043469], [-693.408966917323, 346.518702312948, -609.7729014172281], [-510.6637090489992, 370.876259389973, -747.151215116863], [-297.2608609840948, 396.562808955323, -833.8994888581154], [-67.52161174201078, 420.214731823366, -864.2857836462568], [163.0391595453346, 438.571812792764, -836.6097774087222], [378.798080616588, 448.851211743347, -753.420010011107], [565.1790991616438, 449.079709209802, -621.420839360622], [709.7955188740904, 438.346352472037, -451.045750962624], [803.478737439454, 416.9444106693156, -255.7007652403094], [841.088186306823, 386.3824762700377, -50.7154598196919], [822.0039496766159, 349.2587690959883, 147.924184050744], [750.2255795420313, 309.0087264093819, 324.952663011271]], "J": [[-587.785252292477, 809.016994374947, 0.0], [-549.8418801559857, 807.466178413597, -210.6572216454083], [-439.9920205620995, 802.138827401631, -397.7966977750057], [-269.768322562173, 791.144291362418, -540.4713771708671], [-57.0655620992512, 771.757420038352, -622.615969619607], [175.7297151375122, 740.987020043214, -634.8570587917354], [404.1213102222412, 696.24069890294, -575.6187940043659], [604.1682264541766, 635.977206775871, -451.3796280114821], [755.155196843501, 560.235306732541, -276.015657602248], [841.9659523106028, 470.943345536472, -69.264131006394], [856.8626969518634, 371.9448480100102, 145.551346405032], [800.4216179701253, 268.7187612515326, 344.2874197478126], [681.462728118972, 167.8221617419297, 504.9077157784791], [515.936998663437, 76.1303936494453, 610.190258161233], [324.8796955156963, -0.0135784917251, 649.840497910576]],