{"A": [[0.0, 1000.0, 0.0], [0.0, 1000.0, 0.0], [0.0, 1000.0, 0.0], [0.0, 1000.0, 0.0], [0.0, 1000.0, 0.0], [0.0, 1000.0, 0.0], [0.0, 1000.0, 0.0], [0.0, 1000.0, 0.0], [0.0, 1000.0, 0.0], [0.0, 1000.0, 0.0], [0.0, 1000.0, 0.0], [0.0, 1000.0, 0.0], [0.0, 1000.0, 0.0], [0.0, 1000.0, 0.0], [0.0, 1000.0, 0.0], [0.0, 1000.0, 0.0], [0.0, 1000.0, 0.0], [0.0, 1000.0, 0.0], [0.0, 1000.0, 0.0], [0.0, 1000.0, 0.0]], "B": [[587.7852522924732, 809.0169943749474, 0.0], [587.7852522924732, 809.0169943749474, 0.0], [587.7852522924732, 809.0169943749474, 0.0], [587.7852522924732, 809.0169943749474, 0.0], [587.7852522924732, 809.0169943749474, 0.0], [587.7852522924732, 809.0169943749474, 0.0], [587.7852522924732, 809.0169943749474, 0.0], [587.7852522924732, 809.0169943749474, 0.0], [587.7852522924732, 809.0169943749474, 0.0], [587.7852522924732, 809.0169943749474, 0.0], [587.7852522924732, 809.0169943749474, 0.0], [587.7852522924732, 809.0169943749474, 0.0], [587.7852522924732, 809.0169943749474, 0.0], [587.7852522924732, 809.0169943749474, 0.0], [587.7852522924732, 809.0169943749474, 0.0], [587.7852522924732, 809.0169943749474, 0.0], [587.7852522924732, 809.0169943749474, 0.0], [587.7852522924732, 809.0169943749474, 0.0], [587.7852522924732, 809.0169943749474, 0.0], [587.7852522924732, 809.0169943749474, 0.0]], "C": [[951.056516295153, 309.016994374947, 0.0], [950.702292584261, 309.016994374947, 16.038488580713], [949.640312254573, 309.016994374947, 32.0456990863062], [947.872646367857, 309.016994374947, 47.9904144398006], [945.402742205703, 309.016994374947, 63.8415394415407], [942.235416546669, 309.016994374947, 79.5681614106937], [938.376846272661, 309.016994374947, 95.1396104708023], [933.834556322844, 309.016994374947, 110.525519361824], [928.617405018596, 309.016994374947, 125.695882662009], [922.735566788112, 309.016994374947, 140.62111530413], [916.200512324349, 309.016994374947, 155.272110271936], [909.024986215016, 309.016994374947, 169.620295364319], [901.222982088224, 309.016994374947, 183.637688916493], [892.809715322276, 309.016994374947, 197.296954369512], [883.801593372812, 309.016994374947, 210.571453581708], [874.216183775176, 309.016994374947, 223.435298778093], [864.072179884415, 309.016994374947, 235.863403036396], [853.389364419713, 309.016994374947, 247.831529211288], [842.188570884357, 309.016994374947, 259.316337201383], [830.491642936485, 309.016994374947, 270.295429466835]], "D": [[951.056516295154, -309.016994374943, 0.0], [949.7334986026291, -308.471900133198, 41.9718232569402], [945.7716544359245, -306.837680444455, 83.7570541243387], [939.1925603785704, -304.11752234507, 125.1702807510916], [930.0320106187132, -300.316730655939, 166.0284436933327], [918.3397680967482, -295.442717637098, 206.1519905105127], [904.1792187499774, -289.504988532424, 245.3660046182623], [887.6269314677246, -282.51512303261, 283.501300125144], [868.772127082289, -274.486752692592, 320.395474641465], [847.7160604072736, -265.435534347448, 355.893912370831], [824.5713199900007, -255.379119578614, 389.850730176592], [799.461050863798, -244.337120289981, 422.129659752745], [772.51810616412, -232.33107046098, 452.604859518886], [743.884134005341, -219.38438415127, 481.161650397576], [713.708606498466, -205.522309838904, 507.697170215912], [682.147798220198, -190.771881181041, 532.120942096476], [649.363721817592, -175.161864293224, 554.355352861591], [615.523028746867, -158.722701650025, 574.336038163522], [580.795883397511, -141.486452716493, 592.012171766882], [545.354819041764, -123.486731426149, 607.346657142244]], "E": [[587.785252292473, -809.016994374943, 0.0], [586.2275916122361, -808.263629922705, 35.83230640213471], [581.5652684611265, -806.004253778228, 71.4099195779348], [573.8301952246134, -802.241022042727, 106.4798439406215], [563.0753451193852, -796.977543045638, 140.7924707157955], [549.3744317075152, -790.218899395552, 174.1032501637968], [532.8214615363714, -781.971678473327, 206.1743383352978], [513.5301612577566, -772.244010992668, 236.7762097990871], [491.633281012924, -761.045617152243, 265.689227728426], [467.2817763360926, -748.3878598058, 292.7051626781471], [440.6438713329717, -734.28380398432, 317.6286513358394], [411.904006436256, -718.74828201715, 340.2785864954408], [381.261674629588, -701.797963418758, 360.4894294892703], [348.93015066575, -683.451428634411, 378.112436334688], [315.135118483138, -663.729245672439, 393.016788914472], [280.113202744049, -642.654048593658, 405.09062262545], [244.110411174915, -620.250616780135, 414.241942108375], [207.380495175975, -596.545953866501, 420.399416922747], [170.18323697832, -571.569365187659, 423.513049362481], [132.78267245044, -545.352532577418, 423.554707029811]], "F": [[0.0, -1000.000000000003, 0.0], [-0.572237074460947, -998.909874322128, -0.02828198910159], [-2.27694504615354, -995.642379326878, -0.2257022552098], [-5.0782784375716, -990.206174120195, -0.7586378498365], [-8.9170409432788, -982.615733248057, -1.7879763126075], [-13.7114996252408, -972.891408663612, -3.4664531724982], [-19.3585146416516, -961.059512354755, -5.9360878907642], [-25.7349742210364, -947.152415614499, -9.3257505746469], [-32.699521463761, -931.208659943011, -13.748891298391], [-40.0945563072984, -913.273073686522, -19.3014631600879], [-47.7484926299043, -893.396887767684, -26.0600692265546], [-55.478247007113, -871.637843259074, -34.0803622149602], [-63.091932107161, -848.06028311436, -43.3957240722487], [-70.391724163004, -822.735220109006, -54.016250485188], [-77.176870452761, -795.74037296556, -65.928062737732], [-83.246799334812, -767.160162749234, -79.092966188997], [-88.404292207287, -737.085661921989, -93.448470950074], [-92.45867389539, -705.614488932013, -108.908186082694], [-95.228975518792, -672.850641886441, -125.362593837106], [-96.54702196623, -638.9042656968867, -142.680205121684]], "G": [[-587.785252292477, -809.016994374943, 0.0], [-585.888675076415, -807.382407458321, -51.87332120741109], [-580.2023536549075, -802.490176676112, -103.4752056229088], [-570.7368082952206, -794.37481917401, -154.5328855941455], [-557.5105281914778, -783.093619793705, -204.7710377775365], [-540.5513702011028, -768.726261324705, -253.9107676094592], [-519.8984489485966, -751.374298883535, -301.6689008582262], [-495.6044516838304, -731.1604711786, -347.7576718494259], [-467.738294435143, -708.227840361956, -391.884887152559], [-436.3880208204004, -682.738751813723, -433.7546302042729], [-401.6638317712563, -654.873605645385, -473.0685566808326], [-363.701123784922, -624.829433006326, -509.5278126334232], [-322.663405542078, -592.818272458131, -542.8355877446457], [-278.744958193089, -559.065344730263, -572.700294906323], [-232.173103660543, -523.807028036566, -598.839345088969], [-183.2099482225838, -487.288640724183, -620.983463682659], [-132.1534756454762, -449.762043220575, -638.881471725532], [-79.3378753468851, -411.483076882242, -652.305433353203], [-25.1330065044198, -372.708863247457, -661.056050109877], [30.057081443492, -333.6949931494247, -664.968164202666]],