{"A": [[0.0, 1000.0, 0.0], [0.0, 1000.0, 0.0], [0.0, 1000.0, 0.0], [0.0, 1000.0, 0.0], [0.0, 1000.0, 0.0], [0.0, 1000.0, 0.0], [0.0, 1000.0, 0.0], [0.0, 1000.0, 0.0], [0.0, 1000.0, 0.0], [0.0, 1000.0, 0.0], [0.0, 1000.0, 0.0], [0.0, 1000.0, 0.0], [0.0, 1000.0, 0.0], [0.0, 1000.0, 0.0], [0.0, 1000.0, 0.0], [0.0, 1000.0, 0.0], [0.0, 1000.0, 0.0], [0.0, 1000.0, 0.0], [0.0, 1000.0, 0.0], [0.0, 1000.0, 0.0]], "B": [[587.7852522924732, 809.0169943749474, 0.0], [587.7852522924732, 809.0169943749474, 0.0], [587.7852522924732, 809.0169943749474, 0.0], [587.7852522924732, 809.0169943749474, 0.0], [587.7852522924732, 809.0169943749474, 0.0], [587.7852522924732, 809.0169943749474, 0.0], [587.7852522924732, 809.0169943749474, 0.0], [587.7852522924732, 809.0169943749474, 0.0], [587.7852522924732, 809.0169943749474, 0.0], [587.7852522924732, 809.0169943749474, 0.0], [587.7852522924732, 809.0169943749474, 0.0], [587.7852522924732, 809.0169943749474, 0.0], [587.7852522924732, 809.0169943749474, 0.0], [587.7852522924732, 809.0169943749474, 0.0], [587.7852522924732, 809.0169943749474, 0.0], [587.7852522924732, 809.0169943749474, 0.0], [587.7852522924732, 809.0169943749474, 0.0], [587.7852522924732, 809.0169943749474, 0.0], [587.7852522924732, 809.0169943749474, 0.0], [587.7852522924732, 809.0169943749474, 0.0]], "C": [[951.056516295153, 309.016994374947, 0.0], [950.867212961205, 309.016994374947, 11.7260857516143], [950.299500254087, 309.016994374947, 23.4399504037533], [949.353969852353, 309.016994374947, 35.1293855939519], [948.03160720173, 309.016994374947, 46.7822084204903], [946.333790488072, 309.016994374947, 58.386274139594], [944.262289200992, 309.016994374947, 69.929488822865], [941.819262289676, 309.016994374947, 81.3998219617517], [939.007255912796, 309.016994374947, 92.7853190059232], [935.829200784859, 309.016994374947, 104.074113822477], [932.288409121784, 309.016994374947, 115.254441062999], [928.38857118885, 309.016994374947, 126.31464842558], [924.133751454656, 309.016994374947, 137.243208799022], [919.528384355067, 309.016994374947, 148.028732276559], [914.577269671583, 309.016994374947, 158.659978026584], [909.285567528932, 309.016994374947, 169.125866008018], [903.658793017116, 309.016994374947, 179.415488518083], [897.702810443498, 309.016994374947, 189.518121560474], [891.423827220941, 309.016994374947, 199.423236022069], [884.828387398344, 309.016994374947, 209.120508646522]], "D": [[951.056516295154, -309.016994374943, 0.0], [951.5742541467355, -308.725686497731, -7.2341771974591], [953.1244223699288, -307.85206647146, -14.3832281460596], [955.6978985873131, -306.397044795802, -21.3624386804386], [959.2795241695849, -304.362137915804, -28.0879170250373], [963.8481720333809, -301.74946664142, -34.4770005535094], [969.3768411555594, -298.561753937178, -40.448657246416], [975.8327774032941, -294.802322084262, -45.9238801146803], [983.1776201677405, -290.475089217983, -50.8260728858468], [991.3675741795809, -285.584565244241, -55.081425286901], [1000.3536057779412, -280.135847139233, -58.619276301142], [1010.0816628003229, -274.134613637312, -61.372463827166], [1020.4929171609494, -267.587119312524, -63.277659225163], [1031.524029088454, -260.500188059997, -64.275685299275], [1043.107431901785, -252.881205983985, -64.311816334431], [1055.171636115773, -244.738113699949, -63.336058881488], [1067.641551585466, -236.079398058741, -61.303412065547], [1080.438826321386, -226.914083301479, -58.174106278349], [1093.482200536675, -217.251721654347, -53.913819206684], [1106.687874421859, -207.102383373129, -48.493868244018]], "E": [[587.785252292473, -809.016994374943, 0.0], [588.6454677412476, -808.614398871954, -26.2073817025039], [591.2230068125548, -807.406817070126, -52.3098391464656], [595.5085555187911, -805.394863773188, -78.2027856690562], [601.486616688031, -802.579565923651, -103.7823093883116], [609.1355492303389, -798.962365991868, -128.9455095594688], [618.4276232191494, -794.5451266896, -153.59083166895], [629.3290908918821, -789.330136977384, -177.6184008098953], [641.8002736975835, -783.32011932632, -200.9303528535148], [655.7956655384908, -776.518238186465, -223.431162894486], [671.2640523661312, -768.928109605846, -245.027970406569], [688.148648300003, -760.553811936382, -265.630900497318], [706.3872484375094, -751.399897555011, -285.153380599068], [725.912398516616, -741.471405521469, -303.512451877824], [746.651581577555, -730.773875086796, -320.629074583719], [768.527421745955, -719.313359960485, -336.428426506744], [791.457905226965, -707.096443237701, -350.840193641068], [815.356618557887, -694.130252882673, -363.798852101086], [840.13300411554, -680.422477658872, -375.243940273895], [865.692632813929, -665.981383392072, -385.120320136996]], "F": [[0.0, -1000.000000000003, 0.0], [0.918762638108517, -999.417402183229, -37.9353535413388], [3.67247186277073, -997.670431397271, -75.7648427385265], [8.25338314903614, -994.761557768272, -113.3827370682428], [14.6485637342249, -990.69490471152, -150.6835904819065], [22.8398553983909, -985.476258698426, -187.5623882862406], [32.8038252282194, -979.113082515187, -223.9147121019186], [44.5117064782081, -971.614531742801, -259.6369204421238], [57.9293326266465, -962.991474024451, -294.6263491606319], [73.0170682277868, -953.256510611425, -328.781534639985], [89.7297406387832, -942.423999600661, -362.002462022538], [108.0165770939279, -930.510080206171, -394.190840152189], [127.8211519008934, -917.532697343027, -425.250404204449], [149.081348736815, -903.511625748321, -455.087246249692], [171.729343121121, -888.46849281794, -483.610173233164], [195.691610133546, -872.426799303118, -510.731091079403], [220.888962328142, -855.411936985488, -536.365412853393], [247.236622568121, -837.451202435739, -560.432488150227], [274.644336174194, -818.57380595796, -582.856050154852], [303.016526345312, -798.810874830547, -603.564676126389]], "G": [[-587.785252292477, -809.016994374943, 0.0], [-586.7718170251245, -808.143269462031, -37.93157373780413], [-583.7339402110513, -805.525388815601, -75.73457798000432], [-578.6789448624859, -801.173223631645, -113.28040776835405], [-571.6191505527561, -795.103188867987, -150.44042758150076], [-562.5720414464241, -787.338187345354, -187.08598179103024], [-551.5604913773636, -777.907530812106, -223.08846028382354], [-538.6130372648458, -766.846837328215, -258.31941946213016], [-523.7641893728814, -754.197904185939, -292.65077127343596], [-507.0547651350812, -740.008555479154, -325.9550490044159], [-488.5322317893028, -724.33246336659, -358.10575613812534], [-468.2510420092101, -707.228942051627, -388.97780190995655], [-446.2729461205326, -688.762713525739, -418.4480243775746], [-422.667264364119, -669.003644198438, -446.39579892107065], [-397.511103026831, -648.026451664317, -472.7037271914649], [-370.889499096646, -625.910381038843, -497.2583987075923], [-342.895479393312, -602.738850527831, -519.9512146429144], [-313.630021848654, -578.599066179061, -540.6792609172866], [-283.201908718583, -553.581606096139, -559.3462155844612], [-251.727463948912, -527.779974768372, -575.863273742423]],