{"A": [[0.0, 1000.0, 0.0], [0.0, 1000.0, 0.0], [0.0, 1000.0, 0.0], [0.0, 1000.0, 0.0], [0.0, 1000.0, 0.0], [0.0, 1000.0, 0.0], [0.0, 1000.0, 0.0], [0.0, 1000.0, 0.0], [0.0, 1000.0, 0.0], [0.0, 1000.0, 0.0], [0.0, 1000.0, 0.0], [0.0, 1000.0, 0.0], [0.0, 1000.0, 0.0], [0.0, 1000.0, 0.0], [0.0, 1000.0, 0.0]], "B": [[587.7852522924732, 809.0169943749474, 0.0], [587.7852522924732, 809.0169943749474, 0.0], [587.7852522924732, 809.0169943749474, 0.0], [587.7852522924732, 809.0169943749474, 0.0], [587.7852522924732, 809.0169943749474, 0.0], [587.7852522924732, 809.0169943749474, 0.0], [587.7852522924732, 809.0169943749474, 0.0], [587.7852522924732, 809.0169943749474, 0.0], [587.7852522924732, 809.0169943749474, 0.0], [587.7852522924732, 809.0169943749474, 0.0], [587.7852522924732, 809.0169943749474, 0.0], [587.7852522924732, 809.0169943749474, 0.0], [587.7852522924732, 809.0169943749474, 0.0], [587.7852522924732, 809.0169943749474, 0.0], [587.7852522924732, 809.0169943749474, 0.0]], "C": [[951.056516295153, 309.016994374947, 0.0], [949.069295262161, 309.016994374947, 37.9453758128931], [943.129373753149, 309.016994374947, 75.4756026371802], [933.301738669789, 309.016994374947, 112.180073504964], [919.693911223239, 309.016994374947, 147.657215796876], [902.454770576785, 309.016994374947, 181.518884727799], [881.772925003516, 309.016994374947, 213.394609922673], [857.874648379716, 309.016994374947, 242.935648621879], [831.021404590174, 309.016994374947, 269.818801171294], [801.506986930153, 309.016994374947, 293.749947052874], [769.654303800961, 309.016994374947, 314.467262769128], [735.81184586588, 309.016994374947, 331.744086375565], [700.349873318219, 309.016994374947, 345.391397321119], [663.6563649754704, 309.016994374947, 355.259884465371], [626.1327735192987, 309.016994374947, 361.241579647004]], "D": [[951.056516295154, -309.016994374943, 0.0], [956.4706634144811, -305.958975645959, -23.0118821341242], [972.3793342411743, -296.818376325759, -43.1580969152098], [997.7968504662794, -281.695200973047, -57.718408158676], [1031.13183190455, -260.754907718564, -64.25687214696], [1070.261923566165, -234.226598037244, -60.747848355379], [1112.633724872961, -202.400510217618, -45.683444589963], [1155.38347989754, -165.624843951655, -18.157498988207], [1195.473160106323, -124.301950786242, 22.077765176667], [1229.835879096575, -78.88393211546, 74.585071642902], [1255.524152654465, -29.867692874674, 138.246747581766], [1269.854375931984, 22.210494947498, 211.300658921567], [1270.541039011749, 76.780859500346, 291.4059967607948], [1255.8146362477473, 133.246362774186, 375.7361653922497], [1224.5179247410397, 190.98923261436, 461.0948194603387]], "E": [[587.785252292473, -809.016994374943, 0.0], [596.7970188640442, -804.788941906002, -84.4085060389795], [623.4907077639363, -792.127499052306, -165.2712023084828], [666.8506179457304, -771.101588462864, -239.162587769734], [725.214526486057, -741.828624485369, -302.896124014216], [796.320152710245, -704.478143824881, -353.639297726584], [877.371078816057, -659.276529019401, -389.022638484635], [965.122511703385, -606.51248595579, -407.239575624953], [1055.986758486697, -546.542868347761, -407.133328051503], [1146.1574273463425, -479.798393400785, -388.26644093439], [1231.7501934280533, -406.788766288466, -350.968250685256], [1308.9565721067966, -328.106728065514, -296.355595609847], [1374.205645875926, -244.430562689674, -226.3225834706502], [1424.3272523292214, -156.524643284184, -143.4962233504033], [1456.7089285740417, -65.237663952578, -51.1562190596463]], "F": [[0.0, -1000.000000000003, 0.0], [9.63124645428614, -993.885949142007, -122.4175683129181], [38.2390095396763, -975.634950252222, -241.2414354912202], [84.9573426663934, -945.52264196756, -352.932194999006], [148.320422898429, -904.015104401389, -454.074000134981], [226.242330769178, -851.776936783526, -541.469949575446], [316.013073695573, -789.678921851978, -612.267833910644], [414.328825656906, -718.802183447625, -664.111821106306], [517.371737691972, -640.4355802574376, -695.30693765976], [620.9483128149004, -556.0633464919827, -704.976172697082], [720.6862387229482, -467.3406781700763, -693.186180400771], [812.2792799543486, -376.0560138275772, -661.017829334594], [891.760171816976, -284.0800718509365, -610.5624723856452], [955.7742107895804, -193.3031525524109, -544.8332385509253], [1001.8228179012577, -105.5636420579781, -467.5916318872943]], "G": [[-587.785252292477, -809.016994374943, 0.0], [-572.2614328754229, -799.847201236779, -198.0210424657327], [-526.2056904744258, -772.490210828232, -389.9034909070652], [-451.1758241465316, -727.408373848497, -569.619538275277], [-349.796922492189, -665.388453139491, -731.386897019784], [-225.782221923191, -587.562144166426, -869.845281133217], [-83.922374384112, -495.427682322955, -980.281225861321], [69.986772904356, -390.866264800882, -1058.893526885063], [229.303806854695, -276.1463813582146, -1103.076796818821], [386.8042750123844, -153.9092853242386, -1111.688223044671], [535.0460418599002, -27.1298004405503, -1085.255194334995], [666.8190866467546, 100.9515636946088, -1026.080994279301], [775.643327368329, 226.9267198798695, -938.2131224542602], [856.2636191866583, 347.3468340694381, -827.2535731140263], [905.0832096239169, 458.8730630771679, -700.0107905998123]], "H": [[-951.056516295157, -309.016994374943, 0.0], [-923.0589160025669, -297.975653006122, -281.8785773587555], [-840.4738110319897, -265.243836774452, -550.8465729597322], [-707.4679960275126, -211.989567038975, -794.616843747337], [-530.793249155886, -140.129181103627, -1002.143315456564], [-319.4812990873794, -52.276294539073, -1164.218434422378], [-84.39409483420631, 48.339152064311, -1274.021618981462], [162.3752086920093, 157.988022041704, -1327.574304011627], [408.236085288077, 272.5992455977334, -1324.046224300245], [640.9289469748124, 387.9567162569234, -1265.856633169894], [849.3805109317572, 499.9291557628017, -1158.5266723414397], [1024.4976712686596, 604.7192781979078, -1010.2654583382194], [1159.803059217104, 699.1119394127285, -831.3092865516492], [1251.8249179005813, 780.6960414569611, -633.0739277686113], [1300.182159115982, 848.0330799714419, -427.2154229499393]], "I": [[-951.056516295157, 309.016994374947, 0.0], [-906.6229969935317, 316.961356924298, -341.4465690510901], [-776.8583381251613, 339.97788814289, -658.6693281880312], [-572.0195508272096, 375.696980390499, -929.688128309817], [-308.063591342144, 420.431305686421, -1136.788966815928], [-5.0494557259984, 469.551129542573, -1268.116300650616], [314.8786798758297, 517.972116361367, -1318.6550310290174], [629.7093377527563, 560.714201458558, -1290.4737989282276], [919.719557094544, 593.4759774865514, -1192.17965442273], [1169.2903634836464, 613.1576984391623, -1037.635813744863], [1368.1320676309842, 618.2613042980927, -844.1060364168017], [1511.7480124050016, 609.1015546236508, -630.0892992146544], [1601.087406720987, 587.7807932165875, -413.1711373894052], [1641.4825996016853, 557.9108508317051, -208.2214107942083], [1641.101426544918, 524.1056457489009, -26.2028524439563]], "J": [[-587.785252292477, 809.016994374947, 0.0], [-529.3321609697488, 806.317813914281, -353.6077492893509], [-361.2102619059582, 797.235098420547, -669.5565516393327], [-103.9685797615526, 779.061681185032, -915.8599727012623], [211.818095874118, 748.070316447809, -1070.8972285283205], [550.3780667698106, 700.544428607237, -1126.31230108962], [876.2492016706096, 633.946149448641, -1087.6157006987703], [1159.4593154237944, 547.9890152751498, -972.4029859883385], [1379.427537148548, 445.3782898908024, -806.561113305264], [1526.8855602546735, 332.0221570218214, -619.24067294088], [1603.5369796058533, 216.6031131693447, -437.6318845111947], [1619.6756264395156, 109.52145148928086, -282.6164773549294], [1590.4476394052874, 21.3606296757925, -166.1468370949072], [1531.7380449614823, -38.8529145195309, -90.7686443697913], [1456.6979259423938, -65.2485011980881, -51.1638158071616]],