{"A": [[0.0, 1000.0, 0.0], [0.0, 1000.0, 0.0], [0.0, 1000.0, 0.0], [0.0, 1000.0, 0.0], [0.0, 1000.0, 0.0], [0.0, 1000.0, 0.0], [0.0, 1000.0, 0.0], [0.0, 1000.0, 0.0], [0.0, 1000.0, 0.0], [0.0, 1000.0, 0.0], [0.0, 1000.0, 0.0], [0.0, 1000.0, 0.0], [0.0, 1000.0, 0.0], [0.0, 1000.0, 0.0], [0.0, 1000.0, 0.0], [0.0, 1000.0, 0.0], [0.0, 1000.0, 0.0], [0.0, 1000.0, 0.0], [0.0, 1000.0, 0.0], [0.0, 1000.0, 0.0]], "B": [[587.7852522924732, 809.0169943749474, 0.0], [587.7852522924732, 809.0169943749474, 0.0], [587.7852522924732, 809.0169943749474, 0.0], [587.7852522924732, 809.0169943749474, 0.0], [587.7852522924732, 809.0169943749474, 0.0], [587.7852522924732, 809.0169943749474, 0.0], [587.7852522924732, 809.0169943749474, 0.0], [587.7852522924732, 809.0169943749474, 0.0], [587.7852522924732, 809.0169943749474, 0.0], [587.7852522924732, 809.0169943749474, 0.0], [587.7852522924732, 809.0169943749474, 0.0], [587.7852522924732, 809.0169943749474, 0.0], [587.7852522924732, 809.0169943749474, 0.0], [587.7852522924732, 809.0169943749474, 0.0], [587.7852522924732, 809.0169943749474, 0.0], [587.7852522924732, 809.0169943749474, 0.0], [587.7852522924732, 809.0169943749474, 0.0], [587.7852522924732, 809.0169943749474, 0.0], [587.7852522924732, 809.0169943749474, 0.0], [587.7852522924732, 809.0169943749474, 0.0]], "C": [[951.056516295153, 309.016994374947, 0.0], [950.439927635179, 309.016994374947, 21.1565049613936], [948.592254755445, 309.016994374947, 42.2411910792038], [945.519769851183, 309.016994374947, 63.1824833093926], [941.232902920787, 309.016994374947, 83.9092933793999], [935.746206359659, 309.016994374947, 104.351261107659], [929.078305559981, 309.016994374947, 124.438993251501], [921.251835684103, 309.016994374947, 144.104299072643], [912.293364826182, 309.016994374947, 163.280421820604], [902.233303822907, 309.016994374947, 181.902265348232], [891.105803019475, 309.016994374947, 199.906615090078], [878.948636341267, 309.016994374947, 217.232352653465], [865.803073064737, 309.016994374947, 233.820663293787], [851.713737722835, 309.016994374947, 249.615235569747], [836.728458620519, 309.016994374947, 264.56245250076], [820.89810547459, 309.016994374947, 278.61157357762], [804.276416729019, 309.016994374947, 291.714907008561], [786.919817131951, 309.016994374947, 303.827971616006], [768.887226193668, 309.016994374947, 314.909647834416], [750.239858175712, 309.016994374947, 324.922317296652]], "D": [[951.056516295154, -309.016994374943, 0.0], [952.7413281543284, -308.068161990937, -12.9993817734255], [957.7634974952147, -305.224885788916, -25.4995810559715], [966.0266953037005, -300.496817684883, -37.0092836521594], [977.3719323947751, -293.900007796012, -47.0528014876291], [991.5798755757546, -285.456849956182, -55.177611006875], [1008.3740454023861, -275.196005696839, -60.96156618689], [1027.424851389895, -263.152306951246, -64.019684662853], [1048.35440896828, -249.366637812402, -64.010411303665], [1070.742071657475, -233.885795746023, -60.641270726926], [1094.13060203088, -216.76233272971, -53.673828607481], [1118.032896170201, -198.054376857601, -42.927891097368], [1141.939168611609, -177.825435016065, -28.284882108986], [1165.324498348052, -156.144177300309, -9.690349475919], [1187.656631372949, -133.084203903722, 12.844437056285], [1208.403931596302, -108.723795271275, 39.24182060624], [1227.043369785229, -83.145646365127, 69.358036502072], [1243.068439507578, -56.436585944508, 102.984435034396], [1255.996889899009, -28.687281812823, 139.849633498009], [1265.378167419953, 0.008066967432, 179.622570629494]], "E": [[587.785252292473, -809.016994374943, 0.0], [593.8060297866483, -805.361898183893, -89.3564559647717], [611.7263208075867, -794.430581392365, -176.8338831467755], [641.1236348754705, -776.324551462649, -260.5981481834484], [681.3058333287381, -751.211633243773, -338.9037111388641], [731.3287973965066, -719.323956255538, -410.134962850825], [790.0204737240921, -680.955173960482, -472.844105699593], [856.010631741956, -636.456951498796, -525.784580374756], [927.765510806587, -586.234767935837, -567.939167972101], [1003.6264024719491, -530.743088027361, -598.542048026305], [1081.8511083866695, -470.479966722906, -617.094264416161], [1160.6571401441017, -405.981156993746, -623.372237420058], [1238.2654860147416, -337.813797988558, -617.429156068293], [1312.943761963606, -266.569765902138, -599.589284583999], [1383.047590793626, -192.8587742179984, -570.435414276261], [1447.059112747268, -117.3013130974203, -530.789881975158], [1503.621621552245, -40.5215195943882, -481.68975245696], [1551.569438904074, 36.8599289471748, -424.356920190599], [1589.952284096089, 114.232806518606, -360.164020603671], [1618.053559573035, 191.004125089812, -290.597149077675]], "F": [[0.0, -1000.000000000003, 0.0], [7.45723837297432, -999.543786123484, -110.6754722190243], [29.83329907306467, -998.078366704791, -220.3551658038432], [67.1319074316965, -995.317382134446, -327.989899834334], [119.3289616894881, -990.796678858971, -432.4291777788772], [186.3295674918786, -983.893515411731, -532.383885223858], [267.9127262296941, -973.852540617331, -626.404008870693], [363.668151386929, -959.817668457722, -712.874772570327], [472.93046659154, -940.868772340531, -790.033329813196], [594.7164848586511, -916.061953984946, -856.006729225013], [727.6713484248924, -884.472014212844, -908.870366073955], [870.0290118931218, -845.235668748763, -946.724639950631], [1019.5918896348785, -797.594014481016, -967.786148318407], [1173.733494729647, -740.932761855742, -970.488544244469], [1329.4266243272978, -674.8188070192334, -953.587251003621], [1483.2981654779735, -599.0318213510963, -916.261618584913], [1631.709989710893, -513.5896830656612, -858.207871413375], [1770.863766110925, -418.7667611770292, -779.716355905303], [1896.925946966107, -315.104280685142, -681.727151428198], [2006.16776095492, -203.412242668788, -565.859036704579]], "G": [[-587.785252292477, -809.016994374943, 0.0], [-581.2270435858546, -816.074452489059, -68.7728345877355], [-561.2390081744063, -836.837200440065, -139.1097034268852], [-526.9221345324615, -870.095776453817, -212.294800772529], [-476.9118247956399, -913.8981925746306, -289.0780055169052], [-409.5661110277524, -965.6423541706004, -369.469040335221], [-323.2053828940899, -1022.1991097766902, -452.599516504839], [-216.38222835122, -1080.059978159401, -536.666500422416], [-88.157050932151, -1135.502425286468, -618.964483817981], [61.6457934920181, -1184.764746822088, -696.005296801652], [232.2254201573854, -1224.222191600501, -763.718168783295], [421.6562939921518, -1250.555957582705, -817.715413335722], [626.8205210463115, -1260.907102020085, -853.603635724808], [843.430218582121, -1253.008208697286, -867.316388318797], [1066.1424911708427, -1225.2868040637334, -855.4421507286555], [1288.7621317575395, -1176.9359500892374, -815.521552961317], [1504.520086427318, -1107.9490897608391, -746.289886148387], [1706.4095402103696, -1019.1179959045232, -647.844983064804], [1887.5566955907686, -911.99448424695, -521.726172460201], [2041.6003083744658, -788.81830506178, -370.896763566938]],