{"A": [[0.0, 1000.0, 0.0], [0.0, 1000.0, 0.0], [0.0, 1000.0, 0.0], [0.0, 1000.0, 0.0], [0.0, 1000.0, 0.0], [0.0, 1000.0, 0.0], [0.0, 1000.0, 0.0], [0.0, 1000.0, 0.0], [0.0, 1000.0, 0.0], [0.0, 1000.0, 0.0], [0.0, 1000.0, 0.0], [0.0, 1000.0, 0.0], [0.0, 1000.0, 0.0], [0.0, 1000.0, 0.0], [0.0, 1000.0, 0.0]], "B": [[587.7852522924732, 809.0169943749474, 0.0], [587.7852522924732, 809.0169943749474, 0.0], [587.7852522924732, 809.0169943749474, 0.0], [587.7852522924732, 809.0169943749474, 0.0], [587.7852522924732, 809.0169943749474, 0.0], [587.7852522924732, 809.0169943749474, 0.0], [587.7852522924732, 809.0169943749474, 0.0], [587.7852522924732, 809.0169943749474, 0.0], [587.7852522924732, 809.0169943749474, 0.0], [587.7852522924732, 809.0169943749474, 0.0], [587.7852522924732, 809.0169943749474, 0.0], [587.7852522924732, 809.0169943749474, 0.0], [587.7852522924732, 809.0169943749474, 0.0], [587.7852522924732, 809.0169943749474, 0.0], [587.7852522924732, 809.0169943749474, 0.0]], "C": [[951.056516295153, 309.016994374947, 0.0], [950.404183323647, 309.016994374947, -21.7605631341047], [948.449527222052, 309.016994374947, -43.4429745715709], [945.199568015066, 309.016994374947, -64.9693632926733], [940.665977727191, 309.016994374947, -86.2624186234789], [934.865038463381, 309.016994374947, -107.245667892281], [927.817583932894, 309.016994374947, -127.843751076397], [919.548924626322, 309.016994374947, -147.982691452964], [910.088756914563, 309.016994374947, -167.590161281691], [899.471056396161, 309.016994374947, -186.595741565403], [887.73395587608, 309.016994374947, -204.931174955443], [874.91960841413, 309.016994374947, -222.530610893662], [861.074035934894, 309.016994374947, -239.330842110562], [846.246963942879, 309.016994374947, -255.271531630237], [830.491642936485, 309.016994374947, -270.295429466835]], "D": [[951.056516295154, -309.016994374943, 0.0], [948.6206656418816, -308.013157151363, -56.9262057728637], [941.337545045303, -305.005250699003, -113.3866198437668], [929.2801357533907, -300.004077725088, -168.9208744153553], [912.5690347279974, -293.027599628442, -223.0793761817209], [891.3709121459002, -284.100871992252, -275.428511315738], [865.8963820343713, -273.255954598516, -325.555634632466], [836.3973156597496, -260.531796287343, -373.07377575328], [803.163635021795, -245.974095074644, -417.625999092738], [766.519631008933, -229.635134030572, -458.889359378615], [726.819857337814, -211.573593508161, -496.57840012523], [684.444657241117, -191.854340396517, -530.448148929399], [639.79538489774, -170.548195155462, -560.29657055511], [593.289387747699, -147.731677468294, -585.966446415745], [545.354819041764, -123.486731426149, -607.346657142244]], "E": [[587.785252292473, -809.016994374943, 0.0], [583.1195231049477, -805.150118736092, -91.9942465023598], [569.2229041254001, -793.587513360056, -182.5536486664883], [546.3945985819777, -774.442759926167, -270.2747766903443], [515.1250067661814, -747.903558132032, -353.8162044400029], [476.0835612308332, -714.229344417677, -431.927471788398], [430.1021742260873, -673.748004589269, -503.47566606531], [378.1547582628365, -626.851725958707, -567.46893764269], [321.333388310293, -573.992046527955, -623.076353505701], [260.821764741312, -515.674169840612, -669.64359847084], [197.866707068203, -452.45062424119, -706.704153271288], [133.748457707726, -384.914354280197, -733.985708384207], [69.750601096515, -313.691339753479, -751.411708275051], [7.130405782851, -239.4328442571819, -759.098058554014], [-52.909624280962, -162.8074000848726, -757.345164208432]], "F": [[0.0, -1000.000000000003, 0.0], [-5.75642346068435, -991.506378943219, -113.4994804735075], [-22.77359330284396, -966.18784196721, -223.9696461493755], [-50.3059512345313, -924.527448608899, -328.4903357943483], [-87.1462171970636, -867.31734313022, -424.3550730751659], [-131.6766604113928, -795.6396986454195, -509.1665711099297], [-181.9375562099857, -710.8407804652386, -580.9192300048448], [-235.7097033953565, -614.4988435540504, -638.065256665021], [-290.607254337352, -508.3867460856129, -679.5618001266097], [-344.176670737773, -394.430301897563, -704.8973756327696], [-393.99738226316, -274.663505062636, -714.0968026110052], [-437.779702893348, -151.1818366336, -707.7048582335195], [-473.455749737729, -26.094904741223, -686.7498011604932], [-499.259499324374, 98.5203264061321, -652.688802874734], [-513.792684977792, 220.6644953571954, -607.338094312028]], "G": [[-587.785252292477, -809.016994374943, 0.0], [-591.8943064337403, -795.526037688227, -113.18446373662053], [-603.779530033248, -755.4939209084, -221.4828081999705], [-622.1461601311242, -690.225492308376, -320.2818028598468], [-644.9375953649676, -601.838239185939, -405.4967841653767], [-669.4799490001028, -493.1790856983275, -473.794100897084], [-692.6700804228507, -367.7131501118326, -522.7665924951538], [-711.1940294021805, -229.3893941935964, -551.051585410256], [-721.7607419028, -82.4890853731339, -558.3848055694727], [-721.335033588274, 68.536305586517, -545.5879253897856], [-707.353945821442, 219.230764217097, -514.4918775773502], [-677.911980501342, 365.295890901278, -467.8022582865705], [-631.903042234276, 502.742780718021, -408.9168132185872], [-569.1100827357488, 628.027441473975, -341.707899377863], [-490.2371878221393, 738.1644413818384, -270.284751844779]], "H": [[-951.056516295157, -309.016994374943, 0.0], [-950.2326025622774, -292.460388927023, -91.17015442922202], [-947.208692115569, -243.674166815855, -176.06297550327378], [-940.3946081635443, -165.255762706888, -248.93252411637678], [-927.3542868455826, -61.359941082884, -305.0476283557537], [-905.1037824432768, 62.5505292396525, -341.083832098731], [-870.4842810962117, 200.0305924802174, -355.3892820956588], [-820.5714648728855, 344.0336859804106, -348.1019389860481], [-753.0787647049877, 487.3228582733101, -321.1095612313217], [-666.7125833675525, 622.885843050096, -277.8586040671146], [-561.442368451156, 744.327885047476, -223.0320406614042], [-438.656936965064, 846.21808828098, -162.1277983458585], [-301.189783421701, 924.368656735543, -100.9779030949662], [-153.2090487589078, 976.0313345592391, -45.252790491882], [0.0189527320677, 1000.0012456600234, 0.004751881124]], "I": [[-951.056516295157, 309.016994374947, 0.0], [-943.1788355553219, 324.526596037868, -55.909468034149924], [-919.1273128239943, 369.667091037274, -105.42340583924948], [-877.7545115781447, 440.398129719439, -142.98162917582076], [-817.4913705574506, 530.389369764713, -164.5880114327337], [-736.8062003844758, 631.5860676221515, -168.339827337351], [-634.7435358490907, 734.9254214175264, -154.6909157431788], [-511.4571738097385, 831.1372070146816, -126.4162919390401], [-368.6501445783047, 911.5550956095911, -88.2841844309277], [-209.8453029413115, 968.865033700101, -46.4786158157606], [-40.43215400524, 997.724106187859, -7.8467186598922], [132.534621307606, 995.196580046425, 20.9340054238815], [300.77586669636, 960.9719116651005, 34.1648697661938], [455.4260834497032, 897.3505103586457, 27.8130359567566], [587.7998528478907, 809.0048461683004, -0.00475215241727616]], "J": [[-587.785252292477, 809.016994374947, 0.0], [-581.5434195308239, 814.629303755952, 48.90070806673908], [-562.4440974496673, 831.114144401652, 99.05082740708951], [-529.4049097024557, 857.384138725567, 151.53701949740324], [-480.7570523747216, 891.536196024294, 207.0959673593713], [-414.4621239029188, 930.7577999111566, 265.891196665492], [-328.4344607782027, 971.2713783503553, 327.2648399241212], [-220.9686033512055, 1008.3721666012486, 389.5005335119199], [-91.2506041464257, 1036.606214636708, 449.6542171062283], [60.0949279000435, 1050.1145517140553, 503.5184740364724], [230.496523118404, 1043.140202918603, 545.7786432229298], [415.059215424688, 1010.6617240075393, 570.3943718665774], [606.416257255873, 949.0860822464462, 571.2018237719318], [794.8905815325732, 856.9108824099818, 542.6863235555846], [969.0125039526937, 735.2558404557885, 480.83202893256674]],