{"A": [[0.0, 1000.0, 0.0], [0.0, 1000.0, 0.0], [0.0, 1000.0, 0.0], [0.0, 1000.0, 0.0], [0.0, 1000.0, 0.0], [0.0, 1000.0, 0.0], [0.0, 1000.0, 0.0], [0.0, 1000.0, 0.0], [0.0, 1000.0, 0.0], [0.0, 1000.0, 0.0], [0.0, 1000.0, 0.0], [0.0, 1000.0, 0.0], [0.0, 1000.0, 0.0], [0.0, 1000.0, 0.0], [0.0, 1000.0, 0.0]], "B": [[587.7852522924732, 809.0169943749474, 0.0], [587.7852522924732, 809.0169943749474, 0.0], [587.7852522924732, 809.0169943749474, 0.0], [587.7852522924732, 809.0169943749474, 0.0], [587.7852522924732, 809.0169943749474, 0.0], [587.7852522924732, 809.0169943749474, 0.0], [587.7852522924732, 809.0169943749474, 0.0], [587.7852522924732, 809.0169943749474, 0.0], [587.7852522924732, 809.0169943749474, 0.0], [587.7852522924732, 809.0169943749474, 0.0], [587.7852522924732, 809.0169943749474, 0.0], [587.7852522924732, 809.0169943749474, 0.0], [587.7852522924732, 809.0169943749474, 0.0], [587.7852522924732, 809.0169943749474, 0.0], [587.7852522924732, 809.0169943749474, 0.0]], "C": [[951.056516295153, 309.016994374947, 0.0], [949.921131167582, 309.016994374947, 28.6987191605648], [946.522072957235, 309.016994374947, 57.2180456625624], [940.880588817532, 309.016994374947, 85.3797082119638], [933.03194306924, 309.016994374947, 113.007671234284], [923.025196766934, 309.016994374947, 139.929235254343], [910.922901023529, 309.016994374947, 165.976116422423], [896.800706009893, 309.016994374947, 190.985498438812], [880.746888073628, 309.016994374947, 214.801050301285], [862.861797932951, 309.016994374947, 237.273903513655], [843.257233394974, 309.016994374947, 258.263582647009], [822.05574051943, 309.016994374947, 277.638883436755], [799.389847596214, 309.016994374947, 295.278692926606], [775.40123672506, 309.016994374947, 311.072746532859], [750.239858175712, 309.016994374947, 324.922317296652]], "D": [[951.056516295154, -309.016994374943, 0.0], [954.1554911586828, -307.269816317204, -17.5468040007278], [963.3431806508742, -302.039203569261, -33.8499758379992], [978.2948056970782, -293.357852138262, -47.7019656337532], [998.4787476110643, -281.280028233942, -57.966455827221], [1023.170809575547, -265.881229056294, -63.611670169824], [1051.473673020128, -247.257710870542, -63.740979252461], [1082.341054569334, -225.52588731942, -57.620008210622], [1114.605949519008, -200.821601733793, -44.699540349015], [1147.012243482699, -173.299277990365, -24.63361633946], [1178.248887549603, -143.130955224354, 2.707650276046], [1206.985766180134, -110.505212431055, 37.230887331029], [1231.910342798307, -75.625989678476, 78.618112066326], [1251.764146739352, -38.711313299549, 126.331269720949], [1265.378167419953, 0.008066967432, 179.622570629494]], "E": [[587.785252292473, -809.016994374943, 0.0], [592.9390425207548, -806.60180913385, -63.9822369508261], [608.2887750981791, -799.363644059688, -126.4284897524884], [633.5012330837502, -787.324817288506, -185.8324867900242], [668.0267323657772, -770.523007292898, -240.747155880463], [711.107702203712, -749.011955398061, -289.813636412421], [761.790812737532, -722.862410155316, -331.789522853875], [818.942732693117, -692.16327570771, -365.57598402706], [881.269581913129, -657.022917260688, -390.243329924416], [947.340097423904, -617.570569033479, -405.054521776142], [1015.612457051726, -573.957783831027, -409.486049915662], [1084.464601972474, -526.359858820426, -403.24554637193], [1152.227772204683, -474.977169355793, -386.28546340286], [1217.2228223509164, -420.03634186051, -358.812142841337], [1277.7987262358265, -361.791197886168, -321.289630180391]], "F": [[0.0, -1000.000000000003, 0.0], [17.35347057804686, -996.510455780675, -184.8208340556621], [68.7371220329962, -986.120964544835, -363.0119383915314], [152.1551679461972, -969.065511691014, -528.2391117621412], [264.3940511554322, -945.722789749157, -674.742209004732], [401.183946440668, -916.59989301107, -797.580866578422], [557.410206286916, -882.310693857517, -892.83392731881], [727.3614338353913, -843.550025347305, -957.742285823439], [904.9988523014443, -801.065007629378, -990.78875633208], [1084.230756787027, -755.62499585687, -991.712798683323], [1259.176123491497, -707.991687034699, -961.462194719498], [1424.402858081452, -658.890899572191, -902.087722336386], [1575.1285454123931, -608.987433808831, -816.590234805241], [1707.3746978271513, -558.864240518107, -708.732083358513], [1818.0691152797447, -509.006877629641, -582.826361080863]], "G": [[-587.785252292477, -809.016994374943, 0.0], [-550.7357986580862, -803.79349955527, -333.4841052832671], [-441.6916286320638, -788.369909219671, -649.9318259252974], [-266.8106201859438, -763.469360455335, -933.4105596974532], [-35.8542387435958, -730.239992658195, -1170.104843668135], [238.517479857405, -690.174077937422, -1349.157680963919], [541.6430983242636, -645.003913535804, -1463.274898471772], [857.8705494803573, -596.582648680342, -1509.050273109952], [1171.5951904703563, -546.759309081002, -1486.995382054523], [1468.239667071447, -497.257596620866, -1401.285081783993], [1735.099220900096, -449.56756282767, -1259.254385065296], [1961.99217680761, -404.858035558533, -1070.702785846932], [2141.676468232975, -363.915836337207, -847.0758791397941], [2270.016743323675, -327.115531174036, -600.600332207659], [2345.9102288205318, -294.420917351317, -343.44667155487]], "H": [[-951.056516295157, -309.016994374943, 0.0], [-892.3528667714091, -302.73568920188, -452.6682514924701], [-720.9077128914228, -284.404390898583, -873.5903734577925], [-450.2441506322648, -255.50602414838, -1233.8958340887632], [-101.3775423522782, -218.335398611639, -1510.143656935607], [299.2748489143971, -175.755577247056, -1686.275107838969], [722.4595187684516, -130.896986959108, -1754.76332258793], [1138.8273322012903, -86.833448850269, -1716.860404638259], [1521.5388655458503, -46.271364738927, -1581.9546001063252], [1848.454851781085, -11.286003073791, -1366.156249869923], [2103.697306959775, 16.867448084556, -1090.316991932342], [2278.456083157822, 37.849780411467, -777.741360217641], [2371.015112573049, 52.233589789193, -451.8677661195391], [2386.068138341401, 61.403670615992, -134.17679634676], [2333.472437163254, 67.37726055456, 157.465886735274]], "I": [[-951.056516295157, 309.016994374947, 0.0], [-875.8178931886464, 313.525047629288, -496.432507901331], [-658.3634539125478, 326.244759657478, -945.4363325928547], [-322.3352259501638, 344.891227530883, -1305.5090899339675], [96.4866505600188, 366.063475676959, -1546.112089532683], [555.0071724728391, 385.785554795365, -1651.0821119161874], [1008.4595555889546, 400.136962911981, -1619.956296535573], [1416.0010547203212, 405.871655516929, -1467.095677493807], [1745.4387011429603, 400.928462317253, -1218.8469169727662], [1976.443160188592, 384.755243808361, -909.279532440459], [2101.887887914033, 358.40091211367, -575.227067549134], [2127.272493177833, 324.367774865132, -251.41734193127], [2068.493757992012, 286.254842853853, 33.6020005875029], [1948.4624916853663, 248.254340148722, 260.226723617276], [1793.193732682767, 214.583640909473, 418.990673839789]], "J": [[-587.785252292477, 809.016994374947, 0.0], [-507.50445490136036, 807.444620926323, -447.9074881570036], [-278.8214743347008, 801.80835808088, -837.0243367490767], [64.0534040063492, 789.587639267908, -1118.6536932266386], [471.1846386187028, 767.31721963857, -1262.2761123351852], [885.9709759685682, 731.514678853621, -1260.0573750981125], [1255.0746007915216, 679.66846388572, -1126.996693025091], [1537.2376939438993, 611.063071752506, -896.863995400372], [1709.3227088896813, 527.255116160344, -614.9402827299591], [1768.576846762935, 432.0922214215852, -329.178836402806], [1730.9624150557888, 331.2673871256896, -81.623910492054], [1626.211847394012, 231.5014170336367, 98.268345622432], [1490.8768053927722, 139.522847529729, 197.2919174067049], [1360.9248714328844, 61.052277508463, 218.7424641759731], [1265.361536681443, -0.010531632721, 179.598683220454]],