{"A": [[0.0, 1000.0, 0.0], [0.0, 1000.0, 0.0], [0.0, 1000.0, 0.0], [0.0, 1000.0, 0.0], [0.0, 1000.0, 0.0], [0.0, 1000.0, 0.0], [0.0, 1000.0, 0.0], [0.0, 1000.0, 0.0], [0.0, 1000.0, 0.0], [0.0, 1000.0, 0.0], [0.0, 1000.0, 0.0], [0.0, 1000.0, 0.0], [0.0, 1000.0, 0.0], [0.0, 1000.0, 0.0], [0.0, 1000.0, 0.0]], "B": [[587.7852522924732, 809.0169943749474, 0.0], [587.7852522924732, 809.0169943749474, 0.0], [587.7852522924732, 809.0169943749474, 0.0], [587.7852522924732, 809.0169943749474, 0.0], [587.7852522924732, 809.0169943749474, 0.0], [587.7852522924732, 809.0169943749474, 0.0], [587.7852522924732, 809.0169943749474, 0.0], [587.7852522924732, 809.0169943749474, 0.0], [587.7852522924732, 809.0169943749474, 0.0], [587.7852522924732, 809.0169943749474, 0.0], [587.7852522924732, 809.0169943749474, 0.0], [587.7852522924732, 809.0169943749474, 0.0], [587.7852522924732, 809.0169943749474, 0.0], [587.7852522924732, 809.0169943749474, 0.0], [587.7852522924732, 809.0169943749474, 0.0]], "C": [[951.056516295153, 309.016994374947, 0.0], [949.921131167582, 309.016994374947, 28.6987191605648], [946.522072957235, 309.016994374947, 57.2180456625624], [940.880588817532, 309.016994374947, 85.3797082119638], [933.03194306924, 309.016994374947, 113.007671234284], [923.025196766934, 309.016994374947, 139.929235254343], [910.922901023529, 309.016994374947, 165.976116422423], [896.800706009893, 309.016994374947, 190.985498438812], [880.746888073628, 309.016994374947, 214.801050301285], [862.861797932951, 309.016994374947, 237.273903513655], [843.257233394974, 309.016994374947, 258.263582647009], [822.05574051943, 309.016994374947, 277.638883436755], [799.389847596214, 309.016994374947, 295.278692926606], [775.40123672506, 309.016994374947, 311.072746532859], [750.239858175712, 309.016994374947, 324.922317296652]], "D": [[951.056516295154, -309.016994374943, 0.0], [954.1554911586828, -307.269816317204, -17.5468040007278], [963.3431806508742, -302.039203569261, -33.8499758379992], [978.2948056970782, -293.357852138262, -47.7019656337532], [998.4787476110643, -281.280028233942, -57.966455827221], [1023.170809575547, -265.881229056294, -63.611670169824], [1051.473673020128, -247.257710870542, -63.740979252461], [1082.341054569334, -225.52588731942, -57.620008210622], [1114.605949519008, -200.821601733793, -44.699540349015], [1147.012243482699, -173.299277990365, -24.63361633946], [1178.248887549603, -143.130955224354, 2.707650276046], [1206.985766180134, -110.505212431055, 37.230887331029], [1231.910342798307, -75.625989678476, 78.618112066326], [1251.764146739352, -38.711313299549, 126.331269720949], [1265.378167419953, 0.008066967432, 179.622570629494]], "E": [[587.785252292473, -809.016994374943, 0.0], [592.9390425207548, -806.60180913385, -63.9822369508261], [608.2887750981791, -799.363644059688, -126.4284897524884], [633.5012330837502, -787.324817288506, -185.8324867900242], [668.0267323657772, -770.523007292898, -240.747155880463], [711.107702203712, -749.011955398061, -289.813636412421], [761.790812737532, -722.862410155316, -331.789522853875], [818.942732693117, -692.16327570771, -365.57598402706], [881.269581913129, -657.022917260688, -390.243329924416], [947.340097423904, -617.570569033479, -405.054521776142], [1015.612457051726, -573.957783831027, -409.486049915662], [1084.464601972474, -526.359858820426, -403.24554637193], [1152.227772204683, -474.977169355793, -386.28546340286], [1217.2228223509164, -420.03634186051, -358.812142841337], [1277.7987262358265, -361.791197886168, -321.289630180391]], "F": [[0.0, -1000.000000000003, 0.0], [5.50641024426486, -996.506290686504, -92.7085606460049], [21.9325620980572, -986.05484244842, -183.8636633871323], [48.9976398050262, -968.735111773005, -271.9246801028614], [86.2288082223472, -944.697521668895, -355.378849815388], [132.955536960964, -914.155240937808, -432.760410829913], [188.30453863452, -877.386262643463, -502.675109366546], [251.197781738294, -834.73540454701, -563.830542596706], [320.356186691148, -786.615794473202, -615.071843432909], [394.311428321802, -733.509375650527, -655.421243848946], [471.427757096336, -675.965973867908, -684.119173828205], [549.934957547964, -614.6005104831991, -700.663867723606], [627.972559886424, -550.0880213644203, -704.846044011608], [703.6443078878234, -483.1562480461482, -696.775155869534], [775.0807754149686, -414.5756980864866, -676.894002638303]], "G": [[-587.785252292477, -809.016994374943, 0.0], [-581.7104074309651, -803.782609751487, -92.65291580165832], [-563.5743725142607, -788.197722096162, -183.4156713102284], [-533.6498182430568, -762.614709798732, -270.39799409168376], [-492.4133737348228, -727.612681628541, -351.71705591012056], [-440.573137462553, -683.984799595191, -425.5189471483152], [-379.096681886661, -632.719843929038, -490.0177101615829], [-309.231215010722, -574.977556725008, -543.5521958229835], [-232.507893849794, -512.057454509013, -584.6574117624141], [-150.724032848233, -445.36111418004, -612.1438048211361], [-65.899864207376, -376.348394659475, -625.1756002727474], [19.789853515473, -306.4886196706841, -623.3383049360351], [104.1052796104581, -237.2083587332063, -606.6859675133519], [184.8445202585664, -169.8380345983882, -575.760740497446], [259.9503765969056, -105.5600818115056, -531.580436988543]], "H": [[-951.056516295157, -309.016994374943, 0.0], [-942.3626002405722, -302.718107182079, -63.83675129993062], [-916.4171905556478, -284.128189251777, -125.2618832584478], [-873.6420967060378, -254.14993652988, -181.88338410940455], [-814.7786101051008, -214.230067340785, -231.36358908379557], [-740.930664352829, -166.275073039612, -271.4799705215802], [-653.600282167288, -112.538255490051, -300.2154453379679], [-554.697754347634, -55.483341827237, -315.8727061806075], [-446.512679559387, 2.368253869624, -317.1987168156401], [-331.639328716012, 58.59772524151, -303.4997458469361], [-212.859216966948, 111.046475214055, -274.7256028300964], [-92.993200773324, 157.9598626981359, -231.5046653124051], [25.2572485906505, 198.1058241801287, -175.1184045421549], [139.4564048550901, 230.8580040814658, -107.414058202698], [247.5462396800096, 256.2350490259554, -30.664843360483]], "I": [[-951.056516295157, 309.016994374947, 0.0], [-937.4330414529942, 313.546709787456, -17.367556495722617], [-896.8978014774053, 326.581743728047, -32.4266396281874], [-830.4657262279088, 346.518702312949, -42.96254840379955], [-739.851470093946, 370.876259389973, -46.96586306882157], [-627.478373631386, 396.562808955326, -42.77031272025118], [-496.448925588956, 420.214731823369, -29.2104326826429], [-350.453415117906, 438.571812792786, -5.7763254598725], [-193.606952417831, 448.851211743364, 27.2685134943299], [-30.224143716333, 449.07970920981, 68.8424592519449], [135.440186497914, 438.346352472037, 117.1013068418026], [299.442618224778, 416.9444106693269, 169.6027306921439], [458.3505770866595, 386.3824762700467, 223.5645300564451], [609.354009969939, 349.2587690959958, 276.178839022199], [750.2727017086976, 309.0087264093687, 324.929102878269]], "J": [[-587.785252292477, 809.016994374947, 0.0], [-578.3831495776282, 814.488194964027, -63.26760903930832], [-550.2410844679202, 830.560174528349, -120.7491910540415], [-503.5744875376108, 856.17809679332, -166.87958087116854], [-438.815353147175, 889.498285294057, -196.54681703976556], [-356.710732019262, 927.806555707709, -205.3463781247412], [-258.435128877798, 967.486277500887, -189.8631610036509], [-145.68683216968, 1004.094511681198, -147.9759555570175], [-20.73121814606, 1032.59158573271, -79.1606532076921], [113.643132014251, 1047.741981140529, 15.2541919660574], [254.27324237026, 1044.666717559687, 131.9448563543724], [397.8644445355385, 1019.4866464830529, 265.6340246349963], [541.2822378448171, 969.9611019789487, 409.3717917813521], [681.8218174710829, 896.0061679643328, 555.072564223748], [817.3760970896785, 799.9784436893407, 694.268895335663]],