{"A": [[0.0, 1000.0, 0.0], [0.0, 1000.0, 0.0], [0.0, 1000.0, 0.0], [0.0, 1000.0, 0.0], [0.0, 1000.0, 0.0], [0.0, 1000.0, 0.0], [0.0, 1000.0, 0.0], [0.0, 1000.0, 0.0], [0.0, 1000.0, 0.0], [0.0, 1000.0, 0.0], [0.0, 1000.0, 0.0], [0.0, 1000.0, 0.0], [0.0, 1000.0, 0.0], [0.0, 1000.0, 0.0], [0.0, 1000.0, 0.0]], "B": [[587.7852522924732, 809.0169943749474, 0.0], [587.7852522924732, 809.0169943749474, 0.0], [587.7852522924732, 809.0169943749474, 0.0], [587.7852522924732, 809.0169943749474, 0.0], [587.7852522924732, 809.0169943749474, 0.0], [587.7852522924732, 809.0169943749474, 0.0], [587.7852522924732, 809.0169943749474, 0.0], [587.7852522924732, 809.0169943749474, 0.0], [587.7852522924732, 809.0169943749474, 0.0], [587.7852522924732, 809.0169943749474, 0.0], [587.7852522924732, 809.0169943749474, 0.0], [587.7852522924732, 809.0169943749474, 0.0], [587.7852522924732, 809.0169943749474, 0.0], [587.7852522924732, 809.0169943749474, 0.0], [587.7852522924732, 809.0169943749474, 0.0]], "C": [[951.056516295153, 309.016994374947, 0.0], [949.069295262161, 309.016994374947, 37.9453758128931], [943.129373753149, 309.016994374947, 75.4756026371802], [933.301738669789, 309.016994374947, 112.180073504964], [919.693911223239, 309.016994374947, 147.657215796876], [902.454770576785, 309.016994374947, 181.518884727799], [881.772925003516, 309.016994374947, 213.394609922673], [857.874648379716, 309.016994374947, 242.935648621879], [831.021404590174, 309.016994374947, 269.818801171294], [801.506986930153, 309.016994374947, 293.749947052874], [769.654303800961, 309.016994374947, 314.467262769128], [735.81184586588, 309.016994374947, 331.744086375565], [700.349873318219, 309.016994374947, 345.391397321119], [663.6563649754704, 309.016994374947, 355.259884465371], [626.1327735192987, 309.016994374947, 361.241579647004]], "D": [[951.056516295154, -309.016994374943, 0.0], [943.6442773478527, -305.958975645959, 99.1102082542136], [921.633573259078, -296.818376325759, 195.7562969283122], [885.6936448937548, -281.695200973048, 287.561323712232], [836.9109413225054, -260.754907718564, 372.319118951941], [776.746978116134, -234.226598037244, 448.070871154211], [706.9818553309, -202.400510217618, 513.171575697423], [629.645820334384, -165.624843951655, 566.343655030344], [546.941761060095, -124.301950786242, 606.715609031382], [461.161890888878, -78.88393211546, 633.844195870225], [374.602120964708, -29.867692874674, 647.719348785312], [289.477699329503, 22.210494947499, 648.751772042516], [207.843625348122, 76.780859500345, 637.743897941555], [131.5231257567204, 133.246362774186, 615.845594041566], [62.0471151501077, 190.98923261436, 584.496655123647]], "E": [[587.785252292473, -809.016994374943, 0.0], [579.0631074387877, -804.788941906002, 84.4389247777609], [553.2310857891331, -792.127499052306, 165.5157377416895], [511.2810884933638, -771.101588462864, 239.9941423368457], [454.8286824255044, -741.828624485369, 304.8859096078733], [386.057384773235, -704.478143824881, 357.5659730104974], [307.642108688494, -659.276529019401, 395.876727364182], [222.653373797335, -606.51248595579, 418.21787456007], [134.444533994826, -546.542868347761, 423.618212953841], [46.525012436615, -479.798393400784, 411.785948984938], [-37.576672104406, -406.788766288467, 383.134469756313], [-114.455505172465, -328.106728065513, 338.781094701379], [-180.972887946256, -244.430562689674, 280.517145731731], [-234.3939578575526, -156.524643284185, 210.748737453853], [-272.5130565185273, -65.237663952577, 132.408964228582]], "F": [[0.0, -1000.000000000003, 0.0], [-3.18680712633424, -993.885949142007, -0.3748128677469], [-12.3728575171409, -975.634950252221, -2.9574230899815], [-26.4638147750782, -945.52264196756, -9.7531826803313], [-43.7302548899416, -904.015104401389, -22.3762834506237], [-61.944204783532, -851.776936783525, -41.8882203554526], [-78.559705222488, -789.678921851977, -68.676161040904], [-90.926365588782, -718.802183447625, -102.382530869886], [-96.521469576622, -640.4355802574366, -141.894718016432], [-93.183144719167, -556.0633464919841, -185.400202063665], [-79.3249415389521, -467.3406781700792, -230.507575101121], [-54.1114503426266, -376.0560138275771, -274.428063980808], [-17.575821113197, -284.0800718509449, -314.205752956161], [29.3364386840034, -193.3031525524097, -346.978463286929], [84.8072110826737, -105.5636420579825, -370.24603982625]], "G": [[-587.785252292477, -809.016994374943, 0.0], [-577.1447266429832, -799.864843381255, -122.4163156182549], [-545.3376015447059, -772.770046143236, -241.2018848400785], [-492.7564788399902, -728.804455424313, -352.6385721485153], [-420.2103126922966, -669.709708757972, -452.8757130665327], [-329.123977471733, -597.826774293898, -537.9631091453286], [-221.75666085619, -515.99231756857, -603.985684385271], [-101.3868492423101, -427.400166184237, -647.305877650574], [27.590704298731, -335.4294691155446, -664.898973938063], [159.704119007206, -243.4459970627101, -654.744889826191], [288.6117331165729, -154.5886084519872, -616.220885191133], [407.4852663393614, -71.5581218382991, -550.427187480506], [509.546224551687, 3.5704879621481, -460.375228782641], [588.7016866555164, 69.4905494142443, -350.9785656021182], [640.1990029390867, 125.7409316291145, -228.809965997613]], "H": [[-951.056516295157, -309.016994374943, 0.0], [-920.0678858329053, -298.021732839978, -234.3234670589299], [-829.0858621882649, -265.969627932137, -452.4038543690415], [-684.0090510685372, -215.568269150733, -638.9549739934492], [-494.4694786394796, -151.025269560642, -780.6226277087407], [-273.4633790454031, -77.614053583751, -866.9716717151726], [-36.718076342643, -1.114703759229, -891.43616062305], [198.2673745447269, 72.818375843867, -852.134507553648], [413.523652403586, 139.2950631693344, -752.4111974505679], [592.19702337868, 194.7572769987329, -600.9509355165601], [720.2755163985339, 237.3977386762118, -411.332883790611], [788.2333451042244, 267.3629581299239, -200.956998022028], [792.325435928061, 286.6984425000881, 10.624230052111], [735.2697685765074, 299.0301507550813, 203.81453099191583], [626.1228229403781, 309.0181173641975, 361.255577476819]], "I": [[-951.056516295157, 309.016994374947, 0.0], [-898.873962528244, 316.887080012907, -292.6671105935915], [-748.3127748232456, 338.82124067925, -550.7386134927009], [-516.7188227732182, 370.102071857539, -743.6938990893723], [-230.9754707119256, 403.852800149185, -848.7933457001775], [75.4513772973679, 432.343816292053, -854.0304581668453], [366.421271635593, 448.499289235981, -759.937359622121], [607.6424500936708, 447.332136538837, -579.889210405096], [771.288863277327, 427.0318552105164, -338.6750452419319], [840.036145841485, 389.4775962785789, -69.3253361644181], [809.7882276333381, 340.0474717404988, 191.507491499003], [690.4715006277517, 286.7309362403959, 408.988503181618], [504.558539842912, 238.6982218289516, 555.465678166288], [283.4132748964634, 204.6054161466572, 614.7594054743859], [62.0316487174361, 190.9827912936905, 584.492716441901]], "J": [[-587.785252292477, 809.016994374947, 0.0], [-563.2296592956019, 818.559605586962, -159.8755820922255], [-488.2059727774966, 846.128343314381, -312.0966926246339], [-359.9154297953072, 888.399475616764, -445.7903770270053], [-177.5346108115496, 939.471964977515, -545.1122695498775], [53.3422805307886, 990.718038152757, -590.0315425408553], [316.8452554037478, 1031.192403635239, -559.994957174842], [585.2637022657065, 1048.880185790697, -439.87082826531], [821.0770549156871, 1032.7839026832673, -226.6411030366589], [982.958116473714, 975.4880885338189, 65.3261566883139], [1034.845909712538, 875.5268634029978, 402.639848308686], [955.9030046041817, 738.7531021836049, 736.384424724539], [748.361265879447, 578.0602775089486, 1010.83326286231], [440.3477748515574, 411.2383377870402, 1175.6875734855078], [81.9478397275662, 257.3390537741284, 1198.631302605792]],