{"A": [[0.0, 1000.0, 0.0], [0.0, 1000.0, 0.0], [0.0, 1000.0, 0.0], [0.0, 1000.0, 0.0], [0.0, 1000.0, 0.0], [0.0, 1000.0, 0.0], [0.0, 1000.0, 0.0], [0.0, 1000.0, 0.0], [0.0, 1000.0, 0.0], [0.0, 1000.0, 0.0], [0.0, 1000.0, 0.0], [0.0, 1000.0, 0.0], [0.0, 1000.0, 0.0], [0.0, 1000.0, 0.0], [0.0, 1000.0, 0.0]], "B": [[587.7852522924732, 809.0169943749474, 0.0], [587.7852522924732, 809.0169943749474, 0.0], [587.7852522924732, 809.0169943749474, 0.0], [587.7852522924732, 809.0169943749474, 0.0], [587.7852522924732, 809.0169943749474, 0.0], [587.7852522924732, 809.0169943749474, 0.0], [587.7852522924732, 809.0169943749474, 0.0], [587.7852522924732, 809.0169943749474, 0.0], [587.7852522924732, 809.0169943749474, 0.0], [587.7852522924732, 809.0169943749474, 0.0], [587.7852522924732, 809.0169943749474, 0.0], [587.7852522924732, 809.0169943749474, 0.0], [587.7852522924732, 809.0169943749474, 0.0], [587.7852522924732, 809.0169943749474, 0.0], [587.7852522924732, 809.0169943749474, 0.0]], "C": [[951.056516295153, 309.016994374947, 0.0], [949.069295262161, 309.016994374947, 37.9453758128931], [943.129373753149, 309.016994374947, 75.4756026371802], [933.301738669789, 309.016994374947, 112.180073504964], [919.693911223239, 309.016994374947, 147.657215796876], [902.454770576785, 309.016994374947, 181.518884727799], [881.772925003516, 309.016994374947, 213.394609922673], [857.874648379716, 309.016994374947, 242.935648621879], [831.021404590174, 309.016994374947, 269.818801171294], [801.506986930153, 309.016994374947, 293.749947052874], [769.654303800961, 309.016994374947, 314.467262769128], [735.81184586588, 309.016994374947, 331.744086375565], [700.349873318219, 309.016994374947, 345.391397321119], [663.6563649754704, 309.016994374947, 355.259884465371], [626.1327735192987, 309.016994374947, 361.241579647004]], "D": [[951.056516295154, -309.016994374943, 0.0], [956.4706634144811, -305.958975645959, -23.0118821341242], [972.3793342411743, -296.818376325759, -43.1580969152098], [997.7968504662794, -281.695200973047, -57.718408158676], [1031.13183190455, -260.754907718564, -64.25687214696], [1070.261923566165, -234.226598037244, -60.747848355379], [1112.633724872961, -202.400510217618, -45.683444589963], [1155.38347989754, -165.624843951655, -18.157498988207], [1195.473160106323, -124.301950786242, 22.077765176667], [1229.835879096575, -78.88393211546, 74.585071642902], [1255.524152654465, -29.867692874674, 138.246747581766], [1269.854375931984, 22.210494947498, 211.300658921567], [1270.541039011749, 76.780859500346, 291.4059967607948], [1255.8146362477473, 133.246362774186, 375.7361653922497], [1224.5179247410397, 190.98923261436, 461.0948194603387]], "E": [[587.785252292473, -809.016994374943, 0.0], [607.1170186336351, -797.249781335828, -159.2153562933472], [663.6490248278174, -762.299889130671, -307.6927232620978], [753.1114028440344, -705.208977492623, -435.516137201792], [868.777063102299, -627.668449314135, -534.34345277979], [1002.0093554132692, -531.954387561924, -598.024091581698], [1142.9595393970112, -420.840342537709, -623.031169864368], [1281.35262291688, -297.491643089807, -608.673318879713], [1407.292891681028, -165.3456763397856, -557.071460117135], [1512.019571130815, -27.9831593114657, -472.906925127815], [1588.548572844728, 111.004212358292, -362.967630826396], [1632.147614593123, 248.144224132926, -235.536638634148], [1640.608048116635, 380.207304711157, -99.6807102096702], [1614.2959231696755, 504.317325860061, 35.4957819404567], [1555.9853130566278, 618.045534145455, 161.5646923346517]], "F": [[0.0, -1000.000000000003, 0.0], [24.05202617532414, -998.470799416093, -198.091154708772], [96.2175766979563, -992.891965464209, -390.2448719654743], [216.2261919188464, -980.420608047878, -569.601333800968], [382.70594336686, -956.740505938026, -727.766459060245], [592.0494949399592, -916.647108227645, -854.754367781495], [837.2709448995271, -854.775767694325, -939.607450148299], [1107.187910603725, -766.393631344883, -971.665866524178], [1386.2250581504047, -648.1676130302706, -942.305330760515], [1655.032672400664, -498.8218603443567, -846.837642941886], [1891.964416957763, -319.608062202398, -686.198052954258], [2075.288958069998, -114.529888267179, -468.043088321908], [2185.851998143536, 109.71293489028, -206.9553209261572], [2209.7888014189916, 344.067300630322, 76.412436475315], [2140.8362278048207, 577.7333248529307, 357.2438801658237]], "G": [[-587.785252292477, -809.016994374943, 0.0], [-566.4472571572838, -831.531764947036, -124.5522778861755], [-499.3317242387247, -894.8904603746247, -257.2683838026283], [-378.4495461661556, -987.1700532423158, -401.431114164061], [-194.501267508884, -1090.513328481761, -551.974881014469], [58.2951957185572, -1183.822573871122, -694.474519169835], [377.5134808899781, -1245.92886343724, -806.986406462339], [749.362048673713, -1258.752457728543, -864.383762395588], [1148.0999474316718, -1209.9772413932506, -844.1606193699034], [1538.424953180642, -1094.8445504404667, -732.270614705108], [1880.4805033710736, -916.815032325348, -527.522390625689], [2136.4522857450947, -687.027386770624, -243.384073801862], [2277.300340824692, -422.670299731714, 93.3300489545678], [2288.1058725770654, -144.548221692633, 446.665483674645], [2170.8192994342917, 125.7632098648407, 777.7079592777156]], "H": [[-951.056516295157, -309.016994374943, 0.0], [-935.2186597278048, -361.21872043475, 32.8621561974335], [-880.9895300974637, -508.1195837151747, 37.1999836755767], [-771.2746764332855, -722.5104405225309, -4.430210291374], [-586.656584661989, -964.977934396933, -91.083263266183], [-315.5381504182758, -1191.4645196422623, -202.380787009932], [37.3343207941531, -1361.485706326683, -304.103948677196], [447.171193968822, -1445.303003433161, -358.571947112327], [871.8438386565197, -1428.6329986177886, -336.3828791655034], [1260.407181876598, -1314.0617663533237, -225.697873298056], [1564.8947496633557, -1119.0841166201, -36.137754271032], [1751.7573343827169, -871.419867278031, 203.801814592127], [1809.4617687770678, -602.805479857123, 454.7776919621388], [1750.0591357359513, -342.701236496752, 677.332132648395], [1604.4985686317068, -113.2518449783213, 841.8846269354899]], "I": [[-951.056516295157, 309.016994374947, 0.0], [-939.1486201217269, 229.948284272296, 213.0624314666695], [-893.664135513625, 10.2511950949873, 373.4991084192937], [-790.7379766511297, -301.99469701918986, 448.066972750202], [-606.1175380105432, -640.201777568336, 434.376278944738], [-330.7406231307618, -935.5108936906544, 359.955978136859], [19.2077535702632, -1132.666981393137, 269.724797492389], [402.7055748857208, -1201.289532796965, 207.507769992729], [765.0344941253617, -1139.8378018266335, 199.4856769947556], [1055.134859795709, -971.8417241272887, 246.228739361615], [1241.9412728075938, -736.22885256743, 325.924270559013], [1322.9875858923658, -475.123952768673, 406.464248636558], [1322.0169493867618, -222.89555744799, 460.43544370000694], [1277.0808691099662, 0.567608012866, 476.274750444683], [1224.5170897788298, 191.0018189821567, 461.0831104659459]], "J": [[-587.785252292477, 809.016994374947, 0.0], [-576.7119912580529, 712.547946858774, 346.1160559172895], [-532.205046671433, 449.5750430480153, 614.9693860172287], [-428.3415831347797, 90.77596752137016, 758.495821752369], [-243.5722523950312, -271.58706121851, 772.976512285486], [20.7686033632012, -552.0130278440043, 693.627466026946], [333.9226935329892, -695.665360222343, 572.957547881378], [645.7015880637948, -689.896130463704, 455.289401433966], [907.9280385945048, -560.5912351332776, 360.7955067420926], [1095.4949331784296, -356.4131408293837, 286.0374643672805], [1215.2817991404743, -128.23449733564, 218.22957375283], [1297.9591654293502, 87.960585434256, 152.938328352202], [1377.2635664276272, 278.809924336006, 103.77673834774295], [1468.1946067234053, 450.510817357405, 98.131049042326], [1556.0010838360888, 618.0521901859547, 161.5629051564419]],