{"A": [[0.0, 1000.0, 0.0], [0.0, 1000.0, 0.0], [0.0, 1000.0, 0.0], [0.0, 1000.0, 0.0], [0.0, 1000.0, 0.0], [0.0, 1000.0, 0.0], [0.0, 1000.0, 0.0], [0.0, 1000.0, 0.0], [0.0, 1000.0, 0.0], [0.0, 1000.0, 0.0], [0.0, 1000.0, 0.0], [0.0, 1000.0, 0.0], [0.0, 1000.0, 0.0], [0.0, 1000.0, 0.0], [0.0, 1000.0, 0.0], [0.0, 1000.0, 0.0], [0.0, 1000.0, 0.0], [0.0, 1000.0, 0.0], [0.0, 1000.0, 0.0], [0.0, 1000.0, 0.0]], "B": [[587.7852522924732, 809.0169943749474, 0.0], [587.7852522924732, 809.0169943749474, 0.0], [587.7852522924732, 809.0169943749474, 0.0], [587.7852522924732, 809.0169943749474, 0.0], [587.7852522924732, 809.0169943749474, 0.0], [587.7852522924732, 809.0169943749474, 0.0], [587.7852522924732, 809.0169943749474, 0.0], [587.7852522924732, 809.0169943749474, 0.0], [587.7852522924732, 809.0169943749474, 0.0], [587.7852522924732, 809.0169943749474, 0.0], [587.7852522924732, 809.0169943749474, 0.0], [587.7852522924732, 809.0169943749474, 0.0], [587.7852522924732, 809.0169943749474, 0.0], [587.7852522924732, 809.0169943749474, 0.0], [587.7852522924732, 809.0169943749474, 0.0], [587.7852522924732, 809.0169943749474, 0.0], [587.7852522924732, 809.0169943749474, 0.0], [587.7852522924732, 809.0169943749474, 0.0], [587.7852522924732, 809.0169943749474, 0.0], [587.7852522924732, 809.0169943749474, 0.0]], "C": [[951.056516295153, 309.016994374947, 0.0], [949.977131706408, 309.016994374947, 27.9830973394068], [946.745392271311, 309.016994374947, 55.7999028357391], [941.380502865595, 309.016994374947, 83.2851128487911], [933.914344783041, 309.016994374947, 110.275394271619], [924.391286278282, 309.016994374947, 136.610355150878], [912.867918904831, 309.016994374947, 162.133497829114], [899.412721215139, 309.016994374947, 186.693148944886], [884.105651821208, 309.016994374947, 210.143360764111], [867.037674234, 309.016994374947, 232.344778486404], [848.31021630534, 309.016994374947, 253.165468372365], [828.034567484615, 309.016994374947, 272.481701770618], [806.331217472126, 309.016994374947, 290.178690385422], [783.329140199196, 309.016994374947, 306.151268415513], [759.165027390044, 309.016994374947, 320.304517510463], [733.982476260037, 309.016994374947, 332.554330830742], [707.931136177502, 309.016994374947, 342.827912859484], [681.1658193601291, 309.016994374947, 351.064211995794], [653.8455808907072, 309.016994374947, 357.21428335888], [626.1327735192987, 309.016994374947, 361.241579647004]], "D": [[951.056516295154, -309.016994374943, 0.0], [954.0029930181431, -307.355992285412, -17.1183993784078], [962.7436812112081, -302.382856657493, -33.0836623414328], [976.9848697785106, -294.127140756124, -46.7744602852979], [996.2453622929856, -282.637904847811, -57.13229889683], [1019.8687490682058, -267.983424655986, -63.19100066891], [1047.040171179248, -250.25078562694, -64.103917779955], [1076.807171501553, -229.545365417438, -59.168204001317], [1108.104128892696, -205.990207679388, -47.845544718118], [1139.779684710806, -179.725290862875, -29.778828980914], [1170.626498019478, -150.906696382786, -4.804344729589], [1199.412608812248, -119.705681092239, 27.040814365915], [1224.91364876369, -86.307659574745, 65.516327174094], [1245.945117334123, -50.911102302881, 110.181285582754], [1261.393938044547, -13.726356211295, 160.401852725737], [1270.248525478052, 25.025605307154, 215.363773866684], [1271.626627687787, 65.114495553839, 274.0894580478065], [1264.8002603971563, 106.302083021893, 335.4592384098151], [1249.2171174443702, 148.343607106414, 398.2363181144261], [1224.5179247410397, 190.98923261436, 461.0948194603387]], "E": [[587.785252292473, -809.016994374943, 0.0], [592.6851534890051, -806.720963407053, -62.3959402213862], [607.2839526132171, -799.8395486403, -123.3678370160183], [631.2803943510286, -788.392910143299, -181.5178316681449], [664.1772627817046, -772.415062218651, -235.500246283164], [705.2887486878388, -751.95447845716, -284.047183949747], [753.750858731718, -727.074906789851, -325.993489797201], [808.534936861519, -697.856363511858, -360.300780178583], [868.464355267278, -664.396267786467, -386.080188425662], [932.234397616248, -626.81067167399, -402.61341337448], [998.435299808551, -585.235535440355, -409.37159757106], [1065.578333490159, -539.827993928552, -406.031512452809], [1132.1247172025762, -490.767557233238, -392.488494433641], [1196.517023211575, -438.257187881945, -368.865564681492], [1257.212620156127, -382.524197235314, -335.518181439897], [1312.7185593816127, -323.820905876071, -293.034120607347], [1361.6271837745446, -262.42501632632, -242.2280598725945], [1402.6516202070732, -198.639651442719, -184.1305540518669], [1434.6602184743472, -132.793018180806, -119.9712324409549], [1456.7089285740417, -65.237663952578, -51.1562190596463]], "F": [[0.0, -1000.000000000003, 0.0], [5.23504645033311, -996.678580291669, -90.4046313346236], [20.8560787550151, -986.741140760972, -179.3692198115613], [46.6094142024636, -970.268499446366, -265.4649950382584], [82.0680819351486, -947.39649956995, -347.287586383608], [126.6268338571248, -918.317554091406, -423.473604114897], [179.497532297809, -883.282469804671, -492.721788495008], [239.706955671468, -842.602240187077, -553.819177885054], [306.099211095687, -796.649444885112, -605.671975654339], [377.344825864301, -745.858867460923, -647.339998548475], [451.958210147074, -690.726944232096, -678.072852492508], [528.324570678591, -631.8096864979236, -697.345387554909], [604.7365633149302, -569.7187752595376, -704.889601283876], [679.440074441076, -505.1156091622618, -700.720038516334], [750.6876030956639, -438.7031887448042, -685.149900903357], [816.7968674554508, -371.2158377882149, -658.795528025139], [876.2115667327078, -303.406889205328, -622.5676135313325], [927.5607655895682, -236.0345914064972, -577.6484184164049], [969.7131859110812, -169.8466140298367, -525.4552631935609], [1001.8228179012577, -105.5636420579781, -467.5916318872943]], "G": [[-587.785252292477, -809.016994374943, 0.0], [-579.3461704457719, -804.035242321617, -146.2558304096495], [-554.1806873190619, -789.134787591508, -290.0510073840653], [-512.7459221669144, -764.450884529741, -428.9481082800964], [-455.8092424930674, -730.211693524206, -560.559138961349], [-384.4544661701282, -686.742051091256, -682.577256005013], [-300.086671698921, -634.468096607214, -792.815790796444], [-204.432259010566, -573.922145502909, -889.255276050179], [-99.530629925017, -505.747081929111, -970.097905783149], [12.285985020679, -430.699467832649, -1033.82752331217], [128.427428225116, -349.650536324207, -1079.271965611826], [246.097112539921, -263.5842596468996, -1105.66353329799], [362.3606383090932, -173.5917582797065, -1112.692628058249], [474.230483000451, -80.8614475298328, -1100.549303538847], [578.7640572389489, 13.3355016074098, -1069.947676435927], [673.1708291297238, 107.6645854580521, -1022.128863402512], [754.9228545919917, 200.752211863673, -958.8393196956525], [821.8620649809402, 291.2144180522098, -882.2830815205328], [872.2971790541025, 377.6894200436823, -795.0483347832969], [905.0832096239169, 458.8730630771679, -700.0107905998123]],