{"A": [[0.0, 1000.0, 0.0], [0.0, 1000.0, 0.0], [0.0, 1000.0, 0.0], [0.0, 1000.0, 0.0], [0.0, 1000.0, 0.0], [0.0, 1000.0, 0.0], [0.0, 1000.0, 0.0], [0.0, 1000.0, 0.0], [0.0, 1000.0, 0.0], [0.0, 1000.0, 0.0], [0.0, 1000.0, 0.0], [0.0, 1000.0, 0.0], [0.0, 1000.0, 0.0], [0.0, 1000.0, 0.0], [0.0, 1000.0, 0.0]], "B": [[587.7852522924732, 809.0169943749474, 0.0], [587.7852522924732, 809.0169943749474, 0.0], [587.7852522924732, 809.0169943749474, 0.0], [587.7852522924732, 809.0169943749474, 0.0], [587.7852522924732, 809.0169943749474, 0.0], [587.7852522924732, 809.0169943749474, 0.0], [587.7852522924732, 809.0169943749474, 0.0], [587.7852522924732, 809.0169943749474, 0.0], [587.7852522924732, 809.0169943749474, 0.0], [587.7852522924732, 809.0169943749474, 0.0], [587.7852522924732, 809.0169943749474, 0.0], [587.7852522924732, 809.0169943749474, 0.0], [587.7852522924732, 809.0169943749474, 0.0], [587.7852522924732, 809.0169943749474, 0.0], [587.7852522924732, 809.0169943749474, 0.0]], "C": [[951.056516295153, 309.016994374947, 0.0], [949.921131167582, 309.016994374947, 28.6987191605648], [946.522072957235, 309.016994374947, 57.2180456625624], [940.880588817532, 309.016994374947, 85.3797082119638], [933.03194306924, 309.016994374947, 113.007671234284], [923.025196766934, 309.016994374947, 139.929235254343], [910.922901023529, 309.016994374947, 165.976116422423], [896.800706009893, 309.016994374947, 190.985498438812], [880.746888073628, 309.016994374947, 214.801050301285], [862.861797932951, 309.016994374947, 237.273903513655], [843.257233394974, 309.016994374947, 258.263582647009], [822.05574051943, 309.016994374947, 277.638883436755], [799.389847596214, 309.016994374947, 295.278692926606], [775.40123672506, 309.016994374947, 311.072746532859], [750.239858175712, 309.016994374947, 324.922317296652]], "D": [[951.056516295154, -309.016994374943, 0.0], [954.1554911586828, -307.269816317204, -17.5468040007278], [963.3431806508742, -302.039203569261, -33.8499758379992], [978.2948056970782, -293.357852138262, -47.7019656337532], [998.4787476110643, -281.280028233942, -57.966455827221], [1023.170809575547, -265.881229056294, -63.611670169824], [1051.473673020128, -247.257710870542, -63.740979252461], [1082.341054569334, -225.52588731942, -57.620008210622], [1114.605949519008, -200.821601733793, -44.699540349015], [1147.012243482699, -173.299277990365, -24.63361633946], [1178.248887549603, -143.130955224354, 2.707650276046], [1206.985766180134, -110.505212431055, 37.230887331029], [1231.910342798307, -75.625989678476, 78.618112066326], [1251.764146739352, -38.711313299549, 126.331269720949], [1265.378167419953, 0.008066967432, 179.622570629494]], "E": [[587.785252292473, -809.016994374943, 0.0], [592.9390425207548, -806.60180913385, -63.9822369508261], [608.2887750981791, -799.363644059688, -126.4284897524884], [633.5012330837502, -787.324817288506, -185.8324867900242], [668.0267323657772, -770.523007292898, -240.747155880463], [711.107702203712, -749.011955398061, -289.813636412421], [761.790812737532, -722.862410155316, -331.789522853875], [818.942732693117, -692.16327570771, -365.57598402706], [881.269581913129, -657.022917260688, -390.243329924416], [947.340097423904, -617.570569033479, -405.054521776142], [1015.612457051726, -573.957783831027, -409.486049915662], [1084.464601972474, -526.359858820426, -403.24554637193], [1152.227772204683, -474.977169355793, -386.28546340286], [1217.2228223509164, -420.03634186051, -358.812142841337], [1277.7987262358265, -361.791197886168, -321.289630180391]], "F": [[0.0, -1000.000000000003, 0.0], [5.50641024426486, -996.506290686504, -92.7085606460049], [21.9325620980572, -986.05484244842, -183.8636633871323], [48.9976398050262, -968.735111773005, -271.9246801028614], [86.2288082223472, -944.697521668895, -355.378849815388], [132.955536960964, -914.155240937808, -432.760410829913], [188.30453863452, -877.386262643463, -502.675109366546], [251.197781738294, -834.73540454701, -563.830542596706], [320.356186691148, -786.615794473202, -615.071843432909], [394.311428321802, -733.509375650527, -655.421243848946], [471.427757096336, -675.965973867908, -684.119173828205], [549.934957547964, -614.6005104831991, -700.663867723606], [627.972559886424, -550.0880213644203, -704.846044011608], [703.6443078878234, -483.1562480461482, -696.775155869534], [775.0807754149686, -414.5756980864866, -676.894002638303]], "G": [[-587.785252292477, -809.016994374943, 0.0], [-578.9087960987841, -803.776848173653, -149.9819387008454], [-552.4473726251398, -788.105991138665, -297.3094835068143], [-508.9069403414338, -762.154155926231, -439.3546636277384], [-449.1371016171588, -726.174071423248, -573.545885649313], [-374.338107784391, -680.525815408247, -697.404437359522], [-286.065955987397, -625.682113222041, -808.589584745366], [-186.23152761366, -562.233840373519, -904.952966504862], [-77.089436542973, -490.894848855534, -984.601422959562], [38.787481948033, -412.505150926647, -1045.965764376817], [158.551298071313, -328.031468022385, -1087.871464571068], [279.141673031343, -238.5641916513491, -1109.606033842716], [397.3683340537191, -145.3099100239823, -1110.977036251636], [510.0116088381864, -49.5788277766052, -1092.354490189803], [613.9372635784446, 47.2333582300414, -1054.691799544451]], "H": [[-951.056516295157, -309.016994374943, 0.0], [-935.0376763773471, -302.703043308486, -213.7257537700586], [-887.4416104081538, -283.889314646092, -421.8503003062733], [-809.6393058689118, -252.958614595214, -618.9262545405834], [-703.8805637835438, -210.54354229187, -799.813287546475], [-573.239302801678, -157.517746731905, -959.829447543852], [-421.5337017158, -94.982527707386, -1094.897899420203], [-253.2191522730308, -24.247833248431, -1201.684706516282], [-73.25299787503957, 53.193281904966, -1277.721533074842], [113.0681182466387, 135.697481167279, -1321.505729693059], [300.294926106765, 221.51162421437, -1332.569533497478], [483.029894078402, 308.8207254318769, -1311.5103604882], [656.1399749339971, 395.8025438656837, -1259.975564337443], [814.9658720957564, 480.6872013899008, -1180.5976025732837], [955.5143024417046, 561.8194639496414, -1076.8791286276446]], "I": [[-951.056516295157, 309.016994374947, 0.0], [-925.6066615697875, 313.571031008399, -259.369291479785], [-850.418699028498, 326.964917325042, -508.1777152219989], [-728.9114928891117, 348.408991535523, -736.4253343590354], [-566.5666125715588, 376.63667617858, -935.202655997823], [-370.615041457543, 409.976952626918, -1097.158199684405], [-149.621842233484, 446.452037734466, -1216.875615695616], [87.0076454380992, 483.896152947811, -1291.1354005433495], [329.56994354350445, 520.08976685516, -1319.0417636909287], [568.6182621974438, 552.902129205927, -1302.0029285749952], [795.490814922578, 580.433466063207, -1243.5630483750144], [1002.772822000074, 601.1470967709249, -1149.095482027959], [1184.6555645315582, 613.9812161204277, -1025.379422477467], [1337.1631944569474, 618.4303990612158, -880.0933941765066], [1458.2293421597926, 614.5882110540117, -721.2683028357817]], "J": [[-587.785252292477, 809.016994374947, 0.0], [-554.2510341084276, 807.496143692944, -269.31877701656845], [-456.0368085319871, 802.606324246562, -522.1128406329461], [-300.0870387347157, 793.412874895351, -743.2913786321745], [-97.2618550455628, 778.510502377219, -920.4892733131511], [138.658390189483, 756.235959606314, -1045.0882164484156], [392.222370845546, 724.934760136353, -1112.864879103137], [647.6819686958922, 683.253378764844, -1124.2012488425817], [890.3475429157114, 630.423920948006, -1083.8378739844209], [1107.7807919198176, 566.5066737092977, -1000.2005194356171], [1290.698796881725, 492.5578678247009, -884.3793278526625], [1433.49613419372, 410.6957265547989, -748.880895629835], [1534.3385422965061, 324.0473905174997, -606.301621725866], [1594.8361418608145, 236.5720077258908, -468.0802482780816], [1619.3592322429276, 152.7700010712517, -343.4758853626027]],