{"A": [[0.0, 1000.0, 0.0], [0.0, 1000.0, 0.0], [0.0, 1000.0, 0.0], [0.0, 1000.0, 0.0], [0.0, 1000.0, 0.0], [0.0, 1000.0, 0.0], [0.0, 1000.0, 0.0], [0.0, 1000.0, 0.0], [0.0, 1000.0, 0.0], [0.0, 1000.0, 0.0], [0.0, 1000.0, 0.0], [0.0, 1000.0, 0.0], [0.0, 1000.0, 0.0], [0.0, 1000.0, 0.0], [0.0, 1000.0, 0.0]], "B": [[587.7852522924732, 809.0169943749474, 0.0], [587.7852522924732, 809.0169943749474, 0.0], [587.7852522924732, 809.0169943749474, 0.0], [587.7852522924732, 809.0169943749474, 0.0], [587.7852522924732, 809.0169943749474, 0.0], [587.7852522924732, 809.0169943749474, 0.0], [587.7852522924732, 809.0169943749474, 0.0], [587.7852522924732, 809.0169943749474, 0.0], [587.7852522924732, 809.0169943749474, 0.0], [587.7852522924732, 809.0169943749474, 0.0], [587.7852522924732, 809.0169943749474, 0.0], [587.7852522924732, 809.0169943749474, 0.0], [587.7852522924732, 809.0169943749474, 0.0], [587.7852522924732, 809.0169943749474, 0.0], [587.7852522924732, 809.0169943749474, 0.0]], "C": [[951.056516295153, 309.016994374947, 0.0], [949.069295262161, 309.016994374947, -37.9453758128931], [943.129373753149, 309.016994374947, -75.4756026371802], [933.301738669789, 309.016994374947, -112.180073504964], [919.693911223239, 309.016994374947, -147.657215796876], [902.454770576785, 309.016994374947, -181.518884727799], [881.772925003516, 309.016994374947, -213.394609922673], [857.874648379716, 309.016994374947, -242.935648621879], [831.021404590174, 309.016994374947, -269.818801171294], [801.506986930153, 309.016994374947, -293.749947052874], [769.654303800961, 309.016994374947, -314.467262769128], [735.81184586588, 309.016994374947, -331.744086375565], [700.349873318219, 309.016994374947, -345.391397321119], [663.6563649754704, 309.016994374947, -355.259884465371], [626.1327735192987, 309.016994374947, -361.241579647004]], "D": [[951.056516295154, -309.016994374943, 0.0], [943.6442773478527, -305.958975645959, -99.1102082542136], [921.633573259078, -296.818376325759, -195.7562969283122], [885.6936448937548, -281.695200973048, -287.561323712232], [836.9109413225054, -260.754907718564, -372.319118951941], [776.746978116134, -234.226598037244, -448.070871154211], [706.9818553309, -202.400510217618, -513.171575697423], [629.645820334384, -165.624843951655, -566.343655030344], [546.941761060095, -124.301950786242, -606.715609031382], [461.161890888878, -78.88393211546, -633.844195870225], [374.602120964708, -29.867692874674, -647.719348785312], [289.477699329503, 22.210494947499, -648.751772042516], [207.843625348122, 76.780859500345, -637.743897941555], [131.5231257567204, 133.246362774186, -615.845594041566], [62.0471151501077, 190.98923261436, -584.496655123647]], "E": [[587.785252292473, -809.016994374943, 0.0], [573.6155506160078, -797.249781335828, -159.7575238412477], [532.0329541033831, -762.299889130671, -311.9644293479232], [465.7471216520338, -705.208977492623, -449.570613462619], [379.0471811367334, -627.668449314135, -566.487193960283], [277.481450221506, -531.954387561924, -657.971102814284], [167.447509580796, -420.840342537709, -720.9039531981], [55.726868141247, -297.491643089807, -753.944814005167], [-50.997342506591, -165.3456763397865, -757.54747658151], [-146.600458693983, -27.9831593114663, -733.844440907837], [-225.917707912887, 111.004212358292, -686.4111139423203], [-285.056436167201, 248.144224132923, -619.9335761322559], [-321.597137590865, 380.207304711158, -539.8108486914459], [-334.6715888707476, 504.317325860059, -451.727223168473], [-324.9174904045213, 618.045534145454, -361.231519868194]], "F": [[0.0, -1000.000000000003, 0.0], [-17.41537858243624, -974.194280311097, -196.3511880923352], [-67.3531109448499, -898.272964915715, -376.8772858376806], [-143.1851483386722, -776.6141554472738, -527.4731318772117], [-234.8140542181486, -616.159102175093, -637.2539227749521], [-329.958817444527, -425.91011923745, -699.6477824258858], [-415.699820216198, -216.287337292112, -712.9496433137449], [-480.073729802329, 1.602560039321, -680.2807919322383], [-513.506796592634, 216.7259129601805, -608.979927025982], [-509.903080089235, 418.8490461959367, -509.527262210254], [-467.257637582374, 599.175842441229, -394.1620606001223], [-387.735050100306, 750.84825284473, -275.3878273443669], [-277.2298188938118, 869.27519827974, -164.5640662107249], [-144.4955641421476, 952.271208222092, -70.75949468571], [0.0157085376337, 1000.003286812052, 0.006217159949]], "G": [[-587.785252292477, -809.016994374943, 0.0], [-600.0800163943203, -768.123488901816, -194.68985681517776], [-632.9561540771919, -649.483143052893, -364.1166672397312], [-675.2374914356662, -464.7345487912598, -487.2558917036223], [-710.9461889411626, -231.73397593818, -550.7581202644838], [-722.690892028439, 27.538715033714, -550.9478041432328], [-695.371438428991, 289.508765530104, -494.04304317065294], [-619.439156399997, 531.638423746816, -394.6144265631114], [-493.0588019119421, 734.8257155936645, -272.646037453743], [-322.760830548637, 885.2762416318227, -149.819796281623], [-122.494272169789, 975.636687926081, -45.7636321646223], [88.681557135253, 1005.287941791509, 25.0346623080071], [289.7651410156662, 979.814540193068, 55.1261260526641], [461.1946480500434, 909.7776764676033, 44.564734614622], [587.7960284006347, 809.005101801736, -0.0062174400643073]], "H": [[-951.056516295157, -309.016994374943, 0.0], [-948.2566764678322, -259.009782016987, -155.41826285539497], [-934.9358859762109, -117.029463461652, -278.8680199657229], [-898.1107479757662, 94.2602127721492, -346.4781260088933], [-821.5246700124356, 341.663279792901, -348.3871789360647], [-691.9592944861131, 587.362836650953, -290.9121661662678], [-505.107083284116, 795.498641661321, -194.47713779400092], [-269.16873911908, 938.154298755863, -87.9851888939274], [-5.0179018882591, 999.6555612658105, -1.265780258338], [257.209073404588, 978.4584540034806, 42.320769596883], [484.203595537452, 886.4139371525933, 31.1974574457341], [646.613881008107, 745.721139174916, -32.4336612045936], [725.3240615196612, 584.311377176413, -134.1664677362359], [715.2968000285674, 430.6544794465233, -251.811832755811], [626.123724848574, 309.006357696557, -361.2516393187983]], "I": [[-951.056516295157, 309.016994374947, 0.0], [-926.8242472493472, 355.56894995015, -93.77700685293917], [-850.5788421540184, 482.718467556675, -155.7732611539919], [-714.4963150039952, 656.3076510824912, -166.6047584879113], [-513.6387796154456, 829.667706295522, -126.9736078560597], [-254.0993072707011, 955.989523008225, -57.7619807683688], [41.848095188661, 1000.517633158119, 7.44675162363907], [336.494071165576, 949.2925667819032, 34.5485226860886], [583.90387532758, 812.2233371914035, 1.24677811335368], [741.537340882141, 619.9146295694215, -94.932523742468], [782.3794289929, 415.4005854591724, -235.6425810038609], [703.3456915245397, 243.244861927665, -387.7716745515416], [527.0028455554811, 139.00301782949, -514.0811576922019], [295.9923647664374, 121.7076608275203, -584.53043019937], [62.0307467685701, 190.994551491265, -584.4966547773723]], "J": [[-587.785252292477, 809.016994374947, 0.0], [-568.5637822666592, 825.941779080168, 86.12533358962483], [-507.5508281481774, 873.348232715046, 178.4514827379531], [-395.8725064885282, 940.4332831352332, 280.2928865135347], [-222.9057176163766, 1007.820749475931, 388.4890882882053], [17.1357553392129, 1048.249071646209, 489.8562509827412], [316.875877847533, 1031.1403224655055, 560.0659522631321], [648.76526373139, 931.3236241750755, 567.5868239789756], [963.6688169086528, 739.6700693859026, 483.4092234850037], [1198.3921623785, 471.4821523336846, 293.934398259508], [1292.084061097712, 168.3198118141104, 11.5785559483761], [1206.9146735383176, -109.106944023791, -322.7140351349339], [945.1299100135642, -295.964981675739, -648.0162487780789], [554.6215988457994, -341.8402711408507, -901.074653488118], [119.0580284633106, -226.527797961443, -1036.5906583873473]],