{"A": [[0.0, 1000.0, 0.0], [0.0, 1000.0, 0.0], [0.0, 1000.0, 0.0], [0.0, 1000.0, 0.0], [0.0, 1000.0, 0.0], [0.0, 1000.0, 0.0], [0.0, 1000.0, 0.0], [0.0, 1000.0, 0.0], [0.0, 1000.0, 0.0], [0.0, 1000.0, 0.0], [0.0, 1000.0, 0.0], [0.0, 1000.0, 0.0], [0.0, 1000.0, 0.0], [0.0, 1000.0, 0.0], [0.0, 1000.0, 0.0], [0.0, 1000.0, 0.0], [0.0, 1000.0, 0.0], [0.0, 1000.0, 0.0], [0.0, 1000.0, 0.0], [0.0, 1000.0, 0.0]], "B": [[587.7852522924732, 809.0169943749474, 0.0], [587.7852522924732, 809.0169943749474, 0.0], [587.7852522924732, 809.0169943749474, 0.0], [587.7852522924732, 809.0169943749474, 0.0], [587.7852522924732, 809.0169943749474, 0.0], [587.7852522924732, 809.0169943749474, 0.0], [587.7852522924732, 809.0169943749474, 0.0], [587.7852522924732, 809.0169943749474, 0.0], [587.7852522924732, 809.0169943749474, 0.0], [587.7852522924732, 809.0169943749474, 0.0], [587.7852522924732, 809.0169943749474, 0.0], [587.7852522924732, 809.0169943749474, 0.0], [587.7852522924732, 809.0169943749474, 0.0], [587.7852522924732, 809.0169943749474, 0.0], [587.7852522924732, 809.0169943749474, 0.0], [587.7852522924732, 809.0169943749474, 0.0], [587.7852522924732, 809.0169943749474, 0.0], [587.7852522924732, 809.0169943749474, 0.0], [587.7852522924732, 809.0169943749474, 0.0], [587.7852522924732, 809.0169943749474, 0.0]], "C": [[951.056516295153, 309.016994374947, 0.0], [950.702292584261, 309.016994374947, -16.038488580713], [949.640312254573, 309.016994374947, -32.0456990863062], [947.872646367857, 309.016994374947, -47.9904144398006], [945.402742205703, 309.016994374947, -63.8415394415407], [942.235416546669, 309.016994374947, -79.5681614106937], [938.376846272661, 309.016994374947, -95.1396104708023], [933.834556322844, 309.016994374947, -110.525519361824], [928.617405018596, 309.016994374947, -125.695882662009], [922.735566788112, 309.016994374947, -140.62111530413], [916.200512324349, 309.016994374947, -155.272110271936], [909.024986215016, 309.016994374947, -169.620295364319], [901.222982088224, 309.016994374947, -183.637688916493], [892.809715322276, 309.016994374947, -197.296954369512], [883.801593372812, 309.016994374947, -210.571453581708], [874.216183775176, 309.016994374947, -223.435298778093], [864.072179884415, 309.016994374947, -235.863403036396], [853.389364419713, 309.016994374947, -247.831529211288], [842.188570884357, 309.016994374947, -259.316337201383], [830.491642936485, 309.016994374947, -270.295429466835]], "D": [[951.056516295154, -309.016994374943, 0.0], [949.7334986026291, -308.471900133198, -41.9718232569402], [945.7716544359245, -306.837680444455, -83.7570541243387], [939.1925603785704, -304.11752234507, -125.1702807510916], [930.0320106187132, -300.316730655939, -166.0284436933327], [918.3397680967482, -295.442717637098, -206.1519905105127], [904.1792187499774, -289.504988532424, -245.3660046182623], [887.6269314677246, -282.51512303261, -283.501300125144], [868.772127082289, -274.486752692592, -320.395474641465], [847.7160604072736, -265.435534347448, -355.893912370831], [824.5713199900007, -255.379119578614, -389.850730176592], [799.461050863798, -244.337120289981, -422.129659752745], [772.51810616412, -232.33107046098, -452.604859518886], [743.884134005341, -219.38438415127, -481.161650397576], [713.708606498466, -205.522309838904, -507.697170215912], [682.147798220198, -190.771881181041, -532.120942096476], [649.363721817592, -175.161864293224, -554.355352861591], [615.523028746867, -158.722701650025, -574.336038163522], [580.795883397511, -141.486452716493, -592.012171766882], [545.354819041764, -123.486731426149, -607.346657142244]], "E": [[587.785252292473, -809.016994374943, 0.0], [585.2499728885031, -806.916739841507, -67.8660794011866], [577.6738366721585, -800.627195088796, -135.1566945410851], [565.1455478242895, -790.181939243363, -201.3032320576094], [547.8116134025012, -775.636680046197, -265.7506825050841], [525.8743647571372, -757.068869687109, -327.9641991559597], [499.5892297195224, -734.57717103581, -387.4353693247773], [469.2612969402546, -708.280778294448, -443.688109494665], [435.24122441041, -678.318597193203, -496.284101464942], [397.9205540054336, -644.848290907198, -544.827693973143], [357.7265026916817, -608.045198882289, -588.970202655749], [315.116308687324, -568.101136710603, -628.413550658698], [270.571217250269, -525.223086087544, -662.913202534617], [224.590195775427, -479.631784702813, -692.280355096941], [177.68347144415, -431.560226662633, -716.383360458813], [130.365986727054, -381.252084703389, -735.148368375625], [83.150868569806, -328.96006603277, -748.559187037922], [36.543006087605, -274.944214119099, -756.656373428095], [-8.967170918314, -219.4701691389863, -759.535576063449], [-52.909624280962, -162.8074000848726, -757.345164208432]], "F": [[0.0, -1000.000000000003, 0.0], [-3.130610332557947, -995.385138674497, -83.8023016599094], [-12.44788443155954, -981.588493516256, -166.3876728021068], [-27.7298801378746, -958.753251756075, -246.5630460931514], [-48.6124123906968, -927.115970838437, -323.1825305323188], [-74.5974808149428, -887.003479513101, -395.169638628767], [-105.0647720574406, -838.828604815325, -461.5379194841713], [-139.2859501543914, -783.0847891074533, -521.4095304153338], [-176.441379657753, -720.3396778879409, -574.0313323336399], [-215.6388671932774, -651.2277742959053, -618.7881570605462], [-255.9339591152613, -576.4422699080395, -655.2129663756248], [-296.351297199918, -496.726173317761, -682.993700908574], [-335.906511771309, -412.86286791817, -701.9766998674042], [-373.628122801675, -325.666238122075, -712.1666577948153], [-408.578924511971, -235.970508826088, -713.7231697679177], [-439.876347571178, -144.619946177159, -706.9539994216325], [-466.711324534506, -52.458568587429, -692.305282683502], [-488.365227694562, 39.679984538915, -670.3489520983031], [-504.224502744086, 130.9822827174317, -641.767730236349], [-513.792684977792, 220.6644953571954, -607.338094312028]], "G": [[-587.785252292477, -809.016994374943, 0.0], [-590.025420854867, -801.683108005308, -83.67602129657095], [-596.6149479382245, -779.811767418764, -165.38469250162638], [-607.1659079680076, -743.791127170113, -243.2185138347451], [-621.0482679894178, -694.258842986009, -315.3876294179316], [-637.4139908881788, -632.088405773293, -380.2735848118071], [-655.2294845050076, -558.370476373085, -436.4772208052818], [-673.3151634897554, -474.3896732949453, -482.8590955538092], [-690.39062439246, -381.5973740511119, -518.5711062428226], [-705.1237276297314, -281.5811842891363, -543.0783086260054], [-716.1817405368023, -176.0318052749995, -556.1702949708035], [-722.282628856885, -66.708087471877, -557.9618737265861], [-722.244591867688, 44.598905406822, -548.8831824869942], [-715.032017966942, 156.101982244462, -529.6597443341453], [-699.796188990963, 266.053227015214, -501.2833317632997], [-675.909276062549, 372.777912300506, -464.9748185803455], [-642.990438088036, 474.70616614224, -422.140466631747], [-600.923144785958, 570.401701296954, -374.3233013321011], [-549.863186377739, 658.5869995142647, -323.151370612392], [-490.2371878221393, 738.1644413818384, -270.284751844779]],