{"A": [[0.0, 1000.0, 0.0], [0.0, 1000.0, 0.0], [0.0, 1000.0, 0.0], [0.0, 1000.0, 0.0], [0.0, 1000.0, 0.0], [0.0, 1000.0, 0.0], [0.0, 1000.0, 0.0], [0.0, 1000.0, 0.0], [0.0, 1000.0, 0.0], [0.0, 1000.0, 0.0], [0.0, 1000.0, 0.0], [0.0, 1000.0, 0.0], [0.0, 1000.0, 0.0], [0.0, 1000.0, 0.0], [0.0, 1000.0, 0.0]], "B": [[587.7852522924732, 809.0169943749474, 0.0], [587.7852522924732, 809.0169943749474, 0.0], [587.7852522924732, 809.0169943749474, 0.0], [587.7852522924732, 809.0169943749474, 0.0], [587.7852522924732, 809.0169943749474, 0.0], [587.7852522924732, 809.0169943749474, 0.0], [587.7852522924732, 809.0169943749474, 0.0], [587.7852522924732, 809.0169943749474, 0.0], [587.7852522924732, 809.0169943749474, 0.0], [587.7852522924732, 809.0169943749474, 0.0], [587.7852522924732, 809.0169943749474, 0.0], [587.7852522924732, 809.0169943749474, 0.0], [587.7852522924732, 809.0169943749474, 0.0], [587.7852522924732, 809.0169943749474, 0.0], [587.7852522924732, 809.0169943749474, 0.0]], "C": [[951.056516295153, 309.016994374947, 0.0], [949.069295262161, 309.016994374947, -37.9453758128931], [943.129373753149, 309.016994374947, -75.4756026371802], [933.301738669789, 309.016994374947, -112.180073504964], [919.693911223239, 309.016994374947, -147.657215796876], [902.454770576785, 309.016994374947, -181.518884727799], [881.772925003516, 309.016994374947, -213.394609922673], [857.874648379716, 309.016994374947, -242.935648621879], [831.021404590174, 309.016994374947, -269.818801171294], [801.506986930153, 309.016994374947, -293.749947052874], [769.654303800961, 309.016994374947, -314.467262769128], [735.81184586588, 309.016994374947, -331.744086375565], [700.349873318219, 309.016994374947, -345.391397321119], [663.6563649754704, 309.016994374947, -355.259884465371], [626.1327735192987, 309.016994374947, -361.241579647004]], "D": [[951.056516295154, -309.016994374943, 0.0], [943.6442773478527, -305.958975645959, -99.1102082542136], [921.633573259078, -296.818376325759, -195.7562969283122], [885.6936448937548, -281.695200973048, -287.561323712232], [836.9109413225054, -260.754907718564, -372.319118951941], [776.746978116134, -234.226598037244, -448.070871154211], [706.9818553309, -202.400510217618, -513.171575697423], [629.645820334384, -165.624843951655, -566.343655030344], [546.941761060095, -124.301950786242, -606.715609031382], [461.161890888878, -78.88393211546, -633.844195870225], [374.602120964708, -29.867692874674, -647.719348785312], [289.477699329503, 22.210494947499, -648.751772042516], [207.843625348122, 76.780859500345, -637.743897941555], [131.5231257567204, 133.246362774186, -615.845594041566], [62.0471151501077, 190.98923261436, -584.496655123647]], "E": [[587.785252292473, -809.016994374943, 0.0], [573.6155506160078, -797.249781335828, -159.7575238412477], [532.0329541033831, -762.299889130671, -311.9644293479232], [465.7471216520338, -705.208977492623, -449.570613462619], [379.0471811367334, -627.668449314135, -566.487193960283], [277.481450221506, -531.954387561924, -657.971102814284], [167.447509580796, -420.840342537709, -720.9039531981], [55.726868141247, -297.491643089807, -753.944814005167], [-50.997342506591, -165.3456763397865, -757.54747658151], [-146.600458693983, -27.9831593114663, -733.844440907837], [-225.917707912887, 111.004212358292, -686.4111139423203], [-285.056436167201, 248.144224132923, -619.9335761322559], [-321.597137590865, 380.207304711158, -539.8108486914459], [-334.6715888707476, 504.317325860059, -451.727223168473], [-324.9174904045213, 618.045534145454, -361.231519868194]], "F": [[0.0, -1000.000000000003, 0.0], [-17.41537858243624, -974.194280311097, -196.3511880923352], [-67.3531109448499, -898.272964915715, -376.8772858376806], [-143.1851483386722, -776.6141554472738, -527.4731318772117], [-234.8140542181486, -616.159102175093, -637.2539227749521], [-329.958817444527, -425.91011923745, -699.6477824258858], [-415.699820216198, -216.287337292112, -712.9496433137449], [-480.073729802329, 1.602560039321, -680.2807919322383], [-513.506796592634, 216.7259129601805, -608.979927025982], [-509.903080089235, 418.8490461959367, -509.527262210254], [-467.257637582374, 599.175842441229, -394.1620606001223], [-387.735050100306, 750.84825284473, -275.3878273443669], [-277.2298188938118, 869.27519827974, -164.5640662107249], [-144.4955641421476, 952.271208222092, -70.75949468571], [0.0157085376337, 1000.003286812052, 0.006217159949]], "G": [[-587.785252292477, -809.016994374943, 0.0], [-600.2118715443562, -783.070490013482, -120.2857174524078], [-634.999732978248, -707.079154953881, -224.6003973205656], [-685.0462703628772, -586.4400167949818, -299.0298507840267], [-739.7043017871237, -429.66797947191, -333.4893588233021], [-786.385285966689, -247.715274414577, -322.9682271523578], [-812.465863074392, -53.095342139796, -268.0776491368039], [-807.21848743086, 141.118402049426, -174.8328236560864], [-763.482339953287, 322.3370177245775, -53.710142576929], [-678.827935912938, 479.456496702032, 81.875427399957], [-556.043138223232, 603.7286761157654, 217.4443633618827], [-402.8691971709782, 689.4260427467677, 339.4001694067331], [-231.0281074942772, 734.239968091214, 436.7652110756821], [-54.6897873748714, 739.374239199211, 502.455835090285], [111.3876358184117, 709.322694659877, 533.922969481818]], "H": [[-951.056516295157, -309.016994374943, 0.0], [-948.6010713011832, -298.050122538529, 38.9192443966442], [-940.2361873209309, -266.412596734211, 82.9865052894784], [-923.2544777325922, -217.7184157729608, 136.0187006807333], [-894.0385338269836, -157.429252926192, 199.4581356257739], [-849.1859247750078, -92.088753334935, 271.8447492965582], [-786.6958751586571, -28.3960660685742, 348.9246723616591], [-706.929245979474, 27.754620053815, 424.3806042899656], [-613.093324605067, 72.1318658828205, 491.034327155934], [-511.101084060248, 102.793649723562, 542.265277552808], [-408.7923453243599, 120.38184498317344, 573.3362796438457], [-314.6524565144703, 128.0282393110957, 582.3329259787031], [-236.28852901510402, 130.873086407519, 570.5065483758161], [-178.9926215569154, 135.258881350204, 541.9457208254119], [-144.7153136952583, 147.718076303187, 502.6572831637564]], "I": [[-951.056516295157, 309.016994374947, 0.0], [-927.3793834635583, 292.639124238933, 219.4791096959502], [-859.0255971770957, 244.656016147277, 420.8914094059744], [-753.8057807749421, 168.5632576027602, 587.7261493280943], [-623.9693351645466, 70.293518952049, 706.5784155910109], [-484.9792550264438, -41.7533358844389, 768.6202103560272], [-353.7281269798201, -156.8904929920332, 770.8181690366671], [-246.274466968741, -262.676721357505, 716.6353249544866], [-175.341469926986, -345.8863676647515, 615.934612975379], [-147.987469192862, -393.90194066394, 483.8871614676493], [-163.9599688689129, -396.39072923238257, 338.8811128679607], [-215.2202437325705, -347.0095078731213, 199.6863722747281], [-286.9428625640504, -244.804509548206, 82.3810587322791], [-359.9754314316634, -94.96715921713, -2.3034904965931], [-414.3643788939283, 91.3149202839097, -50.5823366020816]], "J": [[-587.785252292477, 809.016994374947, 0.0], [-544.7825641245322, 759.761357279677, 351.3218360057042], [-424.3689616766307, 618.447182542195, 651.8021808971733], [-250.6831069593872, 403.7507171840332, 858.8726875661984], [-58.7221665125816, 144.5372250176225, 945.219404716293], [112.6418320057902, -123.4646523331584, 903.2987474312812], [228.7354195616089, -362.0988711255532, 746.4922621822617], [266.68282236909, -535.949571973043, 506.4859026813476], [220.84818839644, -617.6204131589105, 227.141127424179], [104.686953312621, -592.297286541327, -44.0909954629327], [-51.7532288608619, -460.6860813808022, -265.4712400181433], [-208.42164892640028, -239.5478046542593, -408.8953993057819], [-324.5582080575714, 40.574473604787, -464.5283789336579], [-368.4248048434543, 340.275723107544, -441.0041318510011], [-324.9103585039899, 618.0611735916157, -361.2306491879896]],