{"A": [[0.0, 1000.0, 0.0], [0.0, 1000.0, 0.0], [0.0, 1000.0, 0.0], [0.0, 1000.0, 0.0], [0.0, 1000.0, 0.0], [0.0, 1000.0, 0.0], [0.0, 1000.0, 0.0], [0.0, 1000.0, 0.0], [0.0, 1000.0, 0.0], [0.0, 1000.0, 0.0], [0.0, 1000.0, 0.0], [0.0, 1000.0, 0.0], [0.0, 1000.0, 0.0], [0.0, 1000.0, 0.0], [0.0, 1000.0, 0.0], [0.0, 1000.0, 0.0], [0.0, 1000.0, 0.0], [0.0, 1000.0, 0.0], [0.0, 1000.0, 0.0], [0.0, 1000.0, 0.0]], "B": [[587.7852522924732, 809.0169943749474, 0.0], [587.7852522924732, 809.0169943749474, 0.0], [587.7852522924732, 809.0169943749474, 0.0], [587.7852522924732, 809.0169943749474, 0.0], [587.7852522924732, 809.0169943749474, 0.0], [587.7852522924732, 809.0169943749474, 0.0], [587.7852522924732, 809.0169943749474, 0.0], [587.7852522924732, 809.0169943749474, 0.0], [587.7852522924732, 809.0169943749474, 0.0], [587.7852522924732, 809.0169943749474, 0.0], [587.7852522924732, 809.0169943749474, 0.0], [587.7852522924732, 809.0169943749474, 0.0], [587.7852522924732, 809.0169943749474, 0.0], [587.7852522924732, 809.0169943749474, 0.0], [587.7852522924732, 809.0169943749474, 0.0], [587.7852522924732, 809.0169943749474, 0.0], [587.7852522924732, 809.0169943749474, 0.0], [587.7852522924732, 809.0169943749474, 0.0], [587.7852522924732, 809.0169943749474, 0.0], [587.7852522924732, 809.0169943749474, 0.0]], "C": [[951.056516295153, 309.016994374947, 0.0], [950.439927635179, 309.016994374947, 21.1565049613936], [948.592254755445, 309.016994374947, 42.2411910792038], [945.519769851183, 309.016994374947, 63.1824833093926], [941.232902920787, 309.016994374947, 83.9092933793999], [935.746206359659, 309.016994374947, 104.351261107659], [929.078305559981, 309.016994374947, 124.438993251501], [921.251835684103, 309.016994374947, 144.104299072643], [912.293364826182, 309.016994374947, 163.280421820604], [902.233303822907, 309.016994374947, 181.902265348232], [891.105803019475, 309.016994374947, 199.906615090078], [878.948636341267, 309.016994374947, 217.232352653465], [865.803073064737, 309.016994374947, 233.820663293787], [851.713737722835, 309.016994374947, 249.615235569747], [836.728458620519, 309.016994374947, 264.56245250076], [820.89810547459, 309.016994374947, 278.61157357762], [804.276416729019, 309.016994374947, 291.714907008561], [786.919817131951, 309.016994374947, 303.827971616006], [768.887226193668, 309.016994374947, 314.909647834416], [750.239858175712, 309.016994374947, 324.922317296652]], "D": [[951.056516295154, -309.016994374943, 0.0], [952.7413281543284, -308.068161990937, -12.9993817734255], [957.7634974952147, -305.224885788916, -25.4995810559715], [966.0266953037005, -300.496817684883, -37.0092836521594], [977.3719323947751, -293.900007796012, -47.0528014876291], [991.5798755757546, -285.456849956182, -55.177611006875], [1008.3740454023861, -275.196005696839, -60.96156618689], [1027.424851389895, -263.152306951246, -64.019684662853], [1048.35440896828, -249.366637812402, -64.010411303665], [1070.742071657475, -233.885795746023, -60.641270726926], [1094.13060203088, -216.76233272971, -53.673828607481], [1118.032896170201, -198.054376857601, -42.927891097368], [1141.939168611609, -177.825435016065, -28.284882108986], [1165.324498348052, -156.144177300309, -9.690349475919], [1187.656631372949, -133.084203903722, 12.844437056285], [1208.403931596302, -108.723795271275, 39.24182060624], [1227.043369785229, -83.145646365127, 69.358036502072], [1243.068439507578, -56.436585944508, 102.984435034396], [1255.996889899009, -28.687281812823, 139.849633498009], [1265.378167419953, 0.008066967432, 179.622570629494]], "E": [[587.785252292473, -809.016994374943, 0.0], [590.5857447095203, -807.705550179087, -47.231310646645], [598.9542752454706, -803.77339290562, -93.8467780017824], [612.7922750467475, -797.227071998842, -139.2370198348064], [631.9363687465491, -788.077581040474, -182.8055499657131], [656.1597394813866, -776.340472772913, -223.975159575758], [685.1740511052101, -762.036016681367, -262.194214236341], [718.631937245793, -745.189395745624, -296.942831754644], [756.130067464961, -725.830938090658, -327.738900556172], [797.212799917439, -703.996378447238, -354.143892152688], [841.376427351838, -679.727143590721, -375.768414617323], [888.074018930609, -653.070655270908, -392.277447283885], [936.720854110531, -624.08064358675, -403.395190507698], [986.700436749024, -592.817463306508, -408.909458683532], [1037.37106779481, -559.348405293499, -408.675540220762], [1088.072943575933, -523.747994975454, -402.619445213761], [1138.1357340819916, -486.098269695807, -390.740460468618], [1186.886582088901, -446.489026810312, -373.112932655997], [1233.6584498912814, -405.018034542539, -349.88720389327], [1277.7987262358265, -361.791197886168, -321.289630180391]], "F": [[0.0, -1000.000000000003, 0.0], [2.99155085236532, -998.102525683511, -68.3988876037989], [11.93880249358067, -992.418842148318, -136.1757335759739], [26.7592909693165, -982.975235591275, -202.7112078599308], [47.3147459258641, -969.8157373723, -267.3916712488465], [73.4099832481766, -953.002436587204, -329.612669019706], [104.7916220219791, -932.615880466818, -388.783144765413], [141.146871941461, -908.755527118412, -444.330522110039], [182.102678764289, -881.540207377632, -495.706730004892], [227.225537581334, -851.108546474889, -542.395165834707], [276.022284640181, -817.619292095088, -583.918504575813], [327.942157592959, -781.251493414096, -619.847177031569], [382.380371963743, -742.204475950962, -649.808261043656], [438.683400235932, -700.697559622381, -673.494461585053], [496.156062290203, -656.969472193844, -690.672803264192], [554.07044602121, -611.2774172759423, -701.192625669026], [611.6765796478566, -563.8957649291256, -704.992460777326], [668.214677845129, -515.1143435602443, -702.105383784007], [722.9286879306864, -465.2363238012706, -692.662464284875], [775.0807754149686, -414.5756980864866, -676.894002638303]], "G": [[-587.785252292477, -809.016994374943, 0.0], [-582.9624343905217, -806.170905912536, -110.6622495166535], [-568.5434375658904, -797.647233624865, -220.2614085677896], [-544.6769860167545, -783.4899171177, -327.7400057742698], [-511.6120665870029, -763.772713023527, -432.0522361134425], [-469.6993738894504, -738.599944839254, -532.170830968154], [-419.3928984758609, -708.107481600705, -627.095080175973], [-361.251255694045, -672.463876834141, -715.860241670138], [-295.938282756235, -631.871583216818, -797.548457518316], [-224.222392003609, -586.568144975958, -871.301161672976], [-146.97416292906, -536.827259744058, -936.332822051835], [-65.161686005262, -482.959594796041, -991.945715885522], [20.156762350298, -425.313239676735, -1037.545301138228], [107.843034315275, -364.273678455349, -1072.655626665161], [196.692605562432, -300.263170390288, -1096.934127522847], [285.451287605248, -233.7394377127243, -1110.185086442241], [372.8350242749816, -165.1935734809096, -1112.371013491579], [457.552460601834, -95.1471008266163, -1103.621207266667], [538.3297954354983, -24.1481370817856, -1084.236814410333], [613.9372635784446, 47.2333582300414, -1054.691799544451]],