{"A": [[0.0, 1000.0, 0.0], [0.0, 1000.0, 0.0], [0.0, 1000.0, 0.0], [0.0, 1000.0, 0.0], [0.0, 1000.0, 0.0], [0.0, 1000.0, 0.0], [0.0, 1000.0, 0.0], [0.0, 1000.0, 0.0], [0.0, 1000.0, 0.0], [0.0, 1000.0, 0.0], [0.0, 1000.0, 0.0], [0.0, 1000.0, 0.0], [0.0, 1000.0, 0.0], [0.0, 1000.0, 0.0], [0.0, 1000.0, 0.0]], "B": [[587.7852522924732, 809.0169943749474, 0.0], [587.7852522924732, 809.0169943749474, 0.0], [587.7852522924732, 809.0169943749474, 0.0], [587.7852522924732, 809.0169943749474, 0.0], [587.7852522924732, 809.0169943749474, 0.0], [587.7852522924732, 809.0169943749474, 0.0], [587.7852522924732, 809.0169943749474, 0.0], [587.7852522924732, 809.0169943749474, 0.0], [587.7852522924732, 809.0169943749474, 0.0], [587.7852522924732, 809.0169943749474, 0.0], [587.7852522924732, 809.0169943749474, 0.0], [587.7852522924732, 809.0169943749474, 0.0], [587.7852522924732, 809.0169943749474, 0.0], [587.7852522924732, 809.0169943749474, 0.0], [587.7852522924732, 809.0169943749474, 0.0]], "C": [[951.056516295153, 309.016994374947, 0.0], [950.404183323647, 309.016994374947, 21.7605631341047], [948.449527222052, 309.016994374947, 43.4429745715709], [945.199568015066, 309.016994374947, 64.9693632926733], [940.665977727191, 309.016994374947, 86.2624186234789], [934.865038463381, 309.016994374947, 107.245667892281], [927.817583932894, 309.016994374947, 127.843751076397], [919.548924626322, 309.016994374947, 147.982691452964], [910.088756914563, 309.016994374947, 167.590161281691], [899.471056396161, 309.016994374947, 186.595741565403], [887.73395587608, 309.016994374947, 204.931174955443], [874.91960841413, 309.016994374947, 222.530610893662], [861.074035934894, 309.016994374947, 239.330842110562], [846.246963942879, 309.016994374947, 255.271531630237], [830.491642936485, 309.016994374947, 270.295429466835]], "D": [[951.056516295154, -309.016994374943, 0.0], [952.8388625704592, -308.013157151363, -13.3660036563349], [958.1497896096828, -305.005250699003, -26.1889054407931], [966.881518177786, -300.004077725088, -37.9346600755337], [978.8562618487192, -293.027599628442, -48.0872009521301], [993.8289671586286, -284.100871992252, -56.157095116617], [1011.4910936492886, -273.255954598516, -61.689802458556], [1031.475378603399, -260.531796287343, -64.273416127806], [1053.361516876446, -245.974095074644, -63.545768713106], [1076.682672835983, -229.635134030572, -59.20079789984], [1100.932729221863, -211.57359350816, -50.994076048582], [1125.574166915926, -191.854340396517, -38.74742024677], [1150.046460313289, -170.548195155462, -22.352512709026], [1173.774865353989, -147.731677468294, -1.773475745453], [1196.179471413609, -123.486731426149, 22.951639324542]], "E": [[587.785252292473, -809.016994374943, 0.0], [590.7479723249593, -807.629512681975, -48.5753168793477], [599.5992567942598, -803.469502772933, -96.4805555299723], [614.228800123297, -796.544297981035, -143.0530760028217], [634.4538328953382, -786.866212648953, -187.6450831053671], [660.0207390752266, -774.452678132729, -229.630967295392], [690.6073340336926, -759.326428888293, -268.414542363535], [725.825815245033, -741.515734402766, -303.436136767801], [765.226398097874, -721.054671636933, -334.179488618457], [808.301647879999, -697.983431632723, -360.17838647887], [854.491515417561, -672.348653027416, -381.022989802807], [903.189077910845, -644.203774418059, -396.365754478531], [953.74697816313, -613.609396849112, -405.926881132496], [1005.484544708356, -580.633647164107, -409.499197107965], [1057.695562481465, -545.352532577417, -406.952377911839]], "F": [[0.0, -1000.000000000003, 0.0], [3.16488627211924, -997.992538749172, -70.3479267658227], [12.62887129194578, -991.979938109523, -140.0189703217799], [28.299625031722, -981.99162779955, -208.3393754062778], [50.0222856955992, -968.076918420555, -274.6419681161812], [77.5781649432066, -950.305369320977, -338.270233172994], [110.6832686038596, -928.767257113019, -398.583261017294], [148.986938357191, -903.574100621049, -454.961736253639], [192.070969155846, -874.859188564538, -506.815047229812], [239.449581210131, -842.778049015087, -553.589493379737], [290.570621881294, -807.508794946422, -594.777459042159], [344.818341273782, -769.252278254021, -629.927316825332], [401.518026853244, -728.231985596886, -658.65372722142], [459.942699910292, -684.69361334167, -680.647920622496], [519.321974533893, -638.904265696884, -695.687488836914]], "G": [[-587.785252292477, -809.016994374943, 0.0], [-584.2939523829828, -806.00784261342, -70.3237240504028], [-573.8490805609962, -797.01946655059, -139.82462526163474], [-556.539115576501, -782.168647659666, -207.67957096368366], [-532.5159793969189, -761.648487450092, -273.06594775349674], [-502.0010674980464, -735.726060186271, -335.1646472086743], [-465.2924453977524, -704.739041576976, -393.16599471526945], [-422.772112700213, -669.091243232378, -446.27908833461066], [-374.912116949876, -629.246982669155, -493.7446365500917], [-322.278301650363, -585.724231534276, -534.8509826139494], [-265.530597650283, -539.086511195909, -568.9526168980914], [-205.419005106653, -489.933544510473, -595.490143912422], [-142.774744223472, -438.890723920951, -614.0104198224644], [-78.496447964465, -386.597516544816, -624.18543431089], [-13.531693805156, -333.6949931494189, -625.8284927178132]], "H": [[-951.056516295157, -309.016994374943, 0.0], [-946.0598081665028, -305.392495647455, -48.5120019389302], [-931.1143563803232, -294.620624646628, -95.97331288209693], [-906.356695081314, -277.002919970998, -141.33757907107307], [-872.0222763132448, -253.03089546336, -183.56940745232023], [-828.4556564576123, -223.369722190004, -221.65519600573032], [-776.1216810796564, -188.835910029616, -254.61940921013743], [-715.615112100844, -150.369539557319, -281.5466292119857], [-647.666077168559, -109.001779677379, -301.6087023806167], [-573.139033179737, -65.818621010576, -314.0953240848394], [-493.02359038672, -21.921951224876, -318.4455962062614], [-408.416461152708, 21.610715914546, -314.277566464072], [-320.494863476899, 63.76638642841, -301.4125953292684], [-230.48278810144, 103.635019282683, -279.891628851061], [-139.612489859899, 140.4446034531811, -249.9810674907172]], "I": [[-951.056516295157, 309.016994374947, 0.0], [-943.2241120738224, 311.630382257586, -13.2878877619524], [-919.8372503813525, 319.286315150018, -25.566584511103432], [-881.2289346006279, 331.443384044922, -35.84965543667507], [-827.9597386253433, 347.236249770257, -43.19897475480424], [-760.8230797545011, 365.529071462562, -46.75506263486231], [-680.8470817867616, 384.986211364385, -45.77273104988243], [-589.288885772123, 404.156301192458, -39.66073104429569], [-487.617768367141, 421.56490346468, -28.0222538135277], [-377.484757264149, 435.810361144026, -10.6916658528024], [-260.67838353393, 445.657053771917, 12.2379234750726], [-139.068456882126, 450.120215930954, 40.401545186506], [-14.541902816599, 448.536761006124, 73.1679113186526], [111.063625674925, 440.617208048003, 109.665893142204], [236.021771623606, 426.4748255566521, 148.8317017297278]], "J": [[-587.785252292477, 809.016994374947, 0.0], [-576.8756967851824, 808.140242512975, 21.823485534576], [-544.4157154783085, 805.284093199785, 43.937675155740266], [-491.2067333985049, 799.796704935242, 66.58989078724493], [-418.5678247166553, 790.675484424406, 89.93973954584476], [-328.3069660589391, 776.684848702635, 114.01418033751169], [-222.6745436543886, 756.505824313553, 138.66455841604457], [-104.295662715513, 728.903665023777, 163.5306430931833], [23.919976504272, 692.897703140209, 188.0186188059953], [158.888441927914, 647.917009876323, 211.3006132970596], [297.476036751778, 593.926239469979, 232.3422236104216], [436.628170827432, 531.5082704809278, 249.961533425004], [573.490627583306, 461.8938111015432, 262.9186521718346], [705.510828869222, 386.9327490323077, 270.02958206457], [830.508523486409, 309.0073254908351, 270.2932163671758]],