{"A": [[0.0, 1000.0, 0.0], [0.0, 1000.0, 0.0], [0.0, 1000.0, 0.0], [0.0, 1000.0, 0.0], [0.0, 1000.0, 0.0], [0.0, 1000.0, 0.0], [0.0, 1000.0, 0.0], [0.0, 1000.0, 0.0], [0.0, 1000.0, 0.0], [0.0, 1000.0, 0.0], [0.0, 1000.0, 0.0], [0.0, 1000.0, 0.0], [0.0, 1000.0, 0.0], [0.0, 1000.0, 0.0], [0.0, 1000.0, 0.0], [0.0, 1000.0, 0.0], [0.0, 1000.0, 0.0], [0.0, 1000.0, 0.0], [0.0, 1000.0, 0.0], [0.0, 1000.0, 0.0]], "B": [[587.7852522924732, 809.0169943749474, 0.0], [587.7852522924732, 809.0169943749474, 0.0], [587.7852522924732, 809.0169943749474, 0.0], [587.7852522924732, 809.0169943749474, 0.0], [587.7852522924732, 809.0169943749474, 0.0], [587.7852522924732, 809.0169943749474, 0.0], [587.7852522924732, 809.0169943749474, 0.0], [587.7852522924732, 809.0169943749474, 0.0], [587.7852522924732, 809.0169943749474, 0.0], [587.7852522924732, 809.0169943749474, 0.0], [587.7852522924732, 809.0169943749474, 0.0], [587.7852522924732, 809.0169943749474, 0.0], [587.7852522924732, 809.0169943749474, 0.0], [587.7852522924732, 809.0169943749474, 0.0], [587.7852522924732, 809.0169943749474, 0.0], [587.7852522924732, 809.0169943749474, 0.0], [587.7852522924732, 809.0169943749474, 0.0], [587.7852522924732, 809.0169943749474, 0.0], [587.7852522924732, 809.0169943749474, 0.0], [587.7852522924732, 809.0169943749474, 0.0]], "C": [[951.056516295153, 309.016994374947, 0.0], [949.977131706408, 309.016994374947, 27.9830973394068], [946.745392271311, 309.016994374947, 55.7999028357391], [941.380502865595, 309.016994374947, 83.2851128487911], [933.914344783041, 309.016994374947, 110.275394271619], [924.391286278282, 309.016994374947, 136.610355150878], [912.867918904831, 309.016994374947, 162.133497829114], [899.412721215139, 309.016994374947, 186.693148944886], [884.105651821208, 309.016994374947, 210.143360764111], [867.037674234, 309.016994374947, 232.344778486404], [848.31021630534, 309.016994374947, 253.165468372365], [828.034567484615, 309.016994374947, 272.481701770618], [806.331217472126, 309.016994374947, 290.178690385422], [783.329140199196, 309.016994374947, 306.151268415513], [759.165027390044, 309.016994374947, 320.304517510463], [733.982476260037, 309.016994374947, 332.554330830742], [707.931136177502, 309.016994374947, 342.827912859484], [681.1658193601291, 309.016994374947, 351.064211995794], [653.8455808907072, 309.016994374947, 357.21428335888], [626.1327735192987, 309.016994374947, 361.241579647004]], "D": [[951.056516295154, -309.016994374943, 0.0], [954.0029930181431, -307.355992285412, -17.1183993784078], [962.7436812112081, -302.382856657493, -33.0836623414328], [976.9848697785106, -294.127140756124, -46.7744602852979], [996.2453622929856, -282.637904847811, -57.13229889683], [1019.8687490682058, -267.983424655986, -63.19100066891], [1047.040171179248, -250.25078562694, -64.103917779955], [1076.807171501553, -229.545365417438, -59.168204001317], [1108.104128892696, -205.990207679388, -47.845544718118], [1139.779684710806, -179.725290862875, -29.778828980914], [1170.626498019478, -150.906696382786, -4.804344729589], [1199.412608812248, -119.705681092239, 27.040814365915], [1224.91364876369, -86.307659574745, 65.516327174094], [1245.945117334123, -50.911102302881, 110.181285582754], [1261.393938044547, -13.726356211295, 160.401852725737], [1270.248525478052, 25.025605307154, 215.363773866684], [1271.626627687787, 65.114495553839, 274.0894580478065], [1264.8002603971563, 106.302083021893, 335.4592384098151], [1249.2171174443702, 148.343607106414, 398.2363181144261], [1224.5179247410397, 190.98923261436, 461.0948194603387]], "E": [[587.785252292473, -809.016994374943, 0.0], [598.3117201124841, -802.620840811621, -117.9274239901528], [629.4570467948201, -783.536374720256, -231.5208630506968], [679.9384073953576, -752.073395747062, -336.6272470159619], [747.6815037044496, -708.741006289113, -429.446905641972], [829.9129327841358, -654.236940326634, -506.689614806572], [923.283179923324, -589.432968271449, -565.707013206898], [1024.0143006933417, -515.356712567078, -604.595374100535], [1128.0651920590933, -433.170290748843, -622.264187402988], [1231.306547573025, -344.146274843418, -618.46769812282], [1329.697186248478, -249.6415166613849, -593.798370727315], [1419.453457707394, -151.0694362924088, -549.643111998738], [1497.203854843368, -49.8714048336348, -488.104891949263], [1560.121785240058, 52.512128715987, -411.89406135411], [1606.030619455992, 154.670112812506, -324.195091441401], [1633.476585753795, 255.248329066233, -228.515584679506], [1641.766740161717, 352.975173082832, -128.5251700029355], [1630.9710207554263, 446.685206341683, -27.8922647765809], [1601.8892027980921, 535.339959504716, 69.8733562981211], [1555.9853130566278, 618.045534145455, 161.5646923346517]], "F": [[0.0, -1000.000000000003, 0.0], [13.05778171904411, -999.190556780465, -146.2855905211903], [52.2408644562541, -996.467051342492, -290.2406812537168], [117.5292101841196, -990.965153306151, -429.323710339272], [208.7319831674066, -981.313724676099, -560.609166807779], [325.2742131541358, -965.734654081145, -680.686592441274], [465.941199190326, -942.174299568475, -785.6567281513], [628.6180021333759, -908.458771344412, -871.238487119053], [810.0645180588695, -862.463827358304, -932.986960966261], [1005.7652004306461, -802.28920954205, -966.608708871379], [1209.886554851058, -726.4268709787929, -968.347632858055], [1415.3655832361762, -633.9127575770358, -935.404213748585], [1614.13934250018, -524.4526031146148, -866.343955525158], [1797.51097696135, -398.513533194525, -761.448399336353], [1956.632464533711, -257.375081507101, -622.964426073196], [2083.070431029983, -103.135404706091, -455.214691222271], [2169.410194739875, 61.329076719443, -264.5433693989395], [2209.8459328074323, 232.449816400494, -59.0859363084751], [2200.702382659332, 406.094708123597, 151.6318535323963], [2140.8362278048207, 577.7333248529307, 357.2438801658237]], "G": [[-587.785252292477, -809.016994374943, 0.0], [-576.2674937164569, -821.329184432823, -91.2668372675665], [-540.7692397148729, -857.017382436033, -186.0350314887428], [-478.6731428653534, -912.4397550764046, -286.696478362888], [-386.3088053877554, -981.8621057089204, -393.599674610449], [-259.8783147927252, -1057.9313003739007, -504.441567830989], [-96.544170243993, -1132.28103878133, -614.088525595279], [104.4917987063078, -1196.218994428881, -714.867811666103], [341.0927311332474, -1241.4378104215, -797.302789158676], [607.6260219924961, -1260.690904651116, -851.200339314198], [894.844782073183, -1248.377610425074, -866.946852552577], [1190.2581762742002, -1200.9905009319127, -836.8369799814836], [1478.969480599084, -1117.39004114032, -756.251656651627], [1744.8949916273348, -998.886853353412, -624.519783704591], [1972.222599827717, -849.128503075273, -445.33884516219], [2146.9334997896026, -673.804322497725, -226.687874491197], [2258.1990620898146, -480.196920283059, 19.7665721354235], [2299.4788665806705, -276.621360444987, 279.7037998679119], [2269.1832629999017, -71.801482073327, 537.4966118003063], [2170.8192994342917, 125.7632098648407, 777.7079592777156]],