{"A": [[0.0, 1000.0, 0.0], [0.0, 1000.0, 0.0], [0.0, 1000.0, 0.0], [0.0, 1000.0, 0.0], [0.0, 1000.0, 0.0], [0.0, 1000.0, 0.0], [0.0, 1000.0, 0.0], [0.0, 1000.0, 0.0], [0.0, 1000.0, 0.0], [0.0, 1000.0, 0.0], [0.0, 1000.0, 0.0], [0.0, 1000.0, 0.0], [0.0, 1000.0, 0.0], [0.0, 1000.0, 0.0], [0.0, 1000.0, 0.0], [0.0, 1000.0, 0.0], [0.0, 1000.0, 0.0], [0.0, 1000.0, 0.0], [0.0, 1000.0, 0.0], [0.0, 1000.0, 0.0]], "B": [[587.7852522924732, 809.0169943749474, 0.0], [587.7852522924732, 809.0169943749474, 0.0], [587.7852522924732, 809.0169943749474, 0.0], [587.7852522924732, 809.0169943749474, 0.0], [587.7852522924732, 809.0169943749474, 0.0], [587.7852522924732, 809.0169943749474, 0.0], [587.7852522924732, 809.0169943749474, 0.0], [587.7852522924732, 809.0169943749474, 0.0], [587.7852522924732, 809.0169943749474, 0.0], [587.7852522924732, 809.0169943749474, 0.0], [587.7852522924732, 809.0169943749474, 0.0], [587.7852522924732, 809.0169943749474, 0.0], [587.7852522924732, 809.0169943749474, 0.0], [587.7852522924732, 809.0169943749474, 0.0], [587.7852522924732, 809.0169943749474, 0.0], [587.7852522924732, 809.0169943749474, 0.0], [587.7852522924732, 809.0169943749474, 0.0], [587.7852522924732, 809.0169943749474, 0.0], [587.7852522924732, 809.0169943749474, 0.0], [587.7852522924732, 809.0169943749474, 0.0]], "C": [[951.056516295153, 309.016994374947, 0.0], [949.977131706408, 309.016994374947, -27.9830973394068], [946.745392271311, 309.016994374947, -55.7999028357391], [941.380502865595, 309.016994374947, -83.2851128487911], [933.914344783041, 309.016994374947, -110.275394271619], [924.391286278282, 309.016994374947, -136.610355150878], [912.867918904831, 309.016994374947, -162.133497829114], [899.412721215139, 309.016994374947, -186.693148944886], [884.105651821208, 309.016994374947, -210.143360764111], [867.037674234, 309.016994374947, -232.344778486404], [848.31021630534, 309.016994374947, -253.165468372365], [828.034567484615, 309.016994374947, -272.481701770618], [806.331217472126, 309.016994374947, -290.178690385422], [783.329140199196, 309.016994374947, -306.151268415513], [759.165027390044, 309.016994374947, -320.304517510463], [733.982476260037, 309.016994374947, -332.554330830742], [707.931136177502, 309.016994374947, -342.827912859484], [681.1658193601291, 309.016994374947, -351.064211995794], [653.8455808907072, 309.016994374947, -357.21428335888], [626.1327735192987, 309.016994374947, -361.241579647004]], "D": [[951.056516295154, -309.016994374943, 0.0], [947.0274478178504, -307.355992285412, -73.1677399787589], [935.00706506363, -302.382856657493, -145.3456737128408], [915.1944212182844, -294.127140756125, -215.5630499171141], [887.9165879979561, -282.637904847811, -282.886801329631], [853.6217434663959, -267.983424655986, -346.439331935361], [812.8697186516071, -250.250785626939, -405.415066074588], [766.320220301267, -229.545365417438, -459.095392080745], [714.719000334603, -205.990207679388, -506.861670580711], [658.882289398266, -179.725290862876, -548.206022760685], [599.679851314591, -150.906696382786, -582.739665685279], [538.017046198326, -119.705681092239, -610.198618932483], [474.81631188763, -86.307659574744, -630.446668022105], [410.998485577296, -50.911102302881, -643.475533923944], [347.464389875949, -13.726356211295, -649.402262827797], [285.077099887105, 25.025605307155, -648.463914808375], [224.645290525976, 65.114495553838, -641.009692503726], [166.9080365492022, 106.302083021893, -627.490709972403], [112.5214023346792, 148.343607106414, -608.447656110982], [62.0471151501077, 190.98923261436, -584.496655123647]], "E": [[587.785252292473, -809.016994374943, 0.0], [580.0726784783635, -802.620840811621, -118.1448266276644], [557.20966005023, -783.536374720257, -233.245753753035], [520.0090143527894, -752.073395747062, -342.3689369666961], [469.7883195114311, -708.741006289113, -442.795867003446], [408.3160377805609, -654.236940326633, -532.119329150504], [337.7395954367221, -589.432968271449, -608.325943654914], [260.498716951534, -515.356712567078, -669.861831154021], [179.227966283572, -433.170290748843, -715.678752155997], [96.652908452447, -344.146274843418, -745.258996547576], [15.484548308569, -249.6415166613849, -758.61830128483], [-61.683280108625, -151.0694362924092, -756.287101494198], [-132.469110106807, -49.8714048336343, -739.271420829475], [-194.787585047244, 52.512128715989, -708.9956313979513], [-246.918321941597, 154.670112812506, -667.2301163957886], [-287.557242914661, 255.248329066232, -616.0075108325232], [-315.848610914772, 352.975173082838, -557.5316469587228], [-331.3969662833498, 446.68520634169, -494.083570878494], [-334.2591422977608, 535.339959504717, -427.929016025087], [-324.9174904045213, 618.045534145454, -361.231519868194]], "F": [[0.0, -1000.000000000003, 0.0], [-9.50390148097154, -985.957940603184, -145.5852248313811], [-37.328334886969, -944.275192315831, -284.7590175220826], [-81.4598184451856, -876.264360807857, -411.4909929258348], [-138.6999877153679, -784.0549841886988, -520.4862521956875], [-204.8892211504661, -670.5091167960113, -607.4886726688196], [-275.1957007440469, -539.1085862689715, -669.5124660432323], [-344.448249129157, -393.819040168163, -704.9869456410584], [-407.488234910101, -238.936916748159, -713.806071916084], [-459.514765701927, -78.926191925862, -697.2815321186788], [-496.398356144666, 81.7478627253661, -658.005267296753], [-514.94115715292, 238.7806446189168, -599.633909503616], [-513.066393449161, 388.1789595979267, -526.613015437373], [-489.925474280343, 526.394237802489, -443.8628641343163], [-445.917813901541, 650.432872259649, -356.4496475835596], [-382.6251672469428, 757.939515858051, -269.2660051902162], [-302.668691219517, 847.250543818776, -186.7430834204428], [-209.5024667423188, 917.416370945765, -112.612847359322], [-107.1614332226838, 968.192829467982, -49.734575627659], [0.0157085376337, 1000.003286812052, 0.006217159949]], "G": [[-587.785252292477, -809.016994374943, 0.0], [-594.5845584893135, -794.891120114624, -89.5485747424715], [-614.23933382791, -753.061650423697, -172.6113829141906], [-644.5809290276586, -685.149223397778, -243.1590876933528], [-682.1927061320629, -593.7765118409538, -296.0407593936915], [-722.6901936347061, -482.4541481701963, -327.3396178433146], [-761.0815981183969, -355.4279141359565, -334.6358967410873], [-792.179943631428, -217.493794900522, -317.1574098014913], [-811.033913610485, -73.788963960743, -275.807156229665], [-813.342875790123, 70.432074705428, -213.0669227248468], [-795.822733328137, 210.0261662695161, -132.785569990723], [-756.493106897972, 340.1846055456328, -39.869759586128], [-694.862637919726, 456.6403293950762, 60.097456253732], [-611.997434737435, 555.8494171575521, 161.2791358371207], [-510.467211347929, 635.1381350835425, 258.0139050817934], [-394.1737163826853, 692.8082345114033, 345.2179721868288], [-268.0757769713968, 728.195095705825, 418.7279248108022], [-137.8338506357977, 741.675529061266, 475.557856781246], [-9.4036293827807, 734.624507756605, 514.051963881252], [111.3876358184117, 709.322694659877, 533.922969481818]],