{"A": [[0.0, 1000.0, 0.0], [0.0, 1000.0, 0.0], [0.0, 1000.0, 0.0], [0.0, 1000.0, 0.0], [0.0, 1000.0, 0.0], [0.0, 1000.0, 0.0], [0.0, 1000.0, 0.0], [0.0, 1000.0, 0.0], [0.0, 1000.0, 0.0], [0.0, 1000.0, 0.0], [0.0, 1000.0, 0.0], [0.0, 1000.0, 0.0], [0.0, 1000.0, 0.0], [0.0, 1000.0, 0.0], [0.0, 1000.0, 0.0]], "B": [[587.7852522924732, 809.0169943749474, 0.0], [587.7852522924732, 809.0169943749474, 0.0], [587.7852522924732, 809.0169943749474, 0.0], [587.7852522924732, 809.0169943749474, 0.0], [587.7852522924732, 809.0169943749474, 0.0], [587.7852522924732, 809.0169943749474, 0.0], [587.7852522924732, 809.0169943749474, 0.0], [587.7852522924732, 809.0169943749474, 0.0], [587.7852522924732, 809.0169943749474, 0.0], [587.7852522924732, 809.0169943749474, 0.0], [587.7852522924732, 809.0169943749474, 0.0], [587.7852522924732, 809.0169943749474, 0.0], [587.7852522924732, 809.0169943749474, 0.0], [587.7852522924732, 809.0169943749474, 0.0], [587.7852522924732, 809.0169943749474, 0.0]], "C": [[951.056516295153, 309.016994374947, 0.0], [949.921131167582, 309.016994374947, 28.6987191605648], [946.522072957235, 309.016994374947, 57.2180456625624], [940.880588817532, 309.016994374947, 85.3797082119638], [933.03194306924, 309.016994374947, 113.007671234284], [923.025196766934, 309.016994374947, 139.929235254343], [910.922901023529, 309.016994374947, 165.976116422423], [896.800706009893, 309.016994374947, 190.985498438812], [880.746888073628, 309.016994374947, 214.801050301285], [862.861797932951, 309.016994374947, 237.273903513655], [843.257233394974, 309.016994374947, 258.263582647009], [822.05574051943, 309.016994374947, 277.638883436755], [799.389847596214, 309.016994374947, 295.278692926606], [775.40123672506, 309.016994374947, 311.072746532859], [750.239858175712, 309.016994374947, 324.922317296652]], "D": [[951.056516295154, -309.016994374943, 0.0], [946.8186077178714, -307.269816317204, 75.033938651141], [934.1788085386364, -302.039203569261, 149.0002772085448], [913.357252096179, -293.357852138262, 220.8530320584338], [884.7153794122678, -281.280028233943, 289.588944379431], [848.7479058801932, -265.881229056293, 354.267584609351], [806.071848104777, -247.257710870542, 414.029982056426], [757.412876224914, -225.52588731942, 468.115344878735], [703.58932145056, -200.821601733793, 515.875482553779], [645.494224784116, -173.299277990365, 556.786599357053], [584.075859581524, -143.130955224354, 590.458191861879], [520.317196589612, -110.505212431054, 616.638854460109], [455.214804488204, -75.625989678477, 635.218872620293], [389.757691171925, -38.711313299548, 646.229562165687], [324.906590734454, 0.008066967431, 649.839392317801]], "E": [[587.785252292473, -809.016994374943, 0.0], [579.6735817720244, -802.289297249552, 121.1452677449261], [555.6424239463964, -782.221256239745, 239.0081273278823], [516.590204961256, -749.155480961946, 350.4309743042048], [463.9711561993248, -703.654577214528, 452.500117282001], [399.7327957351102, -646.488744943902, 542.653786230829], [326.232683800851, -578.618836584415, 618.774193246515], [246.138464734939, -501.175284422604, 679.259601921962], [162.315986469323, -415.433404835076, 723.073363957068], [77.710819024378, -322.785673883514, 749.76803068363], [-4.77125055499, -224.7116406814292, 759.483881904352], [-82.379199358373, -122.7462004023511, 752.922469670825], [-152.621990438905, -18.4469864157562, 731.2969844290061], [-213.359375041518, 86.638340102927, 696.2623522545387], [-262.87442029082, 191.004125089812, 649.8289078513751]], "F": [[0.0, -1000.000000000003, 0.0], [-2.72726350931364, -999.147186721914, 57.7241512443565], [-11.1598958292156, -996.262335274845, 116.9935460985003], [-26.006147448316, -990.390864141184, 179.0813332065318], [-48.3039937959862, -980.022460347067, 244.747920855029], [-79.2249223474888, -963.206827125369, 314.059884390659], [-119.83223567234, -937.705571316173, 386.29018131201], [-170.82263779543, -901.170785645525, 459.912732265286], [-232.282530939363, -851.339157329406, 532.694278311263], [-303.489741338107, -786.229364488487, 601.87587515169], [-382.78735717908, -704.3301703539022, 664.4265288079804], [-467.549383251563, -604.7670158574341, 717.3433443610146], [-554.248686039675, -487.4360251097972, 757.9670090961791], [-638.627147746176, -353.096115147678, 784.2790643856922], [-715.957140592627, -203.412242668784, 795.1485165011691]], "G": [[-587.785252292477, -809.016994374943, 0.0], [-575.8914843499766, -821.962570339436, -90.7830839855265], [-541.8188735050596, -859.418955725186, -168.7352591269407], [-490.185253764824, -917.3652062351528, -222.3797754910732], [-428.0204578868042, -989.4893264399758, -242.7885358278], [-363.8592637846078, -1067.736179328731, -224.477874223088], [-306.643972618804, -1143.00510840155, -165.904971022462], [-264.5803740875293, -1205.935570439422, -69.515189254753], [-244.0955259823844, -1247.711689564205, 58.652845430138], [-249.0304597015196, -1260.815573142367, 209.743080744914], [-280.167966529245, -1239.6645311599432, 373.1321861695554], [-335.149797183212, -1181.078468557333, 537.6172462395356], [-408.785419385551, -1084.5395874657652, 692.5928159750378], [-493.703202208134, -952.225620332384, 829.077471465789], [-581.251539862072, -788.818305061788, 940.4762650402861]], "H": [[-951.056516295157, -309.016994374943, 0.0], [-918.8869896238966, -339.033095424461, -267.1327844965575], [-826.2351613734916, -425.87036639463, -505.0520846571827], [-684.109178944703, -560.2588648413027, -688.0347802201512], [-509.0750874630408, -727.9139901241368, -796.841332685302], [-320.8937442049757, -911.132234623214, -820.795893303533], [-139.772074974334, -1090.7416979202053, -758.685130062465], [16.3333988100787, -1248.1695510390975, -618.395644663064], [133.9453872116416, -1367.378802918046, -415.4050214839], [205.5048906725264, -1436.448985799094, -170.410218423992], [229.843553561176, -1448.6261991466972, 93.5087216009404], [211.681661546855, -1402.7399448162512, 353.7489321232466], [160.306149874514, -1302.9672068151172, 590.6606220782858], [87.708908555231, -1158.006850230915, 789.3275767583475], [6.534607838897, -979.798554792912, 940.4820602211777]], "I": [[-951.056516295157, 309.016994374947, 0.0], [-899.5026058634697, 263.491065210621, -403.3491299449525], [-751.8022097058812, 132.732184646217, -758.8018372221707], [-527.632210146045, -66.6582827609757, -1025.4357803011321], [-256.0113499398458, -309.71995174696383, -1175.045645546338], [29.5535671175053, -566.722839127608, -1195.675689413296], [296.432286456975, -807.3336878776703, -1092.409067115425], [517.7115637857347, -1004.6884587444376, -885.421682027852], [675.6368588657587, -1138.73686679424, -605.823575813184], [763.1222554918304, -1198.370477010721, -290.191307729371], [783.232555093713, -1182.0712726158342, 25.1340524970401], [746.968987230476, -1097.07946541882, 308.9699019069053], [670.010678766375, -957.3288735813112, 538.685175215613], [569.211526532363, -780.590698268255, 701.7017337155296], [459.605671505919, -585.369660868142, 795.1601067694717]], "J": [[-587.785252292477, 809.016994374947, 0.0], [-525.2102447541357, 753.360727260774, -446.9261177729714], [-347.9896312878462, 595.225885612812, -829.5195105981759], [-85.423821215767, 359.4391710720683, -1095.1402410391584], [220.4705676306022, 82.15801215839417, -1211.9598011493563], [523.3900825681493, -195.773401591694, -1173.584468318677], [781.474534002332, -436.0394567055013, -998.3844786052412], [964.3234669412367, -609.1508070795826, -724.00983201249], [1056.8541152920807, -698.595337644794, -398.664581388914], [1059.4736433732294, -702.140888209536, -71.335050452896], [985.024229335815, -630.2501555899972, 216.8097845577771], [853.728933456655, -502.2033573472871, 438.1625533138323], [687.7174572802707, -340.9844389549132, 580.7805330337379], [506.5812311442828, -168.172766601214, 647.0415624538088], [324.883277652951, 0.033119097693, 649.8347027517716]],