{"A": [[0.0, 1000.0, 0.0], [0.0, 1000.0, 0.0], [0.0, 1000.0, 0.0], [0.0, 1000.0, 0.0], [0.0, 1000.0, 0.0], [0.0, 1000.0, 0.0], [0.0, 1000.0, 0.0], [0.0, 1000.0, 0.0], [0.0, 1000.0, 0.0], [0.0, 1000.0, 0.0], [0.0, 1000.0, 0.0], [0.0, 1000.0, 0.0], [0.0, 1000.0, 0.0], [0.0, 1000.0, 0.0], [0.0, 1000.0, 0.0]], "B": [[587.7852522924732, 809.0169943749474, 0.0], [587.7852522924732, 809.0169943749474, 0.0], [587.7852522924732, 809.0169943749474, 0.0], [587.7852522924732, 809.0169943749474, 0.0], [587.7852522924732, 809.0169943749474, 0.0], [587.7852522924732, 809.0169943749474, 0.0], [587.7852522924732, 809.0169943749474, 0.0], [587.7852522924732, 809.0169943749474, 0.0], [587.7852522924732, 809.0169943749474, 0.0], [587.7852522924732, 809.0169943749474, 0.0], [587.7852522924732, 809.0169943749474, 0.0], [587.7852522924732, 809.0169943749474, 0.0], [587.7852522924732, 809.0169943749474, 0.0], [587.7852522924732, 809.0169943749474, 0.0], [587.7852522924732, 809.0169943749474, 0.0]], "C": [[951.056516295153, 309.016994374947, 0.0], [949.921131167582, 309.016994374947, 28.6987191605648], [946.522072957235, 309.016994374947, 57.2180456625624], [940.880588817532, 309.016994374947, 85.3797082119638], [933.03194306924, 309.016994374947, 113.007671234284], [923.025196766934, 309.016994374947, 139.929235254343], [910.922901023529, 309.016994374947, 165.976116422423], [896.800706009893, 309.016994374947, 190.985498438812], [880.746888073628, 309.016994374947, 214.801050301285], [862.861797932951, 309.016994374947, 237.273903513655], [843.257233394974, 309.016994374947, 258.263582647009], [822.05574051943, 309.016994374947, 277.638883436755], [799.389847596214, 309.016994374947, 295.278692926606], [775.40123672506, 309.016994374947, 311.072746532859], [750.239858175712, 309.016994374947, 324.922317296652]], "D": [[951.056516295154, -309.016994374943, 0.0], [946.8186077178714, -307.269816317204, 75.033938651141], [934.1788085386364, -302.039203569261, 149.0002772085448], [913.357252096179, -293.357852138262, 220.8530320584338], [884.7153794122678, -281.280028233943, 289.588944379431], [848.7479058801932, -265.881229056293, 354.267584609351], [806.071848104777, -247.257710870542, 414.029982056426], [757.412876224914, -225.52588731942, 468.115344878735], [703.58932145056, -200.821601733793, 515.875482553779], [645.494224784116, -173.299277990365, 556.786599357053], [584.075859581524, -143.130955224354, 590.458191861879], [520.317196589612, -110.505212431054, 616.638854460109], [455.214804488204, -75.625989678477, 635.218872620293], [389.757691171925, -38.711313299548, 646.229562165687], [324.906590734454, 0.008066967431, 649.839392317801]], "E": [[587.785252292473, -809.016994374943, 0.0], [579.6735817720244, -802.289297249552, 121.1452677449261], [555.6424239463964, -782.221256239745, 239.0081273278823], [516.590204961256, -749.155480961946, 350.4309743042048], [463.9711561993248, -703.654577214528, 452.500117282001], [399.7327957351102, -646.488744943902, 542.653786230829], [326.232683800851, -578.618836584415, 618.774193246515], [246.138464734939, -501.175284422604, 679.259601921962], [162.315986469323, -415.433404835076, 723.073363957068], [77.710819024378, -322.785673883514, 749.76803068363], [-4.77125055499, -224.7116406814292, 759.483881904352], [-82.379199358373, -122.7462004023511, 752.922469670825], [-152.621990438905, -18.4469864157562, 731.2969844290061], [-213.359375041518, 86.638340102927, 696.2623522545387], [-262.87442029082, 191.004125089812, 649.8289078513751]], "F": [[0.0, -1000.000000000003, 0.0], [-9.99409009242564, -985.2310574488, 149.2586165897156], [-39.2163524757026, -941.414720479712, 291.605544631291], [-85.4429629458, -870.001890075279, 420.5610063469404], [-145.1503973258622, -773.3431537113353, 530.4773356667472], [-213.7744022236798, -654.5908256247992, 616.8783481460383], [-286.043294287968, -517.5684438838007, 676.7137087483198], [-356.359347600038, -366.613949572938, 708.511004369418], [-419.198538102307, -206.403983927175, 712.4164339463828], [-469.497922132683, -41.767566366675, 690.1238515957009], [-503.001485587942, 122.5021805861448, 644.700579678431], [-516.539237907874, 281.8296324800889, 580.326213557654], [-508.220260616719, 432.0234383215348, 501.9669211279811], [-477.527803114816, 569.42120058961, 415.0119967353257], [-425.312680654291, 691.006029101751, 324.9013485329581]], "G": [[-587.785252292477, -809.016994374943, 0.0], [-594.9340944675556, -794.160365495275, 91.7852035351117], [-615.5589100460116, -750.196788116178, 176.579591359741], [-647.265238244803, -678.917478706535, 247.9096525734364], [-686.2919861226342, -583.2166668259302, 300.2954269310202], [-727.8357762027318, -466.9591921144872, 329.6479786877683], [-766.466394779808, -334.8035641772777, 333.5568138594358], [-796.598520043568, -191.988529326851, 311.4449583515909], [-812.980088883204, -44.092947855214, 264.5802707304788], [-811.156139174923, 103.219849083699, 195.9433953465249], [-787.868905482472, 244.4611564686798, 109.964595725204], [-741.360232029929, 374.5670117545432, 12.152551428383], [-671.550595249306, 489.1271018790773, -91.3528785140249], [-580.079535474207, 584.5810343901329, -194.2657173485983], [-470.2042042255858, 658.371940290986, -290.63563541605595]], "H": [[-951.056516295157, -309.016994374943, 0.0], [-949.6752423800697, -302.727400502199, -29.1212485091003], [-945.1987853374646, -284.274767514204, -60.528473847084], [-936.684297567055, -254.874433231994, -96.1689938663176], [-922.7366641448622, -216.4440362454083, -137.3548477657048], [-901.7484920708268, -171.45001926817426, -184.5452799934177], [-872.190149336714, -122.7090256038687, -237.2359731305772], [-832.9105401482921, -73.159338231387, -293.9698348188561], [-783.4067986145742, -25.6202082050825, -352.4693136973932], [-724.0238597259162, 17.4415858477094, -409.8751143445771], [-656.052782187672, 54.1185205161418, -463.062630354215], [-581.708971031333, 83.2244857406012, -508.997157050351], [-503.986696106285, 104.3973828409373, -545.0834089425259], [-426.402664241867, 118.1317218556099, -569.4649568659853], [-352.6567431564898, 125.736473984546, -581.2351290130489]], "I": [[-951.056516295157, 309.016994374947, 0.0], [-937.478880635961, 299.639906308646, -166.8560941210943], [-897.6244338539915, 271.882752780242, -325.842448132194], [-834.087788811589, 226.876914942959, -469.4726319049776], [-751.0540847900372, 166.5337392199497, -591.0277769732838], [-654.0800872469308, 93.56820421539975, -684.9368403975596], [-549.772830474536, 11.5046534546603, -747.1377010168422], [-445.3619889184581, -75.35744985949655, -775.3919988236171], [-348.1740465244632, -162.0390542970185, -769.5165066973252], [-265.0334409983262, -243.0547150107836, -731.4889884318301], [-201.635303716007, -312.6709379265432, -665.389740957035], [-161.952122887604, -365.2451550025448, -577.1527218874812], [-147.748090916545, -395.6271312767137, -474.1217805510115], [-158.275993631806, -399.5911554311861, -364.4353929208493], [-190.2196550191948, -374.256310005232, -256.29295014774095]], "J": [[-587.785252292477, 809.016994374947, 0.0], [-563.0462233136269, 780.752831564939, -268.3280091122253], [-491.6715686142775, 698.08100145031, -514.318800188227], [-381.877237843112, 567.236299174025, -717.7207304047396], [-246.3450658765772, 398.1868830965257, -862.2687001571118], [-100.7982068089598, 204.00399681693574, -937.2245882998247], [37.808579358284, -0.0054719571955, -938.4009099253173], [153.3030442070359, -197.37621473378456, -868.545691082756], [232.2936921004968, -371.7223423967735, -737.018285863041], [265.9101146202258, -508.0603943491666, -558.7552571700031], [251.048466989425, -594.1156115229552, -352.608170697169], [190.924103604557, -621.4887355701248, -139.2216685872372], [94.808407715074, -586.5516265343267, 61.3034729273665], [-23.06712315418, -490.9481851934717, 231.6673379127567], [-145.3326487003742, -341.6055608375599, 359.24347971862505]],