{"A": [[0.0, 1000.0, 0.0], [0.0, 1000.0, 0.0], [0.0, 1000.0, 0.0], [0.0, 1000.0, 0.0], [0.0, 1000.0, 0.0], [0.0, 1000.0, 0.0], [0.0, 1000.0, 0.0], [0.0, 1000.0, 0.0], [0.0, 1000.0, 0.0], [0.0, 1000.0, 0.0], [0.0, 1000.0, 0.0], [0.0, 1000.0, 0.0], [0.0, 1000.0, 0.0], [0.0, 1000.0, 0.0], [0.0, 1000.0, 0.0]], "B": [[587.7852522924732, 809.0169943749474, 0.0], [587.7852522924732, 809.0169943749474, 0.0], [587.7852522924732, 809.0169943749474, 0.0], [587.7852522924732, 809.0169943749474, 0.0], [587.7852522924732, 809.0169943749474, 0.0], [587.7852522924732, 809.0169943749474, 0.0], [587.7852522924732, 809.0169943749474, 0.0], [587.7852522924732, 809.0169943749474, 0.0], [587.7852522924732, 809.0169943749474, 0.0], [587.7852522924732, 809.0169943749474, 0.0], [587.7852522924732, 809.0169943749474, 0.0], [587.7852522924732, 809.0169943749474, 0.0], [587.7852522924732, 809.0169943749474, 0.0], [587.7852522924732, 809.0169943749474, 0.0], [587.7852522924732, 809.0169943749474, 0.0]], "C": [[951.056516295153, 309.016994374947, 0.0], [949.069295262161, 309.016994374947, 37.9453758128931], [943.129373753149, 309.016994374947, 75.4756026371802], [933.301738669789, 309.016994374947, 112.180073504964], [919.693911223239, 309.016994374947, 147.657215796876], [902.454770576785, 309.016994374947, 181.518884727799], [881.772925003516, 309.016994374947, 213.394609922673], [857.874648379716, 309.016994374947, 242.935648621879], [831.021404590174, 309.016994374947, 269.818801171294], [801.506986930153, 309.016994374947, 293.749947052874], [769.654303800961, 309.016994374947, 314.467262769128], [735.81184586588, 309.016994374947, 331.744086375565], [700.349873318219, 309.016994374947, 345.391397321119], [663.6563649754704, 309.016994374947, 355.259884465371], [626.1327735192987, 309.016994374947, 361.241579647004]], "D": [[951.056516295154, -309.016994374943, 0.0], [943.6442773478527, -305.958975645959, 99.1102082542136], [921.633573259078, -296.818376325759, 195.7562969283122], [885.6936448937548, -281.695200973048, 287.561323712232], [836.9109413225054, -260.754907718564, 372.319118951941], [776.746978116134, -234.226598037244, 448.070871154211], [706.9818553309, -202.400510217618, 513.171575697423], [629.645820334384, -165.624843951655, 566.343655030344], [546.941761060095, -124.301950786242, 606.715609031382], [461.161890888878, -78.88393211546, 633.844195870225], [374.602120964708, -29.867692874674, 647.719348785312], [289.477699329503, 22.210494947499, 648.751772042516], [207.843625348122, 76.780859500345, 637.743897941555], [131.5231257567204, 133.246362774186, 615.845594041566], [62.0471151501077, 190.98923261436, 584.496655123647]], "E": [[587.785252292473, -809.016994374943, 0.0], [579.0631074387877, -804.788941906002, 84.4389247777609], [553.2310857891331, -792.127499052306, 165.5157377416895], [511.2810884933638, -771.101588462864, 239.9941423368457], [454.8286824255044, -741.828624485369, 304.8859096078733], [386.057384773235, -704.478143824881, 357.5659730104974], [307.642108688494, -659.276529019401, 395.876727364182], [222.653373797335, -606.51248595579, 418.21787456007], [134.444533994826, -546.542868347761, 423.618212953841], [46.525012436615, -479.798393400784, 411.785948984938], [-37.576672104406, -406.788766288467, 383.134469756313], [-114.455505172465, -328.106728065513, 338.781094701379], [-180.972887946256, -244.430562689674, 280.517145731731], [-234.3939578575526, -156.524643284185, 210.748737453853], [-272.5130565185273, -65.237663952577, 132.408964228582]], "F": [[0.0, -1000.000000000003, 0.0], [-8.10680588797224, -993.898693574091, 122.3203972674197], [-32.0859649763889, -975.836084692574, 240.48984590786], [-70.9355415854532, -946.517825710574, 350.5335046456167], [-123.0550084628476, -907.060740945408, 448.8122753144573], [-186.337981933394, -858.909606155175, 532.1525671848934], [-258.281833442171, -803.731431019995, 597.938312682592], [-336.099093026936, -743.296792023416, 644.164208191527], [-416.817423690649, -679.358849721787, 669.455924362282], [-497.359646832142, -613.540763077775, 673.068300504139], [-574.601906397419, -547.241280961778, 654.8751551617], [-645.415213321064, -481.56644115351, 615.363661093078], [-706.70177595303, -417.292722390883, 555.642246928806], [-755.4412773727596, -354.863927673694, 477.464373185962], [-788.7625857750703, -294.420825217968, 383.262533836259]], "G": [[-587.785252292477, -809.016994374943, 0.0], [-594.8920032718482, -799.86482183767, 122.32089800478322], [-615.806483846273, -772.7686898474, 240.50569426376873], [-649.3474543572402, -728.78942504886, 350.65165317985645], [-693.6614277470067, -669.62845536164, 449.29733642391886], [-746.378741197385, -597.531887528921, 533.5834476350088], [-804.801058512203, -515.164116879607, 601.3519747582955], [-866.095031378365, -425.458595370702, 651.178289004151], [-927.466973451182, -331.455093287079, 682.3409869579185], [-986.297635119137, -236.134040386362, 694.743644268214], [-1040.223999036639, -142.259151333499, 688.8096918187372], [-1087.165303858284, -52.239368034914, 665.3749902883561], [-1125.301581328947, 31.979925157695, 625.6015376201701], [-1153.0228955237776, 108.988470667008, 570.9299856436955], [-1168.8742526497024, 177.940423333873, 503.078988559475]], "H": [[-951.056516295157, -309.016994374943, 0.0], [-953.5716831605182, -297.98838915896, 84.44023266267251], [-960.7279052286209, -265.444440516686, 165.55684262004144], [-971.4144570771232, -212.978695975543, 240.29700315553148], [-983.9610045509596, -143.140785884254, 306.1089959564579], [-996.377017363944, -59.279478899273, 361.0980344307749], [-1006.627881447399, 34.670442489641, 404.08590540723543], [-1012.899492074461, 134.447710794589, 434.569448265434], [-1013.8040359329474, 235.754875743031, 452.5916149783995], [-1008.4896662908124, 334.557704567442, 458.556309205205], [-996.6349727000869, 427.367256703012, 453.0306357078152], [-978.332709939063, 511.47628459502, 436.5822003431121], [-953.891593011226, 585.123652349923, 409.6926581758121], [-923.6045851106036, 647.566863511257, 372.7720565604135], [-887.5419191395193, 699.053008395745, 326.274568190659]], "I": [[-951.056516295157, 309.016994374947, 0.0], [-944.948700552847, 316.961370269771, 23.379207453476816], [-926.6868402504683, 339.97873388292, 46.09974971566245], [-896.5190051411537, 375.706446416774, 67.65145396313848], [-855.0482407912386, 420.483085348448, 87.76146936960185], [-803.447025749846, 469.741272221479, 106.38039768466687], [-743.635183187929, 518.511278421731, 123.55266780991543], [-678.336946207534, 561.984609479514, 139.19491582228204], [-610.9552792374694, 596.071699650134, 152.8405901453055], [-545.2448985363704, 617.879544565414, 163.430858966848], [-484.8200464216609, 626.038388328314, 169.2326900714512], [-432.584477037345, 620.824056797233, 167.9412834127881], [-390.203811777535, 604.0530303914827, 156.9798267150921], [-357.7429673791186, 578.7656341842716, 133.9561616298155], [-333.5608117281233, 548.750559452477, 97.189174236793]], "J": [[-587.785252292477, 809.016994374947, 0.0], [-572.369480205192, 806.333493956876, -37.16548986340188], [-527.5163266194953, 797.47910618237, -69.32261225793256], [-457.3611717151597, 780.240418727904, -91.90629055864451], [-368.6066285917696, 751.554668166296, -101.26809504126115], [-270.140086778954, 708.331076364834, -95.17511688744312], [-172.355949370815, 648.376819098131, -73.27464128175757], [-86.146200741947, 571.2366662556892, -37.41349756853897], [-21.6196874020854, 478.754722752663, 8.3196630178315], [13.2770380145066, 375.208721196029, 57.931431827194], [13.9793155737271, 266.950808602008, 104.2610207885229], [-19.91151479378, 161.598840085476, 140.0264518840656], [-84.486883527515, 66.9318534091377, 158.98289151135626], [-172.0976648532736, -10.2789608625344, 156.9408945268542], [-272.5208910016213, -65.252175785196, 132.4138878405484]],