{"A": [[0.0, 1000.0, 0.0], [0.0, 1000.0, 0.0], [0.0, 1000.0, 0.0], [0.0, 1000.0, 0.0], [0.0, 1000.0, 0.0], [0.0, 1000.0, 0.0], [0.0, 1000.0, 0.0], [0.0, 1000.0, 0.0], [0.0, 1000.0, 0.0], [0.0, 1000.0, 0.0], [0.0, 1000.0, 0.0], [0.0, 1000.0, 0.0], [0.0, 1000.0, 0.0], [0.0, 1000.0, 0.0], [0.0, 1000.0, 0.0]], "B": [[587.7852522924732, 809.0169943749474, 0.0], [587.7852522924732, 809.0169943749474, 0.0], [587.7852522924732, 809.0169943749474, 0.0], [587.7852522924732, 809.0169943749474, 0.0], [587.7852522924732, 809.0169943749474, 0.0], [587.7852522924732, 809.0169943749474, 0.0], [587.7852522924732, 809.0169943749474, 0.0], [587.7852522924732, 809.0169943749474, 0.0], [587.7852522924732, 809.0169943749474, 0.0], [587.7852522924732, 809.0169943749474, 0.0], [587.7852522924732, 809.0169943749474, 0.0], [587.7852522924732, 809.0169943749474, 0.0], [587.7852522924732, 809.0169943749474, 0.0], [587.7852522924732, 809.0169943749474, 0.0], [587.7852522924732, 809.0169943749474, 0.0]], "C": [[951.056516295153, 309.016994374947, 0.0], [949.921131167582, 309.016994374947, 28.6987191605648], [946.522072957235, 309.016994374947, 57.2180456625624], [940.880588817532, 309.016994374947, 85.3797082119638], [933.03194306924, 309.016994374947, 113.007671234284], [923.025196766934, 309.016994374947, 139.929235254343], [910.922901023529, 309.016994374947, 165.976116422423], [896.800706009893, 309.016994374947, 190.985498438812], [880.746888073628, 309.016994374947, 214.801050301285], [862.861797932951, 309.016994374947, 237.273903513655], [843.257233394974, 309.016994374947, 258.263582647009], [822.05574051943, 309.016994374947, 277.638883436755], [799.389847596214, 309.016994374947, 295.278692926606], [775.40123672506, 309.016994374947, 311.072746532859], [750.239858175712, 309.016994374947, 324.922317296652]], "D": [[951.056516295154, -309.016994374943, 0.0], [946.8186077178714, -307.269816317204, 75.033938651141], [934.1788085386364, -302.039203569261, 149.0002772085448], [913.357252096179, -293.357852138262, 220.8530320584338], [884.7153794122678, -281.280028233943, 289.588944379431], [848.7479058801932, -265.881229056293, 354.267584609351], [806.071848104777, -247.257710870542, 414.029982056426], [757.412876224914, -225.52588731942, 468.115344878735], [703.58932145056, -200.821601733793, 515.875482553779], [645.494224784116, -173.299277990365, 556.786599357053], [584.075859581524, -143.130955224354, 590.458191861879], [520.317196589612, -110.505212431054, 616.638854460109], [455.214804488204, -75.625989678477, 635.218872620293], [389.757691171925, -38.711313299548, 646.229562165687], [324.906590734454, 0.008066967431, 649.839392317801]], "E": [[587.785252292473, -809.016994374943, 0.0], [579.6735817720244, -802.289297249552, 121.1452677449261], [555.6424239463964, -782.221256239745, 239.0081273278823], [516.590204961256, -749.155480961946, 350.4309743042048], [463.9711561993248, -703.654577214528, 452.500117282001], [399.7327957351102, -646.488744943902, 542.653786230829], [326.232683800851, -578.618836584415, 618.774193246515], [246.138464734939, -501.175284422604, 679.259601921962], [162.315986469323, -415.433404835076, 723.073363957068], [77.710819024378, -322.785673883514, 749.76803068363], [-4.77125055499, -224.7116406814292, 759.483881904352], [-82.379199358373, -122.7462004023511, 752.922469670825], [-152.621990438905, -18.4469864157562, 731.2969844290061], [-213.359375041518, 86.638340102927, 696.2623522545387], [-262.87442029082, 191.004125089812, 649.8289078513751]], "F": [[0.0, -1000.000000000003, 0.0], [-9.99409009242564, -985.2310574488, 149.2586165897156], [-39.2163524757026, -941.414720479712, 291.605544631291], [-85.4429629458, -870.001890075279, 420.5610063469404], [-145.1503973258622, -773.3431537113353, 530.4773356667472], [-213.7744022236798, -654.5908256247992, 616.8783481460383], [-286.043294287968, -517.5684438838007, 676.7137087483198], [-356.359347600038, -366.613949572938, 708.511004369418], [-419.198538102307, -206.403983927175, 712.4164339463828], [-469.497922132683, -41.767566366675, 690.1238515957009], [-503.001485587942, 122.5021805861448, 644.700579678431], [-516.539237907874, 281.8296324800889, 580.326213557654], [-508.220260616719, 432.0234383215348, 501.9669211279811], [-477.527803114816, 569.42120058961, 415.0119967353257], [-425.312680654291, 691.006029101751, 324.9013485329581]], "G": [[-587.785252292477, -809.016994374943, 0.0], [-594.8908904550107, -785.578298822017, 148.537403411918], [-614.8800864389906, -716.591466354128, 285.968075879599], [-643.931397824355, -605.953156397135, 402.2594872847863], [-676.1951831850402, -459.8611907567753, 489.4102495266473], [-704.5065856937198, -286.39377275676327, 542.1865439361203], [-721.260021599399, -94.9665647754917, 558.5609970038678], [-719.340455914769, 104.290911261637, 539.8120467582409], [-693.00108420456, 301.192486314442, 490.2813390237718], [-638.585017035063, 486.137407313085, 416.8256548366469], [-555.0089494082198, 650.6907791210438, 328.033500027214], [-443.9567750873539, 788.0619300481209, 233.300770340577], [-309.766678087734, 893.4494031793998, 141.8721200178901], [-159.031778540658, 964.232724809717, 61.9537098710237], [0.032690775822, 1000.003807993163, -0.0104839589699459]], "H": [[-951.056516295157, -309.016994374943, 0.0], [-955.6105101975596, -298.336312022744, 28.359978398811005], [-968.7683739613226, -265.900489203628, 54.436794365084], [-988.944471821274, -210.677478676723, 75.6264690150773], [-1013.2868920310221, -131.4174243625683, 88.8358077630783], [-1037.4770567482328, -27.26661759708825, 90.5785345798913], [-1055.644257199202, 101.5404192767423, 77.3768332462328], [-1060.523855849627, 253.044921947052, 46.4236164480069], [-1043.947755883303, 423.114885386228, -3.6188264877382], [-997.684748870736, 605.288889806332, -71.8627101418071], [-914.5617512550378, 790.9752542838949, -154.675584165834], [-789.7144269744019, 970.0141122072749, -245.56357456221], [-621.757062909375, 1131.5519667700928, -335.5534555857789], [-413.642240959856, 1265.126176874634, -414.0742873951583], [-173.008303018877, 1361.818881238015, -470.23668323912295]], "I": [[-951.056516295157, 309.016994374947, 0.0], [-953.1098321781773, 288.682427721446, -164.95002405500298], [-960.7692005518151, 232.219921410075, -311.320066137773], [-977.8936996343301, 152.463913002651, -424.3457515465607], [-1008.9681457810847, 68.3137228463167, -496.0187284384937], [-1056.7765404995616, 1.45757768598535, -526.4858557250197], [-1120.1699267787628, -27.3787416856587, -523.6076084426992], [-1192.617525487685, -2.010167697787, -500.8095833287521], [-1262.047226919131, 86.410117154034, -473.7555417458622], [-1312.160834311342, 237.83313039493, -456.6315599873221], [-1325.0333612454338, 443.2292327782418, -458.898813339728], [-1284.4705872248599, 685.9473258819859, -483.236488566219], [-1179.390193504607, 944.2420495359848, -525.0957933850259], [-1006.461338713316, 1194.5040661047765, -573.8993356800833], [-771.391876411573, 1414.6303380906677, -615.543463428489]], "J": [[-587.785252292477, 809.016994374947, 0.0], [-588.3527686648663, 749.205461338257, -356.879259388232], [-594.0496116883361, 580.553139079979, -666.491466818672], [-615.3461918640241, 333.390384332761, -891.0265073440157], [-665.1281365509257, 51.9618691132188, -1009.3146237875557], [-753.3682941162916, -213.67093349957065, -1020.0739136759937], [-882.2202994638288, -416.5573999541107, -940.6039610156412], [-1043.108879299711, -520.862318843029, -801.4848586958951], [-1216.7981964976284, -507.452231885526, -638.8193078764882], [-1376.5341450204749, -376.133747108502, -486.0723725972181], [-1493.4545566498418, -144.3477043573892, -367.5004811067635], [-1542.815364768346, 157.1466362625589, -294.573249369682], [-1509.376054035745, 490.4985729763418, -265.8812093446869], [-1390.567585693771, 817.5207539582384, -270.0704617333903], [-1196.724801727972, 1105.6258696418158, -290.62169996758996]],