{"A": [[0.0, 1000.0, 0.0], [0.0, 1000.0, 0.0], [0.0, 1000.0, 0.0], [0.0, 1000.0, 0.0], [0.0, 1000.0, 0.0], [0.0, 1000.0, 0.0], [0.0, 1000.0, 0.0], [0.0, 1000.0, 0.0], [0.0, 1000.0, 0.0], [0.0, 1000.0, 0.0], [0.0, 1000.0, 0.0], [0.0, 1000.0, 0.0], [0.0, 1000.0, 0.0], [0.0, 1000.0, 0.0], [0.0, 1000.0, 0.0], [0.0, 1000.0, 0.0], [0.0, 1000.0, 0.0], [0.0, 1000.0, 0.0], [0.0, 1000.0, 0.0], [0.0, 1000.0, 0.0]], "B": [[587.7852522924732, 809.0169943749474, 0.0], [587.7852522924732, 809.0169943749474, 0.0], [587.7852522924732, 809.0169943749474, 0.0], [587.7852522924732, 809.0169943749474, 0.0], [587.7852522924732, 809.0169943749474, 0.0], [587.7852522924732, 809.0169943749474, 0.0], [587.7852522924732, 809.0169943749474, 0.0], [587.7852522924732, 809.0169943749474, 0.0], [587.7852522924732, 809.0169943749474, 0.0], [587.7852522924732, 809.0169943749474, 0.0], [587.7852522924732, 809.0169943749474, 0.0], [587.7852522924732, 809.0169943749474, 0.0], [587.7852522924732, 809.0169943749474, 0.0], [587.7852522924732, 809.0169943749474, 0.0], [587.7852522924732, 809.0169943749474, 0.0], [587.7852522924732, 809.0169943749474, 0.0], [587.7852522924732, 809.0169943749474, 0.0], [587.7852522924732, 809.0169943749474, 0.0], [587.7852522924732, 809.0169943749474, 0.0], [587.7852522924732, 809.0169943749474, 0.0]], "C": [[951.056516295153, 309.016994374947, 0.0], [950.439927635179, 309.016994374947, 21.1565049613936], [948.592254755445, 309.016994374947, 42.2411910792038], [945.519769851183, 309.016994374947, 63.1824833093926], [941.232902920787, 309.016994374947, 83.9092933793999], [935.746206359659, 309.016994374947, 104.351261107659], [929.078305559981, 309.016994374947, 124.438993251501], [921.251835684103, 309.016994374947, 144.104299072643], [912.293364826182, 309.016994374947, 163.280421820604], [902.233303822907, 309.016994374947, 181.902265348232], [891.105803019475, 309.016994374947, 199.906615090078], [878.948636341267, 309.016994374947, 217.232352653465], [865.803073064737, 309.016994374947, 233.820663293787], [851.713737722835, 309.016994374947, 249.615235569747], [836.728458620519, 309.016994374947, 264.56245250076], [820.89810547459, 309.016994374947, 278.61157357762], [804.276416729019, 309.016994374947, 291.714907008561], [786.919817131951, 309.016994374947, 303.827971616006], [768.887226193668, 309.016994374947, 314.909647834416], [750.239858175712, 309.016994374947, 324.922317296652]], "D": [[951.056516295154, -309.016994374943, 0.0], [948.7540692259115, -308.068161990937, 55.3483011180046], [941.8685571631523, -305.224885788916, 110.2685076038832], [930.4652033222839, -300.496817684883, 164.3372369545866], [914.6518358069201, -293.900007796013, 217.1404707155269], [894.5775838459095, -285.456849956182, 268.278086784812], [870.4310765976136, -275.196005696839, 317.368214294499], [842.4381682045802, -263.152306951246, 364.051355630404], [810.859218998182, -249.366637812402, 407.994223261198], [775.985968566835, -233.885795746022, 448.893242854415], [738.138041734901, -216.76233272971, 486.477678610208], [697.659133280662, -198.054376857602, 520.512341783115], [654.912921386624, -177.825435016065, 550.799848919498], [610.278763308009, -156.144177300309, 577.182402338815], [564.147229518912, -133.084203903721, 599.54307174928], [516.91553461319, -108.723795271275, 617.806562526961], [468.982924471927, -83.145646365126, 631.939463012261], [420.746079645131, -56.436585944507, 641.949970096917], [372.594594526719, -28.687281812824, 647.887099294836], [324.906590734454, 0.008066967431, 649.839392317801]], "E": [[587.785252292473, -809.016994374943, 0.0], [585.0746895777626, -807.705550179087, 47.23655695483567], [576.9752810818603, -803.77339290562, 93.8888136971927], [563.5835267671059, -797.227071998842, 139.3792501095687], [545.0591316746121, -788.077581040474, 183.143847287743], [521.6233196352966, -776.340472772913, 224.6386905063336], [493.5564848038986, -762.036016681367, 263.3463944898132], [461.1951938739952, -745.189395745624, 298.7822909801489], [424.928556215219, -725.830938090658, 330.5003181178917], [385.193984033497, -703.996378447238, 358.0985507908143], [342.47237003758, -679.72714359072, 381.224310992626], [297.282716014866, -653.070655270908, 399.57879752671], [250.176252155833, -624.08064358675, 412.9211752473], [201.730093861925, -592.817463306508, 421.07206561351], [152.540490032919, -559.348405293499, 423.916382794127], [103.215724326909, -523.747994975453, 421.405463041477], [54.368738457427, -486.098269695808, 413.558439668747], [6.609554046999, -446.489026810312, 400.462821804837], [-39.462423319325, -405.018034542538, 382.274242219323], [-83.266127634498, -361.791197886168, 359.215347922294]], "F": [[0.0, -1000.000000000003, 0.0], [-2.51990368670747, -998.103754932831, 68.38197828007677], [-10.04655510695672, -992.438426793386, 136.0418690519911], [-22.4814448363151, -983.07368307341, 202.2672256032032], [-39.6625888286699, -970.123806362139, 266.3645939073266], [-61.3677114289534, -953.745004162622, 327.6683036821166], [-87.3184802404194, -934.13175028573, 385.5484595707402], [-117.1855887682398, -911.51226162323, 439.4179401112479], [-150.594447923294, -886.143238388611, 488.7382697308707], [-187.131228204681, -858.304016399232, 533.0242937685443], [-226.34899203773, -828.290296050374, 571.847654337943], [-267.773670613327, -796.407623829196, 604.839131311189], [-310.909670842495, -762.964808210723, 631.689973479415], [-355.244943837376, -728.267452399175, 652.152395985364], [-400.255403824055, -692.611781621766, 666.03945793272], [-445.408651950082, -656.278932702032, 673.22455594372], [-490.167028840939, -619.529858749247, 673.64077360469], [-533.990088407281, -582.600982458205, 667.280312532334], [-576.336648652803, -545.700708312265, 654.194198683877], [-616.666628627435, -509.006877629638, 634.492409132005]], "G": [[-587.785252292477, -809.016994374943, 0.0], [-589.9962393057405, -806.172604939586, 68.3820051579353], [-596.5897776052037, -797.674314619864, 136.04272622408183], [-607.4487010856161, -783.626145298726, 202.27369789632223], [-622.3813586571249, -764.199437217541, 266.39165146480786], [-641.1268872037704, -739.629841981981, 327.75003108789053], [-663.3622702805684, -710.213187227068, 385.7492680158447], [-688.7108772259458, -676.300286791016, 439.84549007944815], [-716.752115246963, -638.290790390481, 489.5574168865918], [-747.031782416283, -596.626186071192, 534.4712763041255], [-779.072684822611, -551.782086790113, 574.2436710406147], [-812.385077925575, -504.259948970266, 608.60242109549], [-846.47651110794, -454.578385300681, 637.3455037769327], [-880.860695088731, -403.264245934982, 660.3383030568381], [-915.065072772976, -350.843651053607, 677.509459447619], [-948.636852703032, -297.833162984027, 688.845675888312], [-981.147356950629, -244.731287243044, 694.3858804088069], [-1012.194637541679, -192.010488567094, 694.2151694871094], [-1041.404422080767, -140.109899924862, 688.4589549287127], [-1068.429554366544, -89.428889488993, 677.277710879157]],