{"A": [[0.0, 1000.0, 0.0], [0.0, 1000.0, 0.0], [0.0, 1000.0, 0.0], [0.0, 1000.0, 0.0], [0.0, 1000.0, 0.0], [0.0, 1000.0, 0.0], [0.0, 1000.0, 0.0], [0.0, 1000.0, 0.0], [0.0, 1000.0, 0.0], [0.0, 1000.0, 0.0], [0.0, 1000.0, 0.0], [0.0, 1000.0, 0.0], [0.0, 1000.0, 0.0], [0.0, 1000.0, 0.0], [0.0, 1000.0, 0.0]], "B": [[587.7852522924732, 809.0169943749474, 0.0], [587.7852522924732, 809.0169943749474, 0.0], [587.7852522924732, 809.0169943749474, 0.0], [587.7852522924732, 809.0169943749474, 0.0], [587.7852522924732, 809.0169943749474, 0.0], [587.7852522924732, 809.0169943749474, 0.0], [587.7852522924732, 809.0169943749474, 0.0], [587.7852522924732, 809.0169943749474, 0.0], [587.7852522924732, 809.0169943749474, 0.0], [587.7852522924732, 809.0169943749474, 0.0], [587.7852522924732, 809.0169943749474, 0.0], [587.7852522924732, 809.0169943749474, 0.0], [587.7852522924732, 809.0169943749474, 0.0], [587.7852522924732, 809.0169943749474, 0.0], [587.7852522924732, 809.0169943749474, 0.0]], "C": [[951.056516295153, 309.016994374947, 0.0], [949.069295262161, 309.016994374947, 37.9453758128931], [943.129373753149, 309.016994374947, 75.4756026371802], [933.301738669789, 309.016994374947, 112.180073504964], [919.693911223239, 309.016994374947, 147.657215796876], [902.454770576785, 309.016994374947, 181.518884727799], [881.772925003516, 309.016994374947, 213.394609922673], [857.874648379716, 309.016994374947, 242.935648621879], [831.021404590174, 309.016994374947, 269.818801171294], [801.506986930153, 309.016994374947, 293.749947052874], [769.654303800961, 309.016994374947, 314.467262769128], [735.81184586588, 309.016994374947, 331.744086375565], [700.349873318219, 309.016994374947, 345.391397321119], [663.6563649754704, 309.016994374947, 355.259884465371], [626.1327735192987, 309.016994374947, 361.241579647004]], "D": [[951.056516295154, -309.016994374943, 0.0], [943.6442773478527, -305.958975645959, 99.1102082542136], [921.633573259078, -296.818376325759, 195.7562969283122], [885.6936448937548, -281.695200973048, 287.561323712232], [836.9109413225054, -260.754907718564, 372.319118951941], [776.746978116134, -234.226598037244, 448.070871154211], [706.9818553309, -202.400510217618, 513.171575697423], [629.645820334384, -165.624843951655, 566.343655030344], [546.941761060095, -124.301950786242, 606.715609031382], [461.161890888878, -78.88393211546, 633.844195870225], [374.602120964708, -29.867692874674, 647.719348785312], [289.477699329503, 22.210494947499, 648.751772042516], [207.843625348122, 76.780859500345, 637.743897941555], [131.5231257567204, 133.246362774186, 615.845594041566], [62.0471151501077, 190.98923261436, 584.496655123647]], "E": [[587.785252292473, -809.016994374943, 0.0], [573.6155506160078, -797.249781335828, 159.7575238412477], [532.0329541033831, -762.299889130671, 311.9644293479232], [465.7471216520338, -705.208977492623, 449.570613462619], [379.0471811367334, -627.668449314135, 566.487193960283], [277.481450221506, -531.954387561924, 657.971102814284], [167.447509580796, -420.840342537709, 720.9039531981], [55.726868141247, -297.491643089807, 753.944814005167], [-50.997342506591, -165.3456763397865, 757.54747658151], [-146.600458693983, -27.9831593114663, 733.844440907837], [-225.917707912887, 111.004212358292, 686.4111139423203], [-285.056436167201, 248.144224132923, 619.9335761322559], [-321.597137590865, 380.207304711158, 539.8108486914459], [-334.6715888707476, 504.317325860059, 451.727223168473], [-324.9174904045213, 618.045534145454, 361.231519868194]], "F": [[0.0, -1000.000000000003, 0.0], [-17.41537858243624, -974.194280311097, 196.3511880923352], [-67.3531109448499, -898.272964915715, 376.8772858376806], [-143.1851483386722, -776.6141554472738, 527.4731318772117], [-234.8140542181486, -616.159102175093, 637.2539227749521], [-329.958817444527, -425.91011923745, 699.6477824258858], [-415.699820216198, -216.287337292112, 712.9496433137449], [-480.073729802329, 1.602560039321, 680.2807919322383], [-513.506796592634, 216.7259129601805, 608.979927025982], [-509.903080089235, 418.8490461959367, 509.527262210254], [-467.257637582374, 599.175842441229, 394.1620606001223], [-387.735050100306, 750.84825284473, 275.3878273443669], [-277.2298188938118, 869.27519827974, 164.5640662107249], [-144.4955641421476, 952.271208222092, 70.75949468571], [0.0157085376337, 1000.003286812052, -0.006217159949]], "G": [[-587.785252292477, -809.016994374943, 0.0], [-600.0800163943203, -768.123488901816, 194.68985681517776], [-632.9561540771919, -649.483143052893, 364.1166672397312], [-675.2374914356662, -464.7345487912598, 487.2558917036223], [-710.9461889411626, -231.73397593818, 550.7581202644838], [-722.690892028439, 27.538715033714, 550.9478041432328], [-695.371438428991, 289.508765530104, 494.04304317065294], [-619.439156399997, 531.638423746816, 394.6144265631114], [-493.0588019119421, 734.8257155936645, 272.646037453743], [-322.760830548637, 885.2762416318227, 149.819796281623], [-122.494272169789, 975.636687926081, 45.7636321646223], [88.681557135253, 1005.287941791509, -25.0346623080071], [289.7651410156662, 979.814540193068, -55.1261260526641], [461.1946480500434, 909.7776764676033, -44.564734614622], [587.7960284006347, 809.005101801736, 0.0062174400643073]], "H": [[-951.056516295157, -309.016994374943, 0.0], [-958.9757212818263, -290.271283819357, 37.15524359880877], [-981.1590779760929, -232.884656471812, 68.8770424995682], [-1012.5259105394872, -134.1823251012158, 88.5859016088903], [-1043.7231579176166, 7.96159331791, 88.4037818529597], [-1060.73080125728, 192.420525525527, 60.5306148160198], [-1045.717112627293, 412.388109122364, -0.04661138506107], [-979.672055137967, 654.108720908174, -92.4166774026946], [-846.6592366075191, 897.3671503771135, -207.471683331212], [-638.76116748813, 1117.8742598082956, -327.681994547068], [-360.260181018888, 1291.160582278095, -429.5026678527627], [-29.539692053341, 1397.146413482562, -488.1077511982541], [322.3175285715956, 1424.317227468493, -483.2893126059331], [656.3433498113724, 1372.4666308077333, -404.845079599751], [932.9746494371367, 1253.273245056613, -255.8131479690247]], "I": [[-951.056516295157, 309.016994374947, 0.0], [-954.821512819721, 273.916472208195, -215.11629611732323], [-970.4650117497813, 182.232180979988, -388.8670557274448], [-1007.7870445569383, 70.7202421017032, -494.4736942755767], [-1073.9144478436456, -11.7643715790913, -528.5770797396763], [-1164.394511781184, -18.907087154377, -510.9240959787482], [-1258.211455033339, 79.213033568951, -475.23766214832506], [-1319.866562557745, 287.111402074173, -455.1103171872546], [-1308.6141136468561, 582.2172173814325, -470.614653145156], [-1191.75845222343, 920.7415751009177, -520.810757152615], [-956.992493563732, 1249.0715726875019, -584.7607551998307], [-618.926043561907, 1517.158455015581, -630.1881854338741], [-217.1238443726224, 1690.021976072126, -626.0128319558731], [193.7961299609154, 1754.3458763791314, -553.789104187968], [558.5221507173487, 1718.838709811299, -413.9274594033887]], "J": [[-587.785252292477, 809.016994374947, 0.0], [-589.229564738721, 705.488638965665, -464.22270636944626], [-605.2196308772993, 427.179143206563, -823.1052492311898], [-663.0899278599223, 60.5107253108286, -1007.3534801491877], [-787.0738228303865, -281.4731900449233, -1004.9651781782043], [-978.579909588133, -494.113605904767, -859.6614031299462], [-1206.3780498837873, -511.710996144316, -648.6968806065561], [-1412.5174956487651, -323.923961246305, -450.91500798916144], [-1531.812340773017, 26.1783466792745, -319.05827114126], [-1516.000600557418, 459.9096695806817, -266.907241327309], [-1351.604932138414, 888.9444655212108, -274.0269442679047], [-1063.910020717265, 1239.980971173331, -302.8841772457881], [-706.2800603433394, 1470.42195945813, -318.6562957793251], [-340.6343223381116, 1571.7681266277284, -302.760284724385], [-18.0761782768913, 1562.300049620632, -255.8261434162717]],