{"A": [[0.0, 1000.0, 0.0], [0.0, 1000.0, 0.0], [0.0, 1000.0, 0.0], [0.0, 1000.0, 0.0], [0.0, 1000.0, 0.0], [0.0, 1000.0, 0.0], [0.0, 1000.0, 0.0], [0.0, 1000.0, 0.0], [0.0, 1000.0, 0.0], [0.0, 1000.0, 0.0], [0.0, 1000.0, 0.0], [0.0, 1000.0, 0.0], [0.0, 1000.0, 0.0], [0.0, 1000.0, 0.0], [0.0, 1000.0, 0.0]], "B": [[587.7852522924732, 809.0169943749474, 0.0], [587.7852522924732, 809.0169943749474, 0.0], [587.7852522924732, 809.0169943749474, 0.0], [587.7852522924732, 809.0169943749474, 0.0], [587.7852522924732, 809.0169943749474, 0.0], [587.7852522924732, 809.0169943749474, 0.0], [587.7852522924732, 809.0169943749474, 0.0], [587.7852522924732, 809.0169943749474, 0.0], [587.7852522924732, 809.0169943749474, 0.0], [587.7852522924732, 809.0169943749474, 0.0], [587.7852522924732, 809.0169943749474, 0.0], [587.7852522924732, 809.0169943749474, 0.0], [587.7852522924732, 809.0169943749474, 0.0], [587.7852522924732, 809.0169943749474, 0.0], [587.7852522924732, 809.0169943749474, 0.0]], "C": [[951.056516295153, 309.016994374947, 0.0], [949.921131167582, 309.016994374947, 28.6987191605648], [946.522072957235, 309.016994374947, 57.2180456625624], [940.880588817532, 309.016994374947, 85.3797082119638], [933.03194306924, 309.016994374947, 113.007671234284], [923.025196766934, 309.016994374947, 139.929235254343], [910.922901023529, 309.016994374947, 165.976116422423], [896.800706009893, 309.016994374947, 190.985498438812], [880.746888073628, 309.016994374947, 214.801050301285], [862.861797932951, 309.016994374947, 237.273903513655], [843.257233394974, 309.016994374947, 258.263582647009], [822.05574051943, 309.016994374947, 277.638883436755], [799.389847596214, 309.016994374947, 295.278692926606], [775.40123672506, 309.016994374947, 311.072746532859], [750.239858175712, 309.016994374947, 324.922317296652]], "D": [[951.056516295154, -309.016994374943, 0.0], [946.8186077178714, -307.269816317204, 75.033938651141], [934.1788085386364, -302.039203569261, 149.0002772085448], [913.357252096179, -293.357852138262, 220.8530320584338], [884.7153794122678, -281.280028233943, 289.588944379431], [848.7479058801932, -265.881229056293, 354.267584609351], [806.071848104777, -247.257710870542, 414.029982056426], [757.412876224914, -225.52588731942, 468.115344878735], [703.58932145056, -200.821601733793, 515.875482553779], [645.494224784116, -173.299277990365, 556.786599357053], [584.075859581524, -143.130955224354, 590.458191861879], [520.317196589612, -110.505212431054, 616.638854460109], [455.214804488204, -75.625989678477, 635.218872620293], [389.757691171925, -38.711313299548, 646.229562165687], [324.906590734454, 0.008066967431, 649.839392317801]], "E": [[587.785252292473, -809.016994374943, 0.0], [582.7970123347834, -806.60180913385, 63.995356558686], [567.9416353566544, -799.363644059688, 126.5337438608518], [543.545034271585, -787.324817288506, 186.1893314766909], [510.1433646033148, -770.523007292898, 241.598065937934], [468.4725464951022, -749.011955398061, 291.4873045914889], [419.453742217384, -722.862410155316, 334.7039367220559], [364.174946298032, -692.163275707711, 370.2404784671718], [303.868903964881, -657.022917260688, 397.258625376099], [239.887640354063, -617.570569033479, 415.109749194521], [173.673957610681, -573.957783831027, 423.351836921273], [106.730338266968, -526.359858820425, 421.762393723359], [40.585778771034, -474.977169355793, 410.346869975961], [-23.238836554241, -420.03634186051, 389.34222902289], [-83.266127634498, -361.791197886168, 359.215347922294]], "F": [[0.0, -1000.000000000003, 0.0], [-4.63697326283964, -996.510455780675, 92.6664176442453], [-18.4360620149486, -986.120964544835, 183.5329589474805], [-41.065912448133, -969.065511691014, 270.8437597346178], [-71.9876893333132, -945.722789749149, 352.928580712736], [-110.4739343566858, -916.599893011079, 428.2398794339879], [-155.632576579815, -882.310693857515, 495.3836865563679], [-206.434048569629, -843.550025347305, 553.1432894345858], [-261.739325206612, -801.065007629379, 600.495478692159], [-320.32682934749, -755.62499585687, 636.619871811036], [-380.916527338511, -707.991687034704, 660.902501087711], [-442.190125926373, -658.890899572189, 672.935358982616], [-502.807012746962, -608.987433808831, 672.513867131617], [-561.416368933733, -558.86424051811, 659.634236759599], [-616.666628627435, -509.006877629638, 634.492409132005]], "G": [[-587.785252292477, -809.016994374943, 0.0], [-591.8524252602057, -803.782605728771, 92.66654126983275], [-603.9207333542876, -788.197467048168, 183.536890242892], [-623.597367281927, -762.61184980387, 270.87330153370687], [-650.2498438024442, -727.596961584941, 353.05124486814606], [-683.0374434205958, -683.926507197471, 428.60712943462215], [-720.951665491663, -632.551725362773, 496.27622139583684], [-762.862513356438, -574.570737744772, 555.018833604962], [-807.56701071456, -511.193262356229, 604.033878817293], [-853.836262391815, -443.701936029599, 642.7599736683967], [-900.457625135565, -373.411651265284, 670.8653628490855], [-946.269134956476, -301.628430911601, 688.2288998377517], [-990.184204022402, -229.609428988944, 694.9150754351659], [-1031.205679826342, -158.525647522087, 691.1465451344666], [-1068.429554366544, -89.428889488993, 677.277710879157]], "H": [[-951.056516295157, -309.016994374943, 0.0], [-952.5010598076367, -302.707206860748, 63.99567978268225], [-956.7063549887396, -283.955337963295, 126.54398126234662], [-963.298228182056, -253.28788787965, 186.26574771232356], [-971.6881346063562, -211.562472755313, 241.91240020295805], [-981.1222506381098, -159.938212193239, 292.4170943558292], [-990.743443277823, -99.834811527061, 336.93037864354284], [-999.660029777239, -32.881115488439, 374.83753433438295], [-1007.014447199731, 39.145589651837, 405.7565999877681], [-1012.044824829869, 114.387632734273, 429.5181033465717], [-1014.133065195443, 190.979807945145, 446.1295482853635], [-1012.834395743042, 267.123808486699, 455.7295073956617], [-1007.8853686536958, 341.16051443747, 458.5375136789549], [-999.1897807369608, 411.636109530269, 454.8066114572026], [-986.7846903991075, 477.35800895119, 444.785261121322]], "I": [[-951.056516295157, 309.016994374947, 0.0], [-947.5671217426277, 313.571033497878, 17.705313984319748], [-937.1174816621378, 326.965075774637, 35.11895531122932], [-919.7754640947378, 348.410779182709, 51.98807156442756], [-895.6926139667295, 376.646579085465, 68.12861665173305], [-865.1538586037158, 410.014000771057, 83.43906145246717], [-828.63232692636, 446.559863127988, 97.89302442044884], [-786.837021422921, 484.15928458752, 111.50959610071195], [-740.740905490252, 520.652555899967, 124.30419958917507], [-691.578813508399, 553.987180312339, 136.22680683921968], [-640.808356100897, 582.355008740673, 147.0975683370035], [-590.032264067013, 604.313753295107, 156.5517845946287], [-540.8866781969558, 618.882536744697, 164.0061695279969], [-494.9058157545288, 625.602694403943, 168.6563109695116], [-453.3782179454785, 624.557774747829, 169.511260634357]], "J": [[-587.785252292477, 809.016994374947, 0.0], [-578.9524486442517, 807.501278419058, -28.36145471913005], [-552.9097713043228, 802.68719084694, -54.54104570849508], [-511.0163499237508, 793.811541528603, -76.46487209181944], [-455.5067581408525, 779.724059515104, -92.28013732208395], [-389.4330221402558, 759.057108503743, -100.47560884032083], [-316.562985717276, 730.438216921475, -100.00614508586716], [-241.222301045586, 692.72205242142, -90.41157671468906], [-168.072969004764, 645.214670555877, -71.91436569961093], [-101.831182983964, 587.861727526893, -45.47695919749531], [-46.939562503371, 521.3745630077402, -12.80006291290449], [-7.221192850093, 447.273951666554, 23.7520586101487], [14.4476531797712, 367.840621210492, 61.3039383477429], [16.4052392592702, 285.973377230632, 96.6914362932253], [-1.6252154045555, 204.968267192869, 126.7341511580421]],