{"A": [[0.0, 1000.0, 0.0], [0.0, 1000.0, 0.0], [0.0, 1000.0, 0.0], [0.0, 1000.0, 0.0], [0.0, 1000.0, 0.0], [0.0, 1000.0, 0.0], [0.0, 1000.0, 0.0], [0.0, 1000.0, 0.0], [0.0, 1000.0, 0.0], [0.0, 1000.0, 0.0], [0.0, 1000.0, 0.0], [0.0, 1000.0, 0.0], [0.0, 1000.0, 0.0], [0.0, 1000.0, 0.0], [0.0, 1000.0, 0.0], [0.0, 1000.0, 0.0], [0.0, 1000.0, 0.0], [0.0, 1000.0, 0.0], [0.0, 1000.0, 0.0], [0.0, 1000.0, 0.0]], "B": [[587.7852522924732, 809.0169943749474, 0.0], [587.7852522924732, 809.0169943749474, 0.0], [587.7852522924732, 809.0169943749474, 0.0], [587.7852522924732, 809.0169943749474, 0.0], [587.7852522924732, 809.0169943749474, 0.0], [587.7852522924732, 809.0169943749474, 0.0], [587.7852522924732, 809.0169943749474, 0.0], [587.7852522924732, 809.0169943749474, 0.0], [587.7852522924732, 809.0169943749474, 0.0], [587.7852522924732, 809.0169943749474, 0.0], [587.7852522924732, 809.0169943749474, 0.0], [587.7852522924732, 809.0169943749474, 0.0], [587.7852522924732, 809.0169943749474, 0.0], [587.7852522924732, 809.0169943749474, 0.0], [587.7852522924732, 809.0169943749474, 0.0], [587.7852522924732, 809.0169943749474, 0.0], [587.7852522924732, 809.0169943749474, 0.0], [587.7852522924732, 809.0169943749474, 0.0], [587.7852522924732, 809.0169943749474, 0.0], [587.7852522924732, 809.0169943749474, 0.0]], "C": [[951.056516295153, 309.016994374947, 0.0], [950.978147351539, 309.016994374947, 7.54534483763825], [950.74307433395, 309.016994374947, 15.0874341427711], [950.35139866755, 309.016994374947, 22.6230137875328], [949.803289345659, 309.016994374947, 30.1488324527315], [949.098982856833, 309.016994374947, 37.6616430306708], [948.238783082833, 309.016994374947, 45.1582040261544], [947.223061167507, 309.016994374947, 52.6352809550702], [946.05225535666, 309.016994374947, 60.0896477399475], [944.726870808962, 309.016994374947, 67.518088101889], [943.247479377996, 309.016994374947, 74.9173969482734], [941.614719365522, 309.016994374947, 82.2843817556328], [939.829295246076, 309.016994374947, 89.6158639471067], [937.891977363013, 309.016994374947, 96.9086802638775], [935.803601596132, 309.016994374947, 104.159684129999], [933.565069001032, 309.016994374947, 111.365747010023], [931.177345420331, 309.016994374947, 118.52375975885], [928.641461066949, 309.016994374947, 125.630633963201], [925.958510079606, 309.016994374947, 132.683303274158], [923.129650050743, 309.016994374947, 139.678724730175]], "D": [[951.056516295154, -309.016994374943, 0.0], [950.7637434966704, -308.89639697115, 19.75214934377915], [949.8857781907736, -308.534656793015, 39.4848609157963], [948.4236791024481, -307.93192991782, 59.1787241673706], [946.3792089620084, -307.088476399542, 78.8143829517318], [943.7548317912818, -306.00466015665, 98.3725626144244], [940.5537091106361, -304.680948815088, 117.8340969512571], [936.7796950731811, -303.117913506515, 137.1799549900005], [932.4373305343051, -301.316228621878, 156.3912675523313], [927.5318360664476, -299.276671520439, 175.449353552892], [922.0691039308228, -297.000122194379, 194.3357459927904], [916.0556890194894, -294.487562889105, 213.0322176053718], [909.4987987829603, -291.740077679458, 231.5208061126947], [902.4062821601595, -288.758852001968, 249.7838390518005], [894.7866175292634, -285.545172143386, 267.8039581306], [886.6488996995774, -282.1004246857, 285.564143073983], [878.0028259661669, -278.426095907876, 303.047734921659], [868.8586812505864, -274.523771144584, 320.238458740127], [859.2273223525218, -270.395134102188, 337.12044571219], [849.1201613386597, -266.041966132286, 353.678254568481]], "E": [[587.785252292473, -809.016994374943, 0.0], [587.2239874262024, -808.552228771324, 31.95488487323805], [585.5416488635076, -807.158481451131, 63.849756938147], [582.7426003502221, -804.837400046997, 95.6247616532367], [578.8341002689995, -801.591727817167, 127.2203605097671], [573.8262799000888, -797.4252994561, 158.5774877975559], [567.7321130889501, -792.343035239153, 189.6377058750135], [560.5673774228251, -786.35093351105, 220.3433584529739], [552.3506070468752, -779.456061530794, 250.6377214088596], [543.1030372786076, -771.666544688111, 280.465150656337], [532.8485412067469, -762.991554109666, 309.7712266059804], [521.6135584875814, -753.441292675484, 338.5028947643068], [509.4270165778263, -743.026979469148, 366.6086020321517], [496.3202446682275, -731.760832687501, 394.0384282782865], [482.3268806063804, -719.656051038579, 420.744212780767], [467.4827711204294, -706.726793658603, 446.679675146339], [451.8258656773399, -692.988158581725, 471.800530337586], [435.3961043303554, -678.456159798165, 496.064597457866], [418.2352999297748, -663.147702939354, 519.431901966065], [400.3870150894877, -647.080559630192, 541.864771015748]], "F": [[0.0, -1000.000000000003, 0.0], [-0.693606401277623, -998.978441562817, 39.48957797304019], [-2.770766113659401, -995.916116160701, 78.8520558515796], [-6.22051946611093, -990.820066690599, 117.9608860810255], [-11.02466291364053, -983.702008565216, 156.6906233626579], [-17.15784253296813, -974.578295669549, 194.9174687377776], [-24.58768418982691, -963.469872858848, 232.5198052641454], [-33.2749596564599, -950.402215156592, 269.3787225566148], [-43.1737877591568, -935.405253854905, 305.3785275270748], [-54.2318694423724, -918.513289763574, 340.4072387371533], [-66.3907554493901, -899.764893896385, 374.3570618700262], [-79.5861451405536, -879.202795925135, 407.1248439346692], [-93.7482147999637, -856.87376077213, 438.6125039362037], [-108.8019736212485, -832.828453750833, 468.727437878966], [-124.6676454133616, -807.1212947023249, 497.3828961138055], [-141.2610739293466, -779.8103016108828, 524.4983311968946], [-158.4941495955331, -750.956924216336, 549.9997145931014], [-176.2752553058986, -720.6258681734629, 573.8198207318542], [-194.5097288478802, -688.8849103387993, 595.8984771061788], [-213.1003394413203, -655.8047057938113, 616.1827792951532]], "G": [[-587.785252292477, -809.016994374943, 0.0], [-588.2826970568076, -807.392764594406, 39.47641464500705], [-589.7685898476614, -802.526470296511, 78.74691703538477], [-592.2236608011519, -794.437266146672, 117.60698482681345], [-595.6159751566365, -783.156975198868, 155.85486489468906], [-599.9012041610451, -768.729937387584, 193.29293153028604], [-605.0230011206389, -751.212798561851, 229.72901318764275], [-610.9134794200019, -730.674241198507, 264.9776777075315], [-617.4937884683178, -707.194658245551, 298.8614662912793], [-624.6747827083774, -680.865771850935, 331.2120669241396], [-632.3577780425521, -651.790199026971, 361.8714184517697], [-640.4353892989916, -620.080966582906, 390.6927370898479], [-648.7924416855857, -585.860977927182, 417.541457790216], [-657.3069485671125, -549.262434594244, 442.2960835920627], [-665.8511473550205, -510.4262155879219, 464.8489368470226], [-674.2925848266606, -469.5012178519498, 485.1068070157398], [-682.4952427933011, -426.643661377584, 502.9914905835659], [-690.3206947188916, -382.0163626376699, 518.4402195268224], [-697.6292836563462, -335.7879801934443, 531.405975671094], [-704.2813117163023, -288.1322364558843, 541.8576892106526]],