{"A": [[0.0, 1000.0, 0.0], [0.0, 1000.0, 0.0], [0.0, 1000.0, 0.0], [0.0, 1000.0, 0.0], [0.0, 1000.0, 0.0], [0.0, 1000.0, 0.0], [0.0, 1000.0, 0.0], [0.0, 1000.0, 0.0], [0.0, 1000.0, 0.0], [0.0, 1000.0, 0.0], [0.0, 1000.0, 0.0], [0.0, 1000.0, 0.0], [0.0, 1000.0, 0.0], [0.0, 1000.0, 0.0], [0.0, 1000.0, 0.0]], "B": [[587.7852522924732, 809.0169943749474, 0.0], [587.7852522924732, 809.0169943749474, 0.0], [587.7852522924732, 809.0169943749474, 0.0], [587.7852522924732, 809.0169943749474, 0.0], [587.7852522924732, 809.0169943749474, 0.0], [587.7852522924732, 809.0169943749474, 0.0], [587.7852522924732, 809.0169943749474, 0.0], [587.7852522924732, 809.0169943749474, 0.0], [587.7852522924732, 809.0169943749474, 0.0], [587.7852522924732, 809.0169943749474, 0.0], [587.7852522924732, 809.0169943749474, 0.0], [587.7852522924732, 809.0169943749474, 0.0], [587.7852522924732, 809.0169943749474, 0.0], [587.7852522924732, 809.0169943749474, 0.0], [587.7852522924732, 809.0169943749474, 0.0]], "C": [[951.056516295153, 309.016994374947, 0.0], [948.356989148338, 309.016994374947, 44.2044548756046], [940.298528948073, 309.016994374947, 87.7519289339984], [927.000903120121, 309.016994374947, 129.995205618053], [908.661745253859, 309.016994374947, 170.30645177123], [885.553617808338, 309.016994374947, 208.086548695766], [858.019961201409, 309.016994374947, 242.773996447329], [826.469989487839, 309.016994374947, 273.853259027685], [791.372608488493, 309.016994374947, 300.862426446407], [753.249446761305, 309.016994374947, 323.400079775633], [712.667102989972, 309.016994374947, 341.131257167197], [670.2287250122021, 309.016994374947, 353.79243216329], [626.5650456426716, 309.016994374947, 361.195430311377], [582.3250085191956, 309.016994374947, 363.2302258734], [538.1661232937906, 309.016994374947, 359.866577063663]], "D": [[951.056516295154, -309.016994374943, 0.0], [940.9933278226432, -304.862849245989, 115.3615018766943], [911.220137789816, -292.462154099319, 226.8320941928124], [862.964081137102, -271.999212052218, 330.707598233458], [798.198341541089, -243.778149926891, 423.646887009268], [719.538435248263, -208.218398219877, 502.8279931126], [630.105437030082, -165.848457391185, 566.075378505624], [533.363979582271, -117.298043120587, 611.951420827654], [432.944281716176, -63.288727270762, 639.807252999586], [332.458341584013, -4.623213654342, 649.790454880533], [235.320717735985, 57.826592008166, 642.809598275514], [144.5839969305401, 123.132540631467, 620.458142269676], [62.7981332674936, 190.324034215518, 584.902517748611], [-8.09860679638531, 258.4024511849891, 538.741290326472], [-66.8512582389914, 326.35598822411, 484.843929354446]], "E": [[587.785252292473, -809.016994374943, 0.0], [568.5681160958131, -793.041009308857, 185.7003741875457], [512.619812144183, -745.761077390812, 359.5116999657914], [424.875678083013, -669.087319154911, 510.612010511823], [313.001316483476, -566.092049361685, 630.198595684082], [186.62005638664, -440.849640712161, 712.224071724646], [56.357659448093, -298.225314444895, 753.840835090205], [-67.18829029628, -143.6249199183436, 755.512829123549], [-174.440346490586, 17.2800405263618, 720.792426481478], [-257.687772428281, 178.836526931737, 655.7986950874638], [-311.700888882202, 335.687159469438, 568.4666215186913], [-334.0562621943979, 483.024936994634, 467.660967443384], [-325.1517862169514, 616.811320077131, 362.26050414715], [-287.9281594685993, 733.945752046814, 260.317150376621], [-227.3474198873124, 832.377613128362, 168.380489956579]], "F": [[0.0, -1000.000000000003, 0.0], [-23.57065666148783, -964.994095383663, 227.7696175481822], [-90.053142069219, -862.726411321512, 430.7186670987894], [-187.495303867909, -701.1745243249222, 587.671746943653], [-298.293171098526, -492.7569766945116, 684.1154559308325], [-402.209962371913, -253.121699984907, 714.0789380841062], [-479.785961649769, 0.354285194233, 680.5861322683072], [-515.521762366035, 250.1870585197314, 594.655020140966], [-500.277848091098, 480.3527195125108, 473.0836705251349], [-432.499524408008, 677.632822702509, 335.4721149458197], [-318.1113197152857, 832.602669958026, 201.0433056247273], [-169.1794109285619, 940.172856865006, 85.826691186047], [-1.6624058264904, 999.650004524564, 0.659655537444], [167.2831878237677, 1014.340486924014, -49.727093562079], [321.9315668789786, 990.773869266664, -66.500824729092]], "G": [[-587.785252292477, -809.016994374943, 0.0], [-604.3264445155909, -753.613236910387, 225.1506873910549], [-646.643831450285, -594.808688993339, 410.8967144479888], [-694.906731913336, -353.6290114386292, 526.7474462779262], [-722.43111210941, -61.3530279134246, 557.7681123843965], [-703.332088928218, 245.414305473333, 507.31016043606917], [-620.018990164033, 530.348673904326, 395.2676139424912], [-468.4802424357139, 762.7126626120244, 252.49919043383], [-259.974403031597, 921.4711916753118, 113.0353972902879], [-18.781546532819, 997.581461577889, 6.17541815891874], [223.2412428065813, 994.187752010217, -49.5433571474397], [433.7342882868601, 924.8488107361375, -49.177961173511], [586.6412862448356, 810.274597354779, -0.65651490449167], [667.0686318932106, 674.2825473561121, 78.885187668186], [673.1857422198926, 539.761367094684, 168.391147122331]], "H": [[-951.056516295157, -309.016994374943, 0.0], [-947.0451880149978, -241.394950781873, 178.8656848539415], [-926.124990553999, -53.214044347516, 308.2734527227918], [-865.978195237156, 215.0679179323828, 355.6206856285652], [-742.0656906851704, 507.0495612105094, 315.9024652753695], [-541.022530446212, 763.831107227216, 212.58038906107316], [-270.62326048922, 937.560966562396, 88.5645261796422], [37.9305060308431, 1001.6627890847094, -9.067248824608], [336.583542021594, 955.3526382096001, -44.8781139263281], [573.573596530813, 821.692186514381, -5.83951645616986], [708.3950886304873, 640.169494344974, 96.2744413959853], [723.2945451046131, 456.1506222021115, 230.898594408479], [627.5189338878951, 310.145888685092, 360.12916099971835], [453.3511610420457, 229.5734831695441, 451.074255392373], [245.8931237720696, 224.733870479924, 484.847630460477]], "I": [[-951.056516295157, 309.016994374947, 0.0], [-917.9725689267785, 371.755129163447, 106.9784569723089], [-812.49078391993, 537.254750813681, 165.4453032786888], [-622.700836972917, 745.5895677879608, 152.3255375295702], [-347.1352907296283, 921.1764647339354, 82.4610417465465], [-9.999172842084, 999.599735665777, 1.88307352728515], [334.898983271121, 949.8499316465129, -34.5525112225648], [616.1017141877961, 784.1440759424174, 10.1596786820165], [768.348828186633, 552.4042398395691, 137.2683578043769], [757.687930490529, 324.227925179224, 311.33115049608716], [596.0867849252203, 165.509493326454, 475.8146100238003], [338.6325225312071, 118.2004772840755, 577.006726629761], [64.5328918423091, 189.765614107204, 584.8986366953503], [-149.7015172205613, 354.7501830508771, 502.3019070779165], [-253.7546605078484, 566.34109598811, 359.857205247715]], "J": [[-587.785252292477, 809.016994374947, 0.0], [-528.4548833585965, 846.540283755319, 37.5447413950049], [-352.908008479003, 931.508452851611, 41.6967590548888], [-76.009515868838, 996.0172297472658, 9.5649098860012], [259.9804923037667, 968.8109598852213, -22.9305713615415], [579.852292155358, 815.134294678429, -1.82658573085069], [791.875357444075, 559.0028158768329, 108.1959976746262], [823.4988764891671, 276.6461975400454, 295.4636073905765], [658.207920180635, 64.5702123579931, 500.3839774970969], [351.149521192067, -1.946828223527, 643.4494475798651], [11.61344831103431, 99.7636904161518, 665.6419511442923], [-240.8609326121399, 332.1738408011275, 557.8039559618452], [-325.0312483880949, 615.336567194271, 363.3243697209903], [-227.3761441184998, 859.9440149576031, 154.8657895112845], [0.0162664653906, 1000.004690780598, -0.006955825476]],