{"A": [[0.0, 1000.0, 0.0], [0.0, 1000.0, 0.0], [0.0, 1000.0, 0.0], [0.0, 1000.0, 0.0], [0.0, 1000.0, 0.0], [0.0, 1000.0, 0.0], [0.0, 1000.0, 0.0], [0.0, 1000.0, 0.0], [0.0, 1000.0, 0.0], [0.0, 1000.0, 0.0], [0.0, 1000.0, 0.0], [0.0, 1000.0, 0.0], [0.0, 1000.0, 0.0], [0.0, 1000.0, 0.0], [0.0, 1000.0, 0.0]], "B": [[587.7852522924732, 809.0169943749474, 0.0], [587.7852522924732, 809.0169943749474, 0.0], [587.7852522924732, 809.0169943749474, 0.0], [587.7852522924732, 809.0169943749474, 0.0], [587.7852522924732, 809.0169943749474, 0.0], [587.7852522924732, 809.0169943749474, 0.0], [587.7852522924732, 809.0169943749474, 0.0], [587.7852522924732, 809.0169943749474, 0.0], [587.7852522924732, 809.0169943749474, 0.0], [587.7852522924732, 809.0169943749474, 0.0], [587.7852522924732, 809.0169943749474, 0.0], [587.7852522924732, 809.0169943749474, 0.0], [587.7852522924732, 809.0169943749474, 0.0], [587.7852522924732, 809.0169943749474, 0.0], [587.7852522924732, 809.0169943749474, 0.0]], "C": [[951.056516295153, 309.016994374947, 0.0], [949.921131167582, 309.016994374947, 28.6987191605648], [946.522072957235, 309.016994374947, 57.2180456625624], [940.880588817532, 309.016994374947, 85.3797082119638], [933.03194306924, 309.016994374947, 113.007671234284], [923.025196766934, 309.016994374947, 139.929235254343], [910.922901023529, 309.016994374947, 165.976116422423], [896.800706009893, 309.016994374947, 190.985498438812], [880.746888073628, 309.016994374947, 214.801050301285], [862.861797932951, 309.016994374947, 237.273903513655], [843.257233394974, 309.016994374947, 258.263582647009], [822.05574051943, 309.016994374947, 277.638883436755], [799.389847596214, 309.016994374947, 295.278692926606], [775.40123672506, 309.016994374947, 311.072746532859], [750.239858175712, 309.016994374947, 324.922317296652]], "D": [[951.056516295154, -309.016994374943, 0.0], [946.8186077178714, -307.269816317204, 75.033938651141], [934.1788085386364, -302.039203569261, 149.0002772085448], [913.357252096179, -293.357852138262, 220.8530320584338], [884.7153794122678, -281.280028233943, 289.588944379431], [848.7479058801932, -265.881229056293, 354.267584609351], [806.071848104777, -247.257710870542, 414.029982056426], [757.412876224914, -225.52588731942, 468.115344878735], [703.58932145056, -200.821601733793, 515.875482553779], [645.494224784116, -173.299277990365, 556.786599357053], [584.075859581524, -143.130955224354, 590.458191861879], [520.317196589612, -110.505212431054, 616.638854460109], [455.214804488204, -75.625989678477, 635.218872620293], [389.757691171925, -38.711313299548, 646.229562165687], [324.906590734454, 0.008066967431, 649.839392317801]], "E": [[587.785252292473, -809.016994374943, 0.0], [579.6735817720244, -802.289297249552, 121.1452677449261], [555.6424239463964, -782.221256239745, 239.0081273278823], [516.590204961256, -749.155480961946, 350.4309743042048], [463.9711561993248, -703.654577214528, 452.500117282001], [399.7327957351102, -646.488744943902, 542.653786230829], [326.232683800851, -578.618836584415, 618.774193246515], [246.138464734939, -501.175284422604, 679.259601921962], [162.315986469323, -415.433404835076, 723.073363957068], [77.710819024378, -322.785673883514, 749.76803068363], [-4.77125055499, -224.7116406814292, 759.483881904352], [-82.379199358373, -122.7462004023511, 752.922469670825], [-152.621990438905, -18.4469864157562, 731.2969844290061], [-213.359375041518, 86.638340102927, 696.2623522545387], [-262.87442029082, 191.004125089812, 649.8289078513751]], "F": [[0.0, -1000.000000000003, 0.0], [-9.99409009242564, -985.2310574488, 149.2586165897156], [-39.2163524757026, -941.414720479712, 291.605544631291], [-85.4429629458, -870.001890075279, 420.5610063469404], [-145.1503973258622, -773.3431537113353, 530.4773356667472], [-213.7744022236798, -654.5908256247992, 616.8783481460383], [-286.043294287968, -517.5684438838007, 676.7137087483198], [-356.359347600038, -366.613949572938, 708.511004369418], [-419.198538102307, -206.403983927175, 712.4164339463828], [-469.497922132683, -41.767566366675, 690.1238515957009], [-503.001485587942, 122.5021805861448, 644.700579678431], [-516.539237907874, 281.8296324800889, 580.326213557654], [-508.220260616719, 432.0234383215348, 501.9669211279811], [-477.527803114816, 569.42120058961, 415.0119967353257], [-425.312680654291, 691.006029101751, 324.9013485329581]], "G": [[-587.785252292477, -809.016994374943, 0.0], [-594.8908904550107, -785.578298822017, 148.537403411918], [-614.8800864389906, -716.591466354128, 285.968075879599], [-643.931397824355, -605.953156397135, 402.2594872847863], [-676.1951831850402, -459.8611907567753, 489.4102495266473], [-704.5065856937198, -286.39377275676327, 542.1865439361203], [-721.260021599399, -94.9665647754917, 558.5609970038678], [-719.340455914769, 104.290911261637, 539.8120467582409], [-693.00108420456, 301.192486314442, 490.2813390237718], [-638.585017035063, 486.137407313085, 416.8256548366469], [-555.0089494082198, 650.6907791210438, 328.033500027214], [-443.9567750873539, 788.0619300481209, 233.300770340577], [-309.766678087734, 893.4494031793998, 141.8721200178901], [-159.031778540658, 964.232724809717, 61.9537098710237], [0.032690775822, 1000.003807993163, -0.0104839589699459]], "H": [[-951.056516295157, -309.016994374943, 0.0], [-949.5622837769806, -280.289247055057, 119.2596273079953], [-943.4310754401666, -196.763874748705, 224.3277166806945], [-928.06060019593, -66.136474862371, 303.0901475340237], [-896.8630002389542, 99.6617794759887, 347.2632427038623], [-842.6845233619568, 285.69873069506775, 353.5518804034703], [-759.4221542772058, 475.5680681080053, 324.0404316794648], [-643.5470249602436, 653.036910412021, 265.7697224893589], [-495.260037469299, 803.632208024842, 189.5841229845758], [-319.06871370854, 915.995375048468, 108.4468768167169], [-123.6739341463418, 982.8658336822098, 35.49999940476], [78.8272072281521, 1001.6010098981399, -17.824657406687], [274.301671787058, 974.1965338114165, -43.3576692152219], [448.291472890704, 906.8287337598695, -37.1889213856708], [587.809460074881, 808.994697522594, 0.010484973867289]], "I": [[-951.056516295157, 309.016994374947, 0.0], [-942.384457312275, 329.007137447552, 15.952290253010306], [-915.2042141476218, 386.359779319072, 21.5074523619655], [-866.3725389950948, 473.543205016454, 8.2911694468097], [-791.7419962572042, 579.0366778555667, -28.3899119155837], [-687.5601857056148, 688.7435657040558, -88.5536636574007], [-552.0001280101447, 787.7172075604043, -167.3911800514962], [-386.4938537847236, 861.985811796471, -255.9869593547091], [-196.569749070114, 900.2514922103704, -342.7830780990272], [8.018808641757, 895.2557863992621, -415.5279636436881], [213.9565620654112, 844.6473945659848, -463.366037088193], [405.7565265352051, 751.2517759105269, -478.702615731175], [567.674116643707, 622.7183219204185, -458.5223189806219], [685.839248050324, 470.5991672454275, -404.9399663405858], [750.252343742437, 308.984075573672, -324.9013484972537]], "J": [[-587.785252292477, 809.016994374947, 0.0], [-576.1241786868541, 807.451246480914, -121.5637236602647], [-541.3751264457808, 801.908249895488, -242.1917949629385], [-484.3619211497988, 790.044746824378, -360.3016589380823], [-406.8162972856012, 768.5657759040837, -473.2235195873087], [-311.7686112758118, 734.0200094551876, -577.1196750406307], [-203.8425782674578, 683.6942774717593, -667.3227371901042], [-89.2898245284746, 616.435486808842, -739.0405942053691], [24.346416871135, 533.2375335025274, -788.2747312077212], [128.958090591457, 437.4699185372451, -812.732949157978], [216.90279388659778, 334.6872264479688, -812.50491762315], [282.1566512866841, 232.0336715053669, -790.313979687256], [321.351374598925, 137.3312041480485, -751.2516545489669], [334.455344474245, 57.9995529410995, -702.0206318737868], [324.91583697152, -0.009368784696, -649.8289088564477]],