{"A": [[0.0, 1000.0, 0.0], [0.0, 1000.0, 0.0], [0.0, 1000.0, 0.0], [0.0, 1000.0, 0.0], [0.0, 1000.0, 0.0], [0.0, 1000.0, 0.0], [0.0, 1000.0, 0.0], [0.0, 1000.0, 0.0], [0.0, 1000.0, 0.0], [0.0, 1000.0, 0.0], [0.0, 1000.0, 0.0], [0.0, 1000.0, 0.0], [0.0, 1000.0, 0.0], [0.0, 1000.0, 0.0], [0.0, 1000.0, 0.0]], "B": [[587.7852522924732, 809.0169943749474, 0.0], [587.7852522924732, 809.0169943749474, 0.0], [587.7852522924732, 809.0169943749474, 0.0], [587.7852522924732, 809.0169943749474, 0.0], [587.7852522924732, 809.0169943749474, 0.0], [587.7852522924732, 809.0169943749474, 0.0], [587.7852522924732, 809.0169943749474, 0.0], [587.7852522924732, 809.0169943749474, 0.0], [587.7852522924732, 809.0169943749474, 0.0], [587.7852522924732, 809.0169943749474, 0.0], [587.7852522924732, 809.0169943749474, 0.0], [587.7852522924732, 809.0169943749474, 0.0], [587.7852522924732, 809.0169943749474, 0.0], [587.7852522924732, 809.0169943749474, 0.0], [587.7852522924732, 809.0169943749474, 0.0]], "C": [[951.056516295153, 309.016994374947, 0.0], [950.707875955146, 309.016994374947, 15.91164617211], [949.662624132493, 309.016994374947, 31.7927507502036], [947.922767134804, 309.016994374947, 47.6128307632976], [945.491644528929, 309.016994374947, 63.3415203739519], [942.373922730825, 309.016994374947, 78.9486291639468], [938.575586048616, 309.016994374947, 94.4042000832524], [934.10392519601, 309.016994374947, 109.67856695106], [928.96752329815, 309.016994374947, 124.742411398503], [923.176239416745, 309.016994374947, 139.566819143775], [916.741189626097, 309.016994374947, 154.123335491617], [909.674725676369, 309.016994374947, 168.384019950657], [901.990411285025, 309.016994374947, 182.321499863757], [893.702996101969, 309.016994374947, 195.909022948439], [884.828387398344, 309.016994374947, 209.120508646522]], "D": [[951.056516295154, -309.016994374943, 0.0], [949.7543463778908, -308.480492057526, 41.6401572254556], [945.8548201623274, -306.872014894135, 83.0981124638912], [939.3788404412081, -304.194650274722, 124.192798331857], [930.3610861718641, -300.453537264243, 164.7454084520019], [918.8497751731323, -295.655856738486, 204.5805075154848], [904.9063343769012, -289.810817600743, 243.5271169886484], [888.6049800874678, -282.929639105794, 281.419768632328], [870.0322113707223, -275.025529325116, 318.099518245336], [849.2862203401173, -266.113659794661, 353.41491234405], [826.476223722771, -256.211136393872, 387.222900845476], [801.721720671975, -245.336966511811, 419.38968922883], [775.151682337552, -233.512022563452, 449.791524107491], [746.903679208759, -220.759001926139, 478.315406645724], [717.122952701851, -207.102383373129, 504.859728798836]], "E": [[587.785252292473, -809.016994374943, 0.0], [585.2899025915938, -806.949835407966, 67.3305096059786], [577.8326273988464, -800.759226614338, 134.0990828752787], [565.4993653202162, -790.477698501593, 199.7503680422539], [548.4320760200142, -776.159223082073, 263.742089886895], [526.8268531766593, -757.878847536825, 325.5513579584568], [500.9313222390702, -735.732185157924, 384.6807027535124], [471.0413618368788, -709.834767347739, 440.66375578509], [437.4971977200503, -680.321261483169, 493.070495012314], [400.6789273416563, -647.34456044663, 541.511983843821], [361.001541504526, -611.074750574831, 585.644539772181], [318.909516736456, -571.69796567411, 625.173277512295], [274.871058125719, -529.415135591156, 659.854981159969], [229.372077144479, -484.440638602944, 689.500270199736], [182.909992438941, -437.000867594583, 713.975035005537]], "F": [[0.0, -1000.000000000003, 0.0], [-3.081353530789206, -995.457828950602, 83.1422960201063], [-12.2531850326456, -981.877756647523, 165.0962326763779], [-27.30045546583486, -959.39850565859, 244.6963871714181], [-47.8702199426798, -928.249289262084, 320.8226894728134], [-73.4796669901047, -888.746855919144, 392.4218109060922], [-103.5270953429178, -841.2914129742, 458.5270438085715], [-137.3055589358742, -786.3614898407584, 518.276228886387], [-174.0188461650457, -724.5078164811122, 570.9273359362061], [-212.7994036809737, -656.3463073276031, 615.8713623302467], [-252.727769397813, -582.5502536952475, 652.6422805341188], [-292.853045211514, -503.8418389941392, 680.9238391323561], [-332.213917956665, -420.983100492305, 700.5530994147067], [-369.859727900486, -334.766468856712, 711.5206694566549], [-404.871087726007, -246.005022100222, 713.967677690351]], "G": [[-587.785252292477, -809.016994374943, 0.0], [-589.9902750691592, -801.798556352407, 83.01898536038728], [-596.4784491432406, -780.269491452378, 164.11672769696253], [-606.8738694647528, -744.805876303204, 241.42951373065384], [-620.5657739550818, -696.025666357315, 313.20674373333486], [-636.7315422116097, -634.775659778985, 377.8626955241974], [-654.3676771972538, -562.113685470748, 434.0227360547379], [-672.3276109487502, -479.2864400456184, 480.5624528442285], [-689.3649237200517, -387.7035006757242, 516.6384378664578], [-704.1803694514457, -288.90812917068905, 541.7097620150471], [-715.470966450958, -184.5455551135375, 555.5495169622244], [-721.979345571587, -76.3294805940402, 558.2461598073301], [-722.541551092989, 33.99241528747, 550.1947604333357], [-716.131561289427, 144.67317822095, 532.0786078834939], [-701.90093283563, 254.000697248078, 504.841966733425]], "H": [[-951.056516295157, -309.016994374943, 0.0], [-950.6278463033563, -300.151074806403, 67.00781042056958], [-949.1826687217226, -273.806827104579, 131.53890758319014], [-946.2537266374999, -230.736580114244, 191.22909031312534], [-941.0958419618878, -172.167159396437, 243.93372273387604], [-932.7343287226947, -99.760312093086, 287.824151731494], [-920.0289602593558, -15.559279223648, 321.4688603160969], [-901.7499343681642, 78.0765982763876, 343.8955136109325], [-876.6616129203787, 178.5469405943338, 354.6310330166218], [-843.6093785085257, 283.09243254242494, 353.7179534612181], [-801.6047733527976, 388.8811188160245, 341.7065180476404], [-749.90417354525, 493.0959214384538, 319.6231794536371], [-688.0765982990674, 593.020401781552, 288.9173435075947], [-616.056838301554, 686.119891497726, 251.3892462204989], [-534.180875490634, 770.115323456499, 209.10274676414502]], "I": [[-951.056516295157, 309.016994374947, 0.0], [-946.85580685671, 317.334058034875, 41.24167589276328], [-934.1317332370417, 341.886008602217, 79.94614985049142], [-912.5352437372134, 381.494346261694, 113.75413984607783], [-881.5391414206488, 434.258007544385, 140.64999908134806], [-840.5151548981215, 497.644681429294, 159.103877711659], [-788.8326887652998, 568.612158195513, 168.1806308273919], [-725.9709561104422, 643.7536333699776, 167.6080948298535], [-651.6349667419947, 719.4597207407528, 157.8001816896898], [-565.8653495585897, 792.0891418628049, 139.8333688512421], [-469.1322642979866, 858.1396936959785, 115.3783671813944], [-362.404686329675, 914.4111666496977, 86.5918021449881], [-247.1880506999024, 958.152384087481, 55.9754294102527], [-125.525489995068, 987.185429735207, 26.2125394666519], [0.039474195254, 1000.001368679617, -0.00735687330297049]], "J": [[-587.785252292477, 809.016994374947, 0.0], [-584.4576032588391, 812.023304569336, -35.67452943688072], [-574.3670570536947, 820.942423016976, -71.84430053716457], [-557.1966879317594, 835.469927949516, -108.97146092626716], [-532.4382907700698, 855.082921536662, -147.44894067467894], [-499.4237704437065, 879.020427201349, -187.5590987336], [-457.3714001293768, 906.2628903673, -229.4264722904791], [-405.4482784737232, 935.5167562607706, -272.9659676065345], [-342.8494662730157, 965.2105261086448, -317.8299977683292], [-268.8927937371277, 993.508339468156, -363.3600523845539], [-183.1263231327076, 1018.3459987172535, -408.5496361737386], [-85.44315266083, 1037.4925243062758, -452.0261510605439], [23.8040447818446, 1048.637961101026, -492.0589269845323], [143.698301378485, 1049.5054608331598, -526.5991600590431], [272.674273923624, 1037.9828967955184, -553.355060174919]],