{"A": [[0.0, 1000.0, 0.0], [0.0, 1000.0, 0.0], [0.0, 1000.0, 0.0], [0.0, 1000.0, 0.0], [0.0, 1000.0, 0.0], [0.0, 1000.0, 0.0], [0.0, 1000.0, 0.0], [0.0, 1000.0, 0.0], [0.0, 1000.0, 0.0], [0.0, 1000.0, 0.0], [0.0, 1000.0, 0.0], [0.0, 1000.0, 0.0], [0.0, 1000.0, 0.0], [0.0, 1000.0, 0.0], [0.0, 1000.0, 0.0], [0.0, 1000.0, 0.0], [0.0, 1000.0, 0.0], [0.0, 1000.0, 0.0], [0.0, 1000.0, 0.0], [0.0, 1000.0, 0.0]], "B": [[587.7852522924732, 809.0169943749474, 0.0], [587.7852522924732, 809.0169943749474, 0.0], [587.7852522924732, 809.0169943749474, 0.0], [587.7852522924732, 809.0169943749474, 0.0], [587.7852522924732, 809.0169943749474, 0.0], [587.7852522924732, 809.0169943749474, 0.0], [587.7852522924732, 809.0169943749474, 0.0], [587.7852522924732, 809.0169943749474, 0.0], [587.7852522924732, 809.0169943749474, 0.0], [587.7852522924732, 809.0169943749474, 0.0], [587.7852522924732, 809.0169943749474, 0.0], [587.7852522924732, 809.0169943749474, 0.0], [587.7852522924732, 809.0169943749474, 0.0], [587.7852522924732, 809.0169943749474, 0.0], [587.7852522924732, 809.0169943749474, 0.0], [587.7852522924732, 809.0169943749474, 0.0], [587.7852522924732, 809.0169943749474, 0.0], [587.7852522924732, 809.0169943749474, 0.0], [587.7852522924732, 809.0169943749474, 0.0], [587.7852522924732, 809.0169943749474, 0.0]], "C": [[951.056516295153, 309.016994374947, 0.0], [950.867212961205, 309.016994374947, 11.7260857516143], [950.299500254087, 309.016994374947, 23.4399504037533], [949.353969852353, 309.016994374947, 35.1293855939519], [948.03160720173, 309.016994374947, 46.7822084204903], [946.333790488072, 309.016994374947, 58.386274139594], [944.262289200992, 309.016994374947, 69.929488822865], [941.819262289676, 309.016994374947, 81.3998219617517], [939.007255912796, 309.016994374947, 92.7853190059232], [935.829200784859, 309.016994374947, 104.074113822477], [932.288409121784, 309.016994374947, 115.254441062999], [928.38857118885, 309.016994374947, 126.31464842558], [924.133751454656, 309.016994374947, 137.243208799022], [919.528384355067, 309.016994374947, 148.028732276559], [914.577269671583, 309.016994374947, 158.659978026584], [909.285567528932, 309.016994374947, 169.125866008018], [903.658793017116, 309.016994374947, 179.415488518083], [897.702810443498, 309.016994374947, 189.518121560474], [891.423827220941, 309.016994374947, 199.423236022069], [884.828387398344, 309.016994374947, 209.120508646522]], "D": [[951.056516295154, -309.016994374943, 0.0], [950.3493764622615, -308.725686497731, 30.6924592504253], [948.2300166438923, -307.85206647146, 61.3119751470746], [944.7046082216754, -306.397044795802, 91.785851050862], [939.7834113316333, -304.362137915804, 122.0418827835468], [933.4807367223689, -301.74946664142, 152.0086024407925], [925.8148925725143, -298.561753937178, 181.6155193155], [916.8081164823683, -294.802322084262, 210.7933569866437], [906.4864929145147, -290.475089217983, 239.4742856445752], [894.8798564169516, -285.584565244241, 267.592148743297], [882.0216810196645, -280.135847139233, 295.082683093481], [867.9489562512478, -274.134613637312, 321.88373153692], [852.7020502761693, -267.587119312523, 347.93544737352], [836.3245607050293, -260.500188059998, 373.18048974577], [818.8631536797627, -252.881205983985, 397.56420922268], [800.367391882744, -244.738113699949, 421.034822865382], [780.889552163205, -236.079398058742, 443.543578099694], [760.484433515801, -226.914083301479, 465.044904766775], [739.209156184705, -217.251721654347, 485.49655477149], [717.122952701851, -207.102383373129, 504.859728798836]], "E": [[587.785252292473, -809.016994374943, 0.0], [586.4298404373235, -807.894433833159, 49.6435603552081], [582.3720954602273, -804.529957565626, 99.0620116440222], [575.6374277034623, -798.933169822097, 148.0316780829662], [566.2679834943342, -791.120038320473, 196.3317395020874], [554.3223405240359, -781.11283536611, 243.7456318636267], [539.8750848495683, -768.940055751364, 290.062415293594], [523.0162729538893, -754.6363117665, 335.0780992258427], [503.8507832291816, -738.242205745189, 378.5969146206182], [482.4975621399636, -719.804180658233, 420.432523666554], [459.0887711686215, -699.374349357549, 460.409157902503], [433.7688414386498, -677.010303158422, 498.362676298941], [406.6934436436073, -652.774900530769, 534.14153551231], [378.0283815761033, -626.736036750363, 567.607665263962], [347.9484181454227, -598.966395436922, 598.637242591281], [316.636043289515, -569.543182978781, 627.121359565515], [284.280193622806, -538.547846911917, 652.966579960888], [251.074934011743, -506.065779385359, 676.09538128513], [217.218111532652, -472.186006904028, 696.446479534214], [182.909992438941, -437.000867594583, 713.975035005537]], "F": [[0.0, -1000.000000000003, 0.0], [-1.674476267140475, -997.532928694591, 61.329671358104], [-6.67657625593264, -990.145418101455, 122.1828768875669], [-14.94257806787467, -977.878482004112, 182.088150027627], [-26.36715679506279, -960.800156863547, 240.5839610902024], [-40.8046895595251, -939.005024754664, 297.2235323844822], [-58.0710580607817, -912.613550860701, 351.5794717235839], [-77.9459245473597, -881.771240852725, 403.2481676636742], [-100.1754508442594, -846.647624923707, 451.8538930861257], [-124.4754242201434, -807.4350766300892, 497.0525677174401], [-150.5347485486665, -764.3474760063121, 538.5351348313833], [-178.0192544826582, -717.6187276487462, 576.0305126245427], [-206.5757782852687, -667.5011456026916, 609.308086523632], [-235.8364556033117, -614.2637179220956, 638.1797148858758], [-265.4231738722133, -558.1902646950444, 662.5012271020184], [-294.952125242004, -499.5775041336901, 682.1733999101839], [-324.038400932797, -438.7330420054386, 697.1424046785679], [-352.300567774685, -375.973300230664, 707.3997254161992], [-379.365168360791, -311.621400882836, 712.9815542226337], [-404.871087726007, -246.005022100222, 713.967677690351]], "G": [[-587.785252292477, -809.016994374943, 0.0], [-588.9850747603974, -805.09522524557, 61.28028653993136], [-592.5470284686156, -793.367193733099, 121.78931792182816], [-598.3593402886527, -773.94429882508, 180.76839966021095], [-606.2382658521888, -747.010782285088, 237.48372749993572], [-615.9318512679741, -712.821613288202, 291.23825940104274], [-627.1250916227586, -671.699565544091, 341.3829127050514], [-639.4463811365977, -624.031524881964, 387.3268828065337], [-652.4751236973455, -570.264075190191, 428.5468972867991], [-665.7503491525824, -510.8984198441141, 464.5952407835997], [-678.7801606789315, -446.4847041868161, 495.1064104123374], [-691.0518221979602, -377.6158121340983, 519.8022887944412], [-702.0422824995497, -304.9207164505306, 538.4957511037084], [-711.2289247111307, -229.0574676028216, 551.0926533861633], [-718.1003261669663, -150.7059102654825, 557.5921810881675], [-722.166814635529, -70.5602194811751, 558.0855685732799], [-722.970612209257, 10.6786498735574, 552.7532317512389], [-720.095367805921, 92.310506311525, 541.8603861326072], [-713.174892936268, 173.643364577746, 525.7512510358027], [-701.90093283563, 254.000697248078, 504.841966733425]],