{"A": [[0.0, 1000.0, 0.0], [0.0, 1000.0, 0.0], [0.0, 1000.0, 0.0], [0.0, 1000.0, 0.0], [0.0, 1000.0, 0.0], [0.0, 1000.0, 0.0], [0.0, 1000.0, 0.0], [0.0, 1000.0, 0.0], [0.0, 1000.0, 0.0], [0.0, 1000.0, 0.0], [0.0, 1000.0, 0.0], [0.0, 1000.0, 0.0], [0.0, 1000.0, 0.0], [0.0, 1000.0, 0.0], [0.0, 1000.0, 0.0]], "B": [[587.7852522924732, 809.0169943749474, 0.0], [587.7852522924732, 809.0169943749474, 0.0], [587.7852522924732, 809.0169943749474, 0.0], [587.7852522924732, 809.0169943749474, 0.0], [587.7852522924732, 809.0169943749474, 0.0], [587.7852522924732, 809.0169943749474, 0.0], [587.7852522924732, 809.0169943749474, 0.0], [587.7852522924732, 809.0169943749474, 0.0], [587.7852522924732, 809.0169943749474, 0.0], [587.7852522924732, 809.0169943749474, 0.0], [587.7852522924732, 809.0169943749474, 0.0], [587.7852522924732, 809.0169943749474, 0.0], [587.7852522924732, 809.0169943749474, 0.0], [587.7852522924732, 809.0169943749474, 0.0], [587.7852522924732, 809.0169943749474, 0.0]], "C": [[951.056516295153, 309.016994374947, 0.0], [949.069295262161, 309.016994374947, -37.9453758128931], [943.129373753149, 309.016994374947, -75.4756026371802], [933.301738669789, 309.016994374947, -112.180073504964], [919.693911223239, 309.016994374947, -147.657215796876], [902.454770576785, 309.016994374947, -181.518884727799], [881.772925003516, 309.016994374947, -213.394609922673], [857.874648379716, 309.016994374947, -242.935648621879], [831.021404590174, 309.016994374947, -269.818801171294], [801.506986930153, 309.016994374947, -293.749947052874], [769.654303800961, 309.016994374947, -314.467262769128], [735.81184586588, 309.016994374947, -331.744086375565], [700.349873318219, 309.016994374947, -345.391397321119], [663.6563649754704, 309.016994374947, -355.259884465371], [626.1327735192987, 309.016994374947, -361.241579647004]], "D": [[951.056516295154, -309.016994374943, 0.0], [943.6442773478527, -305.958975645959, -99.1102082542136], [921.633573259078, -296.818376325759, -195.7562969283122], [885.6936448937548, -281.695200973048, -287.561323712232], [836.9109413225054, -260.754907718564, -372.319118951941], [776.746978116134, -234.226598037244, -448.070871154211], [706.9818553309, -202.400510217618, -513.171575697423], [629.645820334384, -165.624843951655, -566.343655030344], [546.941761060095, -124.301950786242, -606.715609031382], [461.161890888878, -78.88393211546, -633.844195870225], [374.602120964708, -29.867692874674, -647.719348785312], [289.477699329503, 22.210494947499, -648.751772042516], [207.843625348122, 76.780859500345, -637.743897941555], [131.5231257567204, 133.246362774186, -615.845594041566], [62.0471151501077, 190.98923261436, -584.496655123647]], "E": [[587.785252292473, -809.016994374943, 0.0], [573.6155506160078, -797.249781335828, -159.7575238412477], [532.0329541033831, -762.299889130671, -311.9644293479232], [465.7471216520338, -705.208977492623, -449.570613462619], [379.0471811367334, -627.668449314135, -566.487193960283], [277.481450221506, -531.954387561924, -657.971102814284], [167.447509580796, -420.840342537709, -720.9039531981], [55.726868141247, -297.491643089807, -753.944814005167], [-50.997342506591, -165.3456763397865, -757.54747658151], [-146.600458693983, -27.9831593114663, -733.844440907837], [-225.917707912887, 111.004212358292, -686.4111139423203], [-285.056436167201, 248.144224132923, -619.9335761322559], [-321.597137590865, 380.207304711158, -539.8108486914459], [-334.6715888707476, 504.317325860059, -451.727223168473], [-324.9174904045213, 618.045534145454, -361.231519868194]], "F": [[0.0, -1000.000000000003, 0.0], [-4.80314812100524, -998.470799416093, -76.6436135480304], [-19.9645510393189, -992.89196546421, -156.7482578369322], [-47.5076011222502, -980.420608047878, -242.703121557497], [-90.0767201134566, -956.740505938029, -334.969682581036], [-150.001518005225, -916.647108227643, -431.617764440461], [-228.269021954242, -854.775767694324, -528.356596129422], [-323.622670259214, -766.39363134488, -619.071301498454], [-431.991096487151, -648.1676130302715, -696.779490533293], [-546.395492607981, -498.8218603443603, -754.841100582121], [-657.400781572608, -319.608062202398, -788.2022598880493], [-754.077554602443, -114.529888267187, -794.4405671287749], [-825.34616013359, 109.71293489029, -774.4077997214409], [-861.4986573334006, 344.067300630317, -732.332249137399], [-855.6524853408833, 577.7333248529322, -675.335487022335]], "G": [[-587.785252292477, -809.016994374943, 0.0], [-567.1379052462693, -831.531764947036, 117.9765060427126], [-510.0474434509799, -894.8904603746231, 206.8180701084638], [-429.9785852193462, -987.1700532423246, 242.720819512019], [-345.9895803359906, -1090.513328481763, 211.454558436419], [-278.474721070565, -1183.822573871119, 110.671750396813], [-244.637663507654, -1245.928863437237, -50.133494936535], [-254.7126726679645, -1258.752457728534, -251.919821092623], [-309.762280615338, -1209.9772413932515, -470.07247851264], [-401.502985569836, -1094.8445504404624, -679.1501133715713], [-514.138834204097, -916.815032325348, -857.3821740456852], [-627.730155178413, -687.027386770626, -990.0139807518799], [-722.29785389074, -422.670299731695, -1070.9126889290549], [-781.7354298013198, -144.548221692642, -1102.27644780638], [-796.6935359136489, 125.7632098648352, -1092.723638136128]], "H": [[-951.056516295157, -309.016994374943, 0.0], [-895.1566961548513, -361.21872043475, 348.5742602003886], [-739.0640475012659, -508.1195837151731, 630.9945608378048], [-514.6753280053636, -722.5104405225276, 794.760457949841], [-266.2396078110026, -964.977934396934, 811.32689315802], [-39.648638495046, -1191.4645196422623, 680.645183283437], [128.084183670008, -1361.48570632669, 429.12744854624], [216.3732785192605, -1445.303003433143, 101.976960104156], [223.846849747343, -1428.6329986177755, -247.773204838037], [166.043936760752, -1314.0617663533094, -570.5208610930252], [69.163994513381, -1119.084116620112, -828.9034311159277], [-37.97411387222, -871.419867278029, -1002.3928387482053], [-131.324800151934, -602.805479857096, -1087.288826627857], [-196.4014537101498, -342.70123649676, -1093.0281827023518], [-229.5206405637619, -113.2518449783188, -1036.574536728707]], "I": [[-951.056516295157, 309.016994374947, 0.0], [-861.5613164562158, 229.948284272286, 525.6588000640116], [-613.950432271603, 10.2511950949859, 943.4114781294478], [-264.6184186559935, -301.9946970191836, 1172.389989107796], [111.0136183891614, -640.201777568334, 1177.614297428649], [439.529488834264, -935.5108936906472, 975.334977646097], [668.052856477114, -1132.666981393139, 624.170609812706], [774.5963064216465, -1201.289532796955, 205.950459216531], [767.884475961085, -1139.8378018266244, -196.9164764318493], [678.239017840142, -971.8417241272663, -520.4443909000387], [544.048695344469, -736.228852567425, -729.5435853339699], [399.236980858552, -475.123952768653, -818.6484019954723], [265.849109328793, -222.895557447949, -804.6453272634247], [153.1820482043602, 0.567608012847, -716.3003143035069], [62.0454732738091, 191.0018189821702, -584.485031787073]], "J": [[-587.785252292477, 809.016994374947, 0.0], [-479.3895299309157, 712.547946858773, 580.5067946087778], [-185.5481727341939, 449.5750430480069, 1017.1140689461355], [211.0148961471145, 90.7759675213844, 1210.7327351737354], [605.2581324330404, -271.587061218515, 1135.0518435758229], [904.354058824449, -552.0130278440012, 838.099715141859], [1053.87955186194, -695.665360222367, 418.906498305991], [1046.6445869099266, -689.896130463707, -9.531633736684], [913.562848291113, -560.5912351332795, -355.7158405972893], [703.6951006004031, -356.4131408293613, -571.0967152350098], [463.9979882486958, -128.234497335631, -652.7271837660163], [227.27068466213, 87.960585434285, -630.6872170146733], [11.059256788625, 278.809924336026, -549.0289118269837], [-175.7298862042618, 450.510817357361, -449.2159474483069], [-324.9332849148669, 618.0521901859782, -361.233083496484]],