{"A": [[0.0, 1000.0, 0.0], [0.0, 1000.0, 0.0], [0.0, 1000.0, 0.0], [0.0, 1000.0, 0.0], [0.0, 1000.0, 0.0], [0.0, 1000.0, 0.0], [0.0, 1000.0, 0.0], [0.0, 1000.0, 0.0], [0.0, 1000.0, 0.0], [0.0, 1000.0, 0.0], [0.0, 1000.0, 0.0], [0.0, 1000.0, 0.0], [0.0, 1000.0, 0.0], [0.0, 1000.0, 0.0], [0.0, 1000.0, 0.0]], "B": [[587.7852522924732, 809.0169943749474, 0.0], [587.7852522924732, 809.0169943749474, 0.0], [587.7852522924732, 809.0169943749474, 0.0], [587.7852522924732, 809.0169943749474, 0.0], [587.7852522924732, 809.0169943749474, 0.0], [587.7852522924732, 809.0169943749474, 0.0], [587.7852522924732, 809.0169943749474, 0.0], [587.7852522924732, 809.0169943749474, 0.0], [587.7852522924732, 809.0169943749474, 0.0], [587.7852522924732, 809.0169943749474, 0.0], [587.7852522924732, 809.0169943749474, 0.0], [587.7852522924732, 809.0169943749474, 0.0], [587.7852522924732, 809.0169943749474, 0.0], [587.7852522924732, 809.0169943749474, 0.0], [587.7852522924732, 809.0169943749474, 0.0]], "C": [[951.056516295153, 309.016994374947, 0.0], [947.227637134213, 309.016994374947, -52.6040229391962], [935.821712424913, 309.016994374947, -104.099153063727], [917.079179062535, 309.016994374947, -153.399873019694], [891.395129654313, 309.016994374947, -199.466923620016], [859.310983967198, 309.016994374947, -241.32921142831], [821.503075799047, 309.016994374947, -278.10427940874], [778.768395862029, 309.016994374947, -309.016909120513], [732.007791218238, 309.016994374947, -333.415462322777], [682.2069754234407, 309.016994374947, -350.785617508876], [630.4157496851052, 309.016994374947, -360.761211803821], [577.7258730527317, 309.016994374947, -363.131959677768], [525.2480481368559, 309.016994374947, -357.847885765032], [474.088507497785, 309.016994374947, -345.020378344811], [425.325694262993, 309.016994374947, -324.919841276231]], "D": [[951.056516295154, -309.016994374943, 0.0], [936.7966832843106, -303.124955195213, -137.099230071456], [894.8525814495905, -285.573041843178, -267.654129714868], [827.6679355291596, -256.731248656002, -385.564827927424], [739.112476419734, -217.207560640164, -485.585295055834], [634.194580178796, -167.83513714738, -563.6654654521], [518.692185501746, -109.654748875305, -617.199468656907], [398.731871662782, -43.892838420997, -645.161076763792], [280.350059097209, 28.064333129278, -648.116759435395], [169.0715547016187, 104.699908584051, -628.116790846194], [69.5390029121422, 184.398409996552, -588.474835917534], [-14.7776346441313, 265.4797929401771, -533.455524425106], [-81.7692878292001, 346.234861845354, -467.896944951048], [-130.760056677745, 424.961299842512, -396.8001397824884], [-162.459703072703, 499.999553602047, -324.9201313633336]], "E": [[587.785252292473, -809.016994374943, 0.0], [560.5995797558757, -786.377906838517, -220.2156260168733], [482.4476316332365, -719.760848646226, -420.523737683996], [363.0534448333026, -612.969997403517, -583.537907350715], [217.06605854952, -472.032019542861, -696.530889899459], [61.987559707759, -304.75235445586, -752.871206850893], [-84.245832566653, -120.1451818601526, -752.557174139998], [-205.64955960754, 72.21690024686, -701.7969785596131], [-290.179265840277, 262.881170041114, -611.7388301484684], [-331.0351258695553, 443.166783202082, -496.589249682785], [-327.1186806355158, 605.738763248941, -371.447187785183], [-282.6263460218793, 745.0590859495961, -250.212200090761], [-205.9082927277641, 857.680482912168, -143.892476765065], [-107.8374119787756, 942.361919788411, -59.5507334231694], [-0.000669815628, 999.999724110497, -0.000290087354600267]], "F": [[0.0, -1000.000000000003, 0.0], [-9.3769568337974, -996.901865840316, -107.2004868825213], [-40.1695008620025, -983.996917070644, -222.997424965482], [-98.7736928954924, -951.368094416897, -350.796776381024], [-191.166954555718, -885.346785530742, -485.621614433676], [-317.817453547498, -772.178576402795, -614.210144570606], [-469.722607765592, -602.0326456672666, -718.5257290063639], [-627.348149041039, -372.50018371185, -781.5655573056914], [-763.29604606241, -90.808056023252, -793.4816563847204], [-848.2494689841024, 225.790893479942, -755.824774050499], [-858.5574842982688, 551.6436233472011, -682.272741835405], [-783.1396766449303, 856.1400681316801, -595.340339361079], [-627.4589860840541, 1108.412531101101, -519.917029410132], [-413.1310977676186, 1282.466309802007, -475.5925348819294], [-173.061439569609, 1361.803217239019, -470.2281216565496]], "G": [[-587.785252292477, -809.016994374943, 0.0], [-548.7046141271834, -851.803004478673, 157.4464661702167], [-448.8724120329295, -964.9625743412822, 240.214875656352], [-333.1172553931284, -1107.282174660871, 199.421276346898], [-254.6961436895003, -1223.387276809511, 27.855434356365], [-252.9046993096253, -1259.588669174733, -239.798944081886], [-336.80008285953, -1179.1121741493787, -541.6731592496269], [-481.684403300937, -972.366796556934, -811.7007729318913], [-639.328087488636, -659.46201447045, -1001.4014294691895], [-757.0525426425543, -284.533399295665, -1092.30396817555], [-797.3456636015942, 96.1582457658921, -1095.494468111655], [-750.0519451350154, 428.6622450057611, -1040.462709063119], [-632.9595823917231, 674.074606093415, -959.560432170126], [-481.8714251623487, 816.107672545056, -875.2804132265514], [-335.520627334623, 861.803369747248, -795.1483827500176]], "H": [[-951.056516295157, -309.016994374943, 0.0], [-845.0230787360814, -408.214012417002, 469.5204716619207], [-568.3872578151285, -670.8207728821022, 770.46275497518], [-225.9603109909914, -1004.85419089966, 799.414533524937], [62.4096398795687, -1294.9629031169115, 553.485402105395], [213.6023502037497, -1443.18161953454, 121.629904493624], [210.750389422346, -1400.8632603779765, -360.0665863772889], [98.465122383782, -1180.176022066824, -764.7128501125541], [-49.201504866288, -842.50895860298, -1015.9081167653858], [-167.7378928886873, -470.61998874546, -1099.0889562022287], [-227.2697640610972, -137.2504331083089, -1045.4957817349632], [-234.0191312222735, 117.0768876377481, -904.114950411763], [-213.10048893779208, 289.770495815268, -718.739536653401], [-186.8941090056847, 406.013390637504, -519.2227294871844], [-162.460002623546, 499.999430220894, -324.9208412683066]], "I": [[-951.056516295157, 309.016994374947, 0.0], [-781.6569286677734, 159.201904970605, 706.1423619654176], [-347.4596285372545, -227.7153762004212, 1140.347333328123], [170.5612681858286, -693.919198557806, 1157.263774176074], [580.8001600102767, -1059.5915725286127, 793.979927252684], [771.7891947498467, -1200.991173128287, 229.968473319779], [745.461355867423, -1094.1669374708915, -315.4845369768574], [583.879721110196, -806.361308247031, -683.4648450589187], [383.834101175985, -446.627763451459, -821.6807899673768], [206.9774506106927, -107.415787611428, -767.9739748516017], [71.3521358774858, 170.9066441263971, -600.714725621583], [-25.0666179952195, 398.4085857101601, -395.039971527615], [-78.48050960925708, 605.923271602343, -205.036417354117], [-73.8843528502797, 810.826144181719, -66.0986396047964], [-0.000660350711, 999.998954695592, -0.000160357638600267]], "J": [[-587.785252292477, 809.016994374947, 0.0], [-473.1381952398514, 691.147341683177, 644.3665193178886], [-155.9757795202025, 359.8648035896918, 1133.313192760081], [282.7712404340346, -113.002444899031, 1335.899321301275], [719.5627373347967, -605.3076980900296, 1189.37481822806], [1029.9166073689328, -972.008648520189, 742.709395744333], [1146.676134199393, -1102.7129990884525, 154.5363963111896], [1090.884600358558, -976.327477951476, -373.5881521237047], [945.324481579759, -669.488917737421, -691.1914422241238], [792.1160372904947, -306.017596340036, -756.3049047002822], [669.5765032858328, 17.6165681634011, -625.1231278684168], [580.3996716189555, 274.4727830193001, -399.102015634573], [527.5127554957229, 487.842750705572, -176.8377563527505], [528.0122163300293, 674.854463004137, -31.4831347431926], [587.784752297203, 809.016442594796, 0.000160354075154651]],