{"A": [[0.0, 1000.0, 0.0], [0.0, 1000.0, 0.0], [0.0, 1000.0, 0.0], [0.0, 1000.0, 0.0], [0.0, 1000.0, 0.0], [0.0, 1000.0, 0.0], [0.0, 1000.0, 0.0], [0.0, 1000.0, 0.0], [0.0, 1000.0, 0.0], [0.0, 1000.0, 0.0], [0.0, 1000.0, 0.0], [0.0, 1000.0, 0.0], [0.0, 1000.0, 0.0], [0.0, 1000.0, 0.0], [0.0, 1000.0, 0.0]], "B": [[587.7852522924732, 809.0169943749474, 0.0], [587.7852522924732, 809.0169943749474, 0.0], [587.7852522924732, 809.0169943749474, 0.0], [587.7852522924732, 809.0169943749474, 0.0], [587.7852522924732, 809.0169943749474, 0.0], [587.7852522924732, 809.0169943749474, 0.0], [587.7852522924732, 809.0169943749474, 0.0], [587.7852522924732, 809.0169943749474, 0.0], [587.7852522924732, 809.0169943749474, 0.0], [587.7852522924732, 809.0169943749474, 0.0], [587.7852522924732, 809.0169943749474, 0.0], [587.7852522924732, 809.0169943749474, 0.0], [587.7852522924732, 809.0169943749474, 0.0], [587.7852522924732, 809.0169943749474, 0.0], [587.7852522924732, 809.0169943749474, 0.0]], "C": [[951.056516295153, 309.016994374947, 0.0], [949.921131167582, 309.016994374947, -28.6987191605648], [946.522072957235, 309.016994374947, -57.2180456625624], [940.880588817532, 309.016994374947, -85.3797082119638], [933.03194306924, 309.016994374947, -113.007671234284], [923.025196766934, 309.016994374947, -139.929235254343], [910.922901023529, 309.016994374947, -165.976116422423], [896.800706009893, 309.016994374947, -190.985498438812], [880.746888073628, 309.016994374947, -214.801050301285], [862.861797932951, 309.016994374947, -237.273903513655], [843.257233394974, 309.016994374947, -258.263582647009], [822.05574051943, 309.016994374947, -277.638883436755], [799.389847596214, 309.016994374947, -295.278692926606], [775.40123672506, 309.016994374947, -311.072746532859], [750.239858175712, 309.016994374947, -324.922317296652]], "D": [[951.056516295154, -309.016994374943, 0.0], [946.8186077178714, -307.269816317204, -75.033938651141], [934.1788085386364, -302.039203569261, -149.0002772085448], [913.357252096179, -293.357852138262, -220.8530320584338], [884.7153794122678, -281.280028233943, -289.588944379431], [848.7479058801932, -265.881229056293, -354.267584609351], [806.071848104777, -247.257710870542, -414.029982056426], [757.412876224914, -225.52588731942, -468.115344878735], [703.58932145056, -200.821601733793, -515.875482553779], [645.494224784116, -173.299277990365, -556.786599357053], [584.075859581524, -143.130955224354, -590.458191861879], [520.317196589612, -110.505212431054, -616.638854460109], [455.214804488204, -75.625989678477, -635.218872620293], [389.757691171925, -38.711313299548, -646.229562165687], [324.906590734454, 0.008066967431, -649.839392317801]], "E": [[587.785252292473, -809.016994374943, 0.0], [582.7970123347834, -806.60180913385, -63.995356558686], [567.9416353566544, -799.363644059688, -126.5337438608518], [543.545034271585, -787.324817288506, -186.1893314766909], [510.1433646033148, -770.523007292898, -241.598065937934], [468.4725464951022, -749.011955398061, -291.4873045914889], [419.453742217384, -722.862410155316, -334.7039367220559], [364.174946298032, -692.163275707711, -370.2404784671718], [303.868903964881, -657.022917260688, -397.258625376099], [239.887640354063, -617.570569033479, -415.109749194521], [173.673957610681, -573.957783831027, -423.351836921273], [106.730338266968, -526.359858820425, -421.762393723359], [40.585778771034, -474.977169355793, -410.346869975961], [-23.238836554241, -420.03634186051, -389.34222902289], [-83.266127634498, -361.791197886168, -359.215347922294]], "F": [[0.0, -1000.000000000003, 0.0], [-4.63697326283964, -996.510455780675, -92.6664176442453], [-18.4360620149486, -986.120964544835, -183.5329589474805], [-41.065912448133, -969.065511691014, -270.8437597346178], [-71.9876893333132, -945.722789749149, -352.928580712736], [-110.4739343566858, -916.599893011079, -428.2398794339879], [-155.632576579815, -882.310693857515, -495.3836865563679], [-206.434048569629, -843.550025347305, -553.1432894345858], [-261.739325206612, -801.065007629379, -600.495478692159], [-320.32682934749, -755.62499585687, -636.619871811036], [-380.916527338511, -707.991687034704, -660.902501087711], [-442.190125926373, -658.890899572189, -672.935358982616], [-502.807012746962, -608.987433808831, -672.513867131617], [-561.416368933733, -558.86424051811, -659.634236759599], [-616.666628627435, -509.006877629638, -634.492409132005]], "G": [[-587.785252292477, -809.016994374943, 0.0], [-589.0508291835147, -803.79349955527, -149.9955641690192], [-592.7946916143636, -788.36990921967, -297.4307024394755], [-598.865064675686, -763.469360455337, -439.8299710697618], [-607.0304070352852, -730.239992658194, -574.880074607335], [-617.0070595967658, -690.174077937424, -700.492619645832], [-628.489842967158, -645.003913535801, -814.8480959796249], [-641.179313270357, -596.582648680343, -916.4196042868477], [-654.799837964491, -546.759309081004, -1003.977890014447], [-669.104240857058, -497.257596620868, -1076.581933224077], [-683.863242055096, -449.567562827671, -1133.561227147399], [-698.840876803951, -404.858035558535, -1174.496628744459], [-713.760013833186, -363.915836337213, -1199.206144173477], [-728.264491720507, -327.115531174039, -1207.74029482682], [-741.885805402492, -294.420917351315, -1200.38907343505]], "H": [[-951.056516295157, -309.016994374943, 0.0], [-945.1761758304956, -302.735689201879, -213.8846822528077], [-927.7332699368797, -284.404390898584, -423.1323983101705], [-899.322792627571, -255.506024148383, -623.3086181435048], [-860.9357322837913, -218.335398611638, -810.362098665624], [-813.9490037781738, -175.755577247056, -980.7665713781099], [-760.096001068166, -130.896986959099, -1131.6128327257638], [-701.4082062625196, -86.833448850264, -1260.6495346700628], [-640.1222050515668, -46.271364738929, -1366.279416246976], [-578.5529298529993, -11.286003073795, -1447.524087192692], [-518.941577141426, 16.867448084559, -1503.973478952756], [-463.293654980822, 37.849780411473, -1535.735202571475], [-413.227282366996, 52.233589789181, -1543.394673474282], [-369.852902037071, 61.403670615984, -1527.990155827789], [-333.702460906571, 67.377260554566, -1490.999546388472]], "I": [[-951.056516295157, 309.016994374947, 0.0], [-935.7408062570843, 313.525047629288, -259.7070489683792], [-890.6423815422604, 326.244759657479, -510.8700309050362], [-818.2646358125056, 344.89122753088, -745.4508575196768], [-722.6353339396252, 366.063475676951, -956.365409580713], [-609.0841550628868, 385.785554795366, -1137.8269484166228], [-483.926167558889, 400.136962911984, -1285.558207433385], [-354.0581836226166, 405.871655516943, -1396.8686711841829], [-226.4888878782988, 400.928462317241, -1470.614476774454], [-107.8392537031903, 384.755243808361, -1507.0721946661463], [-3.862406638581, 358.400912113654, -1507.7619235538443], [80.962709290103, 324.367774865129, -1475.2499973147635], [143.714620681235, 286.254842853833, -1412.950122061939], [183.155977109983, 248.254340148719, -1324.928544168226], [199.693474757435, 214.58364090948, -1215.708666404608]], "J": [[-587.785252292477, 809.016994374947, 0.0], [-564.3816814852543, 807.444620926325, -269.7999580079853], [-496.2071100443644, 801.808358080869, -525.9063769732281], [-389.1906574824566, 789.587639267905, -755.777219819619], [-252.6273304449232, 767.31721963856, -949.0223272704012], [-98.3379266324998, 731.514678853627, -1098.1321858889687], [60.420065741404, 679.668463885723, -1198.8672072935078], [210.1935761420484, 611.063071752541, -1250.2997605795597], [338.5998069524462, 527.255116160334, -1254.55347901365], [435.4717918764457, 432.0922214216007, -1216.3174362326963], [493.742646331057, 331.2673871256533, -1142.2226037387102], [509.958182039341, 231.5014170336303, -1040.1583573193734], [484.36235748615, 139.522847529711, -918.587044751343], [420.568666529809, 61.052277508434, -785.895508171574], [324.897460142074, -0.010531632745, -649.811754986945]],