{"A": [[0.0, 1000.0, 0.0], [0.0, 1000.0, 0.0], [0.0, 1000.0, 0.0], [0.0, 1000.0, 0.0], [0.0, 1000.0, 0.0], [0.0, 1000.0, 0.0], [0.0, 1000.0, 0.0], [0.0, 1000.0, 0.0], [0.0, 1000.0, 0.0], [0.0, 1000.0, 0.0], [0.0, 1000.0, 0.0], [0.0, 1000.0, 0.0], [0.0, 1000.0, 0.0], [0.0, 1000.0, 0.0], [0.0, 1000.0, 0.0], [0.0, 1000.0, 0.0], [0.0, 1000.0, 0.0], [0.0, 1000.0, 0.0], [0.0, 1000.0, 0.0], [0.0, 1000.0, 0.0]], "B": [[587.7852522924732, 809.0169943749474, 0.0], [587.7852522924732, 809.0169943749474, 0.0], [587.7852522924732, 809.0169943749474, 0.0], [587.7852522924732, 809.0169943749474, 0.0], [587.7852522924732, 809.0169943749474, 0.0], [587.7852522924732, 809.0169943749474, 0.0], [587.7852522924732, 809.0169943749474, 0.0], [587.7852522924732, 809.0169943749474, 0.0], [587.7852522924732, 809.0169943749474, 0.0], [587.7852522924732, 809.0169943749474, 0.0], [587.7852522924732, 809.0169943749474, 0.0], [587.7852522924732, 809.0169943749474, 0.0], [587.7852522924732, 809.0169943749474, 0.0], [587.7852522924732, 809.0169943749474, 0.0], [587.7852522924732, 809.0169943749474, 0.0], [587.7852522924732, 809.0169943749474, 0.0], [587.7852522924732, 809.0169943749474, 0.0], [587.7852522924732, 809.0169943749474, 0.0], [587.7852522924732, 809.0169943749474, 0.0], [587.7852522924732, 809.0169943749474, 0.0]], "C": [[951.056516295153, 309.016994374947, 0.0], [950.439927635179, 309.016994374947, -21.1565049613936], [948.592254755445, 309.016994374947, -42.2411910792038], [945.519769851183, 309.016994374947, -63.1824833093926], [941.232902920787, 309.016994374947, -83.9092933793999], [935.746206359659, 309.016994374947, -104.351261107659], [929.078305559981, 309.016994374947, -124.438993251501], [921.251835684103, 309.016994374947, -144.104299072643], [912.293364826182, 309.016994374947, -163.280421820604], [902.233303822907, 309.016994374947, -181.902265348232], [891.105803019475, 309.016994374947, -199.906615090078], [878.948636341267, 309.016994374947, -217.232352653465], [865.803073064737, 309.016994374947, -233.820663293787], [851.713737722835, 309.016994374947, -249.615235569747], [836.728458620519, 309.016994374947, -264.56245250076], [820.89810547459, 309.016994374947, -278.61157357762], [804.276416729019, 309.016994374947, -291.714907008561], [786.919817131951, 309.016994374947, -303.827971616006], [768.887226193668, 309.016994374947, -314.909647834416], [750.239858175712, 309.016994374947, -324.922317296652]], "D": [[951.056516295154, -309.016994374943, 0.0], [948.7540692259115, -308.068161990937, -55.3483011180046], [941.8685571631523, -305.224885788916, -110.2685076038832], [930.4652033222839, -300.496817684883, -164.3372369545866], [914.6518358069201, -293.900007796013, -217.1404707155269], [894.5775838459095, -285.456849956182, -268.278086784812], [870.4310765976136, -275.196005696839, -317.368214294499], [842.4381682045802, -263.152306951246, -364.051355630404], [810.859218998182, -249.366637812402, -407.994223261198], [775.985968566835, -233.885795746022, -448.893242854415], [738.138041734901, -216.76233272971, -486.477678610208], [697.659133280662, -198.054376857602, -520.512341783115], [654.912921386624, -177.825435016065, -550.799848919498], [610.278763308009, -156.144177300309, -577.182402338815], [564.147229518912, -133.084203903721, -599.54307174928], [516.91553461319, -108.723795271275, -617.806562526961], [468.982924471927, -83.145646365126, -631.939463012261], [420.746079645131, -56.436585944507, -641.949970096917], [372.594594526719, -28.687281812824, -647.887099294836], [324.906590734454, 0.008066967431, -649.839392317801]], "E": [[587.785252292473, -809.016994374943, 0.0], [583.3748168708955, -805.361898183892, -89.4503999074941], [570.2333774485123, -794.430581392365, -177.5818928829031], [548.6284205675529, -776.324551462649, -263.1028704185471], [518.9987664007521, -751.211633243773, -344.7756427877749], [481.9442766653506, -719.323956255538, -421.441721916542], [438.2118280564716, -680.955173960482, -492.04514411247], [388.6779205003732, -636.456951498796, -555.653263796146], [334.328376827467, -586.234767935837, -611.474518664255], [276.235664845964, -530.743088027362, -658.872749474452], [215.534432186348, -470.479966722906, -697.377751483176], [153.395887052273, -405.981156993746, -726.691836780209], [91.001683010715, -337.813797988559, -746.692294401285], [29.517972559767, -266.569765902138, -757.429745069637], [-29.929717658918, -192.8587742179988, -759.122496568771], [-86.280167031076, -117.30131309742133, -752.147110969826], [-138.55812049319, -40.5215195943868, -737.025493243833], [-185.893413893767, 36.8599289471749, -714.408899415816], [-227.537127851383, 114.232806518606, -685.059338895565], [-262.87442029082, 191.004125089812, -649.8289078513751]], "F": [[0.0, -1000.000000000003, 0.0], [-1.47543559884847, -999.543786123484, -42.4441467872837], [-5.97669547994572, -998.078366704792, -85.5191824989908], [-13.7214572828491, -995.317382134445, -129.7958329220191], [-25.0490323971819, -990.796678858971, -175.7282831787259], [-40.3867019530604, -983.893515411731, -223.605152007087], [-60.2056206194814, -973.852540617331, -273.510957516995], [-84.9691108153598, -959.817668457724, -325.300604372137], [-115.076688463016, -940.868772340531, -378.588663659588], [-150.807486336192, -916.061953984947, -432.754351692043], [-192.26685265007, -884.472014212843, -486.962191338579], [-239.339793022788, -845.235668748765, -540.197411263135], [-291.654597917815, -797.594014481023, -591.314257220345], [-348.559471952616, -740.932761855735, -639.094605440645], [-409.114284119392, -674.8188070192418, -682.3136260490195], [-472.098726876979, -599.0318213510993, -719.8087816036692], [-536.037252829642, -513.5896830656608, -750.5481896128024], [-599.240201128568, -418.7667611770271, -773.6943443348237], [-659.859585088478, -315.104280685143, -788.659386048022], [-715.957140592627, -203.412242668784, -795.1485165011691]], "G": [[-587.785252292477, -809.016994374943, 0.0], [-581.2939203501525, -816.074452489059, 67.6264651240663], [-562.2988960937827, -836.837200440065, 130.0565736886382], [-532.2032498175842, -870.095776453817, 182.3935191238909], [-493.2350664051859, -913.8981925746303, 220.3202891165651], [-448.2902849728034, -965.642354170603, 240.34266113909], [-400.7288028447554, -1022.1991097766946, 239.979629415035], [-354.1385123695658, -1080.059978159397, 217.88963069718], [-312.084171877496, -1135.502425286472, 173.925412061323], [-277.858988261728, -1184.764746822079, 109.115315506716], [-254.2564435205642, -1224.22219160051, 25.57377699815], [-243.37826764348617, -1250.555957582705, -73.651416282555], [-246.4916797059083, -1260.907102020097, -184.783440450322], [-263.9453087751425, -1253.008208697286, -303.557437034645], [-295.148855721966, -1225.2868040637318, -425.4812359380305], [-338.616901303703, -1176.9359500892313, -546.0980119917901], [-392.072658950495, -1107.9490897608357, -661.2335624105805], [-452.603257789782, -1019.1179959045242, -767.2125961497791], [-516.854632277003, -911.994484246948, -861.0312010967114], [-581.251539862072, -788.818305061788, -940.4762650402861]],