{"A": [[0.0, 1000.0, 0.0], [0.0, 1000.0, 0.0], [0.0, 1000.0, 0.0], [0.0, 1000.0, 0.0], [0.0, 1000.0, 0.0], [0.0, 1000.0, 0.0], [0.0, 1000.0, 0.0], [0.0, 1000.0, 0.0], [0.0, 1000.0, 0.0], [0.0, 1000.0, 0.0], [0.0, 1000.0, 0.0], [0.0, 1000.0, 0.0], [0.0, 1000.0, 0.0], [0.0, 1000.0, 0.0], [0.0, 1000.0, 0.0], [0.0, 1000.0, 0.0], [0.0, 1000.0, 0.0], [0.0, 1000.0, 0.0], [0.0, 1000.0, 0.0], [0.0, 1000.0, 0.0]], "B": [[587.7852522924732, 809.0169943749474, 0.0], [587.7852522924732, 809.0169943749474, 0.0], [587.7852522924732, 809.0169943749474, 0.0], [587.7852522924732, 809.0169943749474, 0.0], [587.7852522924732, 809.0169943749474, 0.0], [587.7852522924732, 809.0169943749474, 0.0], [587.7852522924732, 809.0169943749474, 0.0], [587.7852522924732, 809.0169943749474, 0.0], [587.7852522924732, 809.0169943749474, 0.0], [587.7852522924732, 809.0169943749474, 0.0], [587.7852522924732, 809.0169943749474, 0.0], [587.7852522924732, 809.0169943749474, 0.0], [587.7852522924732, 809.0169943749474, 0.0], [587.7852522924732, 809.0169943749474, 0.0], [587.7852522924732, 809.0169943749474, 0.0], [587.7852522924732, 809.0169943749474, 0.0], [587.7852522924732, 809.0169943749474, 0.0], [587.7852522924732, 809.0169943749474, 0.0], [587.7852522924732, 809.0169943749474, 0.0], [587.7852522924732, 809.0169943749474, 0.0]], "C": [[951.056516295153, 309.016994374947, 0.0], [949.977131706408, 309.016994374947, -27.9830973394068], [946.745392271311, 309.016994374947, -55.7999028357391], [941.380502865595, 309.016994374947, -83.2851128487911], [933.914344783041, 309.016994374947, -110.275394271619], [924.391286278282, 309.016994374947, -136.610355150878], [912.867918904831, 309.016994374947, -162.133497829114], [899.412721215139, 309.016994374947, -186.693148944886], [884.105651821208, 309.016994374947, -210.143360764111], [867.037674234, 309.016994374947, -232.344778486404], [848.31021630534, 309.016994374947, -253.165468372365], [828.034567484615, 309.016994374947, -272.481701770618], [806.331217472126, 309.016994374947, -290.178690385422], [783.329140199196, 309.016994374947, -306.151268415513], [759.165027390044, 309.016994374947, -320.304517510463], [733.982476260037, 309.016994374947, -332.554330830742], [707.931136177502, 309.016994374947, -342.827912859484], [681.1658193601291, 309.016994374947, -351.064211995794], [653.8455808907072, 309.016994374947, -357.21428335888], [626.1327735192987, 309.016994374947, -361.241579647004]], "D": [[951.056516295154, -309.016994374943, 0.0], [947.0274478178504, -307.355992285412, -73.1677399787589], [935.00706506363, -302.382856657493, -145.3456737128408], [915.1944212182844, -294.127140756125, -215.5630499171141], [887.9165879979561, -282.637904847811, -282.886801329631], [853.6217434663959, -267.983424655986, -346.439331935361], [812.8697186516071, -250.250785626939, -405.415066074588], [766.320220301267, -229.545365417438, -459.095392080745], [714.719000334603, -205.990207679388, -506.861670580711], [658.882289398266, -179.725290862876, -548.206022760685], [599.679851314591, -150.906696382786, -582.739665685279], [538.017046198326, -119.705681092239, -610.198618932483], [474.81631188763, -86.307659574744, -630.446668022105], [410.998485577296, -50.911102302881, -643.475533923944], [347.464389875949, -13.726356211295, -649.402262827797], [285.077099887105, 25.025605307155, -648.463914808375], [224.645290525976, 65.114495553838, -641.009692503726], [166.9080365492022, 106.302083021893, -627.490709972403], [112.5214023346792, 148.343607106414, -608.447656110982], [62.0471151501077, 190.98923261436, -584.496655123647]], "E": [[587.785252292473, -809.016994374943, 0.0], [580.0726784783635, -802.620840811621, -118.1448266276644], [557.20966005023, -783.536374720257, -233.245753753035], [520.0090143527894, -752.073395747062, -342.3689369666961], [469.7883195114311, -708.741006289113, -442.795867003446], [408.3160377805609, -654.236940326633, -532.119329150504], [337.7395954367221, -589.432968271449, -608.325943654914], [260.498716951534, -515.356712567078, -669.861831154021], [179.227966283572, -433.170290748843, -715.678752155997], [96.652908452447, -344.146274843418, -745.258996547576], [15.484548308569, -249.6415166613849, -758.61830128483], [-61.683280108625, -151.0694362924092, -756.287101494198], [-132.469110106807, -49.8714048336343, -739.271420829475], [-194.787585047244, 52.512128715989, -708.9956313979513], [-246.918321941597, 154.670112812506, -667.2301163957886], [-287.557242914661, 255.248329066232, -616.0075108325232], [-315.848610914772, 352.975173082838, -557.5316469587228], [-331.3969662833498, 446.68520634169, -494.083570878494], [-334.2591422977608, 535.339959504717, -427.929016025087], [-324.9174904045213, 618.045534145454, -361.231519868194]], "F": [[0.0, -1000.000000000003, 0.0], [-2.59168163007954, -999.190556780465, -56.2691329066842], [-10.593755488005, -996.467051342492, -113.973713834122], [-24.6492149044556, -990.965153306151, -174.3089693277611], [-45.7069430502119, -981.3137246761, -238.016085975768], [-74.8518535505691, -965.734654081145, -305.218526237772], [-113.0942057980379, -942.174299568476, -375.327127973092], [-161.141906908472, -908.458771344413, -447.02564256233], [-219.18205491571, -862.463827358304, -518.340145483519], [-286.697747012753, -802.28920954205, -586.787113898842], [-362.343270050882, -726.426870978792, -649.586760746025], [-443.895468316864, -633.9127575770302, -703.9212583709088], [-528.291844624094, -524.4526031146133, -747.2124741325948], [-611.757485310169, -398.513533194524, -777.391287861075], [-690.014024055303, -257.375081507101, -793.1307433068146], [-758.555437626301, -103.135404706097, -794.0182161170392], [-812.968327719925, 61.329076719451, -780.6472064557378], [-849.2692009302538, 232.449816400502, -754.616788585329], [-864.2286428722398, 406.094708123601, -718.435478442665], [-855.6524853408833, 577.7333248529322, -675.335487022335]], "G": [[-587.785252292477, -809.016994374943, 0.0], [-576.4720375399855, -821.329184432824, 88.6193779471238], [-543.987803633517, -857.017382436034, 165.330046425089], [-494.5195726176636, -912.4397550764043, 219.4188808751799], [-434.4709390641029, -981.862105708921, 242.429817255439], [-371.6760116013271, -1057.9313003738962, 228.973582333603], [-314.4409097102489, -1132.281038781331, 177.198838638105], [-270.532329576307, -1196.218994428871, 88.879013779668], [-246.2381680807393, -1241.437810421508, -30.884816092489], [-245.614637644039, -1260.690904651109, -174.299447057944], [-270.0092811445931, -1248.3776104250799, -331.769405439178], [-317.913270840588, -1200.9905009319161, -492.9299548518099], [-385.154224792247, -1117.3900411403163, -647.6995220786297], [-465.39810944756, -998.886853353411, -787.2310433767158], [-550.891193237262, -849.128503075277, -904.6598303542576], [-633.34525969369, -673.80432249773, -995.5756740756102], [-704.854743905066, -480.196920283057, -1058.1846972840217], [-758.7346381802619, -276.621360444977, -1093.166697908805], [-790.18242407107, -71.801482073318, -1103.271027900643], [-796.6935359136489, 125.7632098648352, -1092.723638136128]],