{"A": [[0.0, 1000.0, 0.0], [0.0, 1000.0, 0.0], [0.0, 1000.0, 0.0], [0.0, 1000.0, 0.0], [0.0, 1000.0, 0.0], [0.0, 1000.0, 0.0], [0.0, 1000.0, 0.0], [0.0, 1000.0, 0.0], [0.0, 1000.0, 0.0], [0.0, 1000.0, 0.0], [0.0, 1000.0, 0.0], [0.0, 1000.0, 0.0], [0.0, 1000.0, 0.0], [0.0, 1000.0, 0.0], [0.0, 1000.0, 0.0]], "B": [[587.7852522924732, 809.0169943749474, 0.0], [587.7852522924732, 809.0169943749474, 0.0], [587.7852522924732, 809.0169943749474, 0.0], [587.7852522924732, 809.0169943749474, 0.0], [587.7852522924732, 809.0169943749474, 0.0], [587.7852522924732, 809.0169943749474, 0.0], [587.7852522924732, 809.0169943749474, 0.0], [587.7852522924732, 809.0169943749474, 0.0], [587.7852522924732, 809.0169943749474, 0.0], [587.7852522924732, 809.0169943749474, 0.0], [587.7852522924732, 809.0169943749474, 0.0], [587.7852522924732, 809.0169943749474, 0.0], [587.7852522924732, 809.0169943749474, 0.0], [587.7852522924732, 809.0169943749474, 0.0], [587.7852522924732, 809.0169943749474, 0.0]], "C": [[951.056516295153, 309.016994374947, 0.0], [949.069295262161, 309.016994374947, -37.9453758128931], [943.129373753149, 309.016994374947, -75.4756026371802], [933.301738669789, 309.016994374947, -112.180073504964], [919.693911223239, 309.016994374947, -147.657215796876], [902.454770576785, 309.016994374947, -181.518884727799], [881.772925003516, 309.016994374947, -213.394609922673], [857.874648379716, 309.016994374947, -242.935648621879], [831.021404590174, 309.016994374947, -269.818801171294], [801.506986930153, 309.016994374947, -293.749947052874], [769.654303800961, 309.016994374947, -314.467262769128], [735.81184586588, 309.016994374947, -331.744086375565], [700.349873318219, 309.016994374947, -345.391397321119], [663.6563649754704, 309.016994374947, -355.259884465371], [626.1327735192987, 309.016994374947, -361.241579647004]], "D": [[951.056516295154, -309.016994374943, 0.0], [943.6442773478527, -305.958975645959, -99.1102082542136], [921.633573259078, -296.818376325759, -195.7562969283122], [885.6936448937548, -281.695200973048, -287.561323712232], [836.9109413225054, -260.754907718564, -372.319118951941], [776.746978116134, -234.226598037244, -448.070871154211], [706.9818553309, -202.400510217618, -513.171575697423], [629.645820334384, -165.624843951655, -566.343655030344], [546.941761060095, -124.301950786242, -606.715609031382], [461.161890888878, -78.88393211546, -633.844195870225], [374.602120964708, -29.867692874674, -647.719348785312], [289.477699329503, 22.210494947499, -648.751772042516], [207.843625348122, 76.780859500345, -637.743897941555], [131.5231257567204, 133.246362774186, -615.845594041566], [62.0471151501077, 190.98923261436, -584.496655123647]], "E": [[587.785252292473, -809.016994374943, 0.0], [579.0631074387877, -804.788941906002, -84.4389247777609], [553.2310857891331, -792.127499052306, -165.5157377416895], [511.2810884933638, -771.101588462864, -239.9941423368457], [454.8286824255044, -741.828624485369, -304.8859096078733], [386.057384773235, -704.478143824881, -357.5659730104974], [307.642108688494, -659.276529019401, -395.876727364182], [222.653373797335, -606.51248595579, -418.21787456007], [134.444533994826, -546.542868347761, -423.618212953841], [46.525012436615, -479.798393400784, -411.785948984938], [-37.576672104406, -406.788766288467, -383.134469756313], [-114.455505172465, -328.106728065513, -338.781094701379], [-180.972887946256, -244.430562689674, -280.517145731731], [-234.3939578575526, -156.524643284185, -210.748737453853], [-272.5130565185273, -65.237663952577, -132.408964228582]], "F": [[0.0, -1000.000000000003, 0.0], [-8.10680588797224, -993.898693574091, -122.3203972674197], [-32.0859649763889, -975.836084692574, -240.48984590786], [-70.9355415854532, -946.517825710574, -350.5335046456167], [-123.0550084628476, -907.060740945408, -448.8122753144573], [-186.337981933394, -858.909606155175, -532.1525671848934], [-258.281833442171, -803.731431019995, -597.938312682592], [-336.099093026936, -743.296792023416, -644.164208191527], [-416.817423690649, -679.358849721787, -669.455924362282], [-497.359646832142, -613.540763077775, -673.068300504139], [-574.601906397419, -547.241280961778, -654.8751551617], [-645.415213321064, -481.56644115351, -615.363661093078], [-706.70177595303, -417.292722390883, -555.642246928806], [-755.4412773727596, -354.863927673694, -477.464373185962], [-788.7625857750703, -294.420825217968, -383.262533836259]], "G": [[-587.785252292477, -809.016994374943, 0.0], [-589.9953597288443, -799.898130792195, -198.0535062713251], [-596.4662415599759, -773.291715819961, -390.211899365362], [-606.7548765036862, -731.355499879329, -570.9168640917707], [-620.2284574335026, -677.389311197974, -735.2308627812863], [-636.184194249082, -615.433434800891, -879.0297075357724], [-653.952618193666, -549.785805955502, -999.089482261908], [-672.94569356491, -484.503214781868, -1093.080974791574], [-692.628027779952, -422.95248469504, -1159.507246058055], [-712.414948729431, -367.468919490542, -1197.63085746903], [-731.527757148947, -319.162707364756, -1207.43325426257], [-748.855961137378, -277.892098864098, -1189.630833439085], [-762.8823188947874, -242.398449508175, -1145.745416855644], [-771.7161929564159, -210.576229524544, -1078.199088793165], [-773.2557405025051, -179.834057719978, -990.383132823117]], "H": [[-951.056516295157, -309.016994374943, 0.0], [-940.7820519894682, -298.075389415224, -282.2475916922088], [-910.5663420296969, -266.800979901711, -553.840358271527], [-862.2330518131791, -219.556547566645, -804.9227306897657], [-798.7990491287566, -162.709860051761, -1027.0931892291333], [-724.3669357594262, -103.468610477444, -1213.8159587547955], [-643.8673982383191, -48.58783072926, -1360.565469317307], [-562.620158578104, -3.200039780066, -1464.754946591002], [-485.744266455443, 30.01348443938, -1525.549526889712], [-417.514407029848, 51.167522983781, -1543.670177182619], [-360.802399836156, 62.992742480534, -1521.257939156784], [-316.742060391614, 70.194540612575, -1461.805923133612], [-284.7067930812384, 78.500917888471, -1370.106228423699], [-262.6066424129019, 93.59913107123, -1252.126736974579], [-247.4226469311681, 120.166193458984, -1114.74316759256]], "I": [[-951.056516295157, 309.016994374947, 0.0], [-924.3328644778288, 316.821132994924, -342.2284403708337], [-846.7475295662103, 337.816902862522, -664.882630706627], [-725.8258440805192, 365.422696373815, -950.3818970819857], [-573.3225081708296, 390.708546923578, -1184.7459962090004], [-404.0129520532192, 404.851600723767, -1358.5567590082903], [-234.0288862022241, 401.549971244151, -1467.216135216247], [-78.902724021189, 378.741084486418, -1510.6290389507244], [48.382209195622, 339.182195753448, -1492.540025180827], [138.967265191525, 289.779499289281, -1419.740824342431], [188.994230454307, 239.897821941535, -1301.27096355995], [199.617660951946, 199.144484705082, -1147.623553573133], [176.2198199460726, 175.2281539187538, -969.910638164123], [127.1038319872241, 172.4262726280405, -778.969216536707], [62.0466833187789, 190.9860416263873, -584.479748158128]], "J": [[-587.785252292477, 809.016994374947, 0.0], [-547.0314315830228, 806.161134277858, -354.7185616687487], [-430.9434240440643, 794.867446227701, -678.2152182509573], [-257.0899494455102, 768.174679375362, -943.785495096679], [-51.6871462572926, 718.060634033923, -1132.7539630122683], [154.5946207057028, 639.331215167986, -1236.3155985239105], [331.6274537643909, 532.706039566633, -1255.563112445786], [454.72042477929, 405.8969119618077, -1200.0249382880243], [508.410849302205, 272.2454858099232, -1085.281951726503], [488.343320623325, 147.400335002093, -930.22008247555], [400.907817226093, 45.214944719862, -754.318296221799], [260.9262715857617, -25.720294842588, -575.222386181553], [88.1902241301948, -63.7975780866102, -406.80895911326], [-96.1502506537959, -73.9288062116055, -257.977085152618], [-272.5276998068361, -65.2460182959007, -132.405501076734]],