{"A": [[0.0, 1000.0, 0.0], [0.0, 1000.0, 0.0], [0.0, 1000.0, 0.0], [0.0, 1000.0, 0.0], [0.0, 1000.0, 0.0], [0.0, 1000.0, 0.0], [0.0, 1000.0, 0.0], [0.0, 1000.0, 0.0], [0.0, 1000.0, 0.0], [0.0, 1000.0, 0.0], [0.0, 1000.0, 0.0], [0.0, 1000.0, 0.0], [0.0, 1000.0, 0.0], [0.0, 1000.0, 0.0], [0.0, 1000.0, 0.0], [0.0, 1000.0, 0.0], [0.0, 1000.0, 0.0], [0.0, 1000.0, 0.0], [0.0, 1000.0, 0.0], [0.0, 1000.0, 0.0]], "B": [[587.7852522924732, 809.0169943749474, 0.0], [587.7852522924732, 809.0169943749474, 0.0], [587.7852522924732, 809.0169943749474, 0.0], [587.7852522924732, 809.0169943749474, 0.0], [587.7852522924732, 809.0169943749474, 0.0], [587.7852522924732, 809.0169943749474, 0.0], [587.7852522924732, 809.0169943749474, 0.0], [587.7852522924732, 809.0169943749474, 0.0], [587.7852522924732, 809.0169943749474, 0.0], [587.7852522924732, 809.0169943749474, 0.0], [587.7852522924732, 809.0169943749474, 0.0], [587.7852522924732, 809.0169943749474, 0.0], [587.7852522924732, 809.0169943749474, 0.0], [587.7852522924732, 809.0169943749474, 0.0], [587.7852522924732, 809.0169943749474, 0.0], [587.7852522924732, 809.0169943749474, 0.0], [587.7852522924732, 809.0169943749474, 0.0], [587.7852522924732, 809.0169943749474, 0.0], [587.7852522924732, 809.0169943749474, 0.0], [587.7852522924732, 809.0169943749474, 0.0]], "C": [[951.056516295153, 309.016994374947, 0.0], [949.977131706408, 309.016994374947, -27.9830973394068], [946.745392271311, 309.016994374947, -55.7999028357391], [941.380502865595, 309.016994374947, -83.2851128487911], [933.914344783041, 309.016994374947, -110.275394271619], [924.391286278282, 309.016994374947, -136.610355150878], [912.867918904831, 309.016994374947, -162.133497829114], [899.412721215139, 309.016994374947, -186.693148944886], [884.105651821208, 309.016994374947, -210.143360764111], [867.037674234, 309.016994374947, -232.344778486404], [848.31021630534, 309.016994374947, -253.165468372365], [828.034567484615, 309.016994374947, -272.481701770618], [806.331217472126, 309.016994374947, -290.178690385422], [783.329140199196, 309.016994374947, -306.151268415513], [759.165027390044, 309.016994374947, -320.304517510463], [733.982476260037, 309.016994374947, -332.554330830742], [707.931136177502, 309.016994374947, -342.827912859484], [681.1658193601291, 309.016994374947, -351.064211995794], [653.8455808907072, 309.016994374947, -357.21428335888], [626.1327735192987, 309.016994374947, -361.241579647004]], "D": [[951.056516295154, -309.016994374943, 0.0], [947.0274478178504, -307.355992285412, -73.1677399787589], [935.00706506363, -302.382856657493, -145.3456737128408], [915.1944212182844, -294.127140756125, -215.5630499171141], [887.9165879979561, -282.637904847811, -282.886801329631], [853.6217434663959, -267.983424655986, -346.439331935361], [812.8697186516071, -250.250785626939, -405.415066074588], [766.320220301267, -229.545365417438, -459.095392080745], [714.719000334603, -205.990207679388, -506.861670580711], [658.882289398266, -179.725290862876, -548.206022760685], [599.679851314591, -150.906696382786, -582.739665685279], [538.017046198326, -119.705681092239, -610.198618932483], [474.81631188763, -86.307659574744, -630.446668022105], [410.998485577296, -50.911102302881, -643.475533923944], [347.464389875949, -13.726356211295, -649.402262827797], [285.077099887105, 25.025605307155, -648.463914808375], [224.645290525976, 65.114495553838, -641.009692503726], [166.9080365492022, 106.302083021893, -627.490709972403], [112.5214023346792, 148.343607106414, -608.447656110982], [62.0471151501077, 190.98923261436, -584.496655123647]], "E": [[587.785252292473, -809.016994374943, 0.0], [583.0427406956975, -806.720963407053, -62.4081002082341], [568.914039235107, -799.8395486403, -123.465379122864], [545.6938299400524, -788.392910143299, -181.8484609793252], [513.8672058996001, -772.415062218651, -236.2884417052156], [474.1006637025099, -751.95447845716, -285.5970740257121], [427.2296122592351, -727.074906789851, -328.6916858766303], [374.242525557917, -697.856363511858, -364.618402296701], [316.261914077994, -664.396267786467, -392.573238449085], [254.522343275603, -626.81067167399, -411.92063290996], [190.345787639218, -585.235535440355, -422.208998434392], [125.11467438571, -539.827993928551, -423.182884678146], [60.243040233526, -490.767557233239, -414.791376257218], [-2.853704581472, -438.257187881945, -397.192392118678], [-62.789841862216, -382.524197235315, -370.752609953341], [-118.240613647489, -323.820905876071, -336.042813032868], [-167.973011515617, -262.425016326325, -293.828546256712], [-210.8753639578248, -198.639651442724, -245.05607224568], [-245.9849741913168, -132.793018180807, -190.833734932071], [-272.5130565185273, -65.237663952577, -132.408964228582]], "F": [[0.0, -1000.000000000003, 0.0], [-4.40858955125654, -996.682344939663, -90.3655565913237], [-17.53326092063, -986.800928757079, -179.0623011148616], [-39.0742825489336, -970.567442051409, -264.4602385309455], [-68.5436613299509, -948.324994784281, -345.0049933787596], [-105.2814380139641, -920.534061413401, -419.2507895408581], [-148.4765342947889, -887.753790370815, -485.8881885133023], [-197.190454536199, -850.619602428478, -543.765697410432], [-250.382012188969, -809.818182099189, -591.904969271075], [-306.931328036345, -766.061088613114, -629.509942396256], [-365.661628115235, -720.058271952356, -655.970831494403], [-425.357824216032, -672.492772021622, -670.864325619484], [-484.781439792676, -623.997805872413, -673.951612925239], [-542.68208410065, -575.137313024628, -665.175905150237], [-597.806303808769, -526.390839621027, -644.66096306614], [-648.905179377452, -478.143408528308, -612.711739918224], [-694.742415017126, -430.680756992108, -569.817699155476], [-734.1048419709398, -384.190040133435, -516.658682404265], [-765.8171813797918, -338.76581240883, -454.11247630244], [-788.7625857750703, -294.420825217968, -383.262533836259]], "G": [[-587.785252292477, -809.016994374943, 0.0], [-588.9885857309365, -804.05029318435, -146.2684362417389], [-592.550755048185, -789.373449299708, -290.1626298834466], [-598.3341496231786, -765.641152949758, -429.3833368684365], [-606.1279210098589, -733.895399543605, -561.7747414512896], [-615.6720595712941, -695.495658503846, -685.3807237691461], [-626.6844053872519, -652.028586488444, -798.4851679131973], [-638.885324341531, -605.204030249598, -899.634844949055], [-652.015052303328, -556.745016965644, -987.64590148292], [-665.839901990771, -508.279768115429, -1061.597245605434], [-680.145464745987, -461.243476935396, -1120.815783740249], [-694.717321740492, -416.79669251553, -1164.85925197875], [-709.312222728783, -375.765738742291, -1193.502168321445], [-723.624789172443, -338.608788696966, -1206.729232081928], [-737.256187088315, -305.409170543327, -1204.738496301544], [-749.691627627917, -275.895371914528, -1187.954153849111], [-760.2928685126617, -249.485210422739, -1157.046209362595], [-768.3101526545221, -225.349908712838, -1112.952083861501], [-772.9154426334134, -202.492486826485, -1056.89370251309], [-773.2557405025051, -179.834057719978, -990.383132823117]],