{"A": [[0.0, 1000.0, 0.0], [0.0, 1000.0, 0.0], [0.0, 1000.0, 0.0], [0.0, 1000.0, 0.0], [0.0, 1000.0, 0.0], [0.0, 1000.0, 0.0], [0.0, 1000.0, 0.0], [0.0, 1000.0, 0.0], [0.0, 1000.0, 0.0], [0.0, 1000.0, 0.0], [0.0, 1000.0, 0.0], [0.0, 1000.0, 0.0], [0.0, 1000.0, 0.0], [0.0, 1000.0, 0.0], [0.0, 1000.0, 0.0]], "B": [[587.7852522924732, 809.0169943749474, 0.0], [587.7852522924732, 809.0169943749474, 0.0], [587.7852522924732, 809.0169943749474, 0.0], [587.7852522924732, 809.0169943749474, 0.0], [587.7852522924732, 809.0169943749474, 0.0], [587.7852522924732, 809.0169943749474, 0.0], [587.7852522924732, 809.0169943749474, 0.0], [587.7852522924732, 809.0169943749474, 0.0], [587.7852522924732, 809.0169943749474, 0.0], [587.7852522924732, 809.0169943749474, 0.0], [587.7852522924732, 809.0169943749474, 0.0], [587.7852522924732, 809.0169943749474, 0.0], [587.7852522924732, 809.0169943749474, 0.0], [587.7852522924732, 809.0169943749474, 0.0], [587.7852522924732, 809.0169943749474, 0.0]], "C": [[951.056516295153, 309.016994374947, 0.0], [949.069295262161, 309.016994374947, -37.9453758128931], [943.129373753149, 309.016994374947, -75.4756026371802], [933.301738669789, 309.016994374947, -112.180073504964], [919.693911223239, 309.016994374947, -147.657215796876], [902.454770576785, 309.016994374947, -181.518884727799], [881.772925003516, 309.016994374947, -213.394609922673], [857.874648379716, 309.016994374947, -242.935648621879], [831.021404590174, 309.016994374947, -269.818801171294], [801.506986930153, 309.016994374947, -293.749947052874], [769.654303800961, 309.016994374947, -314.467262769128], [735.81184586588, 309.016994374947, -331.744086375565], [700.349873318219, 309.016994374947, -345.391397321119], [663.6563649754704, 309.016994374947, -355.259884465371], [626.1327735192987, 309.016994374947, -361.241579647004]], "D": [[951.056516295154, -309.016994374943, 0.0], [943.6442773478527, -305.958975645959, -99.1102082542136], [921.633573259078, -296.818376325759, -195.7562969283122], [885.6936448937548, -281.695200973048, -287.561323712232], [836.9109413225054, -260.754907718564, -372.319118951941], [776.746978116134, -234.226598037244, -448.070871154211], [706.9818553309, -202.400510217618, -513.171575697423], [629.645820334384, -165.624843951655, -566.343655030344], [546.941761060095, -124.301950786242, -606.715609031382], [461.161890888878, -78.88393211546, -633.844195870225], [374.602120964708, -29.867692874674, -647.719348785312], [289.477699329503, 22.210494947499, -648.751772042516], [207.843625348122, 76.780859500345, -637.743897941555], [131.5231257567204, 133.246362774186, -615.845594041566], [62.0471151501077, 190.98923261436, -584.496655123647]], "E": [[587.785252292473, -809.016994374943, 0.0], [573.6155506160078, -797.249781335828, -159.7575238412477], [532.0329541033831, -762.299889130671, -311.9644293479232], [465.7471216520338, -705.208977492623, -449.570613462619], [379.0471811367334, -627.668449314135, -566.487193960283], [277.481450221506, -531.954387561924, -657.971102814284], [167.447509580796, -420.840342537709, -720.9039531981], [55.726868141247, -297.491643089807, -753.944814005167], [-50.997342506591, -165.3456763397865, -757.54747658151], [-146.600458693983, -27.9831593114663, -733.844440907837], [-225.917707912887, 111.004212358292, -686.4111139423203], [-285.056436167201, 248.144224132923, -619.9335761322559], [-321.597137590865, 380.207304711158, -539.8108486914459], [-334.6715888707476, 504.317325860059, -451.727223168473], [-324.9174904045213, 618.045534145454, -361.231519868194]], "F": [[0.0, -1000.000000000003, 0.0], [-17.41537858243624, -974.194280311097, -196.3511880923352], [-67.3531109448499, -898.272964915715, -376.8772858376806], [-143.1851483386722, -776.6141554472738, -527.4731318772117], [-234.8140542181486, -616.159102175093, -637.2539227749521], [-329.958817444527, -425.91011923745, -699.6477824258858], [-415.699820216198, -216.287337292112, -712.9496433137449], [-480.073729802329, 1.602560039321, -680.2807919322383], [-513.506796592634, 216.7259129601805, -608.979927025982], [-509.903080089235, 418.8490461959367, -509.527262210254], [-467.257637582374, 599.175842441229, -394.1620606001223], [-387.735050100306, 750.84825284473, -275.3878273443669], [-277.2298188938118, 869.27519827974, -164.5640662107249], [-144.4955641421476, 952.271208222092, -70.75949468571], [0.0157085376337, 1000.003286812052, 0.006217159949]], "G": [[-587.785252292477, -809.016994374943, 0.0], [-600.0800163943203, -768.123488901816, -194.68985681517776], [-632.9561540771919, -649.483143052893, -364.1166672397312], [-675.2374914356662, -464.7345487912598, -487.2558917036223], [-710.9461889411626, -231.73397593818, -550.7581202644838], [-722.690892028439, 27.538715033714, -550.9478041432328], [-695.371438428991, 289.508765530104, -494.04304317065294], [-619.439156399997, 531.638423746816, -394.6144265631114], [-493.0588019119421, 734.8257155936645, -272.646037453743], [-322.760830548637, 885.2762416318227, -149.819796281623], [-122.494272169789, 975.636687926081, -45.7636321646223], [88.681557135253, 1005.287941791509, 25.0346623080071], [289.7651410156662, 979.814540193068, 55.1261260526641], [461.1946480500434, 909.7776764676033, 44.564734614622], [587.7960284006347, 809.005101801736, -0.0062174400643073]], "H": [[-951.056516295157, -309.016994374943, 0.0], [-948.2566764678322, -259.009782016987, -155.41826285539497], [-934.9358859762109, -117.029463461652, -278.8680199657229], [-898.1107479757662, 94.2602127721492, -346.4781260088933], [-821.5246700124356, 341.663279792901, -348.3871789360647], [-691.9592944861131, 587.362836650953, -290.9121661662678], [-505.107083284116, 795.498641661321, -194.47713779400092], [-269.16873911908, 938.154298755863, -87.9851888939274], [-5.0179018882591, 999.6555612658105, -1.265780258338], [257.209073404588, 978.4584540034806, 42.320769596883], [484.203595537452, 886.4139371525933, 31.1974574457341], [646.613881008107, 745.721139174916, -32.4336612045936], [725.3240615196612, 584.311377176413, -134.1664677362359], [715.2968000285674, 430.6544794465233, -251.811832755811], [626.123724848574, 309.006357696557, -361.2516393187983]], "I": [[-951.056516295157, 309.016994374947, 0.0], [-935.7417069254359, 343.729150408999, -19.34781740365397], [-886.363594937157, 439.964067173679, -15.4957537270269], [-794.4217300502012, 575.7033062606382, 26.9213203538007], [-651.1075482706796, 719.505782264652, 110.0439055174663], [-453.3049266332611, 837.196925882972, 221.5261538415762], [-208.613997684394, 899.113713276682, 337.80265552507507], [62.581096947517, 886.3568037886847, 430.8838476027716], [329.0697735951609, 794.7310192098545, 476.601741554302], [554.577674086204, 635.5727096226186, 461.805325783577], [705.862662749955, 433.3501387038044, 388.3619345536081], [760.865984343594, 220.625188948235, 272.8313239952174], [714.5426422153133, 31.522563320901, 142.0115536993891], [580.6389543744904, -104.8587948419357, 25.782851838044], [388.8631876565041, -169.699557020128, -50.584460562021306]], "J": [[-587.785252292477, 809.016994374947, 0.0], [-567.3919427866458, 806.181148644161, 160.71498230052003], [-506.977274877777, 795.155748992032, 318.9753221060871], [-409.4420580980852, 769.3920561403952, 469.9126651944967], [-281.2377437508066, 720.9996027336942, 605.1803588865823], [-133.5837549449361, 644.24247108688, 713.9822046711791], [17.635436373211, 538.682395483228, 785.9839469601251], [153.9525453922374, 410.8855297704017, 814.9988528325016], [258.1720486473555, 274.0315907986915, 801.888736528917], [318.891579833462, 145.4084013039106, 755.330498599181], [334.064752140007, 42.4451502591254, 689.9006798671192], [312.110572278482, -21.578676762926, 622.0044598847734], [269.8579156886393, -40.8758870179277, 565.0717972020491], [227.7642930467144, -18.5384800768538, 525.777139707187], [203.9033698724631, 34.448622967739, 502.6599679350357]],