{"A": [[0.0, 1000.0, 0.0], [0.0, 1000.0, 0.0], [0.0, 1000.0, 0.0], [0.0, 1000.0, 0.0], [0.0, 1000.0, 0.0], [0.0, 1000.0, 0.0], [0.0, 1000.0, 0.0], [0.0, 1000.0, 0.0], [0.0, 1000.0, 0.0], [0.0, 1000.0, 0.0], [0.0, 1000.0, 0.0], [0.0, 1000.0, 0.0], [0.0, 1000.0, 0.0], [0.0, 1000.0, 0.0], [0.0, 1000.0, 0.0], [0.0, 1000.0, 0.0], [0.0, 1000.0, 0.0], [0.0, 1000.0, 0.0], [0.0, 1000.0, 0.0], [0.0, 1000.0, 0.0]], "B": [[587.7852522924732, 809.0169943749474, 0.0], [587.7852522924732, 809.0169943749474, 0.0], [587.7852522924732, 809.0169943749474, 0.0], [587.7852522924732, 809.0169943749474, 0.0], [587.7852522924732, 809.0169943749474, 0.0], [587.7852522924732, 809.0169943749474, 0.0], [587.7852522924732, 809.0169943749474, 0.0], [587.7852522924732, 809.0169943749474, 0.0], [587.7852522924732, 809.0169943749474, 0.0], [587.7852522924732, 809.0169943749474, 0.0], [587.7852522924732, 809.0169943749474, 0.0], [587.7852522924732, 809.0169943749474, 0.0], [587.7852522924732, 809.0169943749474, 0.0], [587.7852522924732, 809.0169943749474, 0.0], [587.7852522924732, 809.0169943749474, 0.0], [587.7852522924732, 809.0169943749474, 0.0], [587.7852522924732, 809.0169943749474, 0.0], [587.7852522924732, 809.0169943749474, 0.0], [587.7852522924732, 809.0169943749474, 0.0], [587.7852522924732, 809.0169943749474, 0.0]], "C": [[951.056516295153, 309.016994374947, 0.0], [949.977131706408, 309.016994374947, -27.9830973394068], [946.745392271311, 309.016994374947, -55.7999028357391], [941.380502865595, 309.016994374947, -83.2851128487911], [933.914344783041, 309.016994374947, -110.275394271619], [924.391286278282, 309.016994374947, -136.610355150878], [912.867918904831, 309.016994374947, -162.133497829114], [899.412721215139, 309.016994374947, -186.693148944886], [884.105651821208, 309.016994374947, -210.143360764111], [867.037674234, 309.016994374947, -232.344778486404], [848.31021630534, 309.016994374947, -253.165468372365], [828.034567484615, 309.016994374947, -272.481701770618], [806.331217472126, 309.016994374947, -290.178690385422], [783.329140199196, 309.016994374947, -306.151268415513], [759.165027390044, 309.016994374947, -320.304517510463], [733.982476260037, 309.016994374947, -332.554330830742], [707.931136177502, 309.016994374947, -342.827912859484], [681.1658193601291, 309.016994374947, -351.064211995794], [653.8455808907072, 309.016994374947, -357.21428335888], [626.1327735192987, 309.016994374947, -361.241579647004]], "D": [[951.056516295154, -309.016994374943, 0.0], [947.0274478178504, -307.355992285412, -73.1677399787589], [935.00706506363, -302.382856657493, -145.3456737128408], [915.1944212182844, -294.127140756125, -215.5630499171141], [887.9165879979561, -282.637904847811, -282.886801329631], [853.6217434663959, -267.983424655986, -346.439331935361], [812.8697186516071, -250.250785626939, -405.415066074588], [766.320220301267, -229.545365417438, -459.095392080745], [714.719000334603, -205.990207679388, -506.861670580711], [658.882289398266, -179.725290862876, -548.206022760685], [599.679851314591, -150.906696382786, -582.739665685279], [538.017046198326, -119.705681092239, -610.198618932483], [474.81631188763, -86.307659574744, -630.446668022105], [410.998485577296, -50.911102302881, -643.475533923944], [347.464389875949, -13.726356211295, -649.402262827797], [285.077099887105, 25.025605307155, -648.463914808375], [224.645290525976, 65.114495553838, -641.009692503726], [166.9080365492022, 106.302083021893, -627.490709972403], [112.5214023346792, 148.343607106414, -608.447656110982], [62.0471151501077, 190.98923261436, -584.496655123647]], "E": [[587.785252292473, -809.016994374943, 0.0], [583.0427406956975, -806.720963407053, -62.4081002082341], [568.914039235107, -799.8395486403, -123.465379122864], [545.6938299400524, -788.392910143299, -181.8484609793252], [513.8672058996001, -772.415062218651, -236.2884417052156], [474.1006637025099, -751.95447845716, -285.5970740257121], [427.2296122592351, -727.074906789851, -328.6916858766303], [374.242525557917, -697.856363511858, -364.618402296701], [316.261914077994, -664.396267786467, -392.573238449085], [254.522343275603, -626.81067167399, -411.92063290996], [190.345787639218, -585.235535440355, -422.208998434392], [125.11467438571, -539.827993928551, -423.182884678146], [60.243040233526, -490.767557233239, -414.791376257218], [-2.853704581472, -438.257187881945, -397.192392118678], [-62.789841862216, -382.524197235315, -370.752609953341], [-118.240613647489, -323.820905876071, -336.042813032868], [-167.973011515617, -262.425016326325, -293.828546256712], [-210.8753639578248, -198.639651442724, -245.05607224568], [-245.9849741913168, -132.793018180807, -190.833734932071], [-272.5130565185273, -65.237663952577, -132.408964228582]], "F": [[0.0, -1000.000000000003, 0.0], [-1.73804420638754, -996.678580291669, 0.1502617182493], [-6.841169290564, -986.741140760972, 1.193138309465], [-14.9809845315986, -970.268499446366, 3.9768163188698], [-25.6254867454729, -947.39649956995, 9.2622504443914], [-38.0615906180171, -918.317554091407, 17.6835939452809], [-51.4257730678109, -883.282469804674, 29.7134349077927], [-64.74190369534, -842.602240187075, 45.63434091024], [-76.965036590654, -796.649444885111, 65.518099239434], [-87.029635871711, -745.858867460922, 89.213863877616], [-93.900413577789, -690.726944232096, 116.346171455324], [-96.623695425478, -631.80968649792, 146.323458425824], [-94.377023433506, -569.7187752595418, 178.357300158635], [-86.5145825012315, -505.1156091622628, 211.492107650876], [-72.606027530346, -438.703188744807, 244.644477025478], [-52.4664109845537, -371.2158377882142, 276.650818354968], [-26.175182540395, -303.4068892053339, 306.321329227193], [5.9173431560562, -236.0345914065014, 332.497866237513], [43.1970859677482, -169.8466140298393, 354.112848107884], [84.8072110826737, -105.5636420579825, 370.24603982625]], "G": [[-587.785252292477, -809.016994374943, 0.0], [-587.9607048738255, -804.035242321617, 34.7558639503904], [-588.341697093441, -789.134787591508, 70.2936202336416], [-588.4995475500197, -764.45088452974, 107.3285386723418], [-587.7443348924469, -730.211693524207, 146.4452371114484], [-585.1611120476362, -686.742051091259, 188.0388442659489], [-579.6593448988918, -634.46809660722, 232.2639533742727], [-570.034214130428, -573.922145502906, 278.993932497513], [-555.037909418353, -505.747081929111, 327.793059430061], [-533.458481860018, -430.699467832647, 377.903748607932], [-504.203227724001, -349.650536324203, 428.250797779556], [-466.382994104287, -263.584259646892, 477.464074042583], [-419.393278143573, -173.5917582797158, 523.920365087462], [-362.9875988305945, -80.8614475298268, 565.804242398493], [-297.338420387497, 13.335501607408, 601.186739983826], [-223.0809621549817, 107.6645854580468, 628.119488950941], [-141.335594015226, 200.7522118636611, 644.740731283816], [-53.7052226599009, 291.2144180522056, 649.388451330302], [37.75486898232868, 377.6894200436857, 640.714810619363], [130.5958809451436, 458.8730630771685, 617.795256869058]],