{"A": [[0.0, 1000.0, 0.0], [0.0, 1000.0, 0.0], [0.0, 1000.0, 0.0], [0.0, 1000.0, 0.0], [0.0, 1000.0, 0.0], [0.0, 1000.0, 0.0], [0.0, 1000.0, 0.0], [0.0, 1000.0, 0.0], [0.0, 1000.0, 0.0], [0.0, 1000.0, 0.0], [0.0, 1000.0, 0.0], [0.0, 1000.0, 0.0], [0.0, 1000.0, 0.0], [0.0, 1000.0, 0.0], [0.0, 1000.0, 0.0]], "B": [[587.7852522924732, 809.0169943749474, 0.0], [587.7852522924732, 809.0169943749474, 0.0], [587.7852522924732, 809.0169943749474, 0.0], [587.7852522924732, 809.0169943749474, 0.0], [587.7852522924732, 809.0169943749474, 0.0], [587.7852522924732, 809.0169943749474, 0.0], [587.7852522924732, 809.0169943749474, 0.0], [587.7852522924732, 809.0169943749474, 0.0], [587.7852522924732, 809.0169943749474, 0.0], [587.7852522924732, 809.0169943749474, 0.0], [587.7852522924732, 809.0169943749474, 0.0], [587.7852522924732, 809.0169943749474, 0.0], [587.7852522924732, 809.0169943749474, 0.0], [587.7852522924732, 809.0169943749474, 0.0], [587.7852522924732, 809.0169943749474, 0.0]], "C": [[951.056516295153, 309.016994374947, 0.0], [949.921131167582, 309.016994374947, -28.6987191605648], [946.522072957235, 309.016994374947, -57.2180456625624], [940.880588817532, 309.016994374947, -85.3797082119638], [933.03194306924, 309.016994374947, -113.007671234284], [923.025196766934, 309.016994374947, -139.929235254343], [910.922901023529, 309.016994374947, -165.976116422423], [896.800706009893, 309.016994374947, -190.985498438812], [880.746888073628, 309.016994374947, -214.801050301285], [862.861797932951, 309.016994374947, -237.273903513655], [843.257233394974, 309.016994374947, -258.263582647009], [822.05574051943, 309.016994374947, -277.638883436755], [799.389847596214, 309.016994374947, -295.278692926606], [775.40123672506, 309.016994374947, -311.072746532859], [750.239858175712, 309.016994374947, -324.922317296652]], "D": [[951.056516295154, -309.016994374943, 0.0], [946.8186077178714, -307.269816317204, -75.033938651141], [934.1788085386364, -302.039203569261, -149.0002772085448], [913.357252096179, -293.357852138262, -220.8530320584338], [884.7153794122678, -281.280028233943, -289.588944379431], [848.7479058801932, -265.881229056293, -354.267584609351], [806.071848104777, -247.257710870542, -414.029982056426], [757.412876224914, -225.52588731942, -468.115344878735], [703.58932145056, -200.821601733793, -515.875482553779], [645.494224784116, -173.299277990365, -556.786599357053], [584.075859581524, -143.130955224354, -590.458191861879], [520.317196589612, -110.505212431054, -616.638854460109], [455.214804488204, -75.625989678477, -635.218872620293], [389.757691171925, -38.711313299548, -646.229562165687], [324.906590734454, 0.008066967431, -649.839392317801]], "E": [[587.785252292473, -809.016994374943, 0.0], [582.7970123347834, -806.60180913385, -63.995356558686], [567.9416353566544, -799.363644059688, -126.5337438608518], [543.545034271585, -787.324817288506, -186.1893314766909], [510.1433646033148, -770.523007292898, -241.598065937934], [468.4725464951022, -749.011955398061, -291.4873045914889], [419.453742217384, -722.862410155316, -334.7039367220559], [364.174946298032, -692.163275707711, -370.2404784671718], [303.868903964881, -657.022917260688, -397.258625376099], [239.887640354063, -617.570569033479, -415.109749194521], [173.673957610681, -573.957783831027, -423.351836921273], [106.730338266968, -526.359858820425, -421.762393723359], [40.585778771034, -474.977169355793, -410.346869975961], [-23.238836554241, -420.03634186051, -389.34222902289], [-83.266127634498, -361.791197886168, -359.215347922294]], "F": [[0.0, -1000.000000000003, 0.0], [-1.82775709630964, -996.506290686504, 0.1620912082482], [-7.1882416174176, -986.05484244842, 1.2865687114232], [-15.718482662677, -968.735111773005, 4.2854304511691], [-26.8313403508852, -944.697521668886, 9.971836934702], [-39.7416818695108, -914.155240937818, 19.0155208046801], [-53.5019264369, -877.386262643463, 31.9039270099001], [-67.045819992697, -834.735404547012, 48.9108665717912], [-79.23893586808, -786.615794473202, 70.074318556183], [-88.93402738689, -733.509375650528, 95.18478849365], [-95.029003056674, -675.96597386791, 123.785311647627], [-96.52498340113, -614.6005104831974, 155.183767419805], [-92.581664676695, -550.0880213644203, 188.477647863982], [-82.5670946801391, -483.1562480461487, 222.590811824692], [-66.0989931301406, -414.5756980864821, 256.321082584963]], "G": [[-587.785252292477, -809.016994374943, 0.0], [-587.9691476547057, -803.776848173653, 35.6535481108586], [-588.3600561135706, -788.105991138666, 72.1497153428149], [-588.484273136568, -762.15415592623, 110.2555639528401], [-587.5808444041091, -726.174071423246, 150.590138186361], [-584.6436503335328, -680.52581540825, 193.5582019484941], [-578.478773970569, -625.68211322204, 239.2932757425861], [-567.775474483892, -562.233840373524, 287.6130280329652], [-551.18845730884, -490.894848855532, 337.989944798731], [-527.428436168363, -412.505150926648, 389.539935258427], [-495.357255591871, -328.031468022384, 441.031085637222], [-454.083139291767, -238.5641916513454, 490.914110590617], [-403.051020950391, -145.3099100239783, 537.375155227931], [-342.1224818181171, -49.5788277766057, 578.410475264144], [-271.6396492480806, 47.2333582300449, 611.921202715363]], "H": [[-951.056516295157, -309.016994374943, 0.0], [-949.6928836075666, -302.703043308486, 28.7984641331267], [-945.4753376103146, -283.889314646094, 57.9994461438463], [-938.037230819591, -252.958614595215, 87.9252770363566], [-926.8109161676732, -210.543542291866, 118.7447760579235], [-911.0898006137558, -157.517746731909, 150.4133028667346], [-890.109100012359, -94.982527707379, 182.6319919964685], [-863.139361956903, -24.247833248434, 214.8308779923677], [-829.58545658311, 53.193281904976, 246.1791174920893], [-789.082706098183, 135.697481167278, 275.623613149207], [-741.581277837041, 221.511624214374, 301.955092401959], [-687.410053460597, 308.8207254318806, 323.89819840155], [-627.312038442437, 395.8025438656877, 340.219583333441], [-562.4450706503841, 480.6872013899003, 349.845590795113], [-494.3441236908266, 561.8194639496498, 351.97915510933]], "I": [[-951.056516295157, 309.016994374947, 0.0], [-947.5688008096935, 313.571031008399, -17.7607975365718], [-937.1444350222586, 326.964917325031, -35.5618417648055], [-919.9126077776586, 348.408991535524, -53.4766733966974], [-896.1287722049235, 376.636676178582, -71.6338160393765], [-866.2257897443538, 409.976952626917, -90.2171149495644], [-830.8685806303636, 446.452037734466, -109.4385191104385], [-790.9980005476679, 483.896152947812, -129.4819514472413], [-747.8491970408933, 520.089766855152, -150.4225308495577], [-702.9315593703809, 552.902129205928, -172.131088470477], [-657.9616065532883, 580.433466063196, -194.178834343988], [-614.7464921710346, 601.1470967709226, -215.760314669971], [-575.0236224490671, 613.9812161204227, -235.653666415292], [-540.2702258711672, 618.4303990611993, -252.235050817294], [-511.5043489161367, 614.5882110540306, -263.558818739035]], "J": [[-587.785252292477, 809.016994374947, 0.0], [-582.4156489966444, 807.496143692954, -86.0774867907632], [-566.6657325720536, 802.606324246559, -171.4912142441855], [-541.6010260799156, 793.412874895349, -255.5110818476734], [-508.9560078383685, 778.510502377211, -337.2664375287705], [-471.0586318940498, 756.235959606322, -415.6608561587704], [-430.7023847802336, 724.934760136341, -489.2811184493975], [-390.9532625769109, 683.253378764859, -556.3155435959193], [-354.8871251024183, 630.423920947977, -614.5057084250367], [-325.2662796608389, 566.5066737092945, -661.160600995926], [-304.1807861715823, 492.5578678246771, -693.261013563369], [-292.6966121600336, 410.6957265547846, -707.673072806824], [-290.5654625472232, 324.0473905174887, -701.473313152751], [-296.0559575324812, 236.5720077258653, -672.365472658765], [-305.9598228367557, 152.7700010712666, -619.144813931785]],