{"A": [[0.0, 1000.0, 0.0], [0.0, 1000.0, 0.0], [0.0, 1000.0, 0.0], [0.0, 1000.0, 0.0], [0.0, 1000.0, 0.0], [0.0, 1000.0, 0.0], [0.0, 1000.0, 0.0], [0.0, 1000.0, 0.0], [0.0, 1000.0, 0.0], [0.0, 1000.0, 0.0], [0.0, 1000.0, 0.0], [0.0, 1000.0, 0.0], [0.0, 1000.0, 0.0], [0.0, 1000.0, 0.0], [0.0, 1000.0, 0.0]], "B": [[587.7852522924732, 809.0169943749474, 0.0], [587.7852522924732, 809.0169943749474, 0.0], [587.7852522924732, 809.0169943749474, 0.0], [587.7852522924732, 809.0169943749474, 0.0], [587.7852522924732, 809.0169943749474, 0.0], [587.7852522924732, 809.0169943749474, 0.0], [587.7852522924732, 809.0169943749474, 0.0], [587.7852522924732, 809.0169943749474, 0.0], [587.7852522924732, 809.0169943749474, 0.0], [587.7852522924732, 809.0169943749474, 0.0], [587.7852522924732, 809.0169943749474, 0.0], [587.7852522924732, 809.0169943749474, 0.0], [587.7852522924732, 809.0169943749474, 0.0], [587.7852522924732, 809.0169943749474, 0.0], [587.7852522924732, 809.0169943749474, 0.0]], "C": [[951.056516295153, 309.016994374947, 0.0], [949.069295262161, 309.016994374947, -37.9453758128931], [943.129373753149, 309.016994374947, -75.4756026371802], [933.301738669789, 309.016994374947, -112.180073504964], [919.693911223239, 309.016994374947, -147.657215796876], [902.454770576785, 309.016994374947, -181.518884727799], [881.772925003516, 309.016994374947, -213.394609922673], [857.874648379716, 309.016994374947, -242.935648621879], [831.021404590174, 309.016994374947, -269.818801171294], [801.506986930153, 309.016994374947, -293.749947052874], [769.654303800961, 309.016994374947, -314.467262769128], [735.81184586588, 309.016994374947, -331.744086375565], [700.349873318219, 309.016994374947, -345.391397321119], [663.6563649754704, 309.016994374947, -355.259884465371], [626.1327735192987, 309.016994374947, -361.241579647004]], "D": [[951.056516295154, -309.016994374943, 0.0], [943.6442773478527, -305.958975645959, -99.1102082542136], [921.633573259078, -296.818376325759, -195.7562969283122], [885.6936448937548, -281.695200973048, -287.561323712232], [836.9109413225054, -260.754907718564, -372.319118951941], [776.746978116134, -234.226598037244, -448.070871154211], [706.9818553309, -202.400510217618, -513.171575697423], [629.645820334384, -165.624843951655, -566.343655030344], [546.941761060095, -124.301950786242, -606.715609031382], [461.161890888878, -78.88393211546, -633.844195870225], [374.602120964708, -29.867692874674, -647.719348785312], [289.477699329503, 22.210494947499, -648.751772042516], [207.843625348122, 76.780859500345, -637.743897941555], [131.5231257567204, 133.246362774186, -615.845594041566], [62.0471151501077, 190.98923261436, -584.496655123647]], "E": [[587.785252292473, -809.016994374943, 0.0], [579.0631074387877, -804.788941906002, -84.4389247777609], [553.2310857891331, -792.127499052306, -165.5157377416895], [511.2810884933638, -771.101588462864, -239.9941423368457], [454.8286824255044, -741.828624485369, -304.8859096078733], [386.057384773235, -704.478143824881, -357.5659730104974], [307.642108688494, -659.276529019401, -395.876727364182], [222.653373797335, -606.51248595579, -418.21787456007], [134.444533994826, -546.542868347761, -423.618212953841], [46.525012436615, -479.798393400784, -411.785948984938], [-37.576672104406, -406.788766288467, -383.134469756313], [-114.455505172465, -328.106728065513, -338.781094701379], [-180.972887946256, -244.430562689674, -280.517145731731], [-234.3939578575526, -156.524643284185, -210.748737453853], [-272.5130565185273, -65.237663952577, -132.408964228582]], "F": [[0.0, -1000.000000000003, 0.0], [-3.18680712633424, -993.885949142007, 0.3748128677469], [-12.3728575171409, -975.634950252221, 2.9574230899815], [-26.4638147750782, -945.52264196756, 9.7531826803313], [-43.7302548899416, -904.015104401389, 22.3762834506237], [-61.944204783532, -851.776936783525, 41.8882203554526], [-78.559705222488, -789.678921851977, 68.676161040904], [-90.926365588782, -718.802183447625, 102.382530869886], [-96.521469576622, -640.4355802574366, 141.894718016432], [-93.183144719167, -556.0633464919841, 185.400202063665], [-79.3249415389521, -467.3406781700792, 230.507575101121], [-54.1114503426266, -376.0560138275771, 274.428063980808], [-17.575821113197, -284.0800718509449, 314.205752956161], [29.3364386840034, -193.3031525524097, 346.978463286929], [84.8072110826737, -105.5636420579825, 370.24603982625]], "G": [[-587.785252292477, -809.016994374943, 0.0], [-588.0895554273762, -799.847201236779, 47.3189348785638], [-588.5128646112839, -772.49021082823, 96.557200440305], [-587.6324875238502, -727.408373848506, 149.3307525773803], [-583.2289691920716, -665.388453139491, 206.6708026962777], [-572.506384376192, -587.562144166431, 268.7864693174326], [-552.385352563844, -495.427682322952, 334.893131212405], [-519.851652636324, -390.866264800885, 403.126845267691], [-472.336741539394, -276.1463813582136, 470.562136807852], [-408.099868723323, -153.9092853242411, 533.344995499176], [-326.5758726884651, -27.1298004405522, 586.944626239759], [-228.6494520930236, 100.9515636946089, 626.516501992483], [-116.8170604417696, 226.9267198798651, 647.356239180659], [4.7973234839702, 347.3468340694363, 645.410088690638], [130.5958809451436, 458.8730630771685, 617.795256869058]], "H": [[-951.056516295157, -309.016994374943, 0.0], [-948.6548806086772, -297.975653006121, 38.17527020992846], [-941.0668112831379, -265.24383677445, 77.2480848341093], [-927.2133011036982, -211.989567038978, 117.7976606641979], [-905.5226211030456, -140.129181103628, 159.8145296013124], [-874.241459237021, -52.276294539082, 202.5217348234093], [-831.814291546382, 48.339152064312, 244.3221141614171], [-777.278567766101, 157.988022041697, 282.89221451851], [-710.615152811205, 272.5992455977304, 315.424627260305], [-632.992174528468, 387.9567162569199, 338.998144816692], [-546.8481641525541, 499.9291557628068, 351.031537266106], [-455.7783578612366, 604.7192781978989, 349.755664374932], [-364.2157112963696, 699.1119394127261, 334.624665366725], [-276.9326925654258, 780.6960414569543, 306.584656109911], [-198.4260026325144, 848.0330799714365, 268.130999862471]], "I": [[-951.056516295157, 309.016994374947, 0.0], [-944.9538525807975, 316.961356924298, -23.50768902085554], [-926.7697308976376, 339.977888142892, -47.1234088074487], [-896.9420129906882, 375.696980390481, -71.0784424735861], [-856.3968616365237, 420.431305686422, -95.7722690731356], [-806.7631146915083, 469.55112954256, -121.6831752933407], [-750.5307028268289, 517.972116361367, -149.1291131851659], [-691.0527811429776, 560.714201458546, -177.914414539302], [-632.3152348228908, 593.4759774865454, -206.948091232419], [-578.4485350982778, 613.1576984391509, -233.955186853503], [-533.0275747676246, 618.2613042980938, -255.410962219357], [-498.279971051056, 609.1015546236333, -266.799620883163], [-474.3821607186956, 587.7807932165871, -263.233796611058], [-459.0445935689958, 557.9108508317242, -240.377888860995], [-447.5572819569984, 524.1056457488925, -195.518257950204]], "J": [[-587.785252292477, 809.016994374947, 0.0], [-578.4227738831205, 806.317813914281, -113.79189362512724], [-551.4314314677986, 797.235098420549, -226.0172764506017], [-510.0353581204232, 779.06168118503, -334.8324373630081], [-459.3578845064587, 748.070316447811, -437.7938188574866], [-405.9392491170453, 700.544428607223, -531.4981772433117], [-356.9144954664279, 633.946149448623, -611.2787818021609], [-318.8378144819426, 547.9890152751364, -671.128464907128], [-296.2712404580808, 445.3782898908124, -704.047196069914], [-290.4073563626738, 332.0221570218329, -702.955291282801], [-298.1091156804296, 216.6031131693298, -662.166449372728], [-311.764714742626, 109.52145148925027, -579.206072427536], [-320.2326099369566, 21.3606296757921, -456.55251163449], [-310.8949816699358, -38.8529145195177, -302.7534618690318], [-272.5038939870124, -65.2485011981145, -132.3992268525749]],