{
  "A__U*U__A*first__last*last__first": {
    "angle": 0.0,
    "mean_close_neighborings": 1.3053054186643355e-12,
    "this_folding": [
      1,
      1,
      1,
      -1,
      -1,
      -1,
      1,
      -1,
      -1,
      1,
      1,
      1,
      -1,
      -1,
      1,
      1,
      1,
      -1,
      -1
    ],
    "this_folding_np_id": "20_463772"
  },
  "A__U*U__A": {
    "angle": 0.07933314781792407,
    "mean_close_neighborings": 32.28105197128824,
    "this_folding": [
      1,
      1,
      1,
      -1,
      -1,
      -1,
      1,
      -1,
      -1,
      1,
      1,
      1,
      -1,
      -1,
      1,
      1,
      1,
      -1,
      -1
    ],
    "this_folding_np_id": "20_463772"
  }
}