{"A": [[0.0, 1000.0, 0.0], [0.0, 1000.0, 0.0], [0.0, 1000.0, 0.0], [0.0, 1000.0, 0.0], [0.0, 1000.0, 0.0]], "B": [[433.8837391175581, 900.9688679024191, 0.0], [433.8837391175581, 900.9688679024191, 0.0], [433.8837391175581, 900.9688679024191, 0.0], [433.8837391175581, 900.9688679024191, 0.0], [433.8837391175581, 900.9688679024191, 0.0]], "C": [[781.83148246803, 623.489801858734, 0.0], [751.15242821192, 608.715547999972, 109.502694585589], [669.935331249867, 569.603455489817, 180.385347253013], [566.82430578396, 519.947802706219, 187.648655221217], [478.1851430012433, 477.261431677714, 128.730953142529]], "D": [[974.927912181824, 222.520933956314, 0.0], [1052.639153428917, 313.189266429867, -31.324275893936], [1105.549545185769, 479.624679011806, 194.7499076601034], [853.126639256048, 537.0170034039855, 527.945408704319], [350.3288664164643, 448.7187231331485, 554.0547715703]], "E": [[974.927912181824, -222.520933956311, 0.0], [1135.0636893486103, -51.261464453806, -273.076473054452], [1402.78636092665, 366.007395329162, -116.3829456549356], [1245.570917793536, 738.1734548366514, 468.0635710123558], [472.3927071113473, 824.0045815949975, 759.780821035422]], "F": [[781.83148246803, -623.489801858726, 0.0], [972.2396183602294, -368.850017150128, -538.948805759814], [1373.071315049945, 300.8332483411413, -555.6227557906836], [1337.3775579162955, 914.9128112839466, 70.0723589144908], [675.6605821496183, 1084.4006080631004, 461.555495866331]], "G": [[433.883739117558, -900.968867902426, 0.0], [743.3539772135395, -467.3937586183344, -907.680087982355], [1292.1593408052895, 572.8973190541113, -898.4006110352806], [1062.9247518938125, 1223.3984836614675, -95.9833889515152], [474.6729321295543, 1026.3754357141545, 68.745989733333]], "H": [[0.0, -1000.000000000006, 0.0], [369.2755211568494, -632.7994095615944, -1083.089732943631], [1279.1322765723837, 511.0580956376227, -1338.9326419250685], [1224.8712171092704, 1627.8362584719614, -186.8992451357653], [60.2596902959603, 1185.2687042666776, 101.5615104030369]], "I": [[-433.88373911756, -900.968867902426, 0.0], [-31.1503773707746, -812.5173086144894, -1009.4497930773017], [1342.2548174280257, 154.5479266995147, -1597.7343198075866], [1655.3548664609605, 1709.0149544640772, -108.4383558148401], [5.2209461844138, 1341.4588638619366, 514.6445951298228]], "J": [[-781.831482468032, -623.489801858726, 0.0], [-472.9964228340046, -762.2947391718469, -1027.1141589659778], [1345.9348930917618, 96.1345707122614, -2038.9107029930146], [1763.9251191452865, 2032.687783874197, 177.0623691034549], [22.2685113015211, 996.5900530687246, 795.424131529485]], "K": [[-974.927912181822, -222.520933956311, 0.0], [-826.8433902156066, -517.8584149712289, -912.6350286351629], [1030.2530979734017, 122.1938919680452, -2351.525770131039], [1617.3567540493575, 2445.570713785968, 98.9108193060296], [-165.8987049190319, 646.6493823068596, 594.9325110519529]], "L": [[-974.927912181822, 222.520933956314, 0.0], [-980.2734860179266, -156.8661789514939, -702.3826197768559], [595.4858513258556, 216.1932058775601, -2337.248710832539], [1367.5720229824656, 2519.6989210620436, -261.8867156176894], [-299.1968358953859, 775.3232479319996, 190.2883355366679]], "M": [[-781.831482468032, 623.489801858734, 0.0], [-884.5417034549433, 205.9941111860061, -463.1544863063069], [317.46035862468165, 318.4969987902081, -2005.1372482795011], [1273.4798575303662, 2178.2364243186075, -531.3533961432174], [-193.3818139902449, 1204.7592207484327, 140.7889356858908]], "N": [[-433.88373911756, 900.968867902429, 0.0], [-570.0621954102143, 455.4411137159701, -270.9538199600879], [372.56293989300696, 364.2011880589464, -1565.891193298909], [1432.6094458213342, 1775.1187496818386, -430.1793939442474], [5.2893209554671, 1341.3928610903847, 514.8521558258228]], "O": [[0.0, 999.999999999999, 0.0], [-188.2955761394773, 679.060796876064, -319.0240800917515], [593.2684360653419, 659.3460150706834, -1316.40997307842], [1329.5665719211781, 1596.7659887673235, -35.6737247736734], [248.3909769456121, 1003.6639081535496, 672.6590105508247]], "first": [[-193.09642971379355, 846.010735815048, 0.0], [-193.09642971379355, 846.010735815048, 0.0], [-193.09642971379355, 846.010735815048, 0.0], [-193.09642971379355, 846.010735815048, 0.0], [-193.09642971379355, 846.010735815048, 0.0]], "B_C": [[541.0441730642652, 678.4479339461052, 0.0], [541.0441730642652, 678.4479339461052, 0.0], [541.0441730642652, 678.4479339461052, 0.0], [541.0441730642652, 678.4479339461052, 0.0], [541.0441730642652, 678.4479339461052, 0.0]], "D_E": [[867.767478235117, 0.0, 0.0], [1051.166185542867, 178.411120098488, -238.282257835973], [1278.112776391076, 526.2019121543055, 24.305144639324], [1025.473868676838, 707.329388030289, 575.789413619421], [324.7086078001443, 630.15305823022, 719.657033175488]], "F_G": [[541.044173064266, -678.447933946096, 0.0], [775.6643613323034, -358.955530207607, -688.143953485824], [1227.83428073722, 415.9258560553964, -718.8980453050926], [1180.8126750027668, 1006.3761740211975, -97.6202627702552], [668.6422168575283, 1070.7487261414115, 215.053379605521]], "H_I": [[-193.096429713796, -846.010735815046, 0.0], [142.7155816101524, -638.8254431325554, -984.9408390913165], [1205.7922083428462, 311.2925622457563, -1464.2877005114176], [1454.8295714019116, 1690.6935729388606, -251.4518435456292], [-32.5538864527517, 1339.5995482297856, 270.577945181385]], "J_K": [[-781.831482468032, -376.510198141266, 0.0], [-604.8974144684756, -553.8477772751744, -1014.8293254576892], [1212.0189753830928, 212.4559096853695, -2210.7676136372816], [1638.5327701240885, 2238.354950084048, 231.6215131820939], [-3.70904023559705, 756.0741154721276, 745.6629495639609]], "L_M": [[-781.831482468032, 376.510198141264, 0.0], [-864.5044309602663, 56.9588371619861, -659.077735207491], [476.38345889394265, 371.5047671387662, -2186.6105227524986], [1215.8916418735535, 2363.7814684486043, -378.8556628200624], [-229.2523399757611, 973.7930589475056, 60.9963162220249]], "last": [[-193.096429713796, 846.010735815039, 0.0], [-332.3983509609243, 479.0285214764531, -333.8700808880739], [569.6182095421686, 448.8372367249171, -1443.3967663965202], [1485.1423220335212, 1681.6977073695975, -207.6670787286484], [106.9034861454871, 1204.9801121530568, 693.9193164458948]]}