{"A": [[0.0, 1000.0, 0.0], [0.0, 1000.0, 0.0], [0.0, 1000.0, 0.0], [0.0, 1000.0, 0.0], [0.0, 1000.0, 0.0], [0.0, 1000.0, 0.0], [0.0, 1000.0, 0.0], [0.0, 1000.0, 0.0], [0.0, 1000.0, 0.0], [0.0, 1000.0, 0.0], [0.0, 1000.0, 0.0], [0.0, 1000.0, 0.0], [0.0, 1000.0, 0.0], [0.0, 1000.0, 0.0], [0.0, 1000.0, 0.0]], "B": [[433.8837391175581, 900.9688679024191, 0.0], [433.8837391175581, 900.9688679024191, 0.0], [433.8837391175581, 900.9688679024191, 0.0], [433.8837391175581, 900.9688679024191, 0.0], [433.8837391175581, 900.9688679024191, 0.0], [433.8837391175581, 900.9688679024191, 0.0], [433.8837391175581, 900.9688679024191, 0.0], [433.8837391175581, 900.9688679024191, 0.0], [433.8837391175581, 900.9688679024191, 0.0], [433.8837391175581, 900.9688679024191, 0.0], [433.8837391175581, 900.9688679024191, 0.0], [433.8837391175581, 900.9688679024191, 0.0], [433.8837391175581, 900.9688679024191, 0.0], [433.8837391175581, 900.9688679024191, 0.0], [433.8837391175581, 900.9688679024191, 0.0]], "C": [[781.83148246803, 623.489801858734, 0.0], [779.256160460805, 622.249592144798, -33.1016629765276], [771.606439031228, 618.565680463366, -65.2233231478254], [759.108794669787, 612.547132144013, -95.4139915228319], [742.133230736787, 604.372131413935, -122.779847760247], [721.182323199074, 594.282706102789, -146.510702477768], [696.876341442318, 582.577562203537, -165.903983595854], [669.934884669809, 569.603240428196, -180.385536579977], [641.155577557767, 555.74385657617, -189.52662277255], [611.390455900358, 541.409729460243, -193.056612564483], [581.52074136741, 527.025233070149, -190.870997614276], [552.430752189533, 513.016232620698, -183.034484906103], [524.9817221669346, 499.797476450928, -169.779081044669], [499.9863031123663, 487.76031704779, -151.497223502914], [478.1845056050173, 477.261124723869, -128.730162177812]], "D": [[974.927912181824, 222.520933956314, 0.0], [964.243440470827, 221.845124932638, -92.4163581725917], [932.811378691838, 219.984600711376, -180.1509285693224], [882.441535827519, 217.417861497409, -258.8892454053869], [815.9752440893915, 214.871067001588, -325.013727416563], [737.0425399578343, 213.220112499462, -375.861999565518], [649.759302085843, 213.37060148315, -409.888550634546], [558.396280251966, 216.130329077318, -426.71520361344], [467.054395089457, 222.089889064961, -427.068350522283], [379.379226593729, 231.526162337768, -412.613503821033], [298.342433692407, 244.34083339865, -385.708982719461], [226.109582693173, 260.042018814857, -349.10918401168], [164.0034924180336, 277.772053190401, -305.652894815005], [112.5609535539473, 296.379055667263, -257.972927337629], [71.6698723032963, 314.52473048924, -208.2599245202241]], "E": [[974.927912181824, -222.520933956311, 0.0], [957.9914273942592, -223.085974302094, -100.12955863821495], [908.1570593084476, -224.199587115885, -192.5942406339166], [828.3208558451228, -224.174203715968, -270.2762614317818], [723.1986442270176, -220.387666410628, -327.15888510969666], [599.1180997385572, -209.568920480368, -358.8753407610941], [463.6638712148981, -188.19119995543, -363.2101356066322], [325.150995583278, -152.952703365927, -340.4793842720514], [191.936498719516, -101.306139110392, -293.698877806286], [71.624882191178, -31.978731529352, -228.454065820717], [-29.732450119084, 54.590853802406, -152.419291454586], [-108.314568043771, 155.97678993142, -74.530998905014], [-162.9528715860184, 267.7195354949407, -3.890161661304], [-195.1931835590357, 383.5504513416615, 51.463339220091], [-208.9502721782117, 495.890633940138, 85.7145773873009]], "F": [[781.83148246803, -623.489801858726, 0.0], [766.3822151101701, -617.949331370067, -173.82557758118375], [721.5922226896756, -602.739219945038, -333.8867468405176], [651.6243811047748, -581.652234880963, -467.8871853299758], [561.9921246613625, -559.607487398007, -565.9153201936186], [458.2445174790453, -540.80182568798, -620.6035595764552], [345.3112882044291, -526.666635218296, -626.8183866412433], [227.8608377116547, -514.194568950709, -581.5212974848844], [111.4270972319292, -495.269675425798, -484.416555332872], [3.5376074886836, -457.516656308382, -339.556999146121], [-86.0884651245274, -386.84032821804, -157.3967715302066], [-146.8816921597035, -271.307711740282, 43.802410425397], [-170.21132409172293, -105.4832034785473, 238.451115642153], [-152.7520646222838, 106.0335618351855, 396.78259969829], [-99.0710406797977, 347.11834614235, 490.5054185187389]], "G": [[433.883739117558, -900.968867902426, 0.0], [416.5003857765222, -886.438877270819, -233.47734569673503], [367.4837284284266, -845.273220630847, -451.5587358546076], [295.2777291882548, -784.542234988292, -640.8466479780218], [211.0819350398935, -715.197734814232, -791.1174026083806], [125.5873774794063, -650.388186783469, -895.1801806939001], [46.2649742398451, -602.5903134086693, -947.5506135680132], [-23.5863834850473, -579.7520967075294, -942.8227916722554], [-83.4662771398858, -581.3436126023375, -875.146787283336], [-132.5269377233014, -595.839777274397, -740.075934950202], [-166.3320126797726, -601.296535180202, -539.0140832003055], [-175.6557652807071, -570.018922426012, -284.840145434092], [-148.77863093283122, -476.8801457711933, -5.81761980059], [-77.0213402691954, -309.1042570618285, 255.404691574189], [38.7131794965243, -74.061456666692, 449.4524457725565]], "H": [[0.0, -1000.000000000006, 0.0], [8.22205219842619, -982.2227864030705, -382.46227539500205], [29.6441310762356, -938.4023378515858, -725.8827015990516], [54.1216600671448, -891.793428298182, -999.1805649532658], [65.0412428855845, -866.472292543695, -1183.3550711385737], [43.5324658618555, -873.966804352206, -1271.1347756128241], [-23.3394841181619, -906.9659003514083, -1264.6830553728832], [-134.5052311422503, -943.5597316888365, -1173.9142847196524], [-272.4716992147428, -959.0876565649796, -1015.320436277036], [-408.6760734432464, -937.904996440316, -809.3240748043315], [-513.2622983462096, -877.625520370718, -575.67377531773], [-563.3064407466131, -783.936899125667, -329.8769886928914], [-546.0567298725713, -661.2558349885983, -84.7985132090144], [-458.7976822880984, -507.8848940772585, 142.288171040851], [-309.4036394383377, -320.896763995817, 323.1620042278015]], "I": [[-433.88373911756, -900.968867902426, 0.0], [-373.4879097478448, -885.3679217839197, -589.775816548842], [-211.5420340936264, -859.9677102219441, -1091.5868266980476], [-2.7106043963132, -872.6596653601982, -1440.1638492475158], [175.4040112418605, -960.0503024677114, -1604.2178511685577], [247.7389186855055, -1114.375665948792, -1585.0863134115332], [173.3439253014981, -1278.6682778335553, -1410.3375892135332], [-34.5258234363568, -1374.8081856546164, -1128.1851563432774], [-314.4668097267309, -1346.4562972037027, -800.275763853008], [-586.6667939715314, -1188.60131971621, -487.5587548941015], [-787.1594986054466, -945.2414111794432, -231.478076339009], [-886.2637329970091, -679.322246975876, -42.0982088410264], [-885.4301852162303, -437.4143389049853, 96.2619922423776], [-802.8495268835434, -232.4546404118035, 204.1652087157054], [-662.2551554908597, -52.212328220392, 286.1924791206698]],