{"A": [[0.0, 1000.0, 0.0], [0.0, 1000.0, 0.0], [0.0, 1000.0, 0.0], [0.0, 1000.0, 0.0], [0.0, 1000.0, 0.0], [0.0, 1000.0, 0.0], [0.0, 1000.0, 0.0], [0.0, 1000.0, 0.0], [0.0, 1000.0, 0.0], [0.0, 1000.0, 0.0], [0.0, 1000.0, 0.0], [0.0, 1000.0, 0.0], [0.0, 1000.0, 0.0], [0.0, 1000.0, 0.0], [0.0, 1000.0, 0.0]], "B": [[433.8837391175581, 900.9688679024191, 0.0], [433.8837391175581, 900.9688679024191, 0.0], [433.8837391175581, 900.9688679024191, 0.0], [433.8837391175581, 900.9688679024191, 0.0], [433.8837391175581, 900.9688679024191, 0.0], [433.8837391175581, 900.9688679024191, 0.0], [433.8837391175581, 900.9688679024191, 0.0], [433.8837391175581, 900.9688679024191, 0.0], [433.8837391175581, 900.9688679024191, 0.0], [433.8837391175581, 900.9688679024191, 0.0], [433.8837391175581, 900.9688679024191, 0.0], [433.8837391175581, 900.9688679024191, 0.0], [433.8837391175581, 900.9688679024191, 0.0], [433.8837391175581, 900.9688679024191, 0.0], [433.8837391175581, 900.9688679024191, 0.0]], "C": [[781.83148246803, 623.489801858734, 0.0], [779.256160460805, 622.249592144798, -33.1016629765276], [771.606439031228, 618.565680463366, -65.2233231478254], [759.108794669787, 612.547132144013, -95.4139915228319], [742.133230736787, 604.372131413935, -122.779847760247], [721.182323199074, 594.282706102789, -146.510702477768], [696.876341442318, 582.577562203537, -165.903983595854], [669.934884669809, 569.603240428196, -180.385536579977], [641.155577557767, 555.74385657617, -189.52662277255], [611.390455900358, 541.409729460243, -193.056612564483], [581.52074136741, 527.025233070149, -190.870997614276], [552.430752189533, 513.016232620698, -183.034484906103], [524.9817221669346, 499.797476450928, -169.779081044669], [499.9863031123663, 487.76031704779, -151.497223502914], [478.1845056050173, 477.261124723869, -128.730162177812]], "D": [[974.927912181824, 222.520933956314, 0.0], [964.243440470827, 221.845124932638, -92.4163581725917], [932.811378691838, 219.984600711376, -180.1509285693224], [882.441535827519, 217.417861497409, -258.8892454053869], [815.9752440893915, 214.871067001588, -325.013727416563], [737.0425399578343, 213.220112499462, -375.861999565518], [649.759302085843, 213.37060148315, -409.888550634546], [558.396280251966, 216.130329077318, -426.71520361344], [467.054395089457, 222.089889064961, -427.068350522283], [379.379226593729, 231.526162337768, -412.613503821033], [298.342433692407, 244.34083339865, -385.708982719461], [226.109582693173, 260.042018814857, -349.10918401168], [164.0034924180336, 277.772053190401, -305.652894815005], [112.5609535539473, 296.379055667263, -257.972927337629], [71.6698723032963, 314.52473048924, -208.2599245202241]], "E": [[974.927912181824, -222.520933956311, 0.0], [957.9914273942592, -223.085974302094, -100.12955863821495], [908.1570593084476, -224.199587115885, -192.5942406339166], [828.3208558451228, -224.174203715968, -270.2762614317818], [723.1986442270176, -220.387666410628, -327.15888510969666], [599.1180997385572, -209.568920480368, -358.8753407610941], [463.6638712148981, -188.19119995543, -363.2101356066322], [325.150995583278, -152.952703365927, -340.4793842720514], [191.936498719516, -101.306139110392, -293.698877806286], [71.624882191178, -31.978731529352, -228.454065820717], [-29.732450119084, 54.590853802406, -152.419291454586], [-108.314568043771, 155.97678993142, -74.530998905014], [-162.9528715860184, 267.7195354949407, -3.890161661304], [-195.1931835590357, 383.5504513416615, 51.463339220091], [-208.9502721782117, 495.890633940138, 85.7145773873009]], "F": [[781.83148246803, -623.489801858726, 0.0], [766.3822151101701, -617.949331370067, -173.82557758118375], [721.5922226896756, -602.739219945038, -333.8867468405176], [651.6243811047748, -581.652234880963, -467.8871853299758], [561.9921246613625, -559.607487398007, -565.9153201936186], [458.2445174790453, -540.80182568798, -620.6035595764552], [345.3112882044291, -526.666635218296, -626.8183866412433], [227.8608377116547, -514.194568950709, -581.5212974848844], [111.4270972319292, -495.269675425798, -484.416555332872], [3.5376074886836, -457.516656308382, -339.556999146121], [-86.0884651245274, -386.84032821804, -157.3967715302066], [-146.8816921597035, -271.307711740282, 43.802410425397], [-170.21132409172293, -105.4832034785473, 238.451115642153], [-152.7520646222838, 106.0335618351855, 396.78259969829], [-99.0710406797977, 347.11834614235, 490.5054185187389]], "G": [[433.883739117558, -900.968867902426, 0.0], [429.2906918983082, -880.571797803304, -298.16788453417973], [417.5075436038796, -825.565718764121, -570.4097342317706], [403.0064311723088, -752.536505364628, -795.0720646685678], [389.2412746012165, -683.08654122068, -957.0320946558206], [375.6421410889974, -636.5325674600051, -1047.3057234913551], [357.3530098283199, -622.8793943171917, -1061.1688973144503], [328.2492833647357, -638.413772125402, -996.9175104396484], [285.6391575262282, -665.644800441203, -856.820555068598], [233.8585494854066, -677.961950083957, -650.070123385821], [184.4591225054516, -647.696062127152, -395.7673928523396], [152.5489242374995, -554.935245146988, -123.407016500194], [150.93611682267408, -394.1039919516173, 130.633557468708], [184.8306588227462, -176.1830330382365, 330.0445850091517], [249.4327219033053, 73.840613392639, 446.6115414542029]], "H": [[0.0, -1000.000000000006, 0.0], [-1.48109424061381, -986.673745645227, -333.3859072781443], [-1.8708868442134, -950.818069684894, -651.0065385038818], [8.8919465271438, -905.230979812836, -934.4292842914618], [41.0968677127455, -870.787993693822, -1161.0563600923185], [98.0188257716794, -870.9476966562221, -1304.282582743905], [171.5916197294259, -919.6792563313827, -1335.8774921054592], [245.3506788022329, -1006.893231371338, -1232.3171146673953], [304.6518151671762, -1090.898768574605, -986.666023342925], [347.5742958561446, -1107.412047573928, -623.544532188667], [386.9915391876016, -996.70307964738, -208.0522200247736], [439.5264514815745, -737.848564027951, 163.383640300182], [508.06250688101306, -370.1258964749747, 395.110506665367], [572.2134330590721, 15.4766227685905, 436.1738776485497], [597.5302084207754, 315.671595887448, 310.9347933321439]], "I": [[-433.88373911756, -900.968867902426, 0.0], [-436.2872612448778, -914.1747996047662, -272.15058941955385], [-436.7574292582264, -948.6941059407594, -556.5001990320437], [-417.7366204072742, -995.9620927597167, -846.008725516591], [-359.5899869487145, -1056.476882682848, -1105.9932580847696], [-253.9768605940736, -1142.175907567557, -1279.858034009022], [-113.6377092890411, -1259.9514101389757, -1305.5236553467487], [31.7581146450709, -1385.859728256777, -1138.3763089953627], [154.2691223732042, -1453.512417616903, -777.002837658308], [246.5785058364806, -1375.366125890462, -282.864731632475], [323.1857220626217, -1092.1079873818633, 221.9349721988384], [400.4823218798732, -620.185790820098, 590.809998799332], [472.7225065340129, -62.3154925362477, 714.588367866592], [506.8921582832159, 432.3959948738255, 577.5019796672157], [464.0817981061413, 738.353013363969, 271.0072927879786]], "J": [[-781.831482468032, -623.489801858726, 0.0], [-784.6423511035498, -678.1623729607481, -127.20532376963683], [-783.6764908345444, -819.6991970616604, -309.3772693119537], [-754.5758688576142, -998.7195754858519, -555.158280807296], [-671.4273166698595, -1174.628427377874, -811.2731256307277], [-527.3758656395146, -1332.3477943863702, -984.646412118722], [-347.3451760491611, -1463.5684297610237, -986.1755795799467], [-177.0195770587291, -1534.886787352121, -774.6936515873067], [-53.2245209327888, -1482.73746377225, -384.377636149296], [18.0035925500776, -1250.651326783711, 78.053530713774], [55.5213733320897, -840.4887355487963, 473.1436757120564], [78.0784536445382, -330.512209432074, 691.840816809889], [87.31359429305087, 160.0463806334313, 705.7888269201445], [73.6001023694779, 533.7567823517795, 570.7013003589836], [33.5396057190683, 757.6554910448209, 382.0167479036366]],