{"A": [[0.0, 1000.0, 0.0], [0.0, 1000.0, 0.0], [0.0, 1000.0, 0.0], [0.0, 1000.0, 0.0], [0.0, 1000.0, 0.0], [0.0, 1000.0, 0.0], [0.0, 1000.0, 0.0], [0.0, 1000.0, 0.0], [0.0, 1000.0, 0.0], [0.0, 1000.0, 0.0], [0.0, 1000.0, 0.0], [0.0, 1000.0, 0.0], [0.0, 1000.0, 0.0], [0.0, 1000.0, 0.0], [0.0, 1000.0, 0.0]], "B": [[433.8837391175581, 900.9688679024191, 0.0], [433.8837391175581, 900.9688679024191, 0.0], [433.8837391175581, 900.9688679024191, 0.0], [433.8837391175581, 900.9688679024191, 0.0], [433.8837391175581, 900.9688679024191, 0.0], [433.8837391175581, 900.9688679024191, 0.0], [433.8837391175581, 900.9688679024191, 0.0], [433.8837391175581, 900.9688679024191, 0.0], [433.8837391175581, 900.9688679024191, 0.0], [433.8837391175581, 900.9688679024191, 0.0], [433.8837391175581, 900.9688679024191, 0.0], [433.8837391175581, 900.9688679024191, 0.0], [433.8837391175581, 900.9688679024191, 0.0], [433.8837391175581, 900.9688679024191, 0.0], [433.8837391175581, 900.9688679024191, 0.0]], "C": [[781.83148246803, 623.489801858734, 0.0], [779.256160460805, 622.249592144798, -33.1016629765276], [771.606439031228, 618.565680463366, -65.2233231478254], [759.108794669787, 612.547132144013, -95.4139915228319], [742.133230736787, 604.372131413935, -122.779847760247], [721.182323199074, 594.282706102789, -146.510702477768], [696.876341442318, 582.577562203537, -165.903983595854], [669.934884669809, 569.603240428196, -180.385536579977], [641.155577557767, 555.74385657617, -189.52662277255], [611.390455900358, 541.409729460243, -193.056612564483], [581.52074136741, 527.025233070149, -190.870997614276], [552.430752189533, 513.016232620698, -183.034484906103], [524.9817221669346, 499.797476450928, -169.779081044669], [499.9863031123663, 487.76031704779, -151.497223502914], [478.1845056050173, 477.261124723869, -128.730162177812]], "D": [[974.927912181824, 222.520933956314, 0.0], [964.243440470827, 221.845124932638, -92.4163581725917], [932.811378691838, 219.984600711376, -180.1509285693224], [882.441535827519, 217.417861497409, -258.8892454053869], [815.9752440893915, 214.871067001588, -325.013727416563], [737.0425399578343, 213.220112499462, -375.861999565518], [649.759302085843, 213.37060148315, -409.888550634546], [558.396280251966, 216.130329077318, -426.71520361344], [467.054395089457, 222.089889064961, -427.068350522283], [379.379226593729, 231.526162337768, -412.613503821033], [298.342433692407, 244.34083339865, -385.708982719461], [226.109582693173, 260.042018814857, -349.10918401168], [164.0034924180336, 277.772053190401, -305.652894815005], [112.5609535539473, 296.379055667263, -257.972927337629], [71.6698723032963, 314.52473048924, -208.2599245202241]], "E": [[974.927912181824, -222.520933956311, 0.0], [957.9914273942592, -223.085974302094, -100.12955863821495], [908.1570593084476, -224.199587115885, -192.5942406339166], [828.3208558451228, -224.174203715968, -270.2762614317818], [723.1986442270176, -220.387666410628, -327.15888510969666], [599.1180997385572, -209.568920480368, -358.8753407610941], [463.6638712148981, -188.19119995543, -363.2101356066322], [325.150995583278, -152.952703365927, -340.4793842720514], [191.936498719516, -101.306139110392, -293.698877806286], [71.624882191178, -31.978731529352, -228.454065820717], [-29.732450119084, 54.590853802406, -152.419291454586], [-108.314568043771, 155.97678993142, -74.530998905014], [-162.9528715860184, 267.7195354949407, -3.890161661304], [-195.1931835590357, 383.5504513416615, 51.463339220091], [-208.9502721782117, 495.890633940138, 85.7145773873009]], "F": [[781.83148246803, -623.489801858726, 0.0], [761.8011981468712, -619.951195717721, -54.63610665065844], [703.5096553071616, -608.299036495782, -99.5925351831252], [612.2617570619308, -585.636013906868, -126.3106759549808], [496.5418809479625, -547.812579004969, -128.45835046618964], [367.3477226337073, -490.350215879723, -102.9327287448471], [237.1020503968451, -409.535955593704, -50.5785557971002], [118.176073923104, -303.489715499889, 23.6116125635016], [21.220792232773, -172.9780838978808, 111.000447723515], [-46.36271128354, -21.7705526768812, 200.541254743186], [-81.4476051723776, 143.5815851828549, 280.55698579551], [-85.4301538439254, 314.528351180636, 340.679755058962], [-63.6370789310403, 481.6999516269587, 373.483683532615], [-24.0644604303437, 636.1977576969875, 375.417908422171], [24.1966513222793, 770.675261117597, 346.8623993662859]], "G": [[433.883739117558, -900.968867902426, 0.0], [416.5009748144512, -886.160792310826, 34.59657034314236], [367.5623530239046, -840.922282428036, 76.7256423701528], [296.2028075843668, -763.345795799054, 131.7362927738462], [215.9862326895155, -651.863932532938, 200.97162426963035], [142.4533672528313, -507.1028218978547, 280.7391926992219], [90.0072433862971, -333.4919819985272, 362.5106549377618], [68.7819380292603, -139.976002960122, 434.5687263185976], [82.3734773851896, 60.5884662498132, 484.857746630358], [127.208250918123, 253.3437648948578, 504.26398609957], [193.8372962115844, 424.1718444021039, 489.242379861457], [269.7579649747726, 562.453917861555, 442.839325492394], [342.8014888440827, 663.0005113846368, 373.73238340218455], [403.9628461847403, 726.5926509890111, 293.6643014453518], [448.8554507947343, 759.0718727219077, 214.2255658564679]], "H": [[0.0, -1000.000000000006, 0.0], [-15.56604101168781, -992.828744198059, 33.07799520869236], [-58.7566581769434, -968.30864202825, 86.05732344593838], [-118.8710259504872, -918.161506230217, 174.2577310554672], [-178.0753773882165, -831.290561650904, 303.84920404999036], [-213.1722916248707, -698.2233133883738, 467.9973371826779], [-200.4646163773969, -516.9483927127792, 645.4101216188268], [-123.6400919929317, -298.060540306028, 803.4119255366896], [17.8243767438285, -66.1137313845958, 906.571193079672], [204.1270244804316, 145.2170160572568, 929.063200617014], [398.3699592330434, 303.7807518415759, 865.718991066712], [557.9727696955156, 391.33593861812, 735.607369709294], [649.9093399584527, 411.3956696647037, 574.8344361071805], [662.5289217015593, 387.5562703047621, 421.1797176094988], [608.1501413669873, 352.1624716626317, 298.5594563171452]], "I": [[-433.88373911756, -900.968867902426, 0.0], [-444.4844231364378, -917.756887659475, -58.87580855436194], [-474.0103180391834, -960.1481889382658, -73.81784401773761], [-513.9687866591472, -1005.7014761177568, -10.9361601781438], [-546.5888531219535, -1022.77747423185, 143.87156590006535], [-544.9827008919007, -980.6552166388017, 377.4637162258568], [-480.5485268713439, -862.7901853140672, 648.36338555896], [-337.0123368407767, -677.450271432733, 896.1372254249189], [-124.2304247800665, -458.4815016220068, 1061.265182743441], [118.0332358304777, -252.8662717098602, 1108.450546189615], [331.8686470239793, -99.7027608959801, 1041.334749524196], [464.2937702994758, -11.851992578341, 899.08825973879], [489.2484893965927, 28.7363253193517, 735.5272532368936], [416.2277500074223, 58.8788763552851, 592.5540672766468], [281.9039335458933, 112.3763844788637, 483.2979430236852]], "J": [[-781.831482468032, -623.489801858726, 0.0], [-780.9939926546568, -676.5680722269099, -222.12876910354294], [-779.3944226442774, -818.3825967641488, -364.8596446671256], [-775.8261422447442, -1000.8702551082717, -370.7550713326788], [-759.5153706789135, -1158.753917695251, -222.50934127068763], [-708.7808551937047, -1231.6602644704087, 48.4821136923048], [-601.978480163808, -1187.9415741404603, 369.8070986386679], [-435.9657409252545, -1037.450209794894, 653.9172171793319], [-237.7246116489155, -823.5504160986438, 833.436252567764], [-56.7971520577663, -597.4664611642252, 887.66261831758], [59.4525347639503, -391.1810231749251, 844.123825396915], [91.0801652423248, -206.562968413009, 754.65313560026], [53.5641237015917, -25.9002389757731, 663.0272978843193], [-15.4444063013807, 166.9132885139181, 585.4844525477819], [-78.9463437993157, 371.1454413940677, 513.0958744663656]],