{"A": [[0.0, 1000.0, 0.0], [0.0, 1000.0, 0.0], [0.0, 1000.0, 0.0], [0.0, 1000.0, 0.0], [0.0, 1000.0, 0.0], [0.0, 1000.0, 0.0], [0.0, 1000.0, 0.0], [0.0, 1000.0, 0.0], [0.0, 1000.0, 0.0], [0.0, 1000.0, 0.0]], "B": [[433.8837391175581, 900.9688679024191, 0.0], [433.8837391175581, 900.9688679024191, 0.0], [433.8837391175581, 900.9688679024191, 0.0], [433.8837391175581, 900.9688679024191, 0.0], [433.8837391175581, 900.9688679024191, 0.0], [433.8837391175581, 900.9688679024191, 0.0], [433.8837391175581, 900.9688679024191, 0.0], [433.8837391175581, 900.9688679024191, 0.0], [433.8837391175581, 900.9688679024191, 0.0], [433.8837391175581, 900.9688679024191, 0.0]], "C": [[781.83148246803, 623.489801858734, 0.0], [775.621729266907, 620.499342328014, -51.1297908064723], [757.435766515501, 611.741444248358, -98.6095693544837], [728.571839051657, 597.841309382669, -139.049887516128], [691.09046164394, 579.791229345166, -169.563824482657], [647.667324625603, 558.879748688134, -187.973075938233], [601.402283871622, 536.599679322921, -192.96345709113], [555.598070788223, 514.541532867504, -184.178718637465], [513.5245195876428, 494.279978486205, -162.245978399109], [478.1851430012433, 477.261431677714, -128.730953142529]], "D": [[974.927912181824, 222.520933956314, 0.0], [949.252958814997, 220.933771827386, -142.0243186466467], [875.791106011325, 217.118782138692, -266.9165280860567], [764.4917989923362, 213.614215882003, -360.728847485388], [629.6610694345779, 213.733399399431, -415.104776471057], [487.156396679301, 220.469138153939, -428.341054011131], [351.506824036967, 235.438342408356, -404.898287869418], [233.654109726953, 258.178279398927, -353.566535207454], [139.8187835243298, 286.009686803665, -284.841951542645], [71.6710136025313, 314.524173886554, -208.2615241261636]], "E": [[974.927912181824, -222.520933956311, 0.0], [916.1829365792743, -208.913003506033, -252.4796832060427], [754.248147008927, -167.196337197925, -455.5735246734647], [527.0687533781422, -95.808613093959, -575.088532395941], [283.5000461357579, 4.832241244496, -601.10240082524], [68.121676047341, 129.820356972064, -547.735214547963], [-90.475874659505, 269.0372497225858, -444.7062226994516], [-184.149721455349, 408.830210657156, -325.1725490005923], [-222.2007580963272, 535.325805950649, -215.231690708377], [-223.7766766618597, 637.691788751336, -128.6649210880742]], "F": [[781.83148246803, -623.489801858726, 0.0], [683.7624178639833, -573.495282454603, -357.9440305085757], [428.443105432031, -428.523288838072, -609.2666065760507], [112.6393622925822, -204.875920210352, -695.150460241485], [-156.3373115727841, 68.3857522334004, -624.8997578237224], [-307.202265111457, 352.315088922571, -460.0408724131195], [-326.017035142713, 607.1008003688088, -276.4930792241256], [-246.4568793186922, 803.74694026385, -129.6709915875873], [-122.0434849279582, 931.983831793284, -40.036955167421], [0.2085198817693, 1000.083475459521, 0.0407949049178]], "G": [[433.883739117558, -900.968867902426, 0.0], [303.6534895157673, -791.774258884071, -434.9749024628265], [-6.098462109817, -490.2413968349208, -682.9331893576518], [-310.6377051076018, -69.332607716611, -672.1983612854204], [-447.0932949605081, 369.3170921681594, -473.3624655011064], [-368.1078572524495, 727.475939632887, -228.5087814722985], [-142.732935346023, 944.8024619736047, -51.9339762996476], [114.0435158030778, 1016.297028489253, 21.7363705437747], [315.6566898438908, 982.3896358840465, 22.7330704325084], [434.0352878903743, 900.8031002993587, -0.0408287758233173]], "H": [[0.0, -1000.000000000006, 0.0], [-139.6538018203907, -815.231206911618, -466.4499915429005], [-421.969610320432, -334.2550031509388, -654.9743398351998], [-571.0137508062159, 255.8233355083, -515.5452680921004], [-428.2920938447163, 741.5344062132464, -230.1279076010544], [-70.6661019502725, 984.712970793901, -20.1346559255095], [294.112064010783, 977.6420117623925, 26.4897108221904], [507.9002427699578, 816.861055957041, -34.5169464982311], [546.2335242369218, 623.8191402567495, -105.0315072173486], [478.0702506437196, 477.0755442356867, -128.7969722516893]], "I": [[-433.88373911756, -900.968867902426, 0.0], [-547.6217714712377, -638.652151054968, -445.3730618116761], [-697.237533254275, -6.2990878467588, -533.5875513619578], [-562.8387165139836, 638.656791306158, -288.7546639407154], [-110.3105814587723, 979.6012512748284, -29.4435802151514], [370.5890320577005, 938.4904255139139, 14.7887919941787], [590.621767718071, 676.0085494542005, -111.9354105198256], [509.6269904791825, 420.891166667438, -237.6600716920061], [282.7613437468868, 302.4710343244315, -264.3427407092166], [71.4484838063566, 314.5750993786417, -208.26148225761563]], "J": [[-781.831482468032, -623.489801858726, 0.0], [-829.5679065706797, -301.28682093948, -376.4290618281445], [-751.194082787752, 397.4701594704932, -354.3632508933698], [-289.42970018889264, 923.829441931176, -83.8489946125894], [331.3489525154037, 952.1223267514868, 17.9276025009225], [637.3961929707175, 622.1469521409989, -148.9274562375253], [479.438086968574, 311.8801755790545, -342.3936077470146], [117.3583407146895, 256.156536480605, -368.2359968248781], [-146.8997988190422, 418.2251338023595, -256.9565902804559], [-223.7992642290824, 637.9091381950167, -128.59887611236582]], "K": [[-974.927912181822, -222.520933956311, 0.0], [-922.8216400013985, 121.875720163586, -274.9427612571755], [-568.019278352226, 758.6681923091362, -169.8497384107658], [138.27498802593536, 995.629770679877, 16.0293146732758], [652.9230927436867, 674.2639677413088, -114.1597506399695], [537.3170358090345, 263.8496442895349, -393.2007983839053], [60.813580178024, 213.5856594910323, -457.0843860011856], [-245.1350068711535, 500.621194724798, -285.1825921943119], [-208.0872888772321, 827.0391147651125, -92.06424896368588], [0.4170949757366, 1000.1668294467187, 0.0815559241021827]], "L": [[-974.927912181822, 222.520933956314, 0.0], [-806.6546707429185, 536.775532669102, -163.4723838856585], [-201.419701852776, 971.3922813369481, -34.1461030398618], [546.7301008353594, 824.924110908153, -29.6463105211711], [676.9266845418614, 299.3834491614208, -352.8031845853045], [142.5350331048615, 122.0253773764959, -541.8457170680813], [-287.784686098845, 469.7556046171163, -352.5928927683696], [-186.2488299729878, 890.188177937304, -78.2230600239269], [175.3394880550349, 1020.1921963793495, 25.14521306654812], [434.1867341035606, 900.6372473297365, -0.0816914076516823]], "M": [[-781.831482468032, 623.489801858734, 0.0], [-506.8884197597685, 851.189304002104, -66.7953992262954], [241.118192761192, 973.2720380839439, 12.9595499155937], [770.2010893446194, 480.97790850911, -202.3425506224991], [390.1115195799494, 34.3871061450778, -566.2891642912155], [-262.2078503152105, 298.9668601482179, -487.6500143739919], [-252.0311937828519, 849.4056415338023, -123.1374473077496], [230.4017025727712, 1004.005416658733, 29.0626990232551], [526.2511322101079, 757.3281504462585, -51.18155515554178], [477.9552397121629, 476.8897255260895, -128.86297839152468]], "N": [[-433.88373911756, 900.968867902429, 0.0], [-90.1544829953095, 995.229609204732, -6.4010234857602], [629.842948915533, 763.7563206504109, -42.344087362831], [718.0124734087444, 103.350608109574, -431.9862628264571], [-49.2216324255876, 25.53333153949983, -636.7892098179758], [-384.9852270141045, 667.0526075353789, -269.7030884113969], [135.8357011657351, 1010.2113639348663, 24.3856208584664], [554.7059643027682, 719.115313042731, -79.2269074982809], [407.9794914918679, 365.5502780446385, -226.06489310810477], [71.2259833141909, 314.6261527005125, -208.2613985205606]],