{"A": [[0.0, 1000.0, 0.0], [0.0, 1000.0, 0.0], [0.0, 1000.0, 0.0], [0.0, 1000.0, 0.0], [0.0, 1000.0, 0.0], [0.0, 1000.0, 0.0], [0.0, 1000.0, 0.0], [0.0, 1000.0, 0.0], [0.0, 1000.0, 0.0], [0.0, 1000.0, 0.0], [0.0, 1000.0, 0.0], [0.0, 1000.0, 0.0], [0.0, 1000.0, 0.0], [0.0, 1000.0, 0.0], [0.0, 1000.0, 0.0]], "B": [[433.8837391175581, 900.9688679024191, 0.0], [433.8837391175581, 900.9688679024191, 0.0], [433.8837391175581, 900.9688679024191, 0.0], [433.8837391175581, 900.9688679024191, 0.0], [433.8837391175581, 900.9688679024191, 0.0], [433.8837391175581, 900.9688679024191, 0.0], [433.8837391175581, 900.9688679024191, 0.0], [433.8837391175581, 900.9688679024191, 0.0], [433.8837391175581, 900.9688679024191, 0.0], [433.8837391175581, 900.9688679024191, 0.0], [433.8837391175581, 900.9688679024191, 0.0], [433.8837391175581, 900.9688679024191, 0.0], [433.8837391175581, 900.9688679024191, 0.0], [433.8837391175581, 900.9688679024191, 0.0], [433.8837391175581, 900.9688679024191, 0.0]], "C": [[781.83148246803, 623.489801858734, 0.0], [779.256160460805, 622.249592144798, -33.1016629765276], [771.606439031228, 618.565680463366, -65.2233231478254], [759.108794669787, 612.547132144013, -95.4139915228319], [742.133230736787, 604.372131413935, -122.779847760247], [721.182323199074, 594.282706102789, -146.510702477768], [696.876341442318, 582.577562203537, -165.903983595854], [669.934884669809, 569.603240428196, -180.385536579977], [641.155577557767, 555.74385657617, -189.52662277255], [611.390455900358, 541.409729460243, -193.056612564483], [581.52074136741, 527.025233070149, -190.870997614276], [552.430752189533, 513.016232620698, -183.034484906103], [524.9817221669346, 499.797476450928, -169.779081044669], [499.9863031123663, 487.76031704779, -151.497223502914], [478.1845056050173, 477.261124723869, -128.730162177812]], "D": [[974.927912181824, 222.520933956314, 0.0], [964.243440470827, 221.845124932638, -92.4163581725917], [932.811378691838, 219.984600711376, -180.1509285693224], [882.441535827519, 217.417861497409, -258.8892454053869], [815.9752440893915, 214.871067001588, -325.013727416563], [737.0425399578343, 213.220112499462, -375.861999565518], [649.759302085843, 213.37060148315, -409.888550634546], [558.396280251966, 216.130329077318, -426.71520361344], [467.054395089457, 222.089889064961, -427.068350522283], [379.379226593729, 231.526162337768, -412.613503821033], [298.342433692407, 244.34083339865, -385.708982719461], [226.109582693173, 260.042018814857, -349.10918401168], [164.0034924180336, 277.772053190401, -305.652894815005], [112.5609535539473, 296.379055667263, -257.972927337629], [71.6698723032963, 314.52473048924, -208.2599245202241]], "E": [[974.927912181824, -222.520933956311, 0.0], [957.9914273942592, -223.085974302094, -100.12955863821495], [908.1570593084476, -224.199587115885, -192.5942406339166], [828.3208558451228, -224.174203715968, -270.2762614317818], [723.1986442270176, -220.387666410628, -327.15888510969666], [599.1180997385572, -209.568920480368, -358.8753407610941], [463.6638712148981, -188.19119995543, -363.2101356066322], [325.150995583278, -152.952703365927, -340.4793842720514], [191.936498719516, -101.306139110392, -293.698877806286], [71.624882191178, -31.978731529352, -228.454065820717], [-29.732450119084, 54.590853802406, -152.419291454586], [-108.314568043771, 155.97678993142, -74.530998905014], [-162.9528715860184, 267.7195354949407, -3.890161661304], [-195.1931835590357, 383.5504513416615, 51.463339220091], [-208.9502721782117, 495.890633940138, 85.7145773873009]], "F": [[781.83148246803, -623.489801858726, 0.0], [766.3822151101701, -617.949331370067, -173.82557758118375], [721.5922226896756, -602.739219945038, -333.8867468405176], [651.6243811047748, -581.652234880963, -467.8871853299758], [561.9921246613625, -559.607487398007, -565.9153201936186], [458.2445174790453, -540.80182568798, -620.6035595764552], [345.3112882044291, -526.666635218296, -626.8183866412433], [227.8608377116547, -514.194568950709, -581.5212974848844], [111.4270972319292, -495.269675425798, -484.416555332872], [3.5376074886836, -457.516656308382, -339.556999146121], [-86.0884651245274, -386.84032821804, -157.3967715302066], [-146.8816921597035, -271.307711740282, 43.802410425397], [-170.21132409172293, -105.4832034785473, 238.451115642153], [-152.7520646222838, 106.0335618351855, 396.78259969829], [-99.0710406797977, 347.11834614235, 490.5054185187389]], "G": [[433.883739117558, -900.968867902426, 0.0], [429.2906918983082, -880.571797803304, -298.16788453417973], [417.5075436038796, -825.565718764121, -570.4097342317706], [403.0064311723088, -752.536505364628, -795.0720646685678], [389.2412746012165, -683.08654122068, -957.0320946558206], [375.6421410889974, -636.5325674600051, -1047.3057234913551], [357.3530098283199, -622.8793943171917, -1061.1688973144503], [328.2492833647357, -638.413772125402, -996.9175104396484], [285.6391575262282, -665.644800441203, -856.820555068598], [233.8585494854066, -677.961950083957, -650.070123385821], [184.4591225054516, -647.696062127152, -395.7673928523396], [152.5489242374995, -554.935245146988, -123.407016500194], [150.93611682267408, -394.1039919516173, 130.633557468708], [184.8306588227462, -176.1830330382365, 330.0445850091517], [249.4327219033053, 73.840613392639, 446.6115414542029]], "H": [[0.0, -1000.000000000006, 0.0], [16.86738271461919, -956.3002523664212, -447.28018921296473], [68.2560138365356, -839.6604182226895, -845.8856362586196], [153.7393565809508, -687.838904574625, -1158.0354377130748], [265.9053773216525, -547.252280375164, -1362.4942682527576], [387.2080219506283, -455.1588153741191, -1453.547100814425], [493.4145964029389, -425.8980200379567, -1436.3326576125742], [562.6272192288448, -446.802330006512, -1323.1295620630774], [584.4958982517772, -485.219610188681, -1132.852552200087], [563.8822030787906, -503.129156564486, -892.103481777202], [516.9856794358516, -472.542136647771, -634.1147350240886], [462.8017339589015, -384.997643392738, -393.456400437933], [415.2081384390731, -251.8838158588793, -197.993867281711], [379.6503770825222, -97.014402847609, -62.1796742687313], [354.8598408729653, 53.781348651588, 14.7029716399809]], "I": [[-433.88373911756, -900.968867902426, 0.0], [-385.0602452662908, -829.3752040135312, -590.1314340847377], [-243.0625105449794, -641.6696680243525, -1094.7685472990977], [-24.7184048473362, -406.10656510304, -1452.7250718657338], [235.5064641042988, -200.037083674396, -1639.2247823823297], [487.9159000734513, -75.5013392743921, -1662.784736818914], [681.4701031365998, -39.9971276192677, -1553.71192244569], [782.2990178503846, -60.923663263804, -1353.199807130422], [784.8536240017302, -88.709967525118, -1106.411122543574], [708.8862316260896, -83.852317342554, -856.8468796679953], [585.8757494704254, -32.892147193196, -639.0451729742902], [444.8762232666551, 52.82124959594, -471.2738612276089], [305.5569974744351, 150.5554572113737, -353.176092330191], [178.9913948319742, 240.843710901683, -271.1058143544313], [71.4891719973213, 314.666425860212, -208.2371654057951]], "J": [[-781.831482468032, -623.489801858726, 0.0], [-692.8489315182989, -526.2104251444022, -696.9935212048177], [-442.3738384141544, -278.7027903676855, -1257.8400178338327], [-81.2076181042118, 11.895121569669, -1594.6610536305977], [308.7715210185505, 236.035833941019, -1689.5726339044375], [634.0004985543133, 337.4496447848259, -1584.088872592307], [821.9699371811879, 330.5416993401933, -1351.170473492375], [847.8990183386867, 274.41048735282, -1068.050878390856], [737.1136902261406, 227.827138125084, -797.2389639250061], [543.7708570323996, 218.144551549524, -574.7173554289943], [323.6710466040954, 240.741428663596, -405.73074102939114], [118.3588621080971, 280.13469566002, -271.8314527591909], [-46.46858374105693, 330.4065192627217, -148.740650578876], [-156.8560325295248, 399.129468494198, -25.7196112516893], [-209.0049364737017, 495.901034732567, 85.9385233502499]],