{"A": [[0.0, 1000.0, 0.0], [0.0, 1000.0, 0.0], [0.0, 1000.0, 0.0], [0.0, 1000.0, 0.0], [0.0, 1000.0, 0.0], [0.0, 1000.0, 0.0], [0.0, 1000.0, 0.0], [0.0, 1000.0, 0.0], [0.0, 1000.0, 0.0], [0.0, 1000.0, 0.0], [0.0, 1000.0, 0.0], [0.0, 1000.0, 0.0], [0.0, 1000.0, 0.0], [0.0, 1000.0, 0.0], [0.0, 1000.0, 0.0]], "B": [[433.8837391175581, 900.9688679024191, 0.0], [433.8837391175581, 900.9688679024191, 0.0], [433.8837391175581, 900.9688679024191, 0.0], [433.8837391175581, 900.9688679024191, 0.0], [433.8837391175581, 900.9688679024191, 0.0], [433.8837391175581, 900.9688679024191, 0.0], [433.8837391175581, 900.9688679024191, 0.0], [433.8837391175581, 900.9688679024191, 0.0], [433.8837391175581, 900.9688679024191, 0.0], [433.8837391175581, 900.9688679024191, 0.0], [433.8837391175581, 900.9688679024191, 0.0], [433.8837391175581, 900.9688679024191, 0.0], [433.8837391175581, 900.9688679024191, 0.0], [433.8837391175581, 900.9688679024191, 0.0], [433.8837391175581, 900.9688679024191, 0.0]], "C": [[781.83148246803, 623.489801858734, 0.0], [779.256160460805, 622.249592144798, -33.1016629765276], [771.606439031228, 618.565680463366, -65.2233231478254], [759.108794669787, 612.547132144013, -95.4139915228319], [742.133230736787, 604.372131413935, -122.779847760247], [721.182323199074, 594.282706102789, -146.510702477768], [696.876341442318, 582.577562203537, -165.903983595854], [669.934884669809, 569.603240428196, -180.385536579977], [641.155577557767, 555.74385657617, -189.52662277255], [611.390455900358, 541.409729460243, -193.056612564483], [581.52074136741, 527.025233070149, -190.870997614276], [552.430752189533, 513.016232620698, -183.034484906103], [524.9817221669346, 499.797476450928, -169.779081044669], [499.9863031123663, 487.76031704779, -151.497223502914], [478.1845056050173, 477.261124723869, -128.730162177812]], "D": [[974.927912181824, 222.520933956314, 0.0], [982.668332089844, 230.718085090636, 25.1120090620683], [1004.345156531845, 254.43345250654, 41.0907123062406], [1035.525410292372, 291.139169988401, 40.0594031563291], [1069.464465665686, 336.94504225401, 16.501446096945], [1097.990023234075, 387.043259167755, -31.92434629364], [1112.586577604817, 436.256470264928, -103.9572177498883], [1105.549226224488, 479.6253004634506, -194.7514666489618], [1071.06666974846, 512.9668699889396, -296.338824440172], [1006.10085114081, 533.3393897774648, -398.485037330127], [910.95401596506, 539.3590226086787, -489.842333060756], [789.450322060618, 531.3326206344865, -559.263800116145], [648.7042224072256, 511.1916224706763, -597.125755965552], [498.4963959150576, 482.2357692066297, -596.502306331028], [350.3243007993443, 448.717630671255, -554.052747011349]], "E": [[974.927912181824, -222.520933956311, 0.0], [989.2844192783731, -208.016063664153, 99.481615097615], [1031.0077638007417, -165.037805929773, 187.3618062196986], [1095.9689440682691, -95.281677655343, 252.3982171450361], [1177.065045088955, -1.817127425995, 284.315881661257], [1264.140723805243, 110.689096202929, 274.807760775183], [1344.293026220884, 235.897449677375, 218.8904998107047], [1402.787040343398, 366.0094641026836, 116.3809613957762], [1424.670182423121, 492.3471147103705, -26.891898847114], [1396.970699585086, 606.2741752702718, -198.576201013604], [1311.156207569126, 700.3287979919467, -380.347121094564], [1165.372137841874, 769.3519797985155, -549.6806232927655], [965.9288260359966, 811.3603087060573, -682.738692204498], [727.5857089725256, 827.9373447561798, -757.966765270373], [472.3845745738633, 824.004203045054, -759.779610490999]], "F": [[781.83148246803, -623.489801858726, 0.0], [797.7275793665501, -602.64996237672, 174.5304476340274], [845.2502404469348, -540.040368237536, 338.7866554856956], [923.1117946400042, -435.938525553905, 480.7303919836171], [1026.965522260946, -292.37401613317, 586.158708090469], [1147.429235470667, -114.682758696462, 640.387054096207], [1269.3389088709348, 87.563116045036, 631.7355917680917], [1373.0727125584071, 300.8366548937642, 555.6210186073941], [1437.9453197465616, 509.2804903948356, 417.62952438481], [1446.783637010494, 697.2908308266614, 234.201922129822], [1390.2427689938795, 852.3103161246717, 30.395131593472], [1269.441857648215, 967.0003236479415, -164.75609849839256], [1096.0804571174986, 1040.1904819739284, -323.907856121273], [890.0848101656416, 1076.4288442174218, -426.442586661788], [675.6538707728143, 1084.400523243892, -461.555510450692]], "G": [[433.883739117558, -900.968867902426, 0.0], [460.5128960593841, -864.896691303925, 299.3309873932664], [539.2768426636057, -757.135207558482, 578.1866863635227], [665.5438007416432, -580.054358004285, 813.8244020640631], [828.196561986631, -340.458159012706, 981.432132228966], [1007.017603899684, -52.3098659469155, 1058.066907769795], [1172.8602893834097, 261.968016899901, 1029.6515008930567], [1292.1607022300368, 572.9020797575182, 898.3977905355562], [1335.4469702827737, 848.3958234375386, 686.993856559098], [1287.290482297819, 1060.2112295215175, 436.471499689399], [1153.6658315200375, 1190.4804302317707, 196.932186855809], [962.879596955636, 1235.9088735027015, 13.48541274190745], [758.3769354578976, 1208.0153432501593, -87.574592293512], [585.1518171914896, 1129.2362288831107, -106.615267447565], [474.6705599160173, 1026.3720453829812, -68.744272437642]], "H": [[0.0, -1000.000000000006, 0.0], [47.81652457862611, -940.181322168289, 447.9115834258274], [185.8899582690097, -764.667432323303, 848.5997772506586], [397.1030595510182, -486.314884825168, 1156.1907903563222], [650.898562136318, -129.101912282764, 1330.65444023988], [903.925424089951, 270.7019812076145, 1346.333474084833], [1105.9293615767756, 666.788682579328, 1201.9963404937066], [1211.383751495248, 1009.6001608293031, 927.2445306178461], [1193.7063188962038, 1256.4900293085216, 580.078137068436], [1056.091262578047, 1381.9319231424934, 233.727867749552], [833.0854109134635, 1383.6974204055077, -43.811770133912], [580.653358022515, 1282.252291790091, -209.71327463695155], [357.9619413682846, 1113.4950261009915, -257.268452964445], [208.33885401051256, 917.8589637288967, -213.357511895836], [147.2333556151783, 730.1256106865312, -124.2887713953451]], "I": [[-433.88373911756, -900.968867902426, 0.0], [-374.5904931027339, -824.801454342055, 527.4229770062856], [-205.1196819850543, -603.708388203689, 987.4014758701607], [48.3525298960512, -261.209121728673, 1316.6985088040292], [341.056215035352, 160.736008662421, 1465.019479295061], [613.642615814201, 602.1974352037435, 1408.854825594585], [804.8893260646126, 992.482387812605, 1165.1077028743298], [871.915041052543, 1265.2167546064622, 795.0196622636461], [809.7323226072288, 1377.5903944643205, 390.444448267707], [657.8710394409788, 1325.7226260812638, 43.140793151845], [485.4594868457455, 1147.5735637244547, -190.317761196696], [358.056986351136, 909.739786802188, -308.44297200070724], [303.2628729495768, 682.8618682143394, -355.3773691640022], [297.14860202227027, 517.1045785800517, -385.319762512714], [283.1651012506203, 429.3272339882912, -422.7936479038541]], "J": [[-781.831482468032, -623.489801858726, 0.0], [-718.8030273834229, -542.768247228549, 521.3184275150547], [-540.7164231145683, -312.55618489723804, 961.5657245126372], [-280.7300110556308, 30.730917973945, 1249.3341365113636], [8.004828735543, 426.779337624427, 1337.113320750015], [262.319265055961, 798.1163628452895, 1218.4606523671519], [429.0995841574357, 1066.6389952295667, 938.5130611704718], [489.122594833159, 1177.581861344311, 585.6101763383891], [470.2221335833377, 1121.2763952440596, 259.684249629774], [436.1875888079609, 940.0769606162889, 29.1360575713593], [451.1890633625285, 713.3252118140317, -99.12471797231], [538.3124028664, 525.400486423706, -174.82579048331925], [659.9023265544208, 432.7474450999434, -264.1998517721204], [736.3790815662272, 446.8225219529746, -399.4365096953017], [694.5812211551103, 539.7398049881282, -551.6660834480961]],