{"A": [[0.0, 1000.0, 0.0], [0.0, 1000.0, 0.0], [0.0, 1000.0, 0.0], [0.0, 1000.0, 0.0], [0.0, 1000.0, 0.0], [0.0, 1000.0, 0.0], [0.0, 1000.0, 0.0], [0.0, 1000.0, 0.0], [0.0, 1000.0, 0.0], [0.0, 1000.0, 0.0], [0.0, 1000.0, 0.0], [0.0, 1000.0, 0.0], [0.0, 1000.0, 0.0], [0.0, 1000.0, 0.0], [0.0, 1000.0, 0.0]], "B": [[433.8837391175581, 900.9688679024191, 0.0], [433.8837391175581, 900.9688679024191, 0.0], [433.8837391175581, 900.9688679024191, 0.0], [433.8837391175581, 900.9688679024191, 0.0], [433.8837391175581, 900.9688679024191, 0.0], [433.8837391175581, 900.9688679024191, 0.0], [433.8837391175581, 900.9688679024191, 0.0], [433.8837391175581, 900.9688679024191, 0.0], [433.8837391175581, 900.9688679024191, 0.0], [433.8837391175581, 900.9688679024191, 0.0], [433.8837391175581, 900.9688679024191, 0.0], [433.8837391175581, 900.9688679024191, 0.0], [433.8837391175581, 900.9688679024191, 0.0], [433.8837391175581, 900.9688679024191, 0.0], [433.8837391175581, 900.9688679024191, 0.0]], "C": [[781.83148246803, 623.489801858734, 0.0], [779.256160460805, 622.249592144798, -33.1016629765276], [771.606439031228, 618.565680463366, -65.2233231478254], [759.108794669787, 612.547132144013, -95.4139915228319], [742.133230736787, 604.372131413935, -122.779847760247], [721.182323199074, 594.282706102789, -146.510702477768], [696.876341442318, 582.577562203537, -165.903983595854], [669.934884669809, 569.603240428196, -180.385536579977], [641.155577557767, 555.74385657617, -189.52662277255], [611.390455900358, 541.409729460243, -193.056612564483], [581.52074136741, 527.025233070149, -190.870997614276], [552.430752189533, 513.016232620698, -183.034484906103], [524.9817221669346, 499.797476450928, -169.779081044669], [499.9863031123663, 487.76031704779, -151.497223502914], [478.1845056050173, 477.261124723869, -128.730162177812]], "D": [[974.927912181824, 222.520933956314, 0.0], [982.668332089844, 230.718085090636, 25.1120090620683], [1004.345156531845, 254.43345250654, 41.0907123062406], [1035.525410292372, 291.139169988401, 40.0594031563291], [1069.464465665686, 336.94504225401, 16.501446096945], [1097.990023234075, 387.043259167755, -31.92434629364], [1112.586577604817, 436.256470264928, -103.9572177498883], [1105.549226224488, 479.6253004634506, -194.7514666489618], [1071.06666974846, 512.9668699889396, -296.338824440172], [1006.10085114081, 533.3393897774648, -398.485037330127], [910.95401596506, 539.3590226086787, -489.842333060756], [789.450322060618, 531.3326206344865, -559.263800116145], [648.7042224072256, 511.1916224706763, -597.125755965552], [498.4963959150576, 482.2357692066297, -596.502306331028], [350.3243007993443, 448.717630671255, -554.052747011349]], "E": [[974.927912181824, -222.520933956311, 0.0], [1001.7891075959966, -192.145880363551, 162.5264437462093], [1076.7227428393003, -104.787291435887, 293.6460652824046], [1183.892075357398, 28.884350089978, 367.5834577426851], [1300.370762068185, 193.055666790192, 368.695134435439], [1400.555068867889, 369.3119200035212, 293.962531268514], [1460.952905821094, 539.462537541587, 153.0479830487587], [1464.361381492303, 688.1194582395166, -33.9836601687048], [1402.620575806985, 804.5776758109185, -240.6844490474972], [1277.485193692699, 883.7203981955078, -439.055368272745], [1099.59709948769, 925.8927875939557, -604.156373145687], [885.9608909993048, 935.9044663871265, -717.597611737646], [656.6210758937286, 921.4817231579153, -769.351250315512], [431.34669116206595, 891.5615418415957, -757.764804152231], [227.0312334461293, 854.791143767104, -688.087763703967]], "F": [[781.83148246803, -623.489801858726, 0.0], [832.6393526879566, -558.342081373484, 350.5449720236253], [971.5178932719502, -373.624650530965, 632.3504764988126], [1161.6758956678384, -99.035638305143, 793.2654777108281], [1353.3712917602575, 223.4788243424257, 809.521222061928], [1497.389802429574, 548.7943118726482, 689.527152512803], [1557.5631451437441, 837.562309500338, 469.0626216516627], [1518.7313280930828, 1062.8114469973566, 199.9224890930952], [1388.2600091054326, 1212.8428119367745, -64.1182661491012], [1191.4112227368348, 1290.2674538100277, -279.766237161366], [962.727591816306, 1308.1263282741686, -421.874935681465], [736.5093207061307, 1284.6727159181505, -485.031061152368], [539.2344155558196, 1238.4418148308862, -479.83624818861], [385.64225439352276, 1184.7695780746028, -426.098682663742], [278.7207244176635, 1134.20770007419, -345.572291382267]], "G": [[433.883739117558, -900.968867902426, 0.0], [510.4200240373936, -791.663155935663, 550.0399459059223], [713.7627325636792, -488.112274047999, 976.6136394785926], [975.2456766408915, -55.9494355643075, 1195.073412876505], [1209.7635458853424, 417.4789736459327, 1183.423644613734], [1346.412124612037, 847.4916056287802, 982.866429969385], [1351.2754271075692, 1172.752851028837, 676.8002986686677], [1234.1653185901619, 1365.9866535214805, 358.5706677142302], [1038.7073977681916, 1432.9279588870945, 101.5252190663948], [822.1378038661248, 1402.2389465289957, -58.041653208689], [634.370358787718, 1311.7702950375947, -121.49099266986], [504.3952091889617, 1196.5526149181767, -115.680074651029], [437.37328384767056, 1081.8141571466642, -75.912553797386], [420.66983861665307, 981.5171004218607, -31.73367043944], [433.9476669639255, 900.758317498312, 0.069497581162]], "H": [[0.0, -1000.000000000006, 0.0], [86.2235879026456, -906.870790071626, 619.6592593363991], [328.8299576746742, -632.03207032462, 1147.4238126273485], [676.7156075132245, -196.1711863850875, 1493.87087374012], [1042.7049540033795, 350.2378802046948, 1590.403160592609], [1318.9807790364257, 922.7032471804185, 1420.648332804788], [1413.1471215726594, 1418.655148583414, 1042.5409413057207], [1289.5451362931997, 1749.3130407050926, 577.7879591743422], [989.7649614268626, 1870.5255848353586, 166.1411604785604], [615.8455189020768, 1795.1106239719168, -92.0652100870784], [283.483084517005, 1580.8629816785667, -171.785236340195], [72.2745815658537, 1302.9747020108728, -118.57260928532806], [0.51594210761159, 1026.7386455547803, -11.2239521285506], [34.02778704225606, 792.5761509545968, 81.718988250919], [116.7307000350355, 615.540058602337, 126.900900947773]], "I": [[-433.88373911756, -900.968867902426, 0.0], [-351.6724386913644, -879.989667117949, 544.9147657794136], [-91.6906874354638, -771.140196924978, 1104.1389383055403], [351.6665553837705, -479.5029333006205, 1604.000338892265], [911.1461494832764, 45.4831775521228, 1886.847280722438], [1427.0167837732486, 741.7440248022705, 1812.623135198979], [1710.4256540475676, 1445.097669156822, 1372.6750525854318], [1649.7363445443066, 1969.5981021731966, 718.4970540749642], [1277.9759484649505, 2198.9000400575305, 81.4835659979915], [750.5095546738728, 2129.9390777365347, -352.4836583859784], [253.6603406372279, 1851.9044177630967, -523.508718734924], [-87.6920847367313, 1487.6559297361048, -490.5481111575581], [-247.23886667912242, 1139.2894961359411, -363.3775052153596], [-272.7406490697579, 863.036620195769, -232.908907961186], [-234.4735454527695, 672.7810067137071, -140.384182821999]], "J": [[-781.831482468032, -623.489801858726, 0.0], [-712.1395816465704, -716.613890624424, 341.3611888026986], [-447.7417882572268, -872.337685589747, 857.0580890138182], [93.2816954422335, -824.7207759897805, 1493.8905326205452], [861.510813767283, -389.2451237014872, 1968.148582880955], [1623.5702303252547, 383.2545634700915, 1988.447800583151], [2085.7428230667683, 1238.082725562555, 1492.4419092830697], [2086.2240128885246, 1887.087106692724, 691.4283414455391], [1688.1453977502156, 2172.8679994674967, -89.2373171150665], [1109.9507873241398, 2117.856710932963, -614.6253774587724], [574.1050468883359, 1859.4863854530656, -832.248039516637], [199.2842222041217, 1548.8026990840474, -825.164213651239], [-8.65913689608241, 1284.4391983610763, -709.8937972937746], [-101.70245078099394, 1101.498794418891, -567.489227744167], [-134.2312929556655, 993.3628425875571, -432.344867704774]],