{"A": [[0.0, 1000.0, 0.0], [0.0, 1000.0, 0.0], [0.0, 1000.0, 0.0], [0.0, 1000.0, 0.0], [0.0, 1000.0, 0.0], [0.0, 1000.0, 0.0], [0.0, 1000.0, 0.0], [0.0, 1000.0, 0.0], [0.0, 1000.0, 0.0], [0.0, 1000.0, 0.0], [0.0, 1000.0, 0.0], [0.0, 1000.0, 0.0], [0.0, 1000.0, 0.0], [0.0, 1000.0, 0.0], [0.0, 1000.0, 0.0]], "B": [[433.8837391175581, 900.9688679024191, 0.0], [433.8837391175581, 900.9688679024191, 0.0], [433.8837391175581, 900.9688679024191, 0.0], [433.8837391175581, 900.9688679024191, 0.0], [433.8837391175581, 900.9688679024191, 0.0], [433.8837391175581, 900.9688679024191, 0.0], [433.8837391175581, 900.9688679024191, 0.0], [433.8837391175581, 900.9688679024191, 0.0], [433.8837391175581, 900.9688679024191, 0.0], [433.8837391175581, 900.9688679024191, 0.0], [433.8837391175581, 900.9688679024191, 0.0], [433.8837391175581, 900.9688679024191, 0.0], [433.8837391175581, 900.9688679024191, 0.0], [433.8837391175581, 900.9688679024191, 0.0], [433.8837391175581, 900.9688679024191, 0.0]], "C": [[781.83148246803, 623.489801858734, 0.0], [779.256160460805, 622.249592144798, -33.1016629765276], [771.606439031228, 618.565680463366, -65.2233231478254], [759.108794669787, 612.547132144013, -95.4139915228319], [742.133230736787, 604.372131413935, -122.779847760247], [721.182323199074, 594.282706102789, -146.510702477768], [696.876341442318, 582.577562203537, -165.903983595854], [669.934884669809, 569.603240428196, -180.385536579977], [641.155577557767, 555.74385657617, -189.52662277255], [611.390455900358, 541.409729460243, -193.056612564483], [581.52074136741, 527.025233070149, -190.870997614276], [552.430752189533, 513.016232620698, -183.034484906103], [524.9817221669346, 499.797476450928, -169.779081044669], [499.9863031123663, 487.76031704779, -151.497223502914], [478.1845056050173, 477.261124723869, -128.730162177812]], "D": [[974.927912181824, 222.520933956314, 0.0], [982.668332089844, 230.718085090636, 25.1120090620683], [1004.345156531845, 254.43345250654, 41.0907123062406], [1035.525410292372, 291.139169988401, 40.0594031563291], [1069.464465665686, 336.94504225401, 16.501446096945], [1097.990023234075, 387.043259167755, -31.92434629364], [1112.586577604817, 436.256470264928, -103.9572177498883], [1105.549226224488, 479.6253004634506, -194.7514666489618], [1071.06666974846, 512.9668699889396, -296.338824440172], [1006.10085114081, 533.3393897774648, -398.485037330127], [910.95401596506, 539.3590226086787, -489.842333060756], [789.450322060618, 531.3326206344865, -559.263800116145], [648.7042224072256, 511.1916224706763, -597.125755965552], [498.4963959150576, 482.2357692066297, -596.502306331028], [350.3243007993443, 448.717630671255, -554.052747011349]], "E": [[974.927912181824, -222.520933956311, 0.0], [1001.7891075959966, -192.145880363551, 162.5264437462093], [1076.7227428393003, -104.787291435887, 293.6460652824046], [1183.892075357398, 28.884350089978, 367.5834577426851], [1300.370762068185, 193.055666790192, 368.695134435439], [1400.555068867889, 369.3119200035212, 293.962531268514], [1460.952905821094, 539.462537541587, 153.0479830487587], [1464.361381492303, 688.1194582395166, -33.9836601687048], [1402.620575806985, 804.5776758109185, -240.6844490474972], [1277.485193692699, 883.7203981955078, -439.055368272745], [1099.59709948769, 925.8927875939557, -604.156373145687], [885.9608909993048, 935.9044663871265, -717.597611737646], [656.6210758937286, 921.4817231579153, -769.351250315512], [431.34669116206595, 891.5615418415957, -757.764804152231], [227.0312334461293, 854.791143767104, -688.087763703967]], "F": [[781.83148246803, -623.489801858726, 0.0], [828.8299845158145, -595.347271160182, 237.1993598414032], [964.9091656425422, -509.652231629437, 440.7663166134016], [1173.6080329353524, -364.632026137828, 575.1921384551321], [1423.460410019391, -162.956153782779, 605.690464293924], [1666.833486059997, 83.2627630704462, 506.8802349728], [1845.048330685728, 350.58253816989, 274.9385677161857], [1901.065568395623, 607.3270614285452, -62.6943890659299], [1796.892006928227, 821.2057639932364, -446.4411244681802], [1529.375074224408, 968.730044862777, -795.968680232935], [1137.1349104931198, 1042.5736673991616, -1031.986654014124], [693.8689208445556, 1053.6207722923996, -1101.402002699042], [288.39309971811457, 1026.5593815425273, -996.13111596761], [-2.53555333705604, 990.5982159562127, -757.3183919177987], [-138.8757984253127, 968.997386384377, -461.965579101393]], "G": [[433.883739117558, -900.968867902426, 0.0], [491.8685924017096, -879.740739209853, 297.528786743811], [662.9163047519552, -812.835985682943, 563.0045571288356], [935.4627900652803, -692.695297874112, 758.8319958695931], [1282.249570275277, -513.103188069515, 841.314778222115], [1653.3512345459696, -276.5299602462158, 768.470925437225], [1975.264177904152, -0.027769814107, 516.1407842559947], [2161.402932089905, 283.7959545761092, 97.3504301526651], [2135.258368806808, 532.9468633375664, -424.5944877246749], [1860.598631557208, 708.563782251295, -939.72797579932], [1366.4701293545359, 789.3600923965197, -1317.20675677571], [752.6963966760369, 781.3309693742646, -1448.47527379502], [167.0732289674196, 717.0583891721283, -1292.024490138001], [-242.35674198632205, 643.3558271599247, -898.6364201132867], [-383.0223001059607, 601.918754617201, -401.0719997009459]], "H": [[0.0, -1000.000000000006, 0.0], [61.0283752414276, -986.14250294593, 330.9598523309552], [242.5994310380762, -942.199925196976, 631.2757884049892], [537.7264424191522, -861.258190951335, 865.8582217850771], [926.567876545179, -733.827651876321, 992.422382324768], [1365.9673839615457, -553.7087885719808, 965.053436730548], [1782.669019739304, -326.768326011258, 748.9711477883307], [2080.208490208439, -77.2170801176468, 344.6140861636821], [2165.075802021455, 155.0317100490424, -191.4564990000539], [1985.398332350431, 327.675662062522, -746.307349246349], [1563.0339498966698, 414.2029465716137, -1180.524480728115], [998.1649496799849, 416.5549516756425, -1379.5847040975318], [438.20918754232457, 364.2877880509353, -1302.0474212175116], [22.97370159205796, 300.2692827345147, -998.4043655661785], [-167.9494855376557, 260.930568657852, -589.5740041066919]], "I": [[-433.88373911756, -900.968867902426, 0.0], [-373.5710187911404, -913.940090976765, 267.9325359710794], [-189.3852441382708, -944.0043620021772, 524.2792996038792], [122.7935067721693, -966.218780471641, 743.8902023779841], [551.983564190438, -946.202931937812, 879.969736505782], [1051.4832381911126, -854.0552936887218, 870.4280536752211], [1527.881266821093, -681.937681987501, 665.3039873640474], [1857.275794254095, -454.5737908763728, 267.3794429326154], [1933.7805840571657, -221.9908342530086, -240.6376684658333], [1729.278702932215, -34.695324960317, -712.3622850111859], [1323.4239802899028, 83.9427338832467, -1002.823837580063], [872.2321392777179, 148.1673670407575, -1047.6640872729597], [524.6045397560042, 194.5990091111513, -899.7989586810395], [340.14204143116694, 252.9510065174147, -689.8148499719166], [268.7419865484843, 326.0571621187755, -533.704967721787]], "J": [[-781.831482468032, -623.489801858726, 0.0], [-721.4871622316743, -678.159206276015, 121.5631548206664], [-530.2525895154428, -817.8199538451513, 267.4735126972282], [-190.3854517807267, -977.4875739808245, 427.8930213656641], [290.677697438973, -1075.287313910021, 543.638455582822], [846.5662156913608, -1047.0459434920438, 525.7167437744691], [1345.7760818408, -877.522386854445, 309.4295867385404], [1634.039305549503, -608.8689936190068, -85.3537773863936], [1614.0710771499257, -316.6139727568184, -535.4164958058993], [1313.20263051996, -65.919726251372, -867.1783143013419], [882.2702310900557, 121.9756690899673, -958.112210438483], [512.4995796533359, 269.4243157247365, -815.3894607269317], [322.6105857500612, 411.5680650318693, -567.8574946951755], [297.72474066567355, 562.7811872420987, -373.16315504034753], [323.4580730769495, 707.2806931789945, -310.686956260501]],