{"A": [[0.0, 1000.0, 0.0], [0.0, 1000.0, 0.0], [0.0, 1000.0, 0.0], [0.0, 1000.0, 0.0], [0.0, 1000.0, 0.0], [0.0, 1000.0, 0.0], [0.0, 1000.0, 0.0], [0.0, 1000.0, 0.0], [0.0, 1000.0, 0.0], [0.0, 1000.0, 0.0], [0.0, 1000.0, 0.0], [0.0, 1000.0, 0.0], [0.0, 1000.0, 0.0], [0.0, 1000.0, 0.0], [0.0, 1000.0, 0.0]], "B": [[433.8837391175581, 900.9688679024191, 0.0], [433.8837391175581, 900.9688679024191, 0.0], [433.8837391175581, 900.9688679024191, 0.0], [433.8837391175581, 900.9688679024191, 0.0], [433.8837391175581, 900.9688679024191, 0.0], [433.8837391175581, 900.9688679024191, 0.0], [433.8837391175581, 900.9688679024191, 0.0], [433.8837391175581, 900.9688679024191, 0.0], [433.8837391175581, 900.9688679024191, 0.0], [433.8837391175581, 900.9688679024191, 0.0], [433.8837391175581, 900.9688679024191, 0.0], [433.8837391175581, 900.9688679024191, 0.0], [433.8837391175581, 900.9688679024191, 0.0], [433.8837391175581, 900.9688679024191, 0.0], [433.8837391175581, 900.9688679024191, 0.0]], "C": [[781.83148246803, 623.489801858734, 0.0], [780.213861750901, 622.710796778508, -26.2708242416444], [775.391081091169, 620.388268020705, -52.0531127147836], [767.452825564349, 616.565405641379, -76.867414527539], [756.546716034129, 611.313300101691, -100.252279597701], [742.875563975009, 604.72962026016, -121.772839840304], [726.693599962935, 596.936797109489, -141.028896032817], [708.30174596944, 588.079747033407, -157.662359973518], [688.042019376327, 578.323176922184, -171.363913537692], [666.2911727746, 567.848521261216, -181.87876079893], [643.453687822789, 556.850568151025, -189.011366248325], [619.954253451818, 545.533837001632, -192.629090999004], [596.229868292726, 534.108775262199, -192.664659356642], [572.721714191556, 522.78784491206, -189.117409887295], [549.866951932617, 511.781571489275, -182.053307717509]], "D": [[974.927912181824, 222.520933956314, 0.0], [968.210701148323, 222.093532914294, -73.4434907519595], [948.305109756573, 220.877609750027, -144.5422299880699], [915.935719579337, 219.066452974581, -211.067552414559], [872.265937239425, 216.964128519621, -271.015439885092], [818.8347896827502, 214.959806296388, -322.700569006016], [757.4744826812765, 213.494604049538, -364.829892535553], [690.2142405373733, 213.023484098193, -396.551258785244], [619.1768121413484, 213.975125308189, -417.474345483865], [546.474436623504, 216.7128611419, -427.663142169743], [474.110983134579, 221.499712064103, -427.60121491296], [403.896421819142, 228.470251271982, -418.132882961814], [337.37878995575, 237.611547827756, -400.385090616147], [275.79746354214, 248.754767239132, -375.676049227715], [220.059931615116, 261.578225370309, -345.417560647356]], "E": [[974.927912181824, -222.520933956311, 0.0], [959.4532457566062, -219.008565734617, -131.8772972148934], [914.0352227851276, -208.401128217809, -256.8258181515449], [841.5977387076692, -190.509641455706, -368.495477721076], [746.711494894922, -165.08882807726, -461.62993187954], [635.1772737784112, -131.929280095338, -532.462679000454], [513.5112938257025, -90.963835414683, -578.954354747581], [388.3901726849933, -42.370006431506, -600.851677911726], [266.1152940376124, 13.349291319762, -599.570757765634], [152.150997802326, 75.321172290032, -577.928507823362], [50.779020609836, 142.3032049259781, -539.762825802022], [-35.105049432118, 212.7306039112632, -489.4927872172676], [-104.046324455694, 284.8046493571486, -431.6731670996803], [-155.947358243326, 356.610397472707, -370.59312846170286], [-191.873287056416, 426.247312080295, -309.9580142293617]], "F": [[781.83148246803, -623.489801858726, 0.0], [755.7312612753223, -610.447234534321, -189.6300963028291], [680.2297040677917, -571.642387519963, -363.8446536575669], [563.3307567987592, -508.075306034235, -509.143263538238], [417.131068249665, -421.503614456311, -615.5470001133], [256.1793108344432, -314.533704036048, -677.646812557697], [95.5813493777795, -190.6715787330664, -694.950870433511], [-50.8440264181457, -54.2841638716474, -671.5173370813624], [-172.0814637015586, 89.5613541884263, -614.9846208552324], [-260.906704188482, 235.385216225153, -535.2073086317187], [-314.252005120806, 377.6839744096021, -442.7550539149537], [-332.970093783557, 511.3683633776482, -347.5274105595106], [-321.115507989834, 632.1828813042746, -257.6858177771673], [-284.926394565589, 737.039811863506, -179.02034059552886], [-231.7116380259042, 824.215302897503, -114.7743871698527]], "G": [[433.883739117558, -900.968867902426, 0.0], [403.3846593710042, -882.250511616793, -183.53789728541162], [315.8810444988697, -826.622721809026, -346.6008840194506], [182.7856804322332, -735.737304638181, -471.4905951067122], [21.30831303707, -612.552154817551, -545.6394477537008], [-147.9833615485568, -461.545944499077, -563.181972534933], [-304.0546611149575, -288.8561773271272, -525.501444611141], [-428.3027052188597, -102.227742143716, -440.6740497723014], [-507.0072721674226, 89.3116359622502, -321.9199442743444], [-532.94579847623, 276.074225155702, -185.3481942349127], [-505.928750606688, 448.5825671509803, -47.4125707659857], [-432.2096331985733, 598.5614328643454, 77.4562910636694], [-322.9358431758645, 719.873399244238, 178.6275141740777], [-191.9839126547771, 809.2086854592768, 250.18312273548514], [-53.6221918546272, 866.3779871908527, 290.8963184655813]], "H": [[0.0, -1000.000000000006, 0.0], [-25.5773022161968, -978.8698203013885, -114.84576603493922], [-97.6961608079763, -916.4361370594031, -208.9429387827176], [-203.3277130690058, -815.638782568243, -265.1063288006142], [-323.329790459862, -681.5569264904087, -272.6464381370088], [-435.8622496491878, -521.5147879186227, -229.128462150704], [-520.3134531784495, -344.9591339766613, -140.602942008733], [-560.9912411348787, -162.9573572592401, -20.2362654574924], [-549.8262294044647, 12.7409313046638, 114.3892675061686], [-487.5118927136513, 170.995836745496, 244.7175643316413], [-382.852093048397, 302.6973917602423, 354.6221493275073], [-250.5206676246013, 401.9973928977364, 433.0037030579394], [-107.8292448461955, 467.0382571646751, 475.0491842318047], [28.6800879049559, 499.9716952285958, 482.00664812754314], [146.0234688156418, 506.2443840453456, 459.7384407459163]], "I": [[-433.88373911756, -900.968867902426, 0.0], [-453.1036546373608, -874.3208998601204, -48.86845618384441], [-504.9502534811203, -796.1469588709491, -75.7630536390176], [-573.2278319008788, -671.829189705076, -63.7236898173482], [-634.892382065304, -510.4836829176497, -4.8312760554748], [-665.2763333390108, -324.8785216845067, 97.621627675504], [-644.0060981468255, -130.8282413725583, 229.411050440826], [-560.3119940280677, 54.1856939627369, 368.2359962608136], [-416.3714203495417, 213.2030281415918, 488.6445625482336], [-227.6450362178033, 332.498256716104, 567.9024176799633], [-19.880722230086, 404.2204518569753, 591.2803763766453], [176.5887103317907, 428.185578443067, 555.2903433532304], [333.7559623034025, 412.1330511645555, 467.964879333216], [432.1173270846569, 370.1355205886488, 346.20080880872814], [464.3845145251578, 319.4220812293166, 211.1304442123783]], "J": [[-781.831482468032, -623.489801858726, 0.0], [-791.8206155548048, -589.9704673772915, 0.91021524114209], [-814.9910908388783, -492.6010821414951, 23.2159546718814], [-832.9101537462979, -340.855559676023, 81.4789690478678], [-820.949570320089, -150.0839641141607, 178.3545028146572], [-755.9354750229805, 59.5442680982743, 302.712590226044], [-624.0371302448985, 265.0824319570207, 431.693633131018], [-426.59426767370275, 443.9289328737559, 536.4086503307766], [-181.8865515227007, 577.6745645604828, 589.8355187986296], [78.0957321929287, 655.825176224716, 574.5769849200319], [315.222919905099, 678.2586162728624, 487.9803392688713], [494.9009845110697, 655.407164029968, 342.8994034679414], [594.7422290234025, 605.7724221731785, 163.90530166116702], [609.4320342783589, 551.2930278545928, -19.59109428532486], [550.4178950454015, 511.9120072957336, -180.7983120614707]],