{"A": [[0.0, 1000.0, 0.0], [0.0, 1000.0, 0.0], [0.0, 1000.0, 0.0], [0.0, 1000.0, 0.0], [0.0, 1000.0, 0.0], [0.0, 1000.0, 0.0], [0.0, 1000.0, 0.0], [0.0, 1000.0, 0.0], [0.0, 1000.0, 0.0], [0.0, 1000.0, 0.0]], "B": [[433.8837391175581, 900.9688679024191, 0.0], [433.8837391175581, 900.9688679024191, 0.0], [433.8837391175581, 900.9688679024191, 0.0], [433.8837391175581, 900.9688679024191, 0.0], [433.8837391175581, 900.9688679024191, 0.0], [433.8837391175581, 900.9688679024191, 0.0], [433.8837391175581, 900.9688679024191, 0.0], [433.8837391175581, 900.9688679024191, 0.0], [433.8837391175581, 900.9688679024191, 0.0], [433.8837391175581, 900.9688679024191, 0.0]], "C": [[781.83148246803, 623.489801858734, 0.0], [779.979604634205, 622.597984496832, -28.0992409050059], [774.463396035773, 619.941518443779, -55.6002728849793], [765.400292059229, 615.576957601062, -81.9176223737964], [752.983238475088, 609.597219754566, -106.491015398198], [737.476583786633, 602.129608433994, -128.797305333861], [719.210451475256, 593.333102729054, -148.361610251802], [698.573711952489, 583.394972759948, -164.767422750505], [676.005703839894, 572.526792855879, -177.665477044025], [651.986880823702, 560.959937317651, -186.78118453333]], "D": [[974.927912181824, 222.520933956314, 0.0], [980.516467271535, 228.426238959043, 21.6588331979123], [996.479716461706, 245.68730745249, 37.6992620280066], [1020.485383982783, 272.977161403588, 43.0593343780946], [1048.889752223014, 308.206214762986, 33.741154330707], [1077.080580006127, 348.694543176236, 7.224963595562], [1099.914745106711, 391.392408676242, -37.246979841556], [1112.212541253698, 433.130497997234, -98.5422710800605], [1109.265512238473, 470.878850599924, -173.67819015702972], [1087.313336883041, 501.9927470790081, -258.0273165359812]], "E": [[974.927912181824, -222.520933956311, 0.0], [985.2667839806346, -212.089079631179, 84.7932356555023], [1015.590720822973, -181.068239183725, 162.5060612125366], [1063.7859194286812, -130.315876085584, 226.2042325817156], [1126.2322919596306, -61.359821609818, 269.32837915825], [1197.729829942249, 23.493754470993, 286.062675733819], [1271.520796223894, 121.079924981545, 271.856220682039], [1339.493417627643, 227.372695482788, 224.0556119481395], [1392.630142674332, 337.601654365622, 142.5558045004573], [1421.720180057152, 446.5078096087669, 30.3400691847478]], "F": [[781.83148246803, -623.489801858726, 0.0], [793.2553904908385, -608.517200932134, 148.3434803998245], [827.462115953352, -563.538808486919, 290.5144821928086], [883.9511320250301, -488.58325322219, 419.5076208456326], [960.9911963307496, -384.327686002378, 527.106196435539], [1054.659410556029, -252.812345069895, 604.257676713274], [1158.133043860682, -98.054265752505, 642.24208469485], [1261.6067262473853, 73.680131755034, 634.3902599560655], [1353.0339993805956, 254.0945564043347, 577.8958718288743], [1419.6449532807135, 433.5897562994671, 475.1895735428948]], "G": [[433.883739117558, -900.968867902426, 0.0], [443.8991640250206, -879.477753180383, 199.2637155725942], [474.760656097842, -814.981728880316, 392.6927685113686], [528.1227634694151, -707.909057542979, 572.2971096373896], [604.4840865615967, -560.395801075578, 727.018586581266], [700.95325163872, -377.704914362093, 843.748936417521], [809.899061580313, -169.0945115174406, 910.101453136523], [919.2672335757642, 52.3946049871592, 917.9618775462435], [1014.6605173846456, 271.3597076803874, 866.4570705866273], [1082.5494852465424, 472.3383063708424, 763.1608559537498]], "H": [[0.0, -1000.000000000006, 0.0], [28.38536633224857, -975.8142216219748, 326.2669949408692], [109.670985037719, -904.4206169114897, 630.9625349277516], [233.3533053612891, -789.0839121304647, 895.6914103671686], [384.9763968958136, -634.7931845785212, 1106.944457904435], [548.962782297077, -448.3403255939032, 1256.025300164681], [710.4917804611224, -239.1069727307189, 1338.212083617147], [856.4184082208182, -20.0204723611063, 1352.5517369761494], [976.1094970974618, 192.4504160970921, 1302.7475778542064], [1062.9147147872932, 380.1928847546807, 1198.1159815234507]], "I": [[-433.88373911756, -900.968867902426, 0.0], [-385.8021928461894, -870.5336365700147, 450.4721817411572], [-248.578581063659, -782.0706067048167, 864.9496875361126], [-41.4636031373839, -643.3325816101017, 1213.9593488245926], [208.7555304916136, -465.1198663510192, 1478.723203290163], [473.4987751754976, -259.4357307732972, 1651.856706043466], [727.2689170675278, -38.6937397137409, 1735.220053202304], [950.6732979203188, 183.8204134781887, 1736.7745541319634], [1131.8750411337578, 393.1528727415731, 1668.1485677038663], [1267.3241322999231, 573.0802628009827, 1543.1862839514188]], "J": [[-781.831482468032, -623.489801858726, 0.0], [-713.6374123469204, -585.2484233057957, 546.3819317295907], [-518.738589440625, -475.6801516173917, 1041.5869517252936], [-224.2876860510139, -308.8621986210827, 1443.6704321556665], [130.5490092145563, -104.0699479643942, 1726.894435825111], [502.5609109416496, 118.9189221445578, 1884.376410746708], [852.8105104723498, 343.5091828831011, 1925.542144613086], [1152.7607659230657, 557.3607518169187, 1869.7803250789195], [1386.8229874171568, 750.8875934431201, 1739.490550334189], [1551.7879073745112, 915.1269509657106, 1555.2977653234084]], "K": [[-974.927912181822, -222.520933956311, 0.0], [-876.6109712374695, -184.0609283438467, 649.0974475189148], [-598.3319620500708, -76.5991538357627, 1221.7577496960955], [-186.0606138750517, 78.9059762045323, 1658.6978670109036], [296.1690752811803, 255.7927356666518, 1929.702490007157], [781.6669425149786, 430.5535869998898, 2036.185247759084], [1215.6584652694098, 589.122333906135, 2003.5024289846126], [1563.9595582952709, 727.5652438924487, 1866.9083529148998], [1813.5912276907718, 847.5182671429002, 1658.2892807059197], [1967.192889040328, 950.2738062249418, 1399.5233644490604]], "L": [[-974.927912181822, 222.520933956314, 0.0], [-841.2669966937829, 250.6714530339203, 737.5328716442879], [-469.3072660914998, 324.6625416965023, 1364.6001234040396], [63.1968004633183, 418.3227158173813, 1802.6745403406646], [654.1804136122793, 502.7084747593708, 2024.1628711721355], [1207.2591600074466, 559.8413386696018, 2050.9570409204175], [1655.3373850757919, 589.519311452901, 1934.6217053975001], [1969.3181537366268, 605.4605872962067, 1729.6599425981058], [2151.530083680645, 624.0274889958622, 1474.1386198581897], [2220.9200111635782, 653.7627240363328, 1185.5934931511063]], "M": [[-781.831482468032, 623.489801858734, 0.0], [-628.6697716402608, 641.6402087135373, 740.3817621356982], [-207.1019298602768, 683.8780919269503, 1348.0225988699456], [382.1920957512543, 720.7085675839103, 1732.9102053925812], [1009.8052600012282, 722.8478116327288, 1872.0711054944825], [1558.6341118565547, 679.0039479340758, 1805.1966292152526], [1954.624316107676, 603.0510395456457, 1605.5221924177652], [2175.47060598773, 525.9651032454032, 1343.3389638232707], [2237.9495213934483, 478.1615823518772, 1062.6570500892708], [2175.6527822558646, 474.3401519393988, 780.8458152031133]], "N": [[-433.88373911756, 900.968867902429, 0.0], [-282.4621162531198, 908.5856876372653, 657.0592872043649], [128.8170099829072, 919.5789630656633, 1175.7848869882584], [687.3041104197692, 906.7963556546413, 1467.6928269442071], [1252.6000162873522, 847.8438121203887, 1520.6611307111564], [1705.4198920149895, 743.8280853638303, 1390.0893778392856], [1981.1547562241453, 623.7328918395918, 1161.753490357697], [2074.652047901167, 530.6345442135249, 909.8922210029318], [2020.0686717044996, 499.0084831209094, 675.1578807194288], [1863.2782880144484, 538.3947174363643, 470.3921919651533]],