{"A": [[0.0, 1000.0, 0.0], [0.0, 1000.0, 0.0], [0.0, 1000.0, 0.0], [0.0, 1000.0, 0.0], [0.0, 1000.0, 0.0], [0.0, 1000.0, 0.0], [0.0, 1000.0, 0.0], [0.0, 1000.0, 0.0], [0.0, 1000.0, 0.0], [0.0, 1000.0, 0.0]], "B": [[433.8837391175581, 900.9688679024191, 0.0], [433.8837391175581, 900.9688679024191, 0.0], [433.8837391175581, 900.9688679024191, 0.0], [433.8837391175581, 900.9688679024191, 0.0], [433.8837391175581, 900.9688679024191, 0.0], [433.8837391175581, 900.9688679024191, 0.0], [433.8837391175581, 900.9688679024191, 0.0], [433.8837391175581, 900.9688679024191, 0.0], [433.8837391175581, 900.9688679024191, 0.0], [433.8837391175581, 900.9688679024191, 0.0]], "C": [[781.83148246803, 623.489801858734, 0.0], [779.188428440117, 622.216974122754, -33.5308431337908], [771.339574215568, 618.437165141491, -66.0428685663868], [758.523403258282, 612.265222498164, -96.548214856897], [741.129328437503, 603.888677546837, -124.119992494735], [719.685859914832, 593.562047367121, -147.920446968366], [694.844546630412, 581.599101391498, -167.226413512222], [667.36017931808, 568.363327679895, -181.451290102157], [638.067856570859, 554.256888518915, -190.162861061121], [607.857610792794, 539.708400924262, -193.096429713794]], "D": [[974.927912181824, 222.520933956314, 0.0], [982.868898025441, 230.932223844191, 25.3994097428722], [1005.065839650213, 255.243668420779, 41.3106641231272], [1036.857114253075, 292.796452073525, 39.585227920399], [1071.168045932123, 339.507750804716, 14.586296925197], [1099.462667210644, 390.349611470287, -35.953725429162], [1112.906900410881, 439.93698051859, -110.4992061379298], [1103.598802130342, 483.1545168643363, -203.757942056695], [1065.712480114899, 515.7472758657386, -307.20708297037], [996.411911123596, 534.804818361998, -410.038299272574]], "E": [[974.927912181824, -222.520933956311, 0.0], [989.6599496681716, -207.634797109022, 100.7327618849859], [1032.4375020034734, -163.541818484653, 189.4044595791092], [1098.9076631148882, -92.031444141523, 254.339701391398], [1181.580363679427, 3.652771667387, 284.906139470082], [1269.754997042004, 118.578186800148, 272.596237021863], [1349.872454505745, 246.054549801057, 212.4856130513542], [1406.53606568672, 377.8843357812753, 104.802372175178], [1424.285431321392, 505.0094137134043, -43.820672587029], [1389.980707130061, 618.519660333773, -219.886538200474]], "F": [[781.83148246803, -623.489801858726, 0.0], [798.1465359253826, -602.100136117946, 176.7720469442488], [846.9133448803794, -537.838911067368, 342.8474059893472], [926.7451061572922, -431.019731652792, 485.660385955402], [1032.972389148603, -283.846921762185, 590.392408194078], [1155.564017458443, -102.060755935486, 641.840250277881], [1278.4228794386863, 104.122169728848, 628.1927478288762], [1380.9387980002605, 320.3959778602992, 545.372608103234], [1441.7377883356041, 530.1901068103887, 400.165376884085], [1443.596935442348, 717.4760141155364, 210.688895728293]], "G": [[433.883739117558, -900.968867902426, 0.0], [448.2341943573906, -870.269282132778, 237.6730037449538], [492.8295011242594, -778.198958127668, 464.9700638511262], [570.1170283377731, -626.215354171085, 666.705538488172], [678.365802323644, -420.414621951005, 822.050984639366], [807.180837264025, -174.3951185901693, 909.158719396892], [936.9470481160554, 90.3981538716995, 913.2684784802811], [1043.3036020505845, 347.7388121274355, 834.019638341592], [1104.8284662024, 572.1847897243703, 687.89931555289], [1110.265425158851, 744.9376264466936, 504.284243606044]], "H": [[0.0, -1000.000000000006, 0.0], [40.34068711554061, -965.5155849773887, 388.0501720237068], [153.6350542491974, -864.4000450903483, 739.8859855630913], [319.7188854029162, -703.1063257256232, 1026.498274244929], [512.681687952646, -491.5967554548311, 1228.922146446277], [706.688434115447, -244.3877468712925, 1337.019179232676], [878.9548088680832, 17.2195431268173, 1348.4053021479801], [1011.8701435832452, 264.9421754837721, 1270.160577539502], [1096.584298811001, 468.4714662576433, 1120.609200388752], [1136.2999308629544, 604.8593416816235, 925.903198167129]], "I": [[-433.88373911756, -900.968867902426, 0.0], [-365.5744151187224, -857.6463379129636, 535.2215670400587], [-174.6981174280026, -733.3601847455083, 1010.2341824728531], [101.6324209550742, -543.0450152686982, 1379.883241546341], [415.5165536232447, -306.3152858549621, 1621.72232196663], [721.376306958734, -44.1556616056485, 1734.201306998595], [984.8035376937912, 220.9335372293383, 1729.6649504297532], [1186.656165029866, 463.2458201155321, 1628.193781904387], [1324.7824047763258, 655.3953172915843, 1453.846897151345], [1413.2349737758293, 775.7758426366536, 1229.476576287304]], "J": [[-781.831482468032, -623.489801858726, 0.0], [-684.9308208559324, -569.1381926069078, 648.5211716370328], [-413.7057139364446, -416.3949790401783, 1211.4074694137173], [-21.1247431143788, -192.2822672410252, 1624.747361949595], [421.53784349028734, 69.3234098583489, 1860.304757502649], [844.775736338478, 338.1164695308645, 1925.781219255253], [1197.6221700084782, 592.0874120516943, 1852.2018638037632], [1455.0177843358142, 814.8495239453061, 1677.3785451124231], [1616.2891205348958, 991.1374131729262, 1434.7853149499795], [1698.3341645616474, 1107.8770731940706, 1148.9192161600363]], "K": [[-974.927912181822, -222.520933956311, 0.0], [-835.3683111295344, -168.0043962686697, 769.0305204470538], [-450.1040002888001, -20.1910264275223, 1410.8062078246753], [92.1356181458672, 181.5294639569818, 1838.052646415572], [677.8840006291623, 393.2611676444569, 2025.87420213482], [1205.999119423665, 585.4945997540065, 2005.68110908592], [1613.6469293916703, 749.2865556667243, 1835.6461088523558], [1880.4659213304362, 887.1349443344996, 1568.6083059744642], [2015.0726128843507, 999.8257020891195, 1237.4062277587545], [2035.8888597992022, 1083.0218915538728, 859.9532806868833]], "L": [[-974.927912181822, 222.520933956314, 0.0], [-785.5403144317343, 262.1710375141153, 871.6391512245508], [-275.1945984193131, 360.5677712842917, 1560.7785496010163], [408.6861246150892, 470.3746424009858, 1958.163028726564], [1093.0935543357803, 549.9205820357399, 2059.3573111376713], [1645.959245231755, 589.0303645942774, 1938.7120844470805], [2009.3534408017183, 608.0700326586283, 1688.8928647574949], [2188.8131474805373, 633.5164887900386, 1371.981931019472], [2218.576264594895, 674.8683883554736, 1011.4609419335105], [2130.0289266823333, 722.9961179003318, 615.8603592254503]], "M": [[-781.831482468032, 623.489801858734, 0.0], [-565.0614587100083, 648.7579622921983, 873.0131837632299], [9.8505913748449, 700.7278283382677, 1527.5725327454727], [753.1624389161532, 727.4584659855448, 1842.81034894904], [1449.4945115010232, 692.228463197204, 1833.99296416551], [1947.054438949335, 605.0573262783261, 1611.3787909761725], [2196.5096464966723, 515.0709028586969, 1295.9730501368938], [2227.7733504881453, 471.5292229311156, 959.302282288987], [2098.5052510113287, 490.30030037665557, 624.7054160621595], [1858.2415021246622, 551.7005821072878, 307.8803282740183]], "N": [[-433.88373911756, 900.968867902429, 0.0], [-219.87279366059428, 911.2034875627043, 772.866311709867], [336.9121306493999, 918.9984831224417, 1319.123654162261], [1026.0257007162961, 878.4947508796618, 1525.326577394739], [1619.9269565385123, 769.4109347068809, 1430.1886650732931], [1976.67868210756, 626.5170141914823, 1167.8428282773884], [2074.5590940789743, 520.2563182190601, 867.9970713393509], [1972.237952012176, 505.5686488621951, 596.5279146674922], [1745.9573241573878, 586.1530528477638, 370.5706618276165], [1458.7510354775702, 719.2775681934238, 205.9608257853553]],