{"A": [[0.0, 1000.0, 0.0], [0.0, 1000.0, 0.0], [0.0, 1000.0, 0.0], [0.0, 1000.0, 0.0], [0.0, 1000.0, 0.0], [0.0, 1000.0, 0.0], [0.0, 1000.0, 0.0], [0.0, 1000.0, 0.0], [0.0, 1000.0, 0.0], [0.0, 1000.0, 0.0]], "B": [[587.7852522924732, 809.0169943749474, 0.0], [587.7852522924732, 809.0169943749474, 0.0], [587.7852522924732, 809.0169943749474, 0.0], [587.7852522924732, 809.0169943749474, 0.0], [587.7852522924732, 809.0169943749474, 0.0], [587.7852522924732, 809.0169943749474, 0.0], [587.7852522924732, 809.0169943749474, 0.0], [587.7852522924732, 809.0169943749474, 0.0], [587.7852522924732, 809.0169943749474, 0.0], [587.7852522924732, 809.0169943749474, 0.0]], "C": [[951.056516295153, 309.016994374947, 0.0], [941.814706920499, 309.016994374947, -81.4196321895832], [914.559511644446, 309.016994374947, -158.696549033287], [870.67770307562, 309.016994374947, -227.898820839445], [812.402033154485, 309.016994374947, -285.505364232078], [742.697628418478, 309.016994374947, -328.585098525633], [665.1111212879322, 309.016994374947, -354.946082150799], [583.5901937294599, 309.016994374947, -363.24704091535], [502.2827151023877, 309.016994374947, -353.065613426404], [425.325694262993, 309.016994374947, -324.919841276231]], "D": [[951.056516295154, -309.016994374943, 0.0], [916.7913563896467, -294.795312091901, -210.8435161426382], [818.8007968971859, -252.853879190099, -397.647174140869], [670.639961193562, -185.326719283224, -540.269123268268], [492.202610087155, -95.649684316156, -625.627724382891], [306.226334448045, 11.614365146149, -649.537582419547], [134.3911659391342, 131.007722997453, -616.890808282712], [-6.23842518047408, 256.4555313384356, -540.180656060578], [-105.7538344054213, 381.5748755483186, -436.6892918456655], [-162.459703072703, 499.999553602047, -324.9201313633336]], "E": [[587.785252292473, -809.016994374943, 0.0], [522.9850183721097, -754.609693218417, -335.1548764302862], [347.8418978177439, -598.867212724859, -598.74043520187], [113.565091656699, -362.900630242515, -740.521731558934], [-113.867541311407, -77.7288431474126, -745.30991305621], [-275.018661680436, 221.120021379918, -634.4496491028113], [-334.5978326060198, 499.639630251153, -455.255888020358], [-289.3423618050801, 730.8534241638256, -263.116021723054], [-164.2649053086101, 898.7602277641316, -103.4299674670755], [-0.000669815628, 999.999724110497, -0.000290087354600267]], "F": [[0.0, -1000.000000000003, 0.0], [-77.9824937538733, -881.71401585515, -403.3351652700104], [-265.5258556571201, -557.991299966098, -662.5774934318182], [-449.953751930908, -111.949208240385, -702.6283552656183], [-515.679106952073, 348.2869223133744, -547.764868708459], [-406.290780589668, 723.161756459121, -298.7597054258474], [-149.9845141818658, 949.693555295329, -74.02708734698], [162.58946146238193, 1014.4888526850036, 48.772711731466], [429.9132824921809, 948.6978259922515, 59.1262648806265], [587.784872562837, 809.017611281507, 0.000290086856934956]], "G": [[-587.785252292477, -809.016994374943, 0.0], [-639.4684784508723, -623.943474285226, -387.40255287613], [-718.1195417249961, -150.430787459593, -557.6041862198012], [-665.267923054375, 409.592132199271, -450.4370604596123], [-388.28682001041, 837.8783935654874, -192.747393427205], [46.731381274617, 1004.036043244934, 14.0446537708916], [455.2462618239422, 913.1944931935891, 45.678958829516], [665.8243896248389, 678.2466393251746, -76.374370864635], [629.1556050689469, 443.3402063463975, -235.6315754056015], [425.326364078285, 309.017270263273, -324.91955118898204]], "H": [[-951.056516295157, -309.016994374943, 0.0], [-931.0338232098483, -87.089515578149, -293.89593275634], [-786.22561275645, 422.3603254721, -335.7080048979122], [-396.870188489245, 873.493141825307, -142.6635713505723], [165.287096632494, 995.1126386951164, 32.639656381036], [620.502532433756, 776.344241897765, -16.1069788033792], [717.2839077005882, 436.2048240826651, -247.208628744596], [459.01273273990194, 230.8313484154006, -449.220863789982], [82.1680109625589, 273.7085301199335, -468.0012755913435], [-162.459323345191, 499.998936692554, -324.92042145350445]], "I": [[-951.056516295157, 309.016994374947, 0.0], [-833.0173768786556, 508.517962168641, -161.19129850869], [-436.17976623341, 877.255835638079, -106.5705103386232], [186.324260419367, 987.799315384029, 26.9959249903297], [697.367067078839, 692.8342243932864, -53.8743687657623], [727.923546408861, 273.067145208038, -358.3625864334482], [305.4328669196082, 120.6928779605301, -583.061190610578], [-144.95786560066708, 349.1425231838486, -505.68318321755], [-246.6284594253641, 738.8888450296405, -228.2802566316945], [-0.001339636115, 999.999448220308, -0.000580179926451439]], "J": [[-587.785252292477, 809.016994374947, 0.0], [-385.6460080157766, 918.436065781663, -43.75187624267], [158.993051696537, 989.404421615594, 16.5474116332308], [717.284002603687, 680.572455595615, -48.2331920736049], [777.659683290563, 175.4958951547404, -382.3255221092193], [259.078155463465, 9.172337806782, -662.5163982885862], [-260.5444856043388, 364.8396042292371, -538.0276061165915], [-232.33360563589517, 854.1858784850386, -160.338861460954], [222.4836088310989, 1018.6985946274115, 60.8674265619915], [587.784492828107, 809.018228190656, 0.000580172220260841]], "K": [[0.0, 999.999999999997, 0.0], [227.4748791257304, 974.4305622212862, 10.2240940533234], [705.103534707639, 703.371907447376, -27.2104726174016], [861.851350060358, 145.164730247936, -321.0057363984999], [341.2322558430689, -138.5305155346096, -687.0951485670433], [-306.297566321994, 254.684568401896, -617.3494956506902], [-266.37598890270357, 860.5280632485931, -168.9409544825825], [329.07723634310884, 981.8757349523806, 64.336856661595], [662.3893893491258, 619.7912885555165, -110.3688916634165], [425.327033891819, 309.017546149977, -324.91926110215076]], "first": [[-224.51398828979276, 690.9830056250522, 0.0], [-224.51398828979276, 690.9830056250522, 0.0], [-224.51398828979276, 690.9830056250522, 0.0], [-224.51398828979276, 690.9830056250522, 0.0], [-224.51398828979276, 690.9830056250522, 0.0], [-224.51398828979276, 690.9830056250522, 0.0], [-224.51398828979276, 690.9830056250522, 0.0], [-224.51398828979276, 690.9830056250522, 0.0], [-224.51398828979276, 690.9830056250522, 0.0], [-224.51398828979276, 690.9830056250522, 0.0]], "B_C": [[587.785252292473, 427.05098312484176, 0.0], [587.785252292473, 427.05098312484176, 0.0], [587.785252292473, 427.05098312484176, 0.0], [587.785252292473, 427.05098312484176, 0.0], [587.785252292473, 427.05098312484176, 0.0], [587.785252292473, 427.05098312484176, 0.0], [587.785252292473, 427.05098312484176, 0.0], [587.785252292473, 427.05098312484176, 0.0], [587.785252292473, 427.05098312484176, 0.0], [587.785252292473, 427.05098312484176, 0.0]], "D_E": [[587.785252292473, -427.050983124843, 0.0], [553.203832371236, -407.397101586882, -178.8594086671015], [455.449963230763, -349.435466853463, -330.221642265648], [311.339892044244, -256.11522702591, -431.685140880553], [145.280532791524, -132.184612711734, -470.037541394593], [-15.403240861024, 16.050657874222, -443.545423967688], [-145.6516874917458, 181.048220393747, -361.9987083405225], [-227.3378515036541, 354.4128277068039, -244.516242378313], [-252.5005927251173, 527.323508754767, -115.565081311128], [-224.514188734604, 690.982388718257, -0.000400890515]], "F_G": [[-224.513988289796, -690.983005625053, 0.0], [-277.3128432524153, -583.050955353813, -273.0822504808154], [-392.2034244683211, -292.946344742027, -418.44228699762], [-467.423996492782, 90.691108655914, -379.31778279167], [-410.00939385107, 456.5546954117784, -197.037004415099], [-196.8168474183651, 709.855271982717, 20.3666685123456], [109.4776437945332, 803.007448034494, 164.846536699732], [397.2165676542699, 746.3873495094164, 186.503386547678], [568.6334674417619, 596.3355721894886, 109.0821067102715], [587.785452736641, 427.051600031858, 0.000400890532929431]],