{"A": [[0.0, 1000.0, 0.0], [0.0, 1000.0, 0.0], [0.0, 1000.0, 0.0], [0.0, 1000.0, 0.0], [0.0, 1000.0, 0.0], [0.0, 1000.0, 0.0], [0.0, 1000.0, 0.0], [0.0, 1000.0, 0.0], [0.0, 1000.0, 0.0], [0.0, 1000.0, 0.0]], "B": [[587.7852522924732, 809.0169943749474, 0.0], [587.7852522924732, 809.0169943749474, 0.0], [587.7852522924732, 809.0169943749474, 0.0], [587.7852522924732, 809.0169943749474, 0.0], [587.7852522924732, 809.0169943749474, 0.0], [587.7852522924732, 809.0169943749474, 0.0], [587.7852522924732, 809.0169943749474, 0.0], [587.7852522924732, 809.0169943749474, 0.0], [587.7852522924732, 809.0169943749474, 0.0], [587.7852522924732, 809.0169943749474, 0.0]], "C": [[951.056516295153, 309.016994374947, 0.0], [941.814706920499, 309.016994374947, 81.4196321895832], [914.559511644446, 309.016994374947, 158.696549033287], [870.67770307562, 309.016994374947, 227.898820839445], [812.402033154485, 309.016994374947, 285.505364232078], [742.697628418478, 309.016994374947, 328.585098525633], [665.1111212879322, 309.016994374947, 354.946082150799], [583.5901937294599, 309.016994374947, 363.24704091535], [502.2827151023877, 309.016994374947, 353.065613426404], [425.325694262993, 309.016994374947, 324.919841276231]], "D": [[951.056516295154, -309.016994374943, 0.0], [975.8447504020533, -294.795312091902, -45.9328940905318], [1043.148463311335, -252.853879190098, -64.310209157048], [1133.309329241757, -185.326719283223, -34.045701825333], [1218.333873677532, -95.649684316156, 54.355561600143], [1268.020900528612, 11.614365146148, 196.09680788303], [1256.697372281904, 131.007722997453, 372.3936661855586], [1169.175309516927, 256.4555313384356, 553.755245520137], [1004.6921412213857, 381.5748755483187, 705.607999071747], [777.997540230119, 499.999553602047, 795.147703469983]], "E": [[587.785252292473, -809.016994374943, 0.0], [675.9091338328712, -754.609693218417, -329.7909080211098], [909.99158612617, -598.867212724859, -558.789764168742], [1210.3938199395245, -362.900630242516, -620.979683368907], [1477.30343813838, -77.7288431474125, -506.518416566851], [1626.229203908635, 221.120021379916, -261.899046514987], [1615.9530188817862, 499.639630251153, 30.3236315571126], [1458.602399841107, 730.8534241638246, 283.302643537069], [1209.1904760391626, 898.7602277641327, 436.042137434427], [940.457413123589, 999.999724110492, 470.228282011263]], "F": [[0.0, -1000.000000000003, 0.0], [165.1042463941552, -881.71401585515, -653.6564192844799], [580.907291399904, -557.9912999661009, -1080.324708319909], [1053.4183160084285, -111.94920824039, -1163.518240718331], [1379.8818762525327, 348.2869223133745, -943.53743000755], [1450.793511110847, 723.161756459133, -576.76794809361], [1289.4918860176442, 949.693555295331, -239.5663544214324], [1013.9940179121679, 1014.4888526849996, -38.940031563932], [755.2165314220757, 948.6978259922635, 19.653010364429], [587.785712199971, 809.017611281501, 0.000129730772]], "G": [[-587.785252292477, -809.016994374943, 0.0], [-346.9307968965028, -623.943474285225, -884.6119855546448], [218.559392854646, -150.4307874595979, -1371.124364983003], [761.1748110767985, 409.592132199272, -1320.216598360626], [1004.8540666258868, 837.8783935654815, -903.2839266327821], [921.224663324679, 1004.036043244934, -426.326990482004], [689.3129658810172, 913.1944931935936, -96.6709607258034], [508.00310330926493, 678.2466393251626, 74.551728244027], [443.1943548261057, 443.3402063464145, 190.597003614565], [425.325524442349, 309.017270263272, 324.919131371952]], "H": [[-951.056516295157, -309.016994374943, 0.0], [-650.0520135261958, -87.089515578145, -927.8712770374061], [2.05364550855, 422.3603254720971, -1287.4487200037709], [517.5857500746336, 873.493141825302, -992.457183731322], [655.5052356839608, 995.1126386951036, -418.3109400364871], [579.392720272724, 776.344241897755, 35.488316278947], [572.8513260448732, 436.2048240826706, 278.6736186385976], [706.1489083491149, 230.8313484154006, 452.074984024825], [823.2657692530637, 273.7085301199685, 647.474258034387], [777.99708032125, 499.998936692544, 795.147573742903]], "I": [[-951.056516295157, 309.016994374947, 0.0], [-619.8556141812552, 508.51796216864, -765.6802749170571], [38.4071605408998, 877.2558356380771, -870.6579955079768], [475.9530709465018, 987.799315384031, -386.514257404864], [614.3540035770525, 692.8342243932995, 119.1835693246479], [775.069947017398, 273.067145208031, 336.135282222684], [1087.083354848318, 120.6928779605476, 412.7767269434406], [1308.654452563917, 349.1425231838616, 522.4706256899009], [1225.3079549571037, 738.8888450296905, 584.7417562118751], [940.45758294309, 999.999448220299, 470.228991922902]], "J": [[-587.785252292477, 809.016994374947, 0.0], [-268.7344842687572, 918.436065781652, -464.6036871368231], [309.6506775155788, 989.4044216155971, -326.7686129929688], [662.4781571449438, 680.572455595645, 116.264083510231], [914.6793976915785, 175.4958951547475, 274.5274523736059], [1308.033783289616, 9.172337806795, 167.983294120388], [1583.0402891161132, 364.8396042292546, 136.3981701520896], [1403.9824327869514, 854.1858784850546, 179.2363081999229], [940.4603322837827, 1018.6985946274525, 113.0062931210611], [587.78617210932, 809.018228190668, 0.000259466531]], "K": [[0.0, 999.999999999997, 0.0], [259.2079724480488, 974.4305622213069, -148.2061681604581], [681.7106304023498, 703.3719074473761, 75.3791254646772], [959.7720870498738, 145.164730247991, 199.4560189957947], [1313.6080821913674, -138.5305155346195, -77.9059871904121], [1632.940319608865, 254.684568401938, -296.90970274593], [1434.816817254021, 860.5280632485776, -201.6680441230004], [847.9100931561435, 981.8757349523706, -58.3449724241631], [470.9519162500497, 619.7912885555345, 64.0081330939763], [425.325354622423, 309.017546149987, 324.918421469352]], "first": [[-224.51398828979276, 690.9830056250522, 0.0], [-224.51398828979276, 690.9830056250522, 0.0], [-224.51398828979276, 690.9830056250522, 0.0], [-224.51398828979276, 690.9830056250522, 0.0], [-224.51398828979276, 690.9830056250522, 0.0], [-224.51398828979276, 690.9830056250522, 0.0], [-224.51398828979276, 690.9830056250522, 0.0], [-224.51398828979276, 690.9830056250522, 0.0], [-224.51398828979276, 690.9830056250522, 0.0], [-224.51398828979276, 690.9830056250522, 0.0]], "B_C": [[587.785252292473, 427.05098312484176, 0.0], [587.785252292473, 427.05098312484176, 0.0], [587.785252292473, 427.05098312484176, 0.0], [587.785252292473, 427.05098312484176, 0.0], [587.785252292473, 427.05098312484176, 0.0], [587.785252292473, 427.05098312484176, 0.0], [587.785252292473, 427.05098312484176, 0.0], [587.785252292473, 427.05098312484176, 0.0], [587.785252292473, 427.05098312484176, 0.0], [587.785252292473, 427.05098312484176, 0.0]], "D_E": [[587.785252292473, -427.050983124843, 0.0], [634.813615745343, -407.397101586882, -175.9968627659568], [765.490812918396, -349.435466853463, -308.187760098117], [950.7332331334202, -256.11522702591, -361.998427155859], [1148.769258779525, -132.184612711734, -319.441170744509], [1313.764159267375, 16.050657874222, -183.094314556705], [1405.3373438890233, 181.048220393747, 24.111968114467], [1397.043979004716, 354.4128277068039, 263.2758636280978], [1282.0980029206057, 527.323508754767, 487.201594486893], [1075.165756543879, 690.982388718256, 649.838923094567]], "F_G": [[-224.513988289796, -690.983005625053, 0.0], [-71.1013770753898, -583.050955353815, -623.5679915480678], [310.707502770479, -292.946344742026, -1028.931326594249], [733.7984221017825, 90.691108655913, -1111.768273205424], [1014.135971490377, 456.5546954117755, -923.386593589607], [1071.317994660713, 709.855271982719, -618.232434538008], [954.1791542765671, 803.007448034494, -348.8668192846474], [782.6103068620159, 746.3873495094084, -182.052560735796], [654.7214414666547, 596.3355721894967, -88.234026577945], [587.785452737679, 427.051600031851, -0.000400890007]],