{"A": [[0.0, 1000.0, 0.0], [0.0, 1000.0, 0.0], [0.0, 1000.0, 0.0], [0.0, 1000.0, 0.0], [0.0, 1000.0, 0.0], [0.0, 1000.0, 0.0], [0.0, 1000.0, 0.0], [0.0, 1000.0, 0.0], [0.0, 1000.0, 0.0], [0.0, 1000.0, 0.0]], "B": [[587.7852522924732, 809.0169943749474, 0.0], [587.7852522924732, 809.0169943749474, 0.0], [587.7852522924732, 809.0169943749474, 0.0], [587.7852522924732, 809.0169943749474, 0.0], [587.7852522924732, 809.0169943749474, 0.0], [587.7852522924732, 809.0169943749474, 0.0], [587.7852522924732, 809.0169943749474, 0.0], [587.7852522924732, 809.0169943749474, 0.0], [587.7852522924732, 809.0169943749474, 0.0], [587.7852522924732, 809.0169943749474, 0.0]], "C": [[951.056516295153, 309.016994374947, 0.0], [941.814706920499, 309.016994374947, -81.4196321895832], [914.559511644446, 309.016994374947, -158.696549033287], [870.67770307562, 309.016994374947, -227.898820839445], [812.402033154485, 309.016994374947, -285.505364232078], [742.697628418478, 309.016994374947, -328.585098525633], [665.1111212879322, 309.016994374947, -354.946082150799], [583.5901937294599, 309.016994374947, -363.24704091535], [502.2827151023877, 309.016994374947, -353.065613426404], [425.325694262993, 309.016994374947, -324.919841276231]], "D": [[951.056516295154, -309.016994374943, 0.0], [916.7913563896467, -294.795312091901, -210.8435161426382], [818.8007968971859, -252.853879190099, -397.647174140869], [670.639961193562, -185.326719283224, -540.269123268268], [492.202610087155, -95.649684316156, -625.627724382891], [306.226334448045, 11.614365146149, -649.537582419547], [134.3911659391342, 131.007722997453, -616.890808282712], [-6.23842518047408, 256.4555313384356, -540.180656060578], [-105.7538344054213, 381.5748755483186, -436.6892918456655], [-162.459703072703, 499.999553602047, -324.9201313633336]], "E": [[587.785252292473, -809.016994374943, 0.0], [547.5622487360567, -789.320407316726, -177.9678792009653], [434.0241970761789, -730.735462429325, -323.2014094456197], [267.430426461949, -634.850861468721, -408.678363926984], [77.869497329524, -504.538091114331, -418.011844188891], [-99.86584913534, -344.208640297277, -348.796600044686], [-232.5779416797118, -160.035406393434, -213.661863218134], [-295.1390170300111, 39.9625655666826, -38.550059854124], [-275.8805616935713, 246.0564598231686, 141.8067469581245], [-179.6117000908944, 447.2128260854639, 290.6165301333534]], "F": [[0.0, -1000.000000000003, 0.0], [-14.3375284349903, -971.600555642855, 3.7148089986437], [-49.5781997702071, -888.414596334604, 27.8427811421523], [-85.192366898657, -756.648959015739, 84.057265276544], [-95.525855234769, -586.9799132829723, 169.443182955077], [-60.0537329420217, -394.3636998866717, 265.911035056664], [27.3244804493432, -196.8114690557278, 345.859596099218], [153.96931960391092, -12.9273000325111, 382.722269326087], [291.8614301109257, 141.4010081543096, 362.4473561576785], [408.1736819315806, 256.2302197305919, 290.6173697690783]], "G": [[-587.785252292477, -809.016994374943, 0.0], [-538.2990383034663, -766.826275172085, 259.6402697955807], [-392.9654808520531, -647.951708351208, 481.9669777492053], [-165.306476403665, -474.067798043903, 627.836290407289], [112.241483489238, -276.3043971831843, 661.662105697576], [384.9257819252673, -87.5307156806377, 565.598809918782], [586.0975611479442, 67.0914941332752, 355.5488456452317], [661.625613887425, 177.8035973093799, 86.288764263659], [596.4579894708747, 252.1317541026016, -163.7898994390085], [425.3262037221507, 309.0167767386854, -324.9192917268567]], "H": [[-951.056516295157, -309.016994374943, 0.0], [-934.4122872802913, -292.440720802216, 255.32158477240475], [-852.9606076747381, -241.172635432625, 551.9761227588698], [-634.531164854529, -156.977656376003, 875.319714206387], [-227.455157974256, -58.3368748623393, 1129.703089204187], [325.6935517787579, 13.6668075118063, 1172.407359184267], [855.1612476695432, 11.1364009518997, 909.1188695740727], [1125.925286775279, -83.6979209491151, 399.352305665145], [988.5809606064137, -223.8263277177654, -122.9304928376868], [518.0629752157508, -299.9999919482176, -374.5628000760307]], "I": [[-951.056516295157, 309.016994374947, 0.0], [-1040.1086841003532, 256.863828201579, -7.46881724617226], [-1202.1915578668961, 130.854882624201, 203.2652389504278], [-1197.561488034975, -4.93812433521, 670.754694894082], [-839.902891200257, -109.3478192389387, 1195.061094607155], [-177.1423037363461, -194.3193434742637, 1465.432741457696], [494.9530116675552, -294.0605567228303, 1307.9557472477939], [844.4242267581969, -401.8033149279321, 848.275598423421], [776.8588245606556, -447.2878638127854, 412.9843233825462], [500.9105362201989, -352.7870926839788, 240.9738170983693]], "J": [[-587.785252292477, 809.016994374947, 0.0], [-812.0094365187123, 655.64763474968, -420.87929139723127], [-1268.0361822150264, 284.240529974711, -391.8005892412232], [-1500.056248068562, -113.634758613371, 142.883523964168], [-1229.814847649173, -388.0846473889707, 804.8810616721979], [-609.0656906358881, -498.6717634470017, 1144.842966892017], [-39.9387892489358, -463.3361042347703, 1048.7211786097628], [243.00850169129393, -295.2474149793111, 753.8776266311767], [334.5894128043177, -24.2567024368534, 499.0564743939967], [408.173749412963, 256.2296288748202, 290.617874996103]], "K": [[0.0, 999.999999999997, 0.0], [-343.7286143594853, 740.2460857110758, -815.2423030285522], [-1017.9479937514924, 143.166971157719, -939.0849396879112], [-1351.641407876498, -414.659706188118, -376.079892278728], [-1081.868981962973, -669.1327104020887, 274.7018293808499], [-528.1201901590864, -587.9683121562985, 538.674703460743], [-74.4724403872925, -283.0618859946073, 458.57319341701674], [231.5666152961211, 74.7601790709969, 258.9741261071417], [441.5599285932527, 299.3998695239246, -16.4721314355323], [425.3261056134912, 309.0172733382168, -324.9186978563]], "first": [[-224.51398828979276, 690.9830056250522, 0.0], [-224.51398828979276, 690.9830056250522, 0.0], [-224.51398828979276, 690.9830056250522, 0.0], [-224.51398828979276, 690.9830056250522, 0.0], [-224.51398828979276, 690.9830056250522, 0.0], [-224.51398828979276, 690.9830056250522, 0.0], [-224.51398828979276, 690.9830056250522, 0.0], [-224.51398828979276, 690.9830056250522, 0.0], [-224.51398828979276, 690.9830056250522, 0.0], [-224.51398828979276, 690.9830056250522, 0.0]], "B_C": [[587.785252292473, 427.05098312484176, 0.0], [587.785252292473, 427.05098312484176, 0.0], [587.785252292473, 427.05098312484176, 0.0], [587.785252292473, 427.05098312484176, 0.0], [587.785252292473, 427.05098312484176, 0.0], [587.785252292473, 427.05098312484176, 0.0], [587.785252292473, 427.05098312484176, 0.0], [587.785252292473, 427.05098312484176, 0.0], [587.785252292473, 427.05098312484176, 0.0], [587.785252292473, 427.05098312484176, 0.0]], "D_E": [[587.785252292473, -427.050983124843, 0.0], [553.203832371236, -407.397101586882, -178.8594086671015], [455.449963230763, -349.435466853463, -330.221642265648], [311.339892044244, -256.11522702591, -431.685140880553], [145.280532791524, -132.184612711734, -470.037541394593], [-15.403240861024, 16.050657874222, -443.545423967688], [-145.6516874917458, 181.048220393747, -361.9987083405225], [-227.3378515036541, 354.4128277068039, -244.516242378313], [-252.5005927251173, 527.323508754767, -115.565081311128], [-224.514188734604, 690.982388718257, -0.000400890515]], "F_G": [[-224.513988289796, -690.983005625053, 0.0], [-223.3225614081653, -659.30207109922, 72.2198912573107], [-212.8721121700201, -567.3426705939, 154.9094975734553], [-175.972823172177, -424.436058070805, 249.258751210654], [-94.345950961057, -246.116408854313, 341.805339256381], [39.615750554083, -53.26192977054, 405.959634598313], [213.5246261321902, 130.224951766861, 411.240931001114], [393.3146050934979, 281.3208311091426, 337.667798028898], [532.0995431081387, 382.6932316563736, 189.3527413041712], [587.7852311301097, 427.0509179958672, 0.000759457511399733]],