{"A": [[0.0, 1000.0, 0.0], [0.0, 1000.0, 0.0], [0.0, 1000.0, 0.0], [0.0, 1000.0, 0.0], [0.0, 1000.0, 0.0], [0.0, 1000.0, 0.0], [0.0, 1000.0, 0.0], [0.0, 1000.0, 0.0], [0.0, 1000.0, 0.0], [0.0, 1000.0, 0.0]], "B": [[587.7852522924732, 809.0169943749474, 0.0], [587.7852522924732, 809.0169943749474, 0.0], [587.7852522924732, 809.0169943749474, 0.0], [587.7852522924732, 809.0169943749474, 0.0], [587.7852522924732, 809.0169943749474, 0.0], [587.7852522924732, 809.0169943749474, 0.0], [587.7852522924732, 809.0169943749474, 0.0], [587.7852522924732, 809.0169943749474, 0.0], [587.7852522924732, 809.0169943749474, 0.0], [587.7852522924732, 809.0169943749474, 0.0]], "C": [[951.056516295153, 309.016994374947, 0.0], [948.311272616262, 309.016994374947, -44.575777274164], [940.117033233915, 309.016994374947, -88.4778355789539], [926.597646005606, 309.016994374947, -131.04263854365], [907.957443153609, 309.016994374947, -171.626861094892], [884.478152984692, 309.016994374947, -209.617112681532], [856.514641844247, 309.016994374947, -244.439208068665], [824.489550660995, 309.016994374947, -275.566845581922], [788.886907145622, 309.016994374947, -302.529561638908], [750.244810188668, 309.016994374947, -324.919841342873]], "D": [[951.056516295154, -309.016994374943, 0.0], [940.8232938359087, -304.792498736914, -116.3242796253931], [910.5541773753652, -292.182860913554, -228.6590854117029], [861.5176963627148, -271.378663160922, -333.209629217411], [795.752339097107, -242.694340437321, -426.55945789929], [715.957606661912, -206.563428028604, -505.832684100974], [625.350493053049, -163.532009089322, -568.825685728672], [527.495747218916, -114.250461133706, -614.100969525635], [426.119776979171, -59.463626220115, -641.038132825479], [324.918970682525, 0.000446603056, -649.839392465357]], "E": [[587.785252292473, -809.016994374943, 0.0], [568.2447352058576, -792.771050156792, -187.2338153269835], [511.3840209723182, -744.703303600083, -362.2796169106409], [422.3027335413508, -666.788315989783, -514.061596676148], [308.911956734079, -562.20011227772, -633.60659048363], [181.123796163535, -435.143969384394, -714.80575057459], [49.851479347578, -290.634788412942, -754.868100146315], [-74.065712585913, -134.234920591881, -754.423607427557], [-180.89190610676, 28.2333653999674, -717.2750366718309], [-262.866046816186, 190.984174846626, -649.8388120248386]], "F": [[0.0, -1000.000000000003, 0.0], [-23.96414436514337, -964.404512499385, -229.6202378188712], [-91.4846361504878, -860.461326130156, -433.80215691713], [-190.2194185386002, -696.4137972540173, -590.9053037790806], [-302.030132564156, -485.0790344312942, -686.2194608275722], [-406.143678656353, -242.576848742809, -713.8956315816479], [-482.708405447066, 13.240690000458, -677.3718165150495], [-516.090717314607, 264.481608041395, -588.275973561356], [-497.326690694781, 494.8405398757734, -464.0700148406099], [-425.324699795584, 690.984280274259, -324.9186804623566]], "G": [[-587.785252292477, -809.016994374943, 0.0], [-604.5961136633583, -752.684607130618, -226.935251856805], [-647.4789148567488, -591.343926366746, -413.4994861424729], [-695.9774933730002, -346.7090726913503, -528.6045284351111], [-722.676214314613, -51.0184865009642, -557.3228903204272], [-701.193308514877, 258.125462385233, -503.63645151688786], [-613.950452377914, 543.605682733317, -388.4868725477706], [-457.5573834842355, 774.289690648808, -243.840814222241], [-244.382511704434, 929.2430319608004, -104.5151116125669], [0.001809832791, 1000.000210855161, 0.000580438969449572]], "H": [[-951.056516295157, -309.016994374943, 0.0], [-946.9637409284784, -240.269961439899, -180.22711624195628], [-925.5085344481568, -49.205520504299, -309.8100904990899], [-863.7173165902562, 222.4259344412947, -355.6458437347511], [-736.5570535028162, 516.6090603625868, -313.2485131416462], [-530.868389517801, 773.11422448857, -207.42367642774383], [-255.557165737333, 943.558502677285, -82.6143416465316], [56.3758758384475, 1001.872861678135, 13.150462820974], [355.078408102005, 948.7006444068895, 44.5956465265771], [587.786592536322, 809.015759993522, -0.000580442058578348]], "I": [[-951.056516295157, 309.016994374947, 0.0], [-917.4015680968814, 372.785059380996, -107.73138785838029], [-810.0148546751418, 540.622586466749, -165.8308370993969], [-616.7410829402282, 750.7584117987367, -151.1133411062471], [-336.5294131635302, 925.6960454960038, -79.5997664958742], [4.871957631251, 1000.156363656454, 0.903371093181159], [351.295716251022, 943.9565062611432, 34.4131442944734], [629.2100250698905, 771.650914572791, -15.57067565586], [772.887389055962, 536.0698051552286, -148.1151657875559], [750.244340598529, 309.015549137705, -324.9210022244226]], "J": [[-587.785252292477, 809.016994374947, 0.0], [-527.4511109493114, 847.134577829598, -37.75148668609299], [-349.0010077636798, 932.987615059415, -41.4044390020409], [-67.9768658319792, 996.7122048430977, -8.5280089055341], [271.5479550216368, 965.7216758427764, 23.3850598934988], [591.616111063922, 806.006945867895, -0.916858301013951], [798.235053625205, 544.5318625524183, -116.1564208765466], [819.0040463843275, 261.239869198354, -307.845897806447], [640.924324353231, 54.9083014731555, -512.8553036648809], [324.917160848036, 0.000235746691, -649.8399729050305]], "K": [[0.0, 999.999999999997, 0.0], [70.64512180187553, 997.585425462532, 2.39138398194321], [265.9198487974592, 964.8092098343133, 11.7532276341204], [531.6569168849758, 847.8267436414627, 6.9140543446422], [774.7515544806319, 616.0883089713185, -57.2911913316373], [885.019684765141, 304.607050335157, -211.81612086306095], [784.4992845747252, 14.071786328880242, -432.9993589888266], [479.3320273784965, -135.578623674286, -638.185139297514], [75.458273987817, -70.8455785701695, -728.2621716805039], [-262.867387060795, 190.985409226513, -649.8382315852261]], "first": [[-224.51398828979276, 690.9830056250522, 0.0], [-224.51398828979276, 690.9830056250522, 0.0], [-224.51398828979276, 690.9830056250522, 0.0], [-224.51398828979276, 690.9830056250522, 0.0], [-224.51398828979276, 690.9830056250522, 0.0], [-224.51398828979276, 690.9830056250522, 0.0], [-224.51398828979276, 690.9830056250522, 0.0], [-224.51398828979276, 690.9830056250522, 0.0], [-224.51398828979276, 690.9830056250522, 0.0], [-224.51398828979276, 690.9830056250522, 0.0]], "B_C": [[587.785252292473, 427.05098312484176, 0.0], [587.785252292473, 427.05098312484176, 0.0], [587.785252292473, 427.05098312484176, 0.0], [587.785252292473, 427.05098312484176, 0.0], [587.785252292473, 427.05098312484176, 0.0], [587.785252292473, 427.05098312484176, 0.0], [587.785252292473, 427.05098312484176, 0.0], [587.785252292473, 427.05098312484176, 0.0], [587.785252292473, 427.05098312484176, 0.0], [587.785252292473, 427.05098312484176, 0.0]], "D_E": [[587.785252292473, -427.050983124843, 0.0], [577.437120125061, -421.212873738413, -99.1539916074976], [546.930390300469, -403.786782852355, -193.7257226834199], [497.846973872127, -375.036088666891, -279.387909707857], [432.721612197605, -335.395329607147, -352.308183943407], [354.895585077089, -285.463636702844, -409.3598517047], [268.324255643473, -225.995678312892, -448.291086635275], [177.349910383622, -157.890254056438, -467.842652938545], [86.453408403691, -82.176710341885, -467.807339896681], [-0.000601611441, 0.000617190241, -449.027776041916]], "F_G": [[-224.513988289796, -690.983005625053, 0.0], [-240.97542300257138, -658.404485089044, -157.7305868297719], [-286.2136030912408, -563.760435518428, -292.5674420106598], [-348.6378214401242, -415.977496840981, -385.583301102559], [-411.579590054674, -228.816621272409, -425.017382513034], [-456.688104636679, -19.342421091863, -408.102098190255], [-467.655404097984, 193.949904506789, -341.193856658658], [-433.513622274097, 393.122436638382, -238.23227008582], [-350.848708674195, 562.6585453891264, -117.8866058480849], [-224.5129382624418, 690.983768512696, 0.000802148353449572]],