{"A": [[0.0, 1000.0, 0.0], [0.0, 1000.0, 0.0], [0.0, 1000.0, 0.0], [0.0, 1000.0, 0.0], [0.0, 1000.0, 0.0], [0.0, 1000.0, 0.0], [0.0, 1000.0, 0.0], [0.0, 1000.0, 0.0], [0.0, 1000.0, 0.0], [0.0, 1000.0, 0.0]], "B": [[587.7852522924732, 809.0169943749474, 0.0], [587.7852522924732, 809.0169943749474, 0.0], [587.7852522924732, 809.0169943749474, 0.0], [587.7852522924732, 809.0169943749474, 0.0], [587.7852522924732, 809.0169943749474, 0.0], [587.7852522924732, 809.0169943749474, 0.0], [587.7852522924732, 809.0169943749474, 0.0], [587.7852522924732, 809.0169943749474, 0.0], [587.7852522924732, 809.0169943749474, 0.0], [587.7852522924732, 809.0169943749474, 0.0]], "C": [[951.056516295153, 309.016994374947, 0.0], [948.311272616262, 309.016994374947, -44.575777274164], [940.117033233915, 309.016994374947, -88.4778355789539], [926.597646005606, 309.016994374947, -131.04263854365], [907.957443153609, 309.016994374947, -171.626861094892], [884.478152984692, 309.016994374947, -209.617112681532], [856.514641844247, 309.016994374947, -244.439208068665], [824.489550660995, 309.016994374947, -275.566845581922], [788.886907145622, 309.016994374947, -302.529561638908], [750.244810188668, 309.016994374947, -324.919841342873]], "D": [[951.056516295154, -309.016994374943, 0.0], [940.8232938359087, -304.792498736914, -116.3242796253931], [910.5541773753652, -292.182860913554, -228.6590854117029], [861.5176963627148, -271.378663160922, -333.209629217411], [795.752339097107, -242.694340437321, -426.55945789929], [715.957606661912, -206.563428028604, -505.832684100974], [625.350493053049, -163.532009089322, -568.825685728672], [527.495747218916, -114.250461133706, -614.100969525635], [426.119776979171, -59.463626220115, -641.038132825479], [324.918970682525, 0.000446603056, -649.839392465357]], "E": [[587.785252292473, -809.016994374943, 0.0], [568.2447352058576, -792.771050156792, -187.2338153269835], [511.3840209723182, -744.703303600083, -362.2796169106409], [422.3027335413508, -666.788315989783, -514.061596676148], [308.911956734079, -562.20011227772, -633.60659048363], [181.123796163535, -435.143969384394, -714.80575057459], [49.851479347578, -290.634788412942, -754.868100146315], [-74.065712585913, -134.234920591881, -754.423607427557], [-180.89190610676, 28.2333653999674, -717.2750366718309], [-262.866046816186, 190.984174846626, -649.8388120248386]], "F": [[0.0, -1000.000000000003, 0.0], [-23.96414436514337, -964.404512499385, -229.6202378188712], [-91.4846361504878, -860.461326130156, -433.80215691713], [-190.2194185386002, -696.4137972540173, -590.9053037790806], [-302.030132564156, -485.0790344312942, -686.2194608275722], [-406.143678656353, -242.576848742809, -713.8956315816479], [-482.708405447066, 13.240690000458, -677.3718165150495], [-516.090717314607, 264.481608041395, -588.275973561356], [-497.326690694781, 494.8405398757734, -464.0700148406099], [-425.324699795584, 690.984280274259, -324.9186804623566]], "G": [[-587.785252292477, -809.016994374943, 0.0], [-604.8469044870453, -773.242596526677, -140.1867310951395], [-651.3186924984288, -669.430893795182, -254.751285584366], [-714.0328202584802, -507.7299919948553, -322.6070498494676], [-774.08750584836, -303.8072746315452, -330.8768139679332], [-810.77115209178, -77.122625223266, -277.01175809702585], [-805.901002945211, 151.217668158756, -168.9675387293396], [-747.700369716127, 360.7858326802315, -23.43221066646], [-633.428273868947, 534.0698975688053, 137.5140838543171], [-470.2268732895787, 658.3599181080356, 290.61804229174845]], "H": [[-951.056516295157, -309.016994374943, 0.0], [-947.6182008994754, -293.917782146083, 46.1505220907415], [-935.4319241647528, -251.010802447783, 100.453317425027], [-909.6276313074482, -187.0111878087723, 168.1557541427244], [-864.3340955499453, -111.6693323092012, 249.5580018533448], [-795.2936266820465, -35.8819391613109, 339.45045750943814], [-702.238385232078, 30.446472796254, 428.2212013769004], [-590.208036568752, 80.3791328340125, 504.331239120712], [-469.281259794771, 111.3575205114524, 557.437904687541], [-352.6703536973007, 125.7354796544586, 581.2340836822134]], "I": [[-951.056516295157, 309.016994374947, 0.0], [-918.4549770476461, 286.434332025155, 256.6426625654855], [-825.7371331864488, 220.889215271837, 484.176443335556], [-687.5695573239112, 119.0962917793197, 656.9854115583164], [-526.3279850959773, -7.5415674168032, 756.3866604001988], [-368.7944464248495, -143.0578416444739, 773.7058966428582], [-241.478857736623, -267.801613160034, 712.3246126476214], [-165.118907645632, -360.4049811758575, 587.8453610283912], [-149.511109166325, -400.8562358148106, 425.7180130717431], [-190.2117656132177, -374.2641208895014, 256.31314273855645]], "J": [[-587.785252292477, 809.016994374947, 0.0], [-528.7429930453571, 741.235573866817, 409.1104007739105], [-367.8272348310948, 550.131336129019, 736.929607691155], [-149.3930257678972, 270.6270443696937, 920.3681428674334], [65.9890551403837, -45.0093064031874, 928.7893971272817], [218.4254738732805, -335.7516738275529, 770.9017044647234], [266.315914522463, -542.824721160814, 492.1592870805874], [199.611146134902, -621.5019719116175, 162.6790870271772], [44.141412814579, -551.2737897857656, -141.5907841788669], [-145.3098422303942, -341.6388363771745, -359.22354937421153]], "K": [[0.0, 999.999999999997, 0.0], [69.36834588865283, 892.924715396384, 444.0280443182197], [247.9747208301362, 599.8712488771812, 753.6599314689752], [458.8246871610538, 198.2947435034597, 837.874123805648], [607.8039717426817, -204.7912266839424, 678.0458122666778], [621.7425334011305, -500.8766005988769, 332.68358605486236], [479.432557911278, -609.5499059999833, -84.1176058007646], [222.5932246598178, -501.4757518218605, -443.1521946080168], [-58.945653465642, -207.3663338429486, -644.6481663558799], [-262.8665470383652, 190.9860195379835, -649.8387507421686]], "first": [[-224.51398828979276, 690.9830056250522, 0.0], [-224.51398828979276, 690.9830056250522, 0.0], [-224.51398828979276, 690.9830056250522, 0.0], [-224.51398828979276, 690.9830056250522, 0.0], [-224.51398828979276, 690.9830056250522, 0.0], [-224.51398828979276, 690.9830056250522, 0.0], [-224.51398828979276, 690.9830056250522, 0.0], [-224.51398828979276, 690.9830056250522, 0.0], [-224.51398828979276, 690.9830056250522, 0.0], [-224.51398828979276, 690.9830056250522, 0.0]], "B_C": [[587.785252292473, 427.05098312484176, 0.0], [587.785252292473, 427.05098312484176, 0.0], [587.785252292473, 427.05098312484176, 0.0], [587.785252292473, 427.05098312484176, 0.0], [587.785252292473, 427.05098312484176, 0.0], [587.785252292473, 427.05098312484176, 0.0], [587.785252292473, 427.05098312484176, 0.0], [587.785252292473, 427.05098312484176, 0.0], [587.785252292473, 427.05098312484176, 0.0], [587.785252292473, 427.05098312484176, 0.0]], "D_E": [[587.785252292473, -427.050983124843, 0.0], [577.437120125061, -421.212873738413, -99.1539916074976], [546.930390300469, -403.786782852355, -193.7257226834199], [497.846973872127, -375.036088666891, -279.387909707857], [432.721612197605, -335.395329607147, -352.308183943407], [354.895585077089, -285.463636702844, -409.3598517047], [268.324255643473, -225.995678312892, -448.291086635275], [177.349910383622, -157.890254056438, -467.842652938545], [86.453408403691, -82.176710341885, -467.807339896681], [-0.000601611441, 0.000617190241, -449.027776041916]], "F_G": [[-224.513988289796, -690.983005625053, 0.0], [-240.97542300257138, -658.404485089044, -157.7305868297719], [-286.2136030912408, -563.760435518428, -292.5674420106598], [-348.6378214401242, -415.977496840981, -385.583301102559], [-411.579590054674, -228.816621272409, -425.017382513034], [-456.688104636679, -19.342421091863, -408.102098190255], [-467.655404097984, 193.949904506789, -341.193856658658], [-433.513622274097, 393.122436638382, -238.23227008582], [-350.848708674195, 562.6585453891264, -117.8866058480849], [-224.5129382624418, 690.983768512696, 0.000802148353449572]],