{"A": [[0.0, 1000.0, 0.0], [0.0, 1000.0, 0.0], [0.0, 1000.0, 0.0], [0.0, 1000.0, 0.0], [0.0, 1000.0, 0.0], [0.0, 1000.0, 0.0], [0.0, 1000.0, 0.0], [0.0, 1000.0, 0.0], [0.0, 1000.0, 0.0], [0.0, 1000.0, 0.0]], "B": [[587.7852522924732, 809.0169943749474, 0.0], [587.7852522924732, 809.0169943749474, 0.0], [587.7852522924732, 809.0169943749474, 0.0], [587.7852522924732, 809.0169943749474, 0.0], [587.7852522924732, 809.0169943749474, 0.0], [587.7852522924732, 809.0169943749474, 0.0], [587.7852522924732, 809.0169943749474, 0.0], [587.7852522924732, 809.0169943749474, 0.0], [587.7852522924732, 809.0169943749474, 0.0], [587.7852522924732, 809.0169943749474, 0.0]], "C": [[951.056516295153, 309.016994374947, 0.0], [941.814706920499, 309.016994374947, -81.4196321895832], [914.559511644446, 309.016994374947, -158.696549033287], [870.67770307562, 309.016994374947, -227.898820839445], [812.402033154485, 309.016994374947, -285.505364232078], [742.697628418478, 309.016994374947, -328.585098525633], [665.1111212879322, 309.016994374947, -354.946082150799], [583.5901937294599, 309.016994374947, -363.24704091535], [502.2827151023877, 309.016994374947, -353.065613426404], [425.325694262993, 309.016994374947, -324.919841276231]], "D": [[951.056516295154, -309.016994374943, 0.0], [916.7913563896467, -294.795312091901, -210.8435161426382], [818.8007968971859, -252.853879190099, -397.647174140869], [670.639961193562, -185.326719283224, -540.269123268268], [492.202610087155, -95.649684316156, -625.627724382891], [306.226334448045, 11.614365146149, -649.537582419547], [134.3911659391342, 131.007722997453, -616.890808282712], [-6.23842518047408, 256.4555313384356, -540.180656060578], [-105.7538344054213, 381.5748755483186, -436.6892918456655], [-162.459703072703, 499.999553602047, -324.9201313633336]], "E": [[587.785252292473, -809.016994374943, 0.0], [547.5622487360567, -789.320407316726, -177.9678792009653], [434.0241970761789, -730.735462429325, -323.2014094456197], [267.430426461949, -634.850861468721, -408.678363926984], [77.869497329524, -504.538091114331, -418.011844188891], [-99.86584913534, -344.208640297277, -348.796600044686], [-232.5779416797118, -160.035406393434, -213.661863218134], [-295.1390170300111, 39.9625655666826, -38.550059854124], [-275.8805616935713, 246.0564598231686, 141.8067469581245], [-179.6117000908944, 447.2128260854639, 290.6165301333534]], "F": [[0.0, -1000.000000000003, 0.0], [-14.3375284349903, -971.600555642855, 3.7148089986437], [-49.5781997702071, -888.414596334604, 27.8427811421523], [-85.192366898657, -756.648959015739, 84.057265276544], [-95.525855234769, -586.9799132829723, 169.443182955077], [-60.0537329420217, -394.3636998866717, 265.911035056664], [27.3244804493432, -196.8114690557278, 345.859596099218], [153.96931960391092, -12.9273000325111, 382.722269326087], [291.8614301109257, 141.4010081543096, 362.4473561576785], [408.1736819315806, 256.2302197305919, 290.6173697690783]], "G": [[-587.785252292477, -809.016994374943, 0.0], [-588.5086806524884, -766.446199463353, 104.7355462356277], [-580.627413601755, -642.118274542251, 226.0620173694983], [-538.47766361467, -446.613955635905, 367.565197635512], [-433.177963679448, -198.5298560321033, 511.588792213433], [-249.3781319453607, 75.4840590739893, 619.980755015579], [-0.0830488101427, 342.7787566856812, 645.954959066278], [268.2247132080559, 569.5484339019479, 554.866789018074], [485.9889339989587, 727.9287609051756, 346.1464746680902], [585.9744355441776, 803.4440520421499, 64.9850915112953]], "H": [[-951.056516295157, -309.016994374943, 0.0], [-939.3059837232053, -258.054610043812, 83.6344747960591], [-896.6299381032541, -113.58885805374, 173.4780686294396], [-807.151920849473, 100.134685369622, 263.420690780663], [-662.027354722674, 346.6722740846677, 331.73161335926], [-474.1168817398217, 584.5729107526893, 351.118249843548], [-280.2118041961617, 777.7640714372473, 307.899242347178], [-125.23108517179207, 906.1557857597799, 217.444151000638], [-35.7739101906673, 971.5034568018176, 121.6449976303872], [-1.8107877385034, 994.427146947298, 64.98405043201144]], "I": [[-951.056516295157, 309.016994374947, 0.0], [-922.7589354558779, 344.925537731874, -50.9283277614949], [-841.3881770813443, 435.92566309282, -103.9172271820794], [-722.1259186666362, 539.50258681555, -162.833268006713], [-597.0033813396627, 607.7211702189137, -224.677739512067], [-504.3108367257484, 611.9885158402872, -265.568640669042], [-459.5349695442067, 559.1862892015752, -241.676017951719], [-431.13444549240705, 487.6377691369109, -119.055202872008], [-353.4810735935413, 442.6664314006536, 84.7726484044231], [-179.6120661233324, 447.2134851446699, 290.61632868885647]], "J": [[-587.785252292477, 809.016994374947, 0.0], [-545.6585996014969, 795.025537785564, -243.7270256313139], [-442.2077044225613, 734.804524437281, -469.0095274835994], [-336.9104791723701, 594.9750707226023, -642.935215466331], [-290.6909718593247, 373.5064252490367, -707.67067143461], [-309.0646746803904, 129.6784395527922, -599.068172555101], [-311.7439403603447, -37.1060526886218, -309.1983545965317], [-186.68078981469307, -52.8250786883291, 54.462322457674], [93.0327498657237, 73.8365544084296, 300.5409003503151], [408.1729984190946, 256.2299016894179, 290.617571211697]], "K": [[0.0, 999.999999999997, 0.0], [48.7280910378061, 963.241905771122, -263.0590400817228], [165.7738099847297, 839.36515573234, -506.3131971729669], [278.9351719885019, 611.7874641796279, -692.1031788428456], [321.8938633439463, 310.0874298558955, -759.4766744883996], [297.9440012341056, 30.3758982994179, -659.4460154717025], [290.0771746224143, -110.7422801258281, -429.0109700417957], [366.87848600781393, -62.7515966938159, -220.200386407694], [465.6440601532427, 114.8290350711809, -190.8310964352499], [425.3259895795837, 309.0163061894585, -324.919090283219]], "first": [[-224.51398828979276, 690.9830056250522, 0.0], [-224.51398828979276, 690.9830056250522, 0.0], [-224.51398828979276, 690.9830056250522, 0.0], [-224.51398828979276, 690.9830056250522, 0.0], [-224.51398828979276, 690.9830056250522, 0.0], [-224.51398828979276, 690.9830056250522, 0.0], [-224.51398828979276, 690.9830056250522, 0.0], [-224.51398828979276, 690.9830056250522, 0.0], [-224.51398828979276, 690.9830056250522, 0.0], [-224.51398828979276, 690.9830056250522, 0.0]], "B_C": [[587.785252292473, 427.05098312484176, 0.0], [587.785252292473, 427.05098312484176, 0.0], [587.785252292473, 427.05098312484176, 0.0], [587.785252292473, 427.05098312484176, 0.0], [587.785252292473, 427.05098312484176, 0.0], [587.785252292473, 427.05098312484176, 0.0], [587.785252292473, 427.05098312484176, 0.0], [587.785252292473, 427.05098312484176, 0.0], [587.785252292473, 427.05098312484176, 0.0], [587.785252292473, 427.05098312484176, 0.0]], "D_E": [[587.785252292473, -427.050983124843, 0.0], [553.203832371236, -407.397101586882, -178.8594086671015], [455.449963230763, -349.435466853463, -330.221642265648], [311.339892044244, -256.11522702591, -431.685140880553], [145.280532791524, -132.184612711734, -470.037541394593], [-15.403240861024, 16.050657874222, -443.545423967688], [-145.6516874917458, 181.048220393747, -361.9987083405225], [-227.3378515036541, 354.4128277068039, -244.516242378313], [-252.5005927251173, 527.323508754767, -115.565081311128], [-224.514188734604, 690.982388718257, -0.000400890515]], "F_G": [[-224.513988289796, -690.983005625053, 0.0], [-223.3225614081653, -659.30207109922, 72.2198912573107], [-212.8721121700201, -567.3426705939, 154.9094975734553], [-175.972823172177, -424.436058070805, 249.258751210654], [-94.345950961057, -246.116408854313, 341.805339256381], [39.615750554083, -53.26192977054, 405.959634598313], [213.5246261321902, 130.224951766861, 411.240931001114], [393.3146050934979, 281.3208311091426, 337.667798028898], [532.0995431081387, 382.6932316563736, 189.3527413041712], [587.7852311301097, 427.0509179958672, 0.000759457511399733]],