{"A": [[0.0, 1000.0, 0.0], [0.0, 1000.0, 0.0], [0.0, 1000.0, 0.0], [0.0, 1000.0, 0.0], [0.0, 1000.0, 0.0], [0.0, 1000.0, 0.0], [0.0, 1000.0, 0.0], [0.0, 1000.0, 0.0], [0.0, 1000.0, 0.0], [0.0, 1000.0, 0.0]], "B": [[587.7852522924732, 809.0169943749474, 0.0], [587.7852522924732, 809.0169943749474, 0.0], [587.7852522924732, 809.0169943749474, 0.0], [587.7852522924732, 809.0169943749474, 0.0], [587.7852522924732, 809.0169943749474, 0.0], [587.7852522924732, 809.0169943749474, 0.0], [587.7852522924732, 809.0169943749474, 0.0], [587.7852522924732, 809.0169943749474, 0.0], [587.7852522924732, 809.0169943749474, 0.0], [587.7852522924732, 809.0169943749474, 0.0]], "C": [[951.056516295153, 309.016994374947, 0.0], [948.311272616262, 309.016994374947, -44.575777274164], [940.117033233915, 309.016994374947, -88.4778355789539], [926.597646005606, 309.016994374947, -131.04263854365], [907.957443153609, 309.016994374947, -171.626861094892], [884.478152984692, 309.016994374947, -209.617112681532], [856.514641844247, 309.016994374947, -244.439208068665], [824.489550660995, 309.016994374947, -275.566845581922], [788.886907145622, 309.016994374947, -302.529561638908], [750.244810188668, 309.016994374947, -324.919841342873]], "D": [[951.056516295154, -309.016994374943, 0.0], [958.523749248345, -304.792498736914, 26.8358655923779], [980.2899426020012, -292.182860913554, 49.0390092222871], [1014.4896625844053, -271.378663160922, 62.301317620793], [1058.148278643332, -242.694340437322, 62.943655434066], [1107.374945631695, -206.563428028604, 48.180984890879], [1157.616004849242, -163.532009089322, 16.331610412927], [1203.953254053226, -114.250461133707, -33.042681496811], [1241.428759395839, -59.463626220116, -99.074614641006], [1265.376214371129, 0.000446603057, -179.611820648047]], "E": [[587.785252292473, -809.016994374943, 0.0], [600.223824977176, -803.175116807082, 98.9603518845061], [636.8882666596902, -785.69295795763, 192.1790955910701], [695.8488918281213, -756.702981749074, 274.184248148233], [773.970642100385, -716.432575804417, 340.037802774354], [867.03651730558, -665.213308722395, 385.588361898866], [969.922913820548, -603.492606550646, 407.703540310403], [1076.827094960542, -531.84666691162, 404.471158106394], [1181.5442617898043, -450.993230526128, 375.356020066067], [1277.7875811214858, -361.80272340516, 321.297787362719]], "F": [[0.0, -1000.000000000003, 0.0], [13.297165642212, -991.554808742701, 143.6392001042791], [52.6415131106232, -966.393583801343, 281.4484970518973], [116.3714917002273, -925.044972357227, 407.724235377544], [201.665561932055, -868.406653503964, 517.059796241265], [304.511037048357, -797.763350254681, 604.589690208265], [419.740803250635, -714.799481393687, 666.308327720891], [541.188787878627, -621.5965353365102, 699.43314947858], [661.9960131694962, -520.60575432621, 702.754439634431], [775.0675326034649, -414.5890224766904, 676.898927263143]], "G": [[-587.785252292477, -809.016994374943, 0.0], [-573.111255569609, -796.38531664083, 143.42911761111108], [-529.6173403589778, -759.179364256731, 279.7437903656804], [-458.9807420287417, -699.431493107413, 401.8610985050415], [-364.252289614089, -620.408992938124, 502.9121142626065], [-250.070397993492, -526.423493021645, 576.658971746488], [-122.692988103587, -422.550232512461, 618.1215061246066], [10.282792719432, -314.2581256919402, 624.2803883099424], [140.5438164366762, -206.967500011242, 594.658818988264], [259.9365663677149, -105.5721043909474, 531.590141527686]], "H": [[-951.056516295157, -309.016994374943, 0.0], [-930.058793409523, -293.863738253473, 98.41212376209819], [-867.8815554775208, -250.175631891397, 187.77351006543054], [-767.1322157018546, -183.022654469637, 259.27571391045353], [-632.555180437321, -100.061997350703, 304.8753141239635], [-471.238837464651, -10.435812114647, 318.187995069795], [-292.355244284093, 76.590104860572, 295.5697216232936], [-106.297404889057, 153.0572624294928, 236.9931605311364], [76.6249912877992, 213.583413949625, 146.309263609462], [247.526108768102, 256.2308367505166, 30.680345682505]], "I": [[-951.056516295157, 309.016994374947, 0.0], [-918.187773990052, 319.817963123831, 26.16352832452679], [-821.5569293624824, 349.05821440569, 43.76365721710853], [-667.1829255989495, 388.057385466319, 45.16420407324351], [-465.171405965928, 424.857879456141, 24.8613747800555], [-229.196463951786, 447.380379936692, -19.133565121642], [24.925871649971, 446.732037728653, -84.2903239914304], [281.389709990017, 419.8162380818508, -163.6367948088786], [526.5566726175692, 370.511038304129, -247.26565187718], [750.246628489334, 309.0165366416271, -324.920217011534]], "J": [[-587.785252292477, 809.016994374947, 0.0], [-542.132821387824, 805.069244497588, -45.10973313132841], [-409.8975645507974, 789.460047472097, -92.43033694089247], [-204.8339523589145, 752.68646235593, -142.5725117833675], [51.761448819165, 684.220927243729, -193.0313610698805], [334.008553834253, 578.345055155297, -237.340744278545], [615.640480434152, 438.7937410839502, -265.8371379691064], [874.243885778624, 280.2144975724428, -268.5238366532286], [1093.9163177425942, 125.550719894231, -239.29779531324607], [1265.377156777137, -0.0007517572139, -179.610666235775]], "K": [[0.0, 999.999999999997, 0.0], [51.288569126972, 972.440725624464, -87.58151005413941], [195.9967960108826, 887.9837693152328, -164.20157995522766], [408.5090233216245, 744.1406021813864, -218.09319575355], [652.223885617781, 544.555985857725, -236.6728252022578], [887.846316421028, 305.598562850178, -208.3736091382305], [1082.275466830025, 58.11718037304516, -126.9013367991414], [1214.87867262596, -158.0453450458442, 3.2522910470964], [1278.8188052780501, -305.469680495559, 163.19257202631593], [1277.786705225982, -361.8034640310329, 321.299317442634]], "first": [[-224.51398828979276, 690.9830056250522, 0.0], [-224.51398828979276, 690.9830056250522, 0.0], [-224.51398828979276, 690.9830056250522, 0.0], [-224.51398828979276, 690.9830056250522, 0.0], [-224.51398828979276, 690.9830056250522, 0.0], [-224.51398828979276, 690.9830056250522, 0.0], [-224.51398828979276, 690.9830056250522, 0.0], [-224.51398828979276, 690.9830056250522, 0.0], [-224.51398828979276, 690.9830056250522, 0.0], [-224.51398828979276, 690.9830056250522, 0.0]], "B_C": [[587.785252292473, 427.05098312484176, 0.0], [587.785252292473, 427.05098312484176, 0.0], [587.785252292473, 427.05098312484176, 0.0], [587.785252292473, 427.05098312484176, 0.0], [587.785252292473, 427.05098312484176, 0.0], [587.785252292473, 427.05098312484176, 0.0], [587.785252292473, 427.05098312484176, 0.0], [587.785252292473, 427.05098312484176, 0.0], [587.785252292473, 427.05098312484176, 0.0], [587.785252292473, 427.05098312484176, 0.0]], "D_E": [[587.785252292473, -427.050983124843, 0.0], [601.898547888696, -421.212873738413, 98.688463249093], [643.302847612198, -403.786782852355, 190.0436054896731], [709.249031864604, -375.036088666891, 267.194775899893], [795.343882140528, -335.395329607147, 324.168481084405], [895.8210437472945, -285.463636702844, 356.268208610013], [1003.89710190646, -225.995678312892, 360.376407867434], [1112.191192883631, -157.890254056438, 335.160151672471], [1213.182710770445, -82.176710341885, 281.167821571795], [1299.67934420018, 0.000617190241, 200.81074576228]], "F_G": [[-224.513988289796, -690.983005625053, 0.0], [-209.214146408794, -681.547205203196, 160.4331129106218], [-164.1063079758388, -653.508905979976, 313.4108841531771], [-91.5690393997267, -607.678997953543, 451.74249939357], [4.437713282129, -545.418339578994, 568.806859299419], [118.429949569673, -468.643288890242, 658.920600752224], [243.564125100996, -379.817996164431, 717.759434415282], [371.957258172878, -281.921521733798, 742.787598359477], [495.1846899726612, -178.378852190928, 733.621309552273], [604.9373239742749, -72.948253986287, 692.239434666454]],