{"A": [[0.0, 1000.0, 0.0], [0.0, 1000.0, 0.0], [0.0, 1000.0, 0.0], [0.0, 1000.0, 0.0], [0.0, 1000.0, 0.0], [0.0, 1000.0, 0.0], [0.0, 1000.0, 0.0], [0.0, 1000.0, 0.0], [0.0, 1000.0, 0.0], [0.0, 1000.0, 0.0]], "B": [[587.7852522924732, 809.0169943749474, 0.0], [587.7852522924732, 809.0169943749474, 0.0], [587.7852522924732, 809.0169943749474, 0.0], [587.7852522924732, 809.0169943749474, 0.0], [587.7852522924732, 809.0169943749474, 0.0], [587.7852522924732, 809.0169943749474, 0.0], [587.7852522924732, 809.0169943749474, 0.0], [587.7852522924732, 809.0169943749474, 0.0], [587.7852522924732, 809.0169943749474, 0.0], [587.7852522924732, 809.0169943749474, 0.0]], "C": [[951.056516295153, 309.016994374947, 0.0], [948.311272616262, 309.016994374947, -44.575777274164], [940.117033233915, 309.016994374947, -88.4778355789539], [926.597646005606, 309.016994374947, -131.04263854365], [907.957443153609, 309.016994374947, -171.626861094892], [884.478152984692, 309.016994374947, -209.617112681532], [856.514641844247, 309.016994374947, -244.439208068665], [824.489550660995, 309.016994374947, -275.566845581922], [788.886907145622, 309.016994374947, -302.529561638908], [750.244810188668, 309.016994374947, -324.919841342873]], "D": [[951.056516295154, -309.016994374943, 0.0], [940.8232938359087, -304.792498736914, -116.3242796253931], [910.5541773753652, -292.182860913554, -228.6590854117029], [861.5176963627148, -271.378663160922, -333.209629217411], [795.752339097107, -242.694340437321, -426.55945789929], [715.957606661912, -206.563428028604, -505.832684100974], [625.350493053049, -163.532009089322, -568.825685728672], [527.495747218916, -114.250461133706, -614.100969525635], [426.119776979171, -59.463626220115, -641.038132825479], [324.918970682525, 0.000446603056, -649.839392465357]], "E": [[587.785252292473, -809.016994374943, 0.0], [575.7466086950826, -803.175116807082, -99.0097994941554], [540.2679368122552, -785.69295795763, -192.5772975501066], [483.2311398129948, -756.702981749073, -275.541629678586], [407.673848232586, -716.432575804417, -343.2937354818912], [317.643675460603, -665.213308722394, -392.024466468692], [217.999660316869, -603.492606550646, -418.93911861633677], [114.16710628548, -531.846666911619, -422.427145663021], [11.854616874, -450.993230526129, -402.176337376483], [-83.255016614597, -361.802723405161, -359.221991891881]], "F": [[0.0, -1000.000000000003, 0.0], [-11.18794489911237, -991.579104774368, -143.4820196468886], [-44.1027530046648, -966.775020412572, -280.2482436501098], [-96.8541073262272, -926.915733097114, -403.973465996795], [-166.468493898185, -874.061164399241, -509.0640895272052], [-249.115496384003, -810.79331315465, -590.912662924961], [-340.357653873391, -739.960170989079, -646.0508197604968], [-435.380553883956, -664.405122346742, -672.210324330152], [-529.173803020834, -586.714923833517, -668.322692004878], [-616.656391094846, -509.016434289345, -634.49841347643]], "G": [[-587.785252292477, -809.016994374943, 0.0], [-590.8323117225053, -796.448719200566, -232.3783181403179], [-599.6734022279438, -760.165135959841, -455.2328733127038], [-613.4983156917611, -704.188383684532, -659.780621948508], [-631.214539245559, -634.462650313123, -838.5632194680873], [-651.70417183305, -557.866446428994, -985.775132322379], [-673.982722085973, -481.100767942455, -1097.3291535685817], [-697.171720298581, -409.657101325208, -1170.743013552223], [-720.280086280667, -347.048020916459, -1204.982896785207], [-741.883301840598, -294.426843673117, -1200.391989755877]], "H": [[-951.056516295157, -309.016994374943, 0.0], [-936.8846348374743, -293.965790062426, -330.9922463735671], [-895.5298050936378, -251.737454787351, -644.8015762967358], [-830.4697061102232, -190.361382258002, -925.997149600364], [-747.400712355055, -120.937140940415, -1162.2271433950252], [-653.8538692100004, -54.868694008323, -1344.877695820669], [-558.367231483029, -1.110203953669, -1469.0926914047589], [-469.234749510978, 35.859532880658, -1533.407703374864], [-393.08569483783, 56.843501572758, -1539.320270585686], [-333.708726252665, 67.376266154554, -1491.00863899116]], "I": [[-951.056516295157, 309.016994374947, 0.0], [-914.2408956408875, 319.692808591244, -400.8234473063358], [-808.70389915382, 347.18805083766, -770.1631015732528], [-648.5596999150102, 379.621639242182, -1080.897492071511], [-455.236293418645, 402.249323936087, -1313.494742462672], [-254.30298885671448, 403.004071748081, -1457.472702981703], [-71.313005747218, 377.008599534508, -1511.1683719298505], [72.577195735056, 328.42910786651, -1480.4089200737392], [164.127309853002, 269.101830198457, -1376.759264860007], [199.692395496988, 214.589462201105, -1215.731452366609]], "J": [[-587.785252292477, 809.016994374947, 0.0], [-531.7415496283916, 804.945553416879, -414.6087724500567], [-375.283507150506, 787.677410705414, -779.2129020733104], [-150.9453147076112, 745.140120114144, -1053.6546026167703], [94.927600533296, 665.859067477743, -1214.5219979739036], [312.4627879087725, 547.038621275, -1257.481167960574], [459.423641525707, 398.8058942516468, -1195.2419557589105], [510.256699377721, 242.334466358157, -1052.6351760866212], [460.413734772833, 102.711936165953, -860.527951568983], [324.918465221543, -0.000583071639, -649.837862386001]], "K": [[0.0, 999.999999999997, 0.0], [61.27992006028343, 972.342492817522, -366.9662240539156], [224.586999140601, 886.6481476844359, -668.1895704984454], [434.8429175589908, 739.0634128851816, -856.7250928491713], [619.970402299035, 534.235531826316, -916.2414045275546], [713.8238477969176, 292.704945655171, -862.272751677124], [676.69092351456, 49.6134962762168, -733.9116959412225], [506.134428014245, -156.00245512298, -580.1135203777621], [234.723685452897, -295.724579423356, -445.46367229031], [-83.25669865625, -361.803632717673, -359.221964489602]], "first": [[-224.51398828979276, 690.9830056250522, 0.0], [-224.51398828979276, 690.9830056250522, 0.0], [-224.51398828979276, 690.9830056250522, 0.0], [-224.51398828979276, 690.9830056250522, 0.0], [-224.51398828979276, 690.9830056250522, 0.0], [-224.51398828979276, 690.9830056250522, 0.0], [-224.51398828979276, 690.9830056250522, 0.0], [-224.51398828979276, 690.9830056250522, 0.0], [-224.51398828979276, 690.9830056250522, 0.0], [-224.51398828979276, 690.9830056250522, 0.0]], "B_C": [[587.785252292473, 427.05098312484176, 0.0], [587.785252292473, 427.05098312484176, 0.0], [587.785252292473, 427.05098312484176, 0.0], [587.785252292473, 427.05098312484176, 0.0], [587.785252292473, 427.05098312484176, 0.0], [587.785252292473, 427.05098312484176, 0.0], [587.785252292473, 427.05098312484176, 0.0], [587.785252292473, 427.05098312484176, 0.0], [587.785252292473, 427.05098312484176, 0.0], [587.785252292473, 427.05098312484176, 0.0]], "D_E": [[587.785252292473, -427.050983124843, 0.0], [577.437120125061, -421.212873738413, -99.1539916074976], [546.930390300469, -403.786782852355, -193.7257226834199], [497.846973872127, -375.036088666891, -279.387909707857], [432.721612197605, -335.395329607147, -352.308183943407], [354.895585077089, -285.463636702844, -409.3598517047], [268.324255643473, -225.995678312892, -448.291086635275], [177.349910383622, -157.890254056438, -467.842652938545], [86.453408403691, -82.176710341885, -467.807339896681], [-0.000601611441, 0.000617190241, -449.027776041916]], "F_G": [[-224.513988289796, -690.983005625053, 0.0], [-233.68648377037138, -681.580781493168, -160.613088303407], [-260.6500409972908, -654.036038412141, -314.8839903677646], [-303.8111213018912, -610.264325711236, -456.876342262058], [-360.723590246645, -553.232681446507, -581.3971789069242], [-428.346326976413, -486.650254745851, -684.2165792461], [-503.30657470036, -414.589214004877, -762.1517383736948], [-582.106277532566, -341.081533971584, -813.034516038535], [-661.229479011317, -269.739477481997, -835.61255601124], [-737.143171497231, -203.44372764169, -829.450434370317]],