{"A": [[0.0, 1000.0, 0.0], [0.0, 1000.0, 0.0], [0.0, 1000.0, 0.0], [0.0, 1000.0, 0.0], [0.0, 1000.0, 0.0], [0.0, 1000.0, 0.0], [0.0, 1000.0, 0.0], [0.0, 1000.0, 0.0], [0.0, 1000.0, 0.0], [0.0, 1000.0, 0.0]], "B": [[587.7852522924732, 809.0169943749474, 0.0], [587.7852522924732, 809.0169943749474, 0.0], [587.7852522924732, 809.0169943749474, 0.0], [587.7852522924732, 809.0169943749474, 0.0], [587.7852522924732, 809.0169943749474, 0.0], [587.7852522924732, 809.0169943749474, 0.0], [587.7852522924732, 809.0169943749474, 0.0], [587.7852522924732, 809.0169943749474, 0.0], [587.7852522924732, 809.0169943749474, 0.0], [587.7852522924732, 809.0169943749474, 0.0]], "C": [[951.056516295153, 309.016994374947, 0.0], [941.814706920499, 309.016994374947, -81.4196321895832], [914.559511644446, 309.016994374947, -158.696549033287], [870.67770307562, 309.016994374947, -227.898820839445], [812.402033154485, 309.016994374947, -285.505364232078], [742.697628418478, 309.016994374947, -328.585098525633], [665.1111212879322, 309.016994374947, -354.946082150799], [583.5901937294599, 309.016994374947, -363.24704091535], [502.2827151023877, 309.016994374947, -353.065613426404], [425.325694262993, 309.016994374947, -324.919841276231]], "D": [[951.056516295154, -309.016994374943, 0.0], [975.8447504020533, -294.795312091902, 45.9328940905318], [1043.148463311335, -252.853879190098, 64.310209157048], [1133.309329241757, -185.326719283223, 34.045701825333], [1218.333873677532, -95.649684316156, -54.355561600143], [1268.020900528612, 11.614365146148, -196.09680788303], [1256.697372281904, 131.007722997453, -372.3936661855586], [1169.175309516927, 256.4555313384356, -553.755245520137], [1004.6921412213857, 381.5748755483187, -705.607999071747], [777.997540230119, 499.999553602047, -795.147703469983]], "E": [[587.785252292473, -809.016994374943, 0.0], [675.9091338328712, -754.609693218417, 329.7909080211098], [909.99158612617, -598.867212724859, 558.789764168742], [1210.3938199395245, -362.900630242516, 620.979683368907], [1477.30343813838, -77.7288431474125, 506.518416566851], [1626.229203908635, 221.120021379916, 261.899046514987], [1615.9530188817862, 499.639630251153, -30.3236315571126], [1458.602399841107, 730.8534241638246, -283.302643537069], [1209.1904760391626, 898.7602277641327, -436.042137434427], [940.457413123589, 999.999724110492, -470.228282011263]], "F": [[0.0, -1000.000000000003, 0.0], [165.1042463941552, -881.71401585515, 653.6564192844799], [580.907291399904, -557.9912999661009, 1080.324708319909], [1053.4183160084285, -111.94920824039, 1163.518240718331], [1379.8818762525327, 348.2869223133745, 943.53743000755], [1450.793511110847, 723.161756459133, 576.76794809361], [1289.4918860176442, 949.693555295331, 239.5663544214324], [1013.9940179121679, 1014.4888526849996, 38.940031563932], [755.2165314220757, 948.6978259922635, -19.653010364429], [587.785712199971, 809.017611281501, -0.000129730772]], "G": [[-587.785252292477, -809.016994374943, 0.0], [-414.3125292466998, -690.575159426681, 752.1863584870549], [20.174973095534, -373.5553824993339, 1263.433066423247], [511.6144272078435, 41.059368682813, 1418.474967867498], [862.6834172104147, 426.3667070829005, 1272.741488951101], [994.421254162104, 675.5864860726151, 990.805347352733], [970.0276741584712, 739.873990400896, 725.2456506435494], [918.909506454923, 642.8701157096386, 523.526929096135], [921.5957565695016, 465.7740946357155, 328.296173255993], [945.196922380576, 309.017458772937, 64.9851422986433]], "H": [[-951.056516295157, -309.016994374943, 0.0], [-824.5431158615318, -259.638302694032, 584.9431147815039], [-495.039734223616, -136.7247034044249, 1017.605797692544], [-74.0354320742535, -0.1703212293839, 1225.393725270712], [343.9667813817908, 93.3673399209915, 1227.9030630810637], [724.085638080709, 127.0745937312841, 1080.3562819549468], [1060.7291531131484, 134.976467336563, 813.7794834769977], [1317.203274742258, 178.2233115057946, 437.3211709548133], [1414.9766620751047, 301.4558904344595, -5.681103067778], [1297.868942403666, 499.999125202378, -405.2429519635107]], "I": [[-951.056516295157, 309.016994374947, 0.0], [-897.2250344570049, 234.236027954945, 220.5648834265029], [-710.070197961269, 35.4371700644761, 464.353413839974], [-334.9545366946185, -209.6905144017459, 705.789529033599], [243.2184396621848, -381.4143807034875, 845.2830157080738], [916.401832062412, -361.1207934142059, 753.7896627907267], [1447.1296554662833, -101.608996546403, 393.4367883928387], [1606.2922745370208, 323.5177303909106, -89.2555977015767], [1365.4548272008458, 745.4608142266005, -432.732887713538], [940.458047090076, 999.999448220465, -470.2286438120302]], "J": [[-587.785252292477, 809.016994374947, 0.0], [-602.5289441892429, 588.357176746984, -191.4040930865461], [-518.628528179993, 57.8319595489494, -122.855724138488], [-106.9343453481135, -455.6403977103699, 186.673493364426], [641.9136396094958, -614.0221775596775, 434.3064207165838], [1374.586381124677, -289.4641292404432, 345.2578369433417], [1641.5857789080424, 328.692108470158, -5.3034608016003], [1348.810559951507, 858.9358386884916, -259.5395582241637], [860.3446627791097, 1014.9416951423185, -199.90293287774], [587.785707972242, 809.018228190507, -0.0006075700002]], "K": [[0.0, 999.999999999997, 0.0], [-61.4008835205119, 657.3905040430207, -481.8878842512841], [-15.342856975425, -80.6099056458806, -453.768695131847], [466.5214186039105, -583.2322578099979, -5.250489703399], [1217.627321303058, -416.3459784689295, 327.3303099535838], [1629.811690890966, 268.7234287531028, 272.7823058585884], [1398.6908920866324, 882.833141426679, 120.7750893169567], [934.3050654191709, 974.4376571976026, 184.0937770581333], [790.2310294864737, 634.7633850697905, 282.29468452305], [945.196288422834, 309.017734659743, 64.985504097249]], "first": [[-224.51398828979276, 690.9830056250522, 0.0], [-224.51398828979276, 690.9830056250522, 0.0], [-224.51398828979276, 690.9830056250522, 0.0], [-224.51398828979276, 690.9830056250522, 0.0], [-224.51398828979276, 690.9830056250522, 0.0], [-224.51398828979276, 690.9830056250522, 0.0], [-224.51398828979276, 690.9830056250522, 0.0], [-224.51398828979276, 690.9830056250522, 0.0], [-224.51398828979276, 690.9830056250522, 0.0], [-224.51398828979276, 690.9830056250522, 0.0]], "B_C": [[587.785252292473, 427.05098312484176, 0.0], [587.785252292473, 427.05098312484176, 0.0], [587.785252292473, 427.05098312484176, 0.0], [587.785252292473, 427.05098312484176, 0.0], [587.785252292473, 427.05098312484176, 0.0], [587.785252292473, 427.05098312484176, 0.0], [587.785252292473, 427.05098312484176, 0.0], [587.785252292473, 427.05098312484176, 0.0], [587.785252292473, 427.05098312484176, 0.0], [587.785252292473, 427.05098312484176, 0.0]], "D_E": [[587.785252292473, -427.050983124843, 0.0], [634.813615745343, -407.397101586882, 175.9968627659568], [765.490812918396, -349.435466853463, 308.187760098117], [950.7332331334202, -256.11522702591, 361.998427155859], [1148.769258779525, -132.184612711734, 319.441170744509], [1313.764159267375, 16.050657874222, 183.094314556705], [1405.3373438890233, 181.048220393747, -24.111968114467], [1397.043979004716, 354.4128277068039, -263.2758636280978], [1282.0980029206057, 527.323508754767, -487.201594486893], [1075.165756543879, 690.982388718256, -649.838923094567]], "F_G": [[-224.513988289796, -690.983005625053, 0.0], [-71.1013770753898, -583.050955353815, 623.5679915480678], [310.707502770479, -292.946344742026, 1028.931326594249], [733.7984221017825, 90.691108655913, 1111.768273205424], [1014.135971490377, 456.5546954117755, 923.386593589607], [1071.317994660713, 709.855271982719, 618.232434538008], [954.1791542765671, 803.007448034494, 348.8668192846474], [782.6103068620159, 746.3873495094084, 182.052560735796], [654.7214414666547, 596.3355721894967, 88.234026577945], [587.785452737679, 427.051600031851, 0.000400890007]],