{"A": [[0.0, 1000.0, 0.0], [0.0, 1000.0, 0.0], [0.0, 1000.0, 0.0], [0.0, 1000.0, 0.0], [0.0, 1000.0, 0.0], [0.0, 1000.0, 0.0], [0.0, 1000.0, 0.0], [0.0, 1000.0, 0.0], [0.0, 1000.0, 0.0], [0.0, 1000.0, 0.0], [0.0, 1000.0, 0.0], [0.0, 1000.0, 0.0], [0.0, 1000.0, 0.0], [0.0, 1000.0, 0.0], [0.0, 1000.0, 0.0]], "B": [[587.7852522924732, 809.0169943749474, 0.0], [587.7852522924732, 809.0169943749474, 0.0], [587.7852522924732, 809.0169943749474, 0.0], [587.7852522924732, 809.0169943749474, 0.0], [587.7852522924732, 809.0169943749474, 0.0], [587.7852522924732, 809.0169943749474, 0.0], [587.7852522924732, 809.0169943749474, 0.0], [587.7852522924732, 809.0169943749474, 0.0], [587.7852522924732, 809.0169943749474, 0.0], [587.7852522924732, 809.0169943749474, 0.0], [587.7852522924732, 809.0169943749474, 0.0], [587.7852522924732, 809.0169943749474, 0.0], [587.7852522924732, 809.0169943749474, 0.0], [587.7852522924732, 809.0169943749474, 0.0], [587.7852522924732, 809.0169943749474, 0.0]], "C": [[951.056516295153, 309.016994374947, 0.0], [947.227637134213, 309.016994374947, -52.6040229391962], [935.821712424913, 309.016994374947, -104.099153063727], [917.079179062535, 309.016994374947, -153.399873019694], [891.395129654313, 309.016994374947, -199.466923620016], [859.310983967198, 309.016994374947, -241.32921142831], [821.503075799047, 309.016994374947, -278.10427940874], [778.768395862029, 309.016994374947, -309.016909120513], [732.007791218238, 309.016994374947, -333.415462322777], [682.2069754234407, 309.016994374947, -350.785617508876], [630.4157496851052, 309.016994374947, -360.761211803821], [577.7258730527317, 309.016994374947, -363.131959677768], [525.2480481368559, 309.016994374947, -357.847885765032], [474.088507497785, 309.016994374947, -345.020378344811], [425.325694262993, 309.016994374947, -324.919841276231]], "D": [[951.056516295154, -309.016994374943, 0.0], [961.447113758297, -303.124955195213, 31.3367377857306], [991.3867328504175, -285.573041843177, 55.090132333695], [1037.289805611345, -256.731248656002, 64.417348572712], [1093.540758786511, -217.207560640163, 53.892255357174], [1153.002238732671, -167.83513714738, 20.058437069079], [1207.664759679392, -109.654748875305, -38.189426686799], [1249.382210644232, -43.892838420998, -119.429729959632], [1270.630186965432, 28.064333129279, -219.760158053115], [1265.2219584105826, 104.699908584051, -333.0636165914443], [1228.9202328617941, 184.398409996552, -451.4728609731985], [1159.8914462793236, 265.479792940177, -565.995876358582], [1058.962390601588, 346.2348618453541, -667.250281099155], [929.655486959076, 424.961299842512, -746.245572598933], [777.997540230119, 499.999553602047, -795.147703469983]], "E": [[587.785252292473, -809.016994374943, 0.0], [605.112339984775, -800.867066333787, 116.4503738800327], [655.8285178909435, -776.502199182201, 223.480328300428], [736.204300866354, -736.182641195793, 312.288065427724], [840.245252479055, -680.359736913404, 375.291476494867], [960.029911393935, -609.699844930214, 406.689103400098], [1086.189220144313, -525.113100195752, 402.950078303247], [1208.5225735533086, -427.782823864025, 363.193291024092], [1316.73148202133, -319.190884758128, 289.410241218332], [1401.2331870647006, -201.134258392484, 186.4865919927407], [1453.9965792161752, -75.728425500163, 61.9866593556505], [1469.3256096230548, 54.605923858843, -74.316386096341], [1444.5053530599919, 187.1752255077151, -211.155260914714], [1380.22651212482, 319.065301936985, -336.687517912184], [1280.717432680564, 447.2128260854615, -439.54640653364]], "F": [[0.0, -1000.000000000003, 0.0], [18.530164917977, -988.22333817751, 169.2233835045805], [73.0525221830765, -953.233585884732, 328.856639827316], [160.312054401742, -896.066100057837, 469.61387797722], [274.768718947081, -818.487666998525, 582.952200285306], [408.591255240629, -723.033268853367, 661.712543051828], [551.911257164458, -613.0136706303377, 700.920813848677], [693.4622307826265, -492.4630187160943, 698.596521403526], [821.622777125751, -366.0024691685235, 656.346280810673], [925.7487063186898, -238.6097209294859, 579.5210809723277], [997.5610016027002, -115.3027268924321, 476.7955905614245], [1032.2971645139717, -0.765241587317, 359.165082311225], [1029.3571443692, 101.0417041247356, 238.510162000032], [992.280060777669, 187.228400400001, 126.003084467395], [928.046035539705, 256.2302197305825, 30.681773139505]], "G": [[-587.785252292477, -809.016994374943, 0.0], [-557.926188202991, -791.356792075314, 273.6630657253445], [-470.2730197222525, -738.945870901665, 530.955976715696], [-330.662987429616, -653.528629943415, 756.118843273289], [-148.954438397839, -538.115436296387, 934.827333579581], [61.051782027048, -397.088223549478, 1055.339464451243], [282.157534102111, -236.2600087416247, 1109.889783817729], [494.9904503182505, -62.8212723184903, 1096.0671912168], [679.937524592496, 114.8855744751815, 1017.785058399951], [819.5825131921526, 287.7988354317931, 885.4439184277327], [901.216446481009, 446.7760658597599, 715.0206284704545], [918.8629888218007, 583.393415794591, 526.070331003157], [874.2882660557309, 690.8172874259747, 338.931352843336], [776.661860483474, 764.62604203167, 171.6842226995945], [640.859748515013, 803.4440520421444, 37.54249627756701]], "H": [[-951.056516295157, -309.016994374943, 0.0], [-897.276978680747, -287.783648196082, 388.6462863091035], [-741.1408213457105, -225.537180021408, 743.107246856596], [-497.843053892959, -126.573805870286, 1032.407550993079], [-191.27280899806, 2.182661094962, 1231.901621788996], [148.2922946649083, 151.600308439715, 1326.071802874876], [487.522220498452, 311.0198799461743, 1310.578797640889], [794.1560330424445, 469.2170604382677, 1193.0268624250762], [1041.313581208013, 615.5935980198825, 992.0007198766785], [1211.1319822417547, 741.4529988722751, 734.2720806728557], [1296.839034525328, 841.1362886516309, 450.5800987501355], [1302.6862211889177, 912.758599810734, 170.874169560806], [1241.7480997518119, 958.3246569020706, -79.85151350405], [1132.248892869884, 983.117280572743, -284.1506732106565], [993.530889257128, 994.4271469473025, -432.685677270349]], "I": [[-951.056516295157, 309.016994374947, 0.0], [-865.9028023555989, 324.214122932766, 468.8983918474097], [-623.3881651578295, 366.815159002597, 874.328547199183], [-259.888772951997, 428.415088027634, 1164.05518326171], [171.74823764994, 496.822191289982, 1306.154339645889], [612.3563273231263, 558.522225160228, 1294.0540181982224], [1007.679056186443, 601.5697842623923, 1146.311848320579], [1318.0558493982985, 618.3189919443507, 901.0275341834401], [1524.091334281187, 607.3095043743527, 606.2248442958186], [1626.8572571866557, 573.7035070695111, 308.8327606494237], [1642.901825303144, 527.9789225939089, 45.4393575589355], [1596.1490047392947, 483.085524736358, -162.63243378775], [1509.822002254419, 450.8156888505746, -309.061114948736], [1401.232670570355, 438.510236012927, -398.2423275939275], [1280.717491145178, 447.2134851446695, -439.54682022618954]], "J": [[-587.785252292477, 809.016994374947, 0.0], [-476.1572439669828, 803.662344088418, 482.8201085931983], [-167.5137389210965, 784.078525742343, 868.3451091877623], [267.426173790318, 741.415141293695, 1087.0102298404329], [734.789486905088, 666.042515593371, 1115.589272726571], [1144.9523484761894, 553.3472012936727, 980.5564765332044], [1436.546539864358, 408.5601534779053, 745.330583024685], [1588.7809830061465, 248.4716046693987, 486.4351760664441], [1618.3953593595545, 98.78236231160471, 267.8863926093166], [1563.9802665163304, -12.5734352602029, 123.6521942098857], [1465.715171279856, -64.0472254961851, 54.15376308901581], [1349.9716778973736, -47.813696348738, 36.135652308356], [1224.803009866254, 27.2339462001886, 39.23285933364], [1086.014024268146, 138.285788031068, 40.4699894288505], [928.046606802077, 256.2299016894235, 30.68134719612348]],