{"A": [[0.0, 1000.0, 0.0], [0.0, 1000.0, 0.0], [0.0, 1000.0, 0.0], [0.0, 1000.0, 0.0], [0.0, 1000.0, 0.0], [0.0, 1000.0, 0.0], [0.0, 1000.0, 0.0], [0.0, 1000.0, 0.0], [0.0, 1000.0, 0.0], [0.0, 1000.0, 0.0], [0.0, 1000.0, 0.0], [0.0, 1000.0, 0.0], [0.0, 1000.0, 0.0], [0.0, 1000.0, 0.0], [0.0, 1000.0, 0.0]], "B": [[587.7852522924732, 809.0169943749474, 0.0], [587.7852522924732, 809.0169943749474, 0.0], [587.7852522924732, 809.0169943749474, 0.0], [587.7852522924732, 809.0169943749474, 0.0], [587.7852522924732, 809.0169943749474, 0.0], [587.7852522924732, 809.0169943749474, 0.0], [587.7852522924732, 809.0169943749474, 0.0], [587.7852522924732, 809.0169943749474, 0.0], [587.7852522924732, 809.0169943749474, 0.0], [587.7852522924732, 809.0169943749474, 0.0], [587.7852522924732, 809.0169943749474, 0.0], [587.7852522924732, 809.0169943749474, 0.0], [587.7852522924732, 809.0169943749474, 0.0], [587.7852522924732, 809.0169943749474, 0.0], [587.7852522924732, 809.0169943749474, 0.0]], "C": [[951.056516295153, 309.016994374947, 0.0], [949.921162409334, 309.016994374947, -28.6983249326044], [946.522197533671, 309.016994374947, -57.2172646070978], [940.880867653528, 309.016994374947, -85.3785550527928], [933.032435155091, 309.016994374947, -113.006167864993], [923.025958409982, 309.016994374947, -139.927410509659], [910.923985125008, 309.016994374947, -165.974005776472], [896.802161373815, 309.016994374947, -190.983143632936], [880.748758754293, 309.016994374947, -214.798498904671], [862.86412262734, 309.016994374947, -237.271208420656], [843.260044885874, 309.016994374947, -258.260801515568], [822.059065174769, 309.016994374947, -277.636078072889], [799.393704929566, 309.016994374947, -295.275928620401], [775.405639021787, 309.016994374947, -311.070091351849], [750.244810188668, 309.016994374947, -324.919841342873]], "D": [[951.056516295154, -309.016994374943, 0.0], [954.1554060927484, -307.269864393317, 17.5465681916577], [963.3428463882498, -302.039395272684, 33.8495553275684], [978.294075869182, -293.358281222739, 47.7014601625792], [998.477504657224, -281.280785476203, 57.966008908784], [1023.168974623476, -265.882401104429, 63.61146202139], [1051.471214190774, -247.25937913118, 63.741217774138], [1082.337993349339, -225.528126894211, 57.620918342308], [1114.602364910036, -200.824480415337, 44.70135219687], [1147.008273713205, -173.30285532719, 24.636552512655], [1178.244729218831, -143.135281663984, -2.703387642946], [1206.981670793579, -110.510328549558, -37.225129375614], [1231.90661074572, -75.631925504153, -78.610735318829], [1251.761118857641, -38.71808773763, -126.322207064607], [1265.376214371129, 0.000446603057, -179.611820648047]], "E": [[587.785252292473, -809.016994374943, 0.0], [598.8558506241214, -802.289482203812, 120.9091103268757], [631.5875472178908, -782.221989733686, 237.1451743142794], [684.5626176381251, -749.157107821257, 344.2402794881012], [755.492272406947, -703.657411690146, 438.126729902564], [841.323815928827, -646.493059910899, 515.31255335539], [938.382951618822, -578.624854114256, 573.028934205432], [1042.5440135579208, -501.183168043923, 609.34254082163], [1149.4195225029189, -415.44325374353, 623.227547733736], [1254.559539879605, -322.797519298063, 614.594247470816], [1353.650875248625, -224.7254444746154, 584.273392577204], [1442.706310756269, -122.7618560578799, 533.957683249449], [1518.234631669328, -18.4643222903626, 466.103998121406], [1577.383358489355, 86.619555312407, 383.80193816084], [1618.047600538882, 190.984174846625, 290.615911599647]], "F": [[0.0, -1000.000000000003, 0.0], [13.73528630339242, -999.147210955085, 150.0118780644772], [54.9514419013038, -996.262450066186, 297.5065413968498], [123.6221387898821, -990.391187366135, 439.7280237579621], [219.520993737375, -980.02318921321, 573.488307558434], [341.975653169715, -963.208256647698, 695.059341240956], [489.575896596361, -937.708100863378, 800.179678241818], [659.8808126427169, -901.174911937357, 884.190663850553], [849.1733841411859, -851.345453423828, 942.300486045415], [1052.308353168594, -786.238445524816, 969.957409070594], [1262.6911644567833, -704.3426480236074, 963.298036001094], [1472.4128589970826, -604.7834446657369, 919.624275473467], [1672.549300911678, -487.4568443830156, 837.85527024823], [1853.614771951258, -353.121591362126, 718.898851587849], [2006.14169880938, -203.442416971598, 565.891493161804]], "G": [[-587.785252292477, -809.016994374943, 0.0], [-575.6655554538596, -821.962217132209, 93.6369106592629], [-538.2630053293722, -859.417618343102, 191.0353111156068], [-472.6999513136779, -917.3624702077512, 294.7011897759781], [-374.981897195658, -989.4851064831769, 404.838385993195], [-241.063127897717, -1067.730788527296, 518.688052900157], [-68.086403403258, -1142.999273924592, 630.37300972614], [144.4089616514219, -1205.930392227948, 731.289129134363], [393.5165387201429, -1247.708545301333, 811.002542922307], [672.404483990504, -1260.815979361836, 858.533776878877], [970.2862199865904, -1239.6699758037294, 863.8494973929908], [1272.9605280875255, -1181.090234015336, 819.348338706938], [1563.878180367075, -1084.5585846752856, 721.124337973956], [1825.614249986053, -952.2522536843, 569.820243178773], [2041.5640642640883, -788.85238472914, 370.93909659843]], "H": [[-951.056516295157, -309.016994374943, 0.0], [-942.1560663304886, -339.032276509104, -26.4854816631041], [-913.1896130605842, -425.867265847867, -40.1142982643602], [-857.9536093848488, -560.2525156135372, -30.9030339721159], [-767.95798971813, -727.9041572737038, 5.950921955364], [-634.793248300446, -911.119527161433, 68.781933413943], [-452.71611650595, -1090.72753622116, 149.443014315053], [-220.9064904661851, -1248.1559938864723, 234.57227794166], [55.0917332020869, -1367.368261462777, 307.895979072917], [363.07495096662, -1436.443870348303, 353.126915867889], [685.1340581348815, -1448.6285557233414, 356.9071261915058], [999.7185636995915, -1402.751140029815, 311.242756281033], [1284.454378393179, -1302.9877115552856, 214.984963225262], [1519.214061226653, -1158.036156432124, 74.100644062315], [1688.8922998088494, -979.835237776707, -99.288707394432]], "I": [[-951.056516295157, 309.016994374947, 0.0], [-944.4687146068951, 263.492305024594, -164.0528889792501], [-921.3869853027165, 132.73682750013, -304.4252538323972], [-872.9198792855357, -66.6489532031142, -402.5178146134429], [-787.5044392637897, -309.70590107577186, -448.685378919598], [-654.8564072353847, -566.705377492081, -443.997136372641], [-469.8901377233703, -807.3152706351991, -399.509216722179], [-235.527910875692, -1004.6722369524693, -333.290280627399], [36.3958016494433, -1138.726086396264, -265.984870210563], [326.4339045006968, -1198.367857463846, -216.033217181688], [610.7561707459074, -1182.0784982486205, -195.7093845805502], [865.5368117051545, -1097.09689579521, -208.888719081854], [1071.43497661392, -957.3555290472646, -250.984070220582], [1217.087935650028, -780.624515260935, -310.926976508779], [1300.7984849074574, -585.407952479674, -374.563694813562]], "J": [[-587.785252292477, 809.016994374947, 0.0], [-581.7120662512211, 753.362238858217, -266.0385411549771], [-559.6096085232796, 595.231453456244, -497.2512423878752], [-511.4134495438237, 359.4500399613768, -666.5609181584989], [-425.0708776498987, 82.17367388896916, -760.195127388926], [-291.8583275103017, -195.755167011725, -779.547947294903], [-110.9273214849123, -436.0220610987551, -738.998627986196], [108.57103771744, -609.1380070989494, -660.573946338648], [348.6154741349433, -698.590303150772, -567.257802400009], [586.4223951092177, -702.145447957343, -477.060641612095], [800.2382454866404, -630.2644257459174, -399.5813639941692], [974.9400851021225, -502.2258436402439, -335.874412481462], [1105.617241755943, -341.0125647006706, -281.297999367369], [1197.9665071569975, -168.203657269802, -230.0500643527953], [1265.376781109074, 0.001833560051, -179.610632362534]],