{"A": [[0.0, 1000.0, 0.0], [0.0, 1000.0, 0.0], [0.0, 1000.0, 0.0], [0.0, 1000.0, 0.0], [0.0, 1000.0, 0.0], [0.0, 1000.0, 0.0], [0.0, 1000.0, 0.0], [0.0, 1000.0, 0.0], [0.0, 1000.0, 0.0], [0.0, 1000.0, 0.0], [0.0, 1000.0, 0.0], [0.0, 1000.0, 0.0], [0.0, 1000.0, 0.0], [0.0, 1000.0, 0.0], [0.0, 1000.0, 0.0]], "B": [[587.7852522924732, 809.0169943749474, 0.0], [587.7852522924732, 809.0169943749474, 0.0], [587.7852522924732, 809.0169943749474, 0.0], [587.7852522924732, 809.0169943749474, 0.0], [587.7852522924732, 809.0169943749474, 0.0], [587.7852522924732, 809.0169943749474, 0.0], [587.7852522924732, 809.0169943749474, 0.0], [587.7852522924732, 809.0169943749474, 0.0], [587.7852522924732, 809.0169943749474, 0.0], [587.7852522924732, 809.0169943749474, 0.0], [587.7852522924732, 809.0169943749474, 0.0], [587.7852522924732, 809.0169943749474, 0.0], [587.7852522924732, 809.0169943749474, 0.0], [587.7852522924732, 809.0169943749474, 0.0], [587.7852522924732, 809.0169943749474, 0.0]], "C": [[951.056516295153, 309.016994374947, 0.0], [947.227637134213, 309.016994374947, -52.6040229391962], [935.821712424913, 309.016994374947, -104.099153063727], [917.079179062535, 309.016994374947, -153.399873019694], [891.395129654313, 309.016994374947, -199.466923620016], [859.310983967198, 309.016994374947, -241.32921142831], [821.503075799047, 309.016994374947, -278.10427940874], [778.768395862029, 309.016994374947, -309.016909120513], [732.007791218238, 309.016994374947, -333.415462322777], [682.2069754234407, 309.016994374947, -350.785617508876], [630.4157496851052, 309.016994374947, -360.761211803821], [577.7258730527317, 309.016994374947, -363.131959677768], [525.2480481368559, 309.016994374947, -357.847885765032], [474.088507497785, 309.016994374947, -345.020378344811], [425.325694262993, 309.016994374947, -324.919841276231]], "D": [[951.056516295154, -309.016994374943, 0.0], [961.447113758297, -303.124955195213, 31.3367377857306], [991.3867328504175, -285.573041843177, 55.090132333695], [1037.289805611345, -256.731248656002, 64.417348572712], [1093.540758786511, -217.207560640163, 53.892255357174], [1153.002238732671, -167.83513714738, 20.058437069079], [1207.664759679392, -109.654748875305, -38.189426686799], [1249.382210644232, -43.892838420998, -119.429729959632], [1270.630186965432, 28.064333129279, -219.760158053115], [1265.2219584105826, 104.699908584051, -333.0636165914443], [1228.9202328617941, 184.398409996552, -451.4728609731985], [1159.8914462793236, 265.479792940177, -565.995876358582], [1058.962390601588, 346.2348618453541, -667.250281099155], [929.655486959076, 424.961299842512, -746.245572598933], [777.997540230119, 499.999553602047, -795.147703469983]], "E": [[587.785252292473, -809.016994374943, 0.0], [624.844761969788, -786.377906838517, 218.7706001174456], [730.6510369494584, -719.760848646226, 409.298907714413], [889.930153901286, -612.969997403517, 547.475417741216], [1079.8916285526216, -472.032019542862, 616.781416417245], [1273.751185868518, -304.75235445586, 610.515360663165], [1444.797544995495, -120.1451818601529, 532.445311297249], [1570.326034118733, 72.21690024686, 395.81739716497], [1634.797887096588, 262.881170041112, 220.931287897463], [1631.7319874229918, 443.16678320208, 31.7330180829047], [1564.067668498681, 605.738763248942, -147.9691305887545], [1443.0100070714766, 745.059085949595, -298.015292170715], [1285.632913965628, 857.6804829121701, -404.552999461981], [1111.722539700675, 942.361919788411, -461.440028348654], [940.457413123589, 999.999724110492, -470.228282011263]], "F": [[0.0, -1000.000000000003, 0.0], [69.957787948205, -950.46096754133, 435.8954639669716], [265.4321490319285, -807.3432846710836, 806.623352563751], [546.696220872344, -586.375740691286, 1060.748467859294], [858.1674806206095, -311.331521649857, 1170.838961669424], [1141.340710444792, -10.776480131624, 1137.783473261933], [1347.7741184791364, 285.7354768161661, 988.310814345695], [1448.830313583003, 551.429243707572, 766.708662924222], [1439.902944177746, 765.470712327703, 523.232006485621], [1338.4799003827868, 915.075841948544, 302.4193032354777], [1177.1093124671502, 996.308718465485, 134.3150383432455], [993.6384808437926, 1013.538357580722, 30.542348693609], [821.6266201822109, 977.7476286056271, -14.363236520272], [683.479710197852, 904.0677542836979, -17.471958418154], [587.785712199971, 809.017611281501, -0.000129730772]], "G": [[-587.785252292477, -809.016994374943, 0.0], [-484.727012562272, -730.76641744849, 597.2183947370866], [-204.7589888756765, -510.7602792281845, 1076.66932266092], [174.58418713819, -189.887581765909, 1354.509910925445], [553.7721403078085, 174.004161427842, 1402.698321578531], [843.735027280223, 518.795573871557, 1251.582894249527], [992.3397477073123, 791.1200518783171, 973.5172139254785], [995.725185512123, 956.599828422164, 654.911742358337], [891.779494334302, 1005.033737018428, 367.873542979856], [740.1247177405407, 949.7003554554849, 151.6272950928477], [597.7125319729151, 821.497362960919, 8.9899730542845], [499.7465132962277, 659.886693319696, -83.33142356108], [452.2601130817109, 503.2262900295861, -157.065352546926], [437.143086900939, 380.9200455316189, -235.647928910401], [425.325524442349, 309.017270263272, -324.919131371952]], "H": [[-951.056516295157, -309.016994374943, 0.0], [-886.471281625883, -272.688265891547, 493.6232182527436], [-696.5220238574975, -159.8771272330295, 946.223386267673], [-398.864794564881, 35.753045787581, 1307.5143384629198], [-36.9178755962355, 310.756252490983, 1522.490566533061], [317.355959442527, 640.150113986094, 1551.856375905837], [580.1062920127933, 974.336883985336, 1395.9638752792346], [687.691831145127, 1248.790327023161, 1104.028849998238], [626.638120222986, 1404.058847685142, 758.315630928745], [441.7119640936087, 1407.9148076002339, 439.6470089261747], [214.4132619732092, 1269.555872835816, 194.1689475532105], [22.8786310625417, 1038.754498042431, 21.655340788707], [-93.3248639931791, 789.4274371559081, -108.1578130068536], [-142.823450397593, 594.1223814755139, -223.4171966298737], [-162.459743165129, 500.000228760518, -324.91916199912066]], "I": [[-951.056516295157, 309.016994374947, 0.0], [-977.0881772987058, 243.405173905774, 165.9005445377736], [-998.9624524633275, 94.8285574127945, 471.227794073459], [-894.646288760098, -19.2364854656477, 942.6268589350346], [-579.8172260855235, 21.579836700937, 1462.4630141988557], [-88.107231314712, 272.667711864625, 1839.123318525583], [432.9004949657593, 692.3503324590391, 1925.8507021811215], [805.72268834601, 1161.4603815960559, 1704.368927479507], [924.502227653951, 1541.124186395735, 1282.201188735598], [804.1419691431927, 1735.554723735165, 818.1474554846407], [551.8703243492922, 1727.183184602589, 436.3795704162995], [293.1002896468527, 1570.110474327212, 184.772148471088], [108.2577443572709, 1351.964293587745, 49.5848521681784], [16.473302711874, 1149.2669425471358, -3.4056696330267], [-8.0182616e-05, 1000.000740289417, -0.0001603594426551034]], "J": [[-587.785252292477, 809.016994374947, 0.0], [-720.8972887894078, 614.302063776373, -256.9087942654774], [-982.3775124339627, 144.1252443415653, -144.61373397752], [-1071.544005382789, -328.1017063156337, 437.3789153933787], [-767.8702478565775, -529.971277889092, 1256.5663404826907], [-103.2932946921768, -339.522149090003, 1922.5437529140008], [665.6445241968763, 165.3046198380911, 2149.5000816017773], [1242.148318601515, 774.2736192000659, 1908.293157357944], [1470.788994119834, 1271.471119787544, 1386.239660961742], [1389.0919510461117, 1536.372449189707, 829.3702639023946], [1148.1735652365821, 1567.980489172871, 404.0847112999964], [896.7130505270177, 1440.470096766023, 156.2937591465206], [715.8354766773319, 1238.76026135405, 49.18795803514787], [620.346682595692, 1019.379259127868, 17.382356097476], [587.785332467108, 809.018228191825, 0.0001603545789994636]],