{"A": [[0.0, 1000.0, 0.0], [0.0, 1000.0, 0.0], [0.0, 1000.0, 0.0], [0.0, 1000.0, 0.0], [0.0, 1000.0, 0.0], [0.0, 1000.0, 0.0], [0.0, 1000.0, 0.0], [0.0, 1000.0, 0.0], [0.0, 1000.0, 0.0], [0.0, 1000.0, 0.0]], "B": [[587.7852522924732, 809.0169943749474, 0.0], [587.7852522924732, 809.0169943749474, 0.0], [587.7852522924732, 809.0169943749474, 0.0], [587.7852522924732, 809.0169943749474, 0.0], [587.7852522924732, 809.0169943749474, 0.0], [587.7852522924732, 809.0169943749474, 0.0], [587.7852522924732, 809.0169943749474, 0.0], [587.7852522924732, 809.0169943749474, 0.0], [587.7852522924732, 809.0169943749474, 0.0], [587.7852522924732, 809.0169943749474, 0.0]], "C": [[951.056516295153, 309.016994374947, 0.0], [948.311272616262, 309.016994374947, 44.575777274164], [940.117033233915, 309.016994374947, 88.4778355789539], [926.597646005606, 309.016994374947, 131.04263854365], [907.957443153609, 309.016994374947, 171.626861094892], [884.478152984692, 309.016994374947, 209.617112681532], [856.514641844247, 309.016994374947, 244.439208068665], [824.489550660995, 309.016994374947, 275.566845581922], [788.886907145622, 309.016994374947, 302.529561638908], [750.244810188668, 309.016994374947, 324.919841342873]], "D": [[951.056516295154, -309.016994374943, 0.0], [958.523749248345, -304.792498736914, -26.8358655923779], [980.2899426020012, -292.182860913554, -49.0390092222871], [1014.4896625844053, -271.378663160922, -62.301317620793], [1058.148278643332, -242.694340437322, -62.943655434066], [1107.374945631695, -206.563428028604, -48.180984890879], [1157.616004849242, -163.532009089322, -16.331610412927], [1203.953254053226, -114.250461133707, 33.042681496811], [1241.428759395839, -59.463626220116, 99.074614641006], [1265.376214371129, 0.000446603057, 179.611820648047]], "E": [[587.785252292473, -809.016994374943, 0.0], [614.435578098606, -792.771050156792, -186.3547518694879], [691.6067422094202, -744.703303600083, -355.3938198781481], [811.2733213734143, -666.788315989782, -491.626761037191], [961.0678547897377, -562.20011227772, -582.998906647996], [1125.6634887579703, -435.143969384395, -622.099512692446], [1288.467399965947, -290.634788412942, -606.830388679511], [1433.420465269072, -134.2349205918796, -540.46532333581], [1546.688515895243, 28.2333653999669, -431.106231837643], [1618.047600538882, 190.984174846625, -290.615911599647]], "F": [[0.0, -1000.000000000003, 0.0], [50.383943375697, -964.404512499385, -371.7023151683179], [194.0540656719812, -860.461326130157, -703.2550357968901], [409.8678055630413, -696.413797254008, -960.627778079771], [666.6748565733747, -485.0790344312992, -1120.912573701633], [928.6107275608713, -242.576848742804, -1175.321099945254], [1161.014215148811, 13.240690000455, -1129.689251613963], [1335.857442485643, 264.4816080413954, -1002.496272115319], [1435.710124265484, 494.8405398757679, -820.885082686536], [1455.587267515937, 690.984280274263, -615.535203142236]], "G": [[-587.785252292477, -809.016994374943, 0.0], [-513.416934525145, -752.684607130618, -510.5160860953299], [-305.5681394447018, -591.343926366747, -948.0396115957791], [-6.1871535684297, -346.709072691351, -1254.857089758212], [326.4672531476267, -51.0184865009612, -1399.868194816945], [631.8616355267333, 258.125462385229, -1383.174854441213], [861.024284458993, 543.605682733312, -1233.057656933487], [986.5339678011422, 774.2896906488133, -996.5937139744262], [1006.273620939539, 929.2430319608019, -726.8384148475571], [940.455693435799, 1000.000210855167, -470.22647221723]], "H": [[-951.056516295157, -309.016994374943, 0.0], [-856.850734434026, -240.269961439899, -548.6010859233994], [-599.5997585577888, -49.205520504304, -988.0066868047942], [-246.6534741106807, 222.425934441295, -1239.7804989261883], [115.5197280878827, 516.6090603625888, -1276.312049834364], [409.5702852598223, 773.114224488575, -1123.676989798983], [590.371626441777, 943.558502677284, -847.375285315093], [654.9527797650032, 1001.8728616781384, -527.3114670750853], [636.743805805265, 948.7006444068857, -231.8281843524361], [587.784912497283, 809.015759993541, 0.001420459728]], "I": [[-951.056516295157, 309.016994374947, 0.0], [-845.8357484919475, 372.785059380996, -471.0883593484367], [-565.8311718972276, 540.622586466748, -806.5445749687552], [-201.5796927293962, 750.758411798737, -922.2916662856834], [142.3882655313985, 925.6960454959979, -813.827529509408], [392.1935003625362, 1000.156363656457, -549.119833687588], [531.1881532525287, 943.9565062611656, -232.181682174992], [596.928459140597, 771.6509145727964, 43.29964790357475], [652.7033283882656, 536.0698051552197, 228.0055849462959], [750.246020647431, 309.015549137707, 324.92016220186]], "J": [[-587.785252292477, 809.016994374947, 0.0], [-484.6723924632945, 847.134577829608, -308.2400377120147], [-218.2977616045856, 932.987615059411, -479.0751499563522], [108.4245342638468, 996.712204843092, -447.5600345361974], [393.2460119813725, 965.7216758427624, -250.414402921574], [589.9292492191852, 806.0069458679, 3.304449311056], [723.3005535294576, 544.5318625524606, 198.537241147538], [857.226715775703, 261.2398691983514, 275.01368201157277], [1040.0906882765905, 54.9083014731457, 247.515890511862], [1265.377764625525, 0.000235746689, 179.610721047027]], "K": [[0.0, 999.999999999997, 0.0], [85.6357410956365, 997.585425462532, -123.6345489171997], [298.5536741921774, 964.8092098343026, -141.7059298563192], [541.6120452671188, 847.826743641463, -32.6531642584554], [738.9987316243795, 616.0883089713284, 123.988557643257], [886.7317312283872, 304.607050335145, 209.392883443198], [1037.4294805721545, 14.071786328934603, 154.9352230974147], [1235.027684740923, -135.5786236742806, -10.93652836313325], [1457.5894399235146, -70.8455785701823, -190.487266186135], [1618.047940336487, 190.9854092265, -290.617332058511]], "first": [[-224.51398828979276, 690.9830056250522, 0.0], [-224.51398828979276, 690.9830056250522, 0.0], [-224.51398828979276, 690.9830056250522, 0.0], [-224.51398828979276, 690.9830056250522, 0.0], [-224.51398828979276, 690.9830056250522, 0.0], [-224.51398828979276, 690.9830056250522, 0.0], [-224.51398828979276, 690.9830056250522, 0.0], [-224.51398828979276, 690.9830056250522, 0.0], [-224.51398828979276, 690.9830056250522, 0.0], [-224.51398828979276, 690.9830056250522, 0.0]], "B_C": [[587.785252292473, 427.05098312484176, 0.0], [587.785252292473, 427.05098312484176, 0.0], [587.785252292473, 427.05098312484176, 0.0], [587.785252292473, 427.05098312484176, 0.0], [587.785252292473, 427.05098312484176, 0.0], [587.785252292473, 427.05098312484176, 0.0], [587.785252292473, 427.05098312484176, 0.0], [587.785252292473, 427.05098312484176, 0.0], [587.785252292473, 427.05098312484176, 0.0], [587.785252292473, 427.05098312484176, 0.0]], "D_E": [[587.785252292473, -427.050983124843, 0.0], [601.898547888696, -421.212873738413, -98.688463249093], [643.302847612198, -403.786782852355, -190.0436054896731], [709.249031864604, -375.036088666891, -267.194775899893], [795.343882140528, -335.395329607147, -324.168481084405], [895.8210437472945, -285.463636702844, -356.268208610013], [1003.89710190646, -225.995678312892, -360.376407867434], [1112.191192883631, -157.890254056438, -335.160151672471], [1213.182710770445, -82.176710341885, -281.167821571795], [1299.67934420018, 0.000617190241, -200.81074576228]], "F_G": [[-224.513988289796, -690.983005625053, 0.0], [-177.601639888423, -658.404485089044, -354.8324959961009], [-44.2980401690678, -563.760435518428, -670.7759825215071], [154.5202522863473, -415.977496840979, -915.33824069447], [388.5027646554967, -228.81662127241, -1067.546885939433], [623.5008253499133, -19.342421091865, -1120.801638883219], [827.761132463592, 193.949904506793, -1082.949585123721], [977.362411442106, 393.1224366383854, -973.671219031395], [1059.814345554905, 562.6585453891229, -819.828945349092], [1075.164685786091, 690.983768512694, -649.838163073596]],