{"A": [[0.0, 1000.0, 0.0], [0.0, 1000.0, 0.0], [0.0, 1000.0, 0.0], [0.0, 1000.0, 0.0], [0.0, 1000.0, 0.0], [0.0, 1000.0, 0.0], [0.0, 1000.0, 0.0], [0.0, 1000.0, 0.0], [0.0, 1000.0, 0.0], [0.0, 1000.0, 0.0]], "B": [[587.7852522924732, 809.0169943749474, 0.0], [587.7852522924732, 809.0169943749474, 0.0], [587.7852522924732, 809.0169943749474, 0.0], [587.7852522924732, 809.0169943749474, 0.0], [587.7852522924732, 809.0169943749474, 0.0], [587.7852522924732, 809.0169943749474, 0.0], [587.7852522924732, 809.0169943749474, 0.0], [587.7852522924732, 809.0169943749474, 0.0], [587.7852522924732, 809.0169943749474, 0.0], [587.7852522924732, 809.0169943749474, 0.0]], "C": [[951.056516295153, 309.016994374947, 0.0], [941.814706920499, 309.016994374947, -81.4196321895832], [914.559511644446, 309.016994374947, -158.696549033287], [870.67770307562, 309.016994374947, -227.898820839445], [812.402033154485, 309.016994374947, -285.505364232078], [742.697628418478, 309.016994374947, -328.585098525633], [665.1111212879322, 309.016994374947, -354.946082150799], [583.5901937294599, 309.016994374947, -363.24704091535], [502.2827151023877, 309.016994374947, -353.065613426404], [425.325694262993, 309.016994374947, -324.919841276231]], "D": [[951.056516295154, -309.016994374943, 0.0], [916.7913563896467, -294.795312091901, -210.8435161426382], [818.8007968971859, -252.853879190099, -397.647174140869], [670.639961193562, -185.326719283224, -540.269123268268], [492.202610087155, -95.649684316156, -625.627724382891], [306.226334448045, 11.614365146149, -649.537582419547], [134.3911659391342, 131.007722997453, -616.890808282712], [-6.23842518047408, 256.4555313384356, -540.180656060578], [-105.7538344054213, 381.5748755483186, -436.6892918456655], [-162.459703072703, 499.999553602047, -324.9201313633336]], "E": [[587.785252292473, -809.016994374943, 0.0], [547.5622487360567, -789.320407316726, -177.9678792009653], [434.0241970761789, -730.735462429325, -323.2014094456197], [267.430426461949, -634.850861468721, -408.678363926984], [77.869497329524, -504.538091114331, -418.011844188891], [-99.86584913534, -344.208640297277, -348.796600044686], [-232.5779416797118, -160.035406393434, -213.661863218134], [-295.1390170300111, 39.9625655666826, -38.550059854124], [-275.8805616935713, 246.0564598231686, 141.8067469581245], [-179.6117000908944, 447.2128260854639, 290.6165301333534]], "F": [[0.0, -1000.000000000003, 0.0], [-14.3375284349903, -971.600555642855, 3.7148089986437], [-49.5781997702071, -888.414596334604, 27.8427811421523], [-85.192366898657, -756.648959015739, 84.057265276544], [-95.525855234769, -586.9799132829723, 169.443182955077], [-60.0537329420217, -394.3636998866717, 265.911035056664], [27.3244804493432, -196.8114690557278, 345.859596099218], [153.96931960391092, -12.9273000325111, 382.722269326087], [291.8614301109257, 141.4010081543096, 362.4473561576785], [408.1736819315806, 256.2302197305919, 290.6173697690783]], "G": [[-587.785252292477, -809.016994374943, 0.0], [-538.2990383034663, -766.826275172085, 259.6402697955807], [-392.9654808520531, -647.951708351208, 481.9669777492053], [-165.306476403665, -474.067798043903, 627.836290407289], [112.241483489238, -276.3043971831843, 661.662105697576], [384.9257819252673, -87.5307156806377, 565.598809918782], [586.0975611479442, 67.0914941332752, 355.5488456452317], [661.625613887425, 177.8035973093799, 86.288764263659], [596.4579894708747, 252.1317541026016, -163.7898994390085], [425.3262037221507, 309.0167767386854, -324.9192917268567]], "H": [[-951.056516295157, -309.016994374943, 0.0], [-809.2835646525543, -259.038850535625, 484.7742945687047], [-426.4039772597006, -128.20573840684, 814.7011132608583], [77.50763728621, 35.051139463247, 880.433251819526], [533.149935497856, 176.2449711646397, 660.5871704456281], [779.7568714627834, 262.3299874798803, 243.617583185384], [738.5610417682961, 298.6238673852352, -196.82209716725026], [459.79104216145595, 323.5963730095049, -479.373045884378], [100.8597685659007, 383.0138105105766, -509.0699336088725], [-162.4591629866213, 499.9994302211744, -324.9206809112037]], "I": [[-951.056516295157, 309.016994374947, 0.0], [-802.6603158516217, 357.956796991094, 449.5817561763323], [-411.5909918511997, 483.169187065313, 725.4414515019628], [73.69045823297682, 631.445467365808, 718.367690888672], [458.745165920803, 747.6641397802227, 437.1815410336231], [589.2524545998973, 807.1686219146303, 22.653919129265], [443.3403498309792, 829.4558757853501, -310.96294507044126], [161.89264620108693, 859.172827296433, -399.4955237159145], [-33.9657642512063, 923.6282692167756, -241.6300450573095], [-0.0005990996993, 999.9997532369144, -0.000839636401675507]], "J": [[-587.785252292477, 809.016994374947, 0.0], [-521.1475353069337, 830.939868825357, 168.5060023334593], [-355.8484683891916, 883.975185683475, 258.3083507695468], [-174.35568505183818, 939.776466139818, 243.635011113367], [-50.801641108174, 975.8460662285477, 172.11349101817711], [8.3421239182863, 989.4906434967693, 128.804187163311], [73.0085585382032, 989.6693255041782, 157.17381500846173], [218.62420480843093, 974.2534175701999, 205.0737438211705], [429.6989956475107, 920.7908819141312, 166.9931932826905], [587.7849126514147, 809.0175461526604, 0.000839635036076083]], "K": [[0.0, 999.999999999997, 0.0], [-80.28070756611275, 965.793677684007, -243.0968422681887], [-286.7295037492644, 876.0969619360354, -355.7979214405592], [-510.5238052150932, 765.997081923508, -244.993407889688], [-583.419661033387, 676.2598825241607, 79.7437198021568], [-368.5699805050207, 622.7389215784412, 453.452383306844], [94.930108644385, 577.0723683404462, 616.7923610118587], [544.1559153635409, 494.7314457062299, 419.6752237155725], [674.3436422543377, 379.5043873190632, -3.6641795603695], [425.3268735369887, 309.0170526269284, -324.9190016386829]], "first": [[-224.51398828979276, 690.9830056250522, 0.0], [-224.51398828979276, 690.9830056250522, 0.0], [-224.51398828979276, 690.9830056250522, 0.0], [-224.51398828979276, 690.9830056250522, 0.0], [-224.51398828979276, 690.9830056250522, 0.0], [-224.51398828979276, 690.9830056250522, 0.0], [-224.51398828979276, 690.9830056250522, 0.0], [-224.51398828979276, 690.9830056250522, 0.0], [-224.51398828979276, 690.9830056250522, 0.0], [-224.51398828979276, 690.9830056250522, 0.0]], "B_C": [[587.785252292473, 427.05098312484176, 0.0], [587.785252292473, 427.05098312484176, 0.0], [587.785252292473, 427.05098312484176, 0.0], [587.785252292473, 427.05098312484176, 0.0], [587.785252292473, 427.05098312484176, 0.0], [587.785252292473, 427.05098312484176, 0.0], [587.785252292473, 427.05098312484176, 0.0], [587.785252292473, 427.05098312484176, 0.0], [587.785252292473, 427.05098312484176, 0.0], [587.785252292473, 427.05098312484176, 0.0]], "D_E": [[587.785252292473, -427.050983124843, 0.0], [553.203832371236, -407.397101586882, -178.8594086671015], [455.449963230763, -349.435466853463, -330.221642265648], [311.339892044244, -256.11522702591, -431.685140880553], [145.280532791524, -132.184612711734, -470.037541394593], [-15.403240861024, 16.050657874222, -443.545423967688], [-145.6516874917458, 181.048220393747, -361.9987083405225], [-227.3378515036541, 354.4128277068039, -244.516242378313], [-252.5005927251173, 527.323508754767, -115.565081311128], [-224.514188734604, 690.982388718257, -0.000400890515]], "F_G": [[-224.513988289796, -690.983005625053, 0.0], [-223.3225614081653, -659.30207109922, 72.2198912573107], [-212.8721121700201, -567.3426705939, 154.9094975734553], [-175.972823172177, -424.436058070805, 249.258751210654], [-94.345950961057, -246.116408854313, 341.805339256381], [39.615750554083, -53.26192977054, 405.959634598313], [213.5246261321902, 130.224951766861, 411.240931001114], [393.3146050934979, 281.3208311091426, 337.667798028898], [532.0995431081387, 382.6932316563736, 189.3527413041712], [587.7852311301097, 427.0509179958672, 0.000759457511399733]],