{"A": [[0.0, 1000.0, 0.0], [0.0, 1000.0, 0.0], [0.0, 1000.0, 0.0], [0.0, 1000.0, 0.0], [0.0, 1000.0, 0.0], [0.0, 1000.0, 0.0], [0.0, 1000.0, 0.0], [0.0, 1000.0, 0.0], [0.0, 1000.0, 0.0], [0.0, 1000.0, 0.0]], "B": [[587.7852522924732, 809.0169943749474, 0.0], [587.7852522924732, 809.0169943749474, 0.0], [587.7852522924732, 809.0169943749474, 0.0], [587.7852522924732, 809.0169943749474, 0.0], [587.7852522924732, 809.0169943749474, 0.0], [587.7852522924732, 809.0169943749474, 0.0], [587.7852522924732, 809.0169943749474, 0.0], [587.7852522924732, 809.0169943749474, 0.0], [587.7852522924732, 809.0169943749474, 0.0], [587.7852522924732, 809.0169943749474, 0.0]], "C": [[951.056516295153, 309.016994374947, 0.0], [941.814706920499, 309.016994374947, -81.4196321895832], [914.559511644446, 309.016994374947, -158.696549033287], [870.67770307562, 309.016994374947, -227.898820839445], [812.402033154485, 309.016994374947, -285.505364232078], [742.697628418478, 309.016994374947, -328.585098525633], [665.1111212879322, 309.016994374947, -354.946082150799], [583.5901937294599, 309.016994374947, -363.24704091535], [502.2827151023877, 309.016994374947, -353.065613426404], [425.325694262993, 309.016994374947, -324.919841276231]], "D": [[951.056516295154, -309.016994374943, 0.0], [916.7913563896467, -294.795312091901, -210.8435161426382], [818.8007968971859, -252.853879190099, -397.647174140869], [670.639961193562, -185.326719283224, -540.269123268268], [492.202610087155, -95.649684316156, -625.627724382891], [306.226334448045, 11.614365146149, -649.537582419547], [134.3911659391342, 131.007722997453, -616.890808282712], [-6.23842518047408, 256.4555313384356, -540.180656060578], [-105.7538344054213, 381.5748755483186, -436.6892918456655], [-162.459703072703, 499.999553602047, -324.9201313633336]], "E": [[587.785252292473, -809.016994374943, 0.0], [522.9850183721097, -754.609693218417, -335.1548764302862], [347.8418978177439, -598.867212724859, -598.74043520187], [113.565091656699, -362.900630242515, -740.521731558934], [-113.867541311407, -77.7288431474126, -745.30991305621], [-275.018661680436, 221.120021379918, -634.4496491028113], [-334.5978326060198, 499.639630251153, -455.255888020358], [-289.3423618050801, 730.8534241638256, -263.116021723054], [-164.2649053086101, 898.7602277641316, -103.4299674670755], [-0.000669815628, 999.999724110497, -0.000290087354600267]], "F": [[0.0, -1000.000000000003, 0.0], [-23.4770351099333, -991.455488769022, -170.0812429078632], [-107.2968162189291, -945.946911065903, -365.608615763488], [-272.128105871229, -815.869888484036, -573.113190203003], [-505.130229928149, -556.0630759713216, -736.5989168296504], [-736.494587208561, -157.179558784802, -795.3701544936954], [-860.8398755236958, 334.831137381722, -734.314097349609], [-795.7322093029311, 824.3450532010177, -604.868342711785], [-537.6672427767201, 1196.6717348784146, -495.5848342637955], [-173.061439569609, 1361.803217239019, -470.2281216565496]], "G": [[-587.785252292477, -809.016994374943, 0.0], [-498.3216537796853, -908.1289636271105, 216.6296175269808], [-321.6438100036731, -1122.534172099498, 186.513034551185], [-243.7049437576971, -1259.15984889838, -143.401489057426], [-365.171072448104, -1143.8231866984227, -606.5393238514584], [-606.006016797734, -736.197376265971, -967.6406141830875], [-780.2093763198704, -155.426891978487, -1101.889665765267], [-759.2851653672722, 395.4858986119507, -1048.396751907417], [-567.5966084439706, 750.0467972737916, -921.7261364518525], [-335.520627334623, 861.803369747248, -795.1483827500176]], "H": [[-951.056516295157, -309.016994374943, 0.0], [-706.6681540792093, -538.8281049650946, 666.2679420218398], [-189.2490274941821, -1041.3432827278675, 784.715067561282], [180.9465586560599, -1413.787499180775, 278.175790354055], [192.824872108927, -1365.6872026909696, -460.3104090785235], [-17.07260466709, -923.46576486572, -974.9889444361417], [-194.4632704080524, -352.421252253865, -1094.0965483564146], [-235.14236597023918, 93.1017197046857, -922.682212426403], [-201.2830486836716, 346.3520625213906, -630.5029431463955], [-162.460002623546, 499.999430220894, -324.9208412683066]], "I": [[-951.056516295157, 309.016994374947, 0.0], [-563.0091788671083, -35.1174476748505, 994.2979464777447], [224.4458174841619, -742.5062696576096, 1133.310859428719], [734.5734385183619, -1182.438459323454, 426.300436855323], [717.605931079071, -1042.2335541380096, -416.16758821193855], [427.692061662235, -527.366329093242, -809.8961226182677], [157.1778091196826, -7.542018003, -720.7697796654996], [-16.28525074201518, 374.6728859264857, -417.919641788915], [-84.5922252104926, 697.3618017189226, -135.3853551375135], [-0.000660350711, 999.998954695592, -0.000160357638600267]], "J": [[-587.785252292477, 809.016994374947, 0.0], [-317.9938644501183, 530.0903022927955, 944.5615782171589], [333.8801695003249, -169.3688824570615, 1337.03535290419], [946.401550848177, -871.978327237884, 916.921847377032], [1146.848306873752, -1095.49402450231, 25.28491927760543], [980.682621150694, -746.995426109418, -642.7718810773956], [747.3259322248396, -190.874133574756, -729.7441568337443], [588.7187180922178, 248.6715071968467, -425.65666338426155], [520.0863749862484, 574.6944755873876, -99.5729436862649], [587.784752297203, 809.016442594796, 0.000160354075154651]], "K": [[0.0, 999.999999999997, 0.0], [-72.1787930835283, 924.8285850671565, 537.4711090932918], [84.9614773860239, 394.7715149983025, 1295.189111434842], [683.11760153576, -677.794119514326, 1441.269124241655], [1133.4234191780515, -1482.3968377733188, 507.04419186447745], [1076.0632457492627, -1357.622253839153, -644.6225452864472], [831.2050521237937, -671.049637370642, -1109.6938772566584], [664.5523431197274, -94.2735366916033, -934.1878516486946], [546.6138284761936, 194.6309496633076, -586.2083531291079], [425.325934796752, 309.016747609836, -324.92052055670786]], "first": [[-224.51398828979276, 690.9830056250522, 0.0], [-224.51398828979276, 690.9830056250522, 0.0], [-224.51398828979276, 690.9830056250522, 0.0], [-224.51398828979276, 690.9830056250522, 0.0], [-224.51398828979276, 690.9830056250522, 0.0], [-224.51398828979276, 690.9830056250522, 0.0], [-224.51398828979276, 690.9830056250522, 0.0], [-224.51398828979276, 690.9830056250522, 0.0], [-224.51398828979276, 690.9830056250522, 0.0], [-224.51398828979276, 690.9830056250522, 0.0]], "B_C": [[587.785252292473, 427.05098312484176, 0.0], [587.785252292473, 427.05098312484176, 0.0], [587.785252292473, 427.05098312484176, 0.0], [587.785252292473, 427.05098312484176, 0.0], [587.785252292473, 427.05098312484176, 0.0], [587.785252292473, 427.05098312484176, 0.0], [587.785252292473, 427.05098312484176, 0.0], [587.785252292473, 427.05098312484176, 0.0], [587.785252292473, 427.05098312484176, 0.0], [587.785252292473, 427.05098312484176, 0.0]], "D_E": [[587.785252292473, -427.050983124843, 0.0], [553.203832371236, -407.397101586882, -178.8594086671015], [455.449963230763, -349.435466853463, -330.221642265648], [311.339892044244, -256.11522702591, -431.685140880553], [145.280532791524, -132.184612711734, -470.037541394593], [-15.403240861024, 16.050657874222, -443.545423967688], [-145.6516874917458, 181.048220393747, -361.9987083405225], [-227.3378515036541, 354.4128277068039, -244.516242378313], [-252.5005927251173, 527.323508754767, -115.565081311128], [-224.514188734604, 690.982388718257, -0.000400890515]],