{"A": [[0.0, 1000.0, 0.0], [0.0, 1000.0, 0.0], [0.0, 1000.0, 0.0], [0.0, 1000.0, 0.0], [0.0, 1000.0, 0.0], [0.0, 1000.0, 0.0], [0.0, 1000.0, 0.0], [0.0, 1000.0, 0.0], [0.0, 1000.0, 0.0], [0.0, 1000.0, 0.0]], "B": [[587.7852522924732, 809.0169943749474, 0.0], [587.7852522924732, 809.0169943749474, 0.0], [587.7852522924732, 809.0169943749474, 0.0], [587.7852522924732, 809.0169943749474, 0.0], [587.7852522924732, 809.0169943749474, 0.0], [587.7852522924732, 809.0169943749474, 0.0], [587.7852522924732, 809.0169943749474, 0.0], [587.7852522924732, 809.0169943749474, 0.0], [587.7852522924732, 809.0169943749474, 0.0], [587.7852522924732, 809.0169943749474, 0.0]], "C": [[951.056516295153, 309.016994374947, 0.0], [941.814706920499, 309.016994374947, -81.4196321895832], [914.559511644446, 309.016994374947, -158.696549033287], [870.67770307562, 309.016994374947, -227.898820839445], [812.402033154485, 309.016994374947, -285.505364232078], [742.697628418478, 309.016994374947, -328.585098525633], [665.1111212879322, 309.016994374947, -354.946082150799], [583.5901937294599, 309.016994374947, -363.24704091535], [502.2827151023877, 309.016994374947, -353.065613426404], [425.325694262993, 309.016994374947, -324.919841276231]], "D": [[951.056516295154, -309.016994374943, 0.0], [916.7913563896467, -294.795312091901, -210.8435161426382], [818.8007968971859, -252.853879190099, -397.647174140869], [670.639961193562, -185.326719283224, -540.269123268268], [492.202610087155, -95.649684316156, -625.627724382891], [306.226334448045, 11.614365146149, -649.537582419547], [134.3911659391342, 131.007722997453, -616.890808282712], [-6.23842518047408, 256.4555313384356, -540.180656060578], [-105.7538344054213, 381.5748755483186, -436.6892918456655], [-162.459703072703, 499.999553602047, -324.9201313633336]], "E": [[587.785252292473, -809.016994374943, 0.0], [522.9850183721097, -754.609693218417, -335.1548764302862], [347.8418978177439, -598.867212724859, -598.74043520187], [113.565091656699, -362.900630242515, -740.521731558934], [-113.867541311407, -77.7288431474126, -745.30991305621], [-275.018661680436, 221.120021379918, -634.4496491028113], [-334.5978326060198, 499.639630251153, -455.255888020358], [-289.3423618050801, 730.8534241638256, -263.116021723054], [-164.2649053086101, 898.7602277641316, -103.4299674670755], [-0.000669815628, 999.999724110497, -0.000290087354600267]], "F": [[0.0, -1000.000000000003, 0.0], [-77.9824937538733, -881.71401585515, -403.3351652700104], [-265.5258556571201, -557.991299966098, -662.5774934318182], [-449.953751930908, -111.949208240385, -702.6283552656183], [-515.679106952073, 348.2869223133744, -547.764868708459], [-406.290780589668, 723.161756459121, -298.7597054258474], [-149.9845141818658, 949.693555295329, -74.02708734698], [162.58946146238193, 1014.4888526850036, 48.772711731466], [429.9132824921809, 948.6978259922515, 59.1262648806265], [587.784872562837, 809.017611281507, 0.000290086856934956]], "G": [[-587.785252292477, -809.016994374943, 0.0], [-642.2298465049803, -690.57515942668, -238.8454278190434], [-756.1462938752551, -373.555382499337, -335.1007931905032], [-814.395867410845, 41.059368682813, -227.5111790842523], [-713.9024724367, 426.366707082903, 32.387745554722], [-435.3047177160278, 675.5864860726123, 316.7569851278616], [-61.4945168521145, 739.873990400899, 500.526027525963], [268.83989070629895, 642.8701157096466, 531.034437213002], [441.1591557944435, 465.7740946356975, 444.6443724663035], [425.325783903672, 309.017458772949, 324.9201313639699]], "H": [[-951.056516295157, -309.016994374943, 0.0], [-938.1846360326894, -259.638302694026, 90.8062054471936], [-881.5095406453592, -136.724703404434, 221.8204732815268], [-750.4008625642628, -0.1703212293769, 385.8164358773867], [-548.234276946047, 93.367339920995, 525.978144289092], [-332.3725790129298, 127.0745937313013, 582.2860608093276], [-180.8035840629575, 134.976467336571, 543.3085510843305], [-131.33852389061607, 178.2233115057946, 454.050055134897], [-150.3554441155735, 301.4558904344175, 373.3981998570429], [-162.459903520324, 499.99912520238, 324.91984128005987]], "I": [[-951.056516295157, 309.016994374947, 0.0], [-844.3842418971326, 234.236027954957, 450.3276134831156], [-579.649515704693, 35.437170064458, 732.9044447740788], [-298.2437736402838, -209.6905144017589, 751.3588641109667], [-152.650494770948, -381.414380703481, 533.839460401121], [-202.8174860718138, -361.1207934142157, 226.1305426533316], [-357.3418301470805, -101.608996546434, 0.3282777788425], [-432.5114318402031, 323.5177303908826, -65.709911203532], [-301.7016976365175, 745.4608142265445, -28.9945814445361], [-0.001339636659, 999.999448220463, 4.166877408e-09]], "J": [[-587.785252292477, 809.016994374947, 0.0], [-399.3252253067826, 588.357176747002, 692.1678396241496], [0.2267125634169, 57.8319595489245, 945.5262793621558], [257.5118902190032, -455.6403977103899, 639.0632353496087], [152.940019684752, -614.022177559685, 49.61424258765496], [-179.2039321457002, -289.4641292404738, -387.2810107107854], [-368.3152617374679, 328.692108470094, -443.1653006084855], [-179.03100892697407, 858.9358386884606, -241.894858792357], [253.9665044564605, 1014.9416951423215, -53.0552392434722], [587.784492828611, 809.018228190507, 4.5213156373677e-10]], "K": [[0.0, 999.999999999997, 0.0], [214.3360205381444, 657.3905040430172, 717.0733876124925], [571.4908234262979, -80.6099056459125, 754.5886538099148], [567.1032129665322, -583.2322578100099, 119.6024174182987], [121.4060244407774, -416.345978468941, -535.1042697814261], [-285.6939840361242, 268.7234287530482, -630.2882743876484], [-199.8752386714459, 882.833141426624, -227.4764379532965], [245.6094088516369, 974.4376571976186, 192.047368652714], [536.9229099508304, 634.7633850697935, 343.6387692696328], [425.326453717718, 309.017734659736, 324.91984127811713]], "first": [[-224.51398828979276, 690.9830056250522, 0.0], [-224.51398828979276, 690.9830056250522, 0.0], [-224.51398828979276, 690.9830056250522, 0.0], [-224.51398828979276, 690.9830056250522, 0.0], [-224.51398828979276, 690.9830056250522, 0.0], [-224.51398828979276, 690.9830056250522, 0.0], [-224.51398828979276, 690.9830056250522, 0.0], [-224.51398828979276, 690.9830056250522, 0.0], [-224.51398828979276, 690.9830056250522, 0.0], [-224.51398828979276, 690.9830056250522, 0.0]], "B_C": [[587.785252292473, 427.05098312484176, 0.0], [587.785252292473, 427.05098312484176, 0.0], [587.785252292473, 427.05098312484176, 0.0], [587.785252292473, 427.05098312484176, 0.0], [587.785252292473, 427.05098312484176, 0.0], [587.785252292473, 427.05098312484176, 0.0], [587.785252292473, 427.05098312484176, 0.0], [587.785252292473, 427.05098312484176, 0.0], [587.785252292473, 427.05098312484176, 0.0], [587.785252292473, 427.05098312484176, 0.0]], "D_E": [[587.785252292473, -427.050983124843, 0.0], [553.203832371236, -407.397101586882, -178.8594086671015], [455.449963230763, -349.435466853463, -330.221642265648], [311.339892044244, -256.11522702591, -431.685140880553], [145.280532791524, -132.184612711734, -470.037541394593], [-15.403240861024, 16.050657874222, -443.545423967688], [-145.6516874917458, 181.048220393747, -361.9987083405225], [-227.3378515036541, 354.4128277068039, -244.516242378313], [-252.5005927251173, 527.323508754767, -115.565081311128], [-224.514188734604, 690.982388718257, -0.000400890515]], "F_G": [[-224.513988289796, -690.983005625053, 0.0], [-277.3128432524153, -583.050955353813, -273.0822504808154], [-392.2034244683211, -292.946344742027, -418.44228699762], [-467.423996492782, 90.691108655914, -379.31778279167], [-410.00939385107, 456.5546954117784, -197.037004415099], [-196.8168474183651, 709.855271982717, 20.3666685123456], [109.4776437945332, 803.007448034494, 164.846536699732], [397.2165676542699, 746.3873495094164, 186.503386547678], [568.6334674417619, 596.3355721894886, 109.0821067102715], [587.785452736641, 427.051600031858, 0.000400890532929431]],