{"A": [[0.0, 1000.0, 0.0], [0.0, 1000.0, 0.0], [0.0, 1000.0, 0.0], [0.0, 1000.0, 0.0], [0.0, 1000.0, 0.0], [0.0, 1000.0, 0.0], [0.0, 1000.0, 0.0], [0.0, 1000.0, 0.0], [0.0, 1000.0, 0.0], [0.0, 1000.0, 0.0]], "B": [[587.7852522924732, 809.0169943749474, 0.0], [587.7852522924732, 809.0169943749474, 0.0], [587.7852522924732, 809.0169943749474, 0.0], [587.7852522924732, 809.0169943749474, 0.0], [587.7852522924732, 809.0169943749474, 0.0], [587.7852522924732, 809.0169943749474, 0.0], [587.7852522924732, 809.0169943749474, 0.0], [587.7852522924732, 809.0169943749474, 0.0], [587.7852522924732, 809.0169943749474, 0.0], [587.7852522924732, 809.0169943749474, 0.0]], "C": [[951.056516295153, 309.016994374947, 0.0], [941.814706920499, 309.016994374947, -81.4196321895832], [914.559511644446, 309.016994374947, -158.696549033287], [870.67770307562, 309.016994374947, -227.898820839445], [812.402033154485, 309.016994374947, -285.505364232078], [742.697628418478, 309.016994374947, -328.585098525633], [665.1111212879322, 309.016994374947, -354.946082150799], [583.5901937294599, 309.016994374947, -363.24704091535], [502.2827151023877, 309.016994374947, -353.065613426404], [425.325694262993, 309.016994374947, -324.919841276231]], "D": [[951.056516295154, -309.016994374943, 0.0], [975.8447504020533, -294.795312091902, 45.9328940905318], [1043.148463311335, -252.853879190098, 64.310209157048], [1133.309329241757, -185.326719283223, 34.045701825333], [1218.333873677532, -95.649684316156, -54.355561600143], [1268.020900528612, 11.614365146148, -196.09680788303], [1256.697372281904, 131.007722997453, -372.3936661855586], [1169.175309516927, 256.4555313384356, -553.755245520137], [1004.6921412213857, 381.5748755483187, -705.607999071747], [777.997540230119, 499.999553602047, -795.147703469983]], "E": [[587.785252292473, -809.016994374943, 0.0], [675.9091338328712, -754.609693218417, 329.7909080211098], [909.99158612617, -598.867212724859, 558.789764168742], [1210.3938199395245, -362.900630242516, 620.979683368907], [1477.30343813838, -77.7288431474125, 506.518416566851], [1626.229203908635, 221.120021379916, 261.899046514987], [1615.9530188817862, 499.639630251153, -30.3236315571126], [1458.602399841107, 730.8534241638246, -283.302643537069], [1209.1904760391626, 898.7602277641327, -436.042137434427], [940.457413123589, 999.999724110492, -470.228282011263]], "F": [[0.0, -1000.000000000003, 0.0], [165.1042463941552, -881.71401585515, 653.6564192844799], [580.907291399904, -557.9912999661009, 1080.324708319909], [1053.4183160084285, -111.94920824039, 1163.518240718331], [1379.8818762525327, 348.2869223133745, 943.53743000755], [1450.793511110847, 723.161756459133, 576.76794809361], [1289.4918860176442, 949.693555295331, 239.5663544214324], [1013.9940179121679, 1014.4888526849996, 38.940031563932], [755.2165314220757, 948.6978259922635, -19.653010364429], [587.785712199971, 809.017611281501, -0.000129730772]], "G": [[-587.785252292477, -809.016994374943, 0.0], [-346.9307968965028, -623.943474285225, 884.6119855546448], [218.559392854646, -150.4307874595979, 1371.124364983003], [761.1748110767985, 409.592132199272, 1320.216598360626], [1004.8540666258868, 837.8783935654815, 903.2839266327821], [921.224663324679, 1004.036043244934, 426.326990482004], [689.3129658810172, 913.1944931935936, 96.6709607258034], [508.00310330926493, 678.2466393251626, -74.551728244027], [443.1943548261057, 443.3402063464145, -190.597003614565], [425.325524442349, 309.017270263272, -324.919131371952]], "H": [[-951.056516295157, -309.016994374943, 0.0], [-795.7581190911358, -219.931901524903, 753.1026886306438], [-360.730264887661, 62.6283516165031, 1339.575879455762], [205.3654064212855, 526.914713143081, 1563.68595772085], [618.8334325532188, 1042.8236255398656, 1340.2639412915821], [653.300133552852, 1382.096316322402, 835.292621699647], [366.3146744082422, 1375.8751695628187, 348.7913816962094], [40.72576877806892, 1066.7533190150307, 38.055836865364], [-121.6470419182613, 692.3492395349995, -160.3528444353854], [-162.459743165129, 500.000228760518, -324.91916199912066]], "I": [[-951.056516295157, 309.016994374947, 0.0], [-997.1747790385508, 164.51056502672, 313.1011769770808], [-870.623298354397, -24.1273621893023, 1001.273423369153], [-264.2131603257215, 166.181971695563, 1740.699714671206], [533.9951045300542, 797.3832797430495, 1901.091460234323], [921.167998207964, 1470.500442496507, 1385.199458182518], [728.1258444679293, 1753.8254242616676, 677.7477518172514], [319.1110630689689, 1592.2328381279597, 206.397495896994], [56.5923092678867, 1256.6847106707476, 17.7544854442006], [-8.0182616e-05, 1000.000740289417, -0.0001603594426551034]], "J": [[-587.785252292477, 809.016994374947, 0.0], [-868.5174910507858, 371.605132634976, -254.8118036501302], [-1059.083537046974, -367.8152526266363, 523.437276087701], [-352.033232859105, -445.580181716799, 1739.8548699485566], [818.9478919928972, 300.0451187840055, 2132.2249148036303], [1450.738162252852, 1178.790779989543, 1513.367025857198], [1318.1351909112611, 1570.0661980424777, 668.3920509377689], [921.986794762717, 1459.6814189878817, 175.7872905925452], [663.6497407050697, 1141.3386742856555, 29.69509167853], [587.785332467108, 809.018228191825, 0.0001603545789994636]], "K": [[0.0, 999.999999999997, 0.0], [-462.5884123850898, 316.3582490728299, -717.5594413538842], [-832.956547125852, -798.5530619136213, 142.258137978125], [-2.825550505134, -923.36133942874, 1561.6831236740586], [1243.2502958105692, -46.9931725664135, 1846.746534359112], [1700.139219131195, 805.453036382486, 1088.650587187259], [1391.7418052454007, 1056.5044727379527, 332.53131807575994], [937.255599960423, 869.6375699853296, -7.4642608120738], [629.1920932534746, 549.6834657220845, -145.584102642419], [425.326194256991, 309.017546153222, -324.918841285662]], "first": [[-224.51398828979276, 690.9830056250522, 0.0], [-224.51398828979276, 690.9830056250522, 0.0], [-224.51398828979276, 690.9830056250522, 0.0], [-224.51398828979276, 690.9830056250522, 0.0], [-224.51398828979276, 690.9830056250522, 0.0], [-224.51398828979276, 690.9830056250522, 0.0], [-224.51398828979276, 690.9830056250522, 0.0], [-224.51398828979276, 690.9830056250522, 0.0], [-224.51398828979276, 690.9830056250522, 0.0], [-224.51398828979276, 690.9830056250522, 0.0]], "B_C": [[587.785252292473, 427.05098312484176, 0.0], [587.785252292473, 427.05098312484176, 0.0], [587.785252292473, 427.05098312484176, 0.0], [587.785252292473, 427.05098312484176, 0.0], [587.785252292473, 427.05098312484176, 0.0], [587.785252292473, 427.05098312484176, 0.0], [587.785252292473, 427.05098312484176, 0.0], [587.785252292473, 427.05098312484176, 0.0], [587.785252292473, 427.05098312484176, 0.0], [587.785252292473, 427.05098312484176, 0.0]], "D_E": [[587.785252292473, -427.050983124843, 0.0], [634.813615745343, -407.397101586882, 175.9968627659568], [765.490812918396, -349.435466853463, 308.187760098117], [950.7332331334202, -256.11522702591, 361.998427155859], [1148.769258779525, -132.184612711734, 319.441170744509], [1313.764159267375, 16.050657874222, 183.094314556705], [1405.3373438890233, 181.048220393747, -24.111968114467], [1397.043979004716, 354.4128277068039, -263.2758636280978], [1282.0980029206057, 527.323508754767, -487.201594486893], [1075.165756543879, 690.982388718256, -649.838923094567]], "F_G": [[-224.513988289796, -690.983005625053, 0.0], [-71.1013770753898, -583.050955353815, 623.5679915480678], [310.707502770479, -292.946344742026, 1028.931326594249], [733.7984221017825, 90.691108655913, 1111.768273205424], [1014.135971490377, 456.5546954117755, 923.386593589607], [1071.317994660713, 709.855271982719, 618.232434538008], [954.1791542765671, 803.007448034494, 348.8668192846474], [782.6103068620159, 746.3873495094084, 182.052560735796], [654.7214414666547, 596.3355721894967, 88.234026577945], [587.785452737679, 427.051600031851, 0.000400890007]],