{"A": [[0.0, 1000.0, 0.0], [0.0, 1000.0, 0.0], [0.0, 1000.0, 0.0], [0.0, 1000.0, 0.0], [0.0, 1000.0, 0.0], [0.0, 1000.0, 0.0], [0.0, 1000.0, 0.0], [0.0, 1000.0, 0.0], [0.0, 1000.0, 0.0], [0.0, 1000.0, 0.0]], "B": [[587.7852522924732, 809.0169943749474, 0.0], [587.7852522924732, 809.0169943749474, 0.0], [587.7852522924732, 809.0169943749474, 0.0], [587.7852522924732, 809.0169943749474, 0.0], [587.7852522924732, 809.0169943749474, 0.0], [587.7852522924732, 809.0169943749474, 0.0], [587.7852522924732, 809.0169943749474, 0.0], [587.7852522924732, 809.0169943749474, 0.0], [587.7852522924732, 809.0169943749474, 0.0], [587.7852522924732, 809.0169943749474, 0.0]], "C": [[951.056516295153, 309.016994374947, 0.0], [941.814706920499, 309.016994374947, -81.4196321895832], [914.559511644446, 309.016994374947, -158.696549033287], [870.67770307562, 309.016994374947, -227.898820839445], [812.402033154485, 309.016994374947, -285.505364232078], [742.697628418478, 309.016994374947, -328.585098525633], [665.1111212879322, 309.016994374947, -354.946082150799], [583.5901937294599, 309.016994374947, -363.24704091535], [502.2827151023877, 309.016994374947, -353.065613426404], [425.325694262993, 309.016994374947, -324.919841276231]], "D": [[951.056516295154, -309.016994374943, 0.0], [916.7913563896467, -294.795312091901, -210.8435161426382], [818.8007968971859, -252.853879190099, -397.647174140869], [670.639961193562, -185.326719283224, -540.269123268268], [492.202610087155, -95.649684316156, -625.627724382891], [306.226334448045, 11.614365146149, -649.537582419547], [134.3911659391342, 131.007722997453, -616.890808282712], [-6.23842518047408, 256.4555313384356, -540.180656060578], [-105.7538344054213, 381.5748755483186, -436.6892918456655], [-162.459703072703, 499.999553602047, -324.9201313633336]], "E": [[587.785252292473, -809.016994374943, 0.0], [522.9850183721097, -754.609693218417, -335.1548764302862], [347.8418978177439, -598.867212724859, -598.74043520187], [113.565091656699, -362.900630242515, -740.521731558934], [-113.867541311407, -77.7288431474126, -745.30991305621], [-275.018661680436, 221.120021379918, -634.4496491028113], [-334.5978326060198, 499.639630251153, -455.255888020358], [-289.3423618050801, 730.8534241638256, -263.116021723054], [-164.2649053086101, 898.7602277641316, -103.4299674670755], [-0.000669815628, 999.999724110497, -0.000290087354600267]], "F": [[0.0, -1000.000000000003, 0.0], [-23.4770351099333, -991.455488769022, -170.0812429078632], [-107.2968162189291, -945.946911065903, -365.608615763488], [-272.128105871229, -815.869888484036, -573.113190203003], [-505.130229928149, -556.0630759713216, -736.5989168296504], [-736.494587208561, -157.179558784802, -795.3701544936954], [-860.8398755236958, 334.831137381722, -734.314097349609], [-795.7322093029311, 824.3450532010177, -604.868342711785], [-537.6672427767201, 1196.6717348784146, -495.5848342637955], [-173.061439569609, 1361.803217239019, -470.2281216565496]], "G": [[-587.785252292477, -809.016994374943, 0.0], [-498.3216537796853, -908.1289636271105, 216.6296175269808], [-321.6438100036731, -1122.534172099498, 186.513034551185], [-243.7049437576971, -1259.15984889838, -143.401489057426], [-365.171072448104, -1143.8231866984227, -606.5393238514584], [-606.006016797734, -736.197376265971, -967.6406141830875], [-780.2093763198704, -155.426891978487, -1101.889665765267], [-759.2851653672722, 395.4858986119507, -1048.396751907417], [-567.5966084439706, 750.0467972737916, -921.7261364518525], [-335.520627334623, 861.803369747248, -795.1483827500176]], "H": [[-951.056516295157, -309.016994374943, 0.0], [-706.6681540792093, -538.8281049650946, 666.2679420218398], [-189.2490274941821, -1041.3432827278675, 784.715067561282], [180.9465586560599, -1413.787499180775, 278.175790354055], [192.824872108927, -1365.6872026909696, -460.3104090785235], [-17.07260466709, -923.46576486572, -974.9889444361417], [-194.4632704080524, -352.421252253865, -1094.0965483564146], [-235.14236597023918, 93.1017197046857, -922.682212426403], [-201.2830486836716, 346.3520625213906, -630.5029431463955], [-162.460002623546, 499.999430220894, -324.9208412683066]], "I": [[-951.056516295157, 309.016994374947, 0.0], [-563.0091788671083, -35.1174476748505, 994.2979464777447], [224.4458174841619, -742.5062696576096, 1133.310859428719], [734.5734385183619, -1182.438459323454, 426.300436855323], [717.605931079071, -1042.2335541380096, -416.16758821193855], [427.692061662235, -527.366329093242, -809.8961226182677], [157.1778091196826, -7.542018003, -720.7697796654996], [-16.28525074201518, 374.6728859264857, -417.919641788915], [-84.5922252104926, 697.3618017189226, -135.3853551375135], [-0.000660350711, 999.998954695592, -0.000160357638600267]], "J": [[-587.785252292477, 809.016994374947, 0.0], [-126.3037184905553, 396.2754317931725, 1066.0930415169546], [714.9545726604749, -373.7359499581925, 1059.9922147721256], [1068.7525226706969, -710.711452051559, 207.750713507243], [784.7813307433782, -435.0394108425296, -509.80918835686765], [273.19199738321, 46.800608316499, -641.2898671785387], [-169.0626115469824, 443.967890146633, -453.0535081838036], [-433.8251704569362, 814.2072649695647, -297.769917137616], [-423.2675343864306, 1184.1932805677657, -309.3398244866395], [-173.061140018766, 1361.803340619434, -470.2274117515216]], "K": [[0.0, 999.999999999997, 0.0], [424.2202116417777, 578.3028510449615, 852.1878469977786], [1039.822565904512, -117.3126315966935, 600.9999708113287], [973.1693535987544, -295.486247326996, -239.92986279881], [340.0262829809383, -35.1430598503226, -665.5071883538207], [-322.483892901868, 211.530941021918, -641.692942789905], [-761.4640824188474, 432.2959940904373, -628.8098036653906], [-856.0613614690811, 746.7284323528369, -744.008886075037], [-620.1736891353496, 948.4896983095766, -845.6585718587195], [-335.5206367993, 861.804139162195, -795.1485124791446]], "first": [[-224.51398828979276, 690.9830056250522, 0.0], [-224.51398828979276, 690.9830056250522, 0.0], [-224.51398828979276, 690.9830056250522, 0.0], [-224.51398828979276, 690.9830056250522, 0.0], [-224.51398828979276, 690.9830056250522, 0.0], [-224.51398828979276, 690.9830056250522, 0.0], [-224.51398828979276, 690.9830056250522, 0.0], [-224.51398828979276, 690.9830056250522, 0.0], [-224.51398828979276, 690.9830056250522, 0.0], [-224.51398828979276, 690.9830056250522, 0.0]], "B_C": [[587.785252292473, 427.05098312484176, 0.0], [587.785252292473, 427.05098312484176, 0.0], [587.785252292473, 427.05098312484176, 0.0], [587.785252292473, 427.05098312484176, 0.0], [587.785252292473, 427.05098312484176, 0.0], [587.785252292473, 427.05098312484176, 0.0], [587.785252292473, 427.05098312484176, 0.0], [587.785252292473, 427.05098312484176, 0.0], [587.785252292473, 427.05098312484176, 0.0], [587.785252292473, 427.05098312484176, 0.0]], "D_E": [[587.785252292473, -427.050983124843, 0.0], [553.203832371236, -407.397101586882, -178.8594086671015], [455.449963230763, -349.435466853463, -330.221642265648], [311.339892044244, -256.11522702591, -431.685140880553], [145.280532791524, -132.184612711734, -470.037541394593], [-15.403240861024, 16.050657874222, -443.545423967688], [-145.6516874917458, 181.048220393747, -361.9987083405225], [-227.3378515036541, 354.4128277068039, -244.516242378313], [-252.5005927251173, 527.323508754767, -115.565081311128], [-224.514188734604, 690.982388718257, -0.000400890515]],