{"A": [[0.0, 1000.0, 0.0], [0.0, 1000.0, 0.0], [0.0, 1000.0, 0.0], [0.0, 1000.0, 0.0], [0.0, 1000.0, 0.0], [0.0, 1000.0, 0.0], [0.0, 1000.0, 0.0], [0.0, 1000.0, 0.0], [0.0, 1000.0, 0.0], [0.0, 1000.0, 0.0]], "B": [[587.7852522924732, 809.0169943749474, 0.0], [587.7852522924732, 809.0169943749474, 0.0], [587.7852522924732, 809.0169943749474, 0.0], [587.7852522924732, 809.0169943749474, 0.0], [587.7852522924732, 809.0169943749474, 0.0], [587.7852522924732, 809.0169943749474, 0.0], [587.7852522924732, 809.0169943749474, 0.0], [587.7852522924732, 809.0169943749474, 0.0], [587.7852522924732, 809.0169943749474, 0.0], [587.7852522924732, 809.0169943749474, 0.0]], "C": [[951.056516295153, 309.016994374947, 0.0], [941.814706920499, 309.016994374947, -81.4196321895832], [914.559511644446, 309.016994374947, -158.696549033287], [870.67770307562, 309.016994374947, -227.898820839445], [812.402033154485, 309.016994374947, -285.505364232078], [742.697628418478, 309.016994374947, -328.585098525633], [665.1111212879322, 309.016994374947, -354.946082150799], [583.5901937294599, 309.016994374947, -363.24704091535], [502.2827151023877, 309.016994374947, -353.065613426404], [425.325694262993, 309.016994374947, -324.919841276231]], "D": [[951.056516295154, -309.016994374943, 0.0], [975.8447504020533, -294.795312091902, 45.9328940905318], [1043.148463311335, -252.853879190098, 64.310209157048], [1133.309329241757, -185.326719283223, 34.045701825333], [1218.333873677532, -95.649684316156, -54.355561600143], [1268.020900528612, 11.614365146148, -196.09680788303], [1256.697372281904, 131.007722997453, -372.3936661855586], [1169.175309516927, 256.4555313384356, -553.755245520137], [1004.6921412213857, 381.5748755483187, -705.607999071747], [777.997540230119, 499.999553602047, -795.147703469983]], "E": [[587.785252292473, -809.016994374943, 0.0], [629.3493603519402, -789.320407316726, 177.6594522214058], [746.725495028097, -730.735462429325, 320.686158740916], [918.907145932154, -634.85086146872, 400.004388885189], [1114.071578615198, -504.538091114331, 397.203577233843], [1294.4149532430938, -344.208640297275, 308.541036544656], [1422.6837634881422, -160.035406393434, 146.9409331035654], [1469.5837411160678, 39.9625655666836, -58.930446984738], [1420.6382104361367, 246.0564598231687, -269.042267761727], [1280.717432680564, 447.2128260854615, -439.54640653364]], "F": [[0.0, -1000.000000000003, 0.0], [44.5334935238132, -971.600555642855, 259.6982277021304], [171.810180255048, -888.414596334603, 483.7066569011], [362.404429976551, -756.648959015738, 639.662399012266], [583.932131812238, -586.9799132829727, 703.995891594982], [794.8726335156098, -394.3636998866654, 668.968493946248], [953.5929053794172, -196.8114690557311, 547.6494297741355], [1030.324249039134, -12.9273000325078, 372.6014428998], [1016.7457143410287, 141.4010081543007, 186.900820007082], [928.046035539705, 256.2302197305825, 30.681773139505]], "G": [[-587.785252292477, -809.016994374943, 0.0], [-516.0833665698738, -766.446199463353, 419.6558394915114], [-312.332766228436, -642.118274542255, 778.511237075744], [-11.092520555488, -446.613955635911, 1022.212181227142], [330.871274640567, -198.5298560321057, 1112.692315410324], [642.1968745483498, 75.4840590739926, 1040.316319136485], [853.688119260537, 342.7787566856789, 831.9510886595134], [920.074915434886, 569.5484339019532, 547.338717307532], [836.6690057723727, 727.9287609051657, 261.2216484080679], [640.859748515013, 803.4440520421444, 37.54249627756701]], "H": [[-951.056516295157, -309.016994374943, 0.0], [-822.4188043060668, -258.054610043812, 591.8841839780295], [-466.395242140633, -113.588858053745, 1059.380282490551], [33.4753158592844, 100.134685369623, 1306.897345515726], [559.539482069365, 346.6722740846783, 1292.779792702692], [992.6098993357938, 584.5729107527026, 1042.6107484491718], [1249.050788342348, 777.7640714372588, 641.0528249243864], [1305.633176765954, 906.1557857597712, 200.919420725019], [1197.9102886212986, 971.5034568017987, -177.1185326552571], [993.530889257128, 994.4271469473025, -432.685677270349]], "I": [[-951.056516295157, 309.016994374947, 0.0], [-748.7498838930455, 344.925537731874, 705.6991338031074], [-214.225360913415, 435.925663092817, 1187.482403085829], [468.0593246227044, 539.502586815563, 1314.5522626418617], [1085.012630377249, 607.7211702189223, 1098.62146688435], [1487.5590334467968, 611.9885158403048, 673.5040558919428], [1640.7271174738519, 559.1862892015569, 215.8711960161094], [1603.683674158098, 487.6377691369042, -142.554860723336], [1463.5470849468898, 442.6664314006217, -355.2603420454191], [1280.717491145178, 447.2134851446695, -439.54682022618954]], "J": [[-587.785252292477, 809.016994374947, 0.0], [-325.3110209745805, 795.025537785563, 714.3899664504928], [319.531261592467, 734.804524437278, 1099.497714516265], [1019.1555541655164, 594.9750707226409, 1040.3593368341667], [1482.340252760883, 373.5064252490283, 687.233298629871], [1620.5981028257129, 129.6784395528258, 310.67681383250385], [1534.415529460513, -37.1060526886611, 92.9919849701894], [1363.3025128704119, -52.8250786883418, 36.561913110689], [1165.2219434255696, 73.8365544084237, 40.8869071237469], [928.046606802077, 256.2299016894235, 30.68134719612348]], "K": [[0.0, 999.999999999997, 0.0], [274.1145050226355, 907.520130040326, 614.3898827180489], [871.042867959108, 635.3142236329048, 838.9163657231479], [1339.9334874059505, 231.6407200897589, 656.8809431191097], [1430.203250138764, -166.5623486922137, 391.305159343841], [1255.597709432683, -368.8437911429412, 325.3842804788001], [1064.2828904634, -258.5828084394621, 427.4906541182574], [948.1650110741639, 102.4394637246972, 467.281993582609], [828.9267630765167, 515.3161316410057, 312.8562910820269], [640.85969005091, 803.4433929826945, 37.54290996974403]], "first": [[-224.51398828979276, 690.9830056250522, 0.0], [-224.51398828979276, 690.9830056250522, 0.0], [-224.51398828979276, 690.9830056250522, 0.0], [-224.51398828979276, 690.9830056250522, 0.0], [-224.51398828979276, 690.9830056250522, 0.0], [-224.51398828979276, 690.9830056250522, 0.0], [-224.51398828979276, 690.9830056250522, 0.0], [-224.51398828979276, 690.9830056250522, 0.0], [-224.51398828979276, 690.9830056250522, 0.0], [-224.51398828979276, 690.9830056250522, 0.0]], "B_C": [[587.785252292473, 427.05098312484176, 0.0], [587.785252292473, 427.05098312484176, 0.0], [587.785252292473, 427.05098312484176, 0.0], [587.785252292473, 427.05098312484176, 0.0], [587.785252292473, 427.05098312484176, 0.0], [587.785252292473, 427.05098312484176, 0.0], [587.785252292473, 427.05098312484176, 0.0], [587.785252292473, 427.05098312484176, 0.0], [587.785252292473, 427.05098312484176, 0.0], [587.785252292473, 427.05098312484176, 0.0]], "D_E": [[587.785252292473, -427.050983124843, 0.0], [634.813615745343, -407.397101586882, 175.9968627659568], [765.490812918396, -349.435466853463, 308.187760098117], [950.7332331334202, -256.11522702591, 361.998427155859], [1148.769258779525, -132.184612711734, 319.441170744509], [1313.764159267375, 16.050657874222, 183.094314556705], [1405.3373438890233, 181.048220393747, -24.111968114467], [1397.043979004716, 354.4128277068039, -263.2758636280978], [1282.0980029206057, 527.323508754767, -487.201594486893], [1075.165756543879, 690.982388718256, -649.838923094567]], "F_G": [[-224.513988289796, -690.983005625053, 0.0], [-173.3820350508878, -659.302071099221, 289.3716620848978], [-29.022611445115, -567.342670593902, 533.476547692555], [181.665394514404, -424.436058070804, 693.197651475316], [416.134562074888, -246.116408854314, 743.417721704369], [623.4136522229558, -53.261929770532, 681.192810207001], [757.0697217946152, 130.224951766858, 529.6535547033844], [790.0022908354059, 281.3208311091486, 333.086540962848], [723.9323011181978, 382.6932316563717, 142.89625587402], [587.785872555119, 427.0509179958597, 0.000438745724]],