{"A": [[0.0, 1000.0, 0.0], [0.0, 1000.0, 0.0], [0.0, 1000.0, 0.0], [0.0, 1000.0, 0.0], [0.0, 1000.0, 0.0], [0.0, 1000.0, 0.0], [0.0, 1000.0, 0.0], [0.0, 1000.0, 0.0], [0.0, 1000.0, 0.0], [0.0, 1000.0, 0.0]], "B": [[587.7852522924732, 809.0169943749474, 0.0], [587.7852522924732, 809.0169943749474, 0.0], [587.7852522924732, 809.0169943749474, 0.0], [587.7852522924732, 809.0169943749474, 0.0], [587.7852522924732, 809.0169943749474, 0.0], [587.7852522924732, 809.0169943749474, 0.0], [587.7852522924732, 809.0169943749474, 0.0], [587.7852522924732, 809.0169943749474, 0.0], [587.7852522924732, 809.0169943749474, 0.0], [587.7852522924732, 809.0169943749474, 0.0]], "C": [[951.056516295153, 309.016994374947, 0.0], [941.814706920499, 309.016994374947, -81.4196321895832], [914.559511644446, 309.016994374947, -158.696549033287], [870.67770307562, 309.016994374947, -227.898820839445], [812.402033154485, 309.016994374947, -285.505364232078], [742.697628418478, 309.016994374947, -328.585098525633], [665.1111212879322, 309.016994374947, -354.946082150799], [583.5901937294599, 309.016994374947, -363.24704091535], [502.2827151023877, 309.016994374947, -353.065613426404], [425.325694262993, 309.016994374947, -324.919841276231]], "D": [[951.056516295154, -309.016994374943, 0.0], [975.8447504020533, -294.795312091902, 45.9328940905318], [1043.148463311335, -252.853879190098, 64.310209157048], [1133.309329241757, -185.326719283223, 34.045701825333], [1218.333873677532, -95.649684316156, -54.355561600143], [1268.020900528612, 11.614365146148, -196.09680788303], [1256.697372281904, 131.007722997453, -372.3936661855586], [1169.175309516927, 256.4555313384356, -553.755245520137], [1004.6921412213857, 381.5748755483187, -705.607999071747], [777.997540230119, 499.999553602047, -795.147703469983]], "E": [[587.785252292473, -809.016994374943, 0.0], [675.9091338328712, -754.609693218417, 329.7909080211098], [909.99158612617, -598.867212724859, 558.789764168742], [1210.3938199395245, -362.900630242516, 620.979683368907], [1477.30343813838, -77.7288431474125, 506.518416566851], [1626.229203908635, 221.120021379916, 261.899046514987], [1615.9530188817862, 499.639630251153, -30.3236315571126], [1458.602399841107, 730.8534241638246, -283.302643537069], [1209.1904760391626, 898.7602277641327, -436.042137434427], [940.457413123589, 999.999724110492, -470.228282011263]], "F": [[0.0, -1000.000000000003, 0.0], [112.2357331054292, -991.455488769022, 420.0260325152219], [445.346582401934, -945.9469110659, 772.347051011647], [964.7232250402445, -815.869888484036, 962.199291744607], [1560.9279974375086, -556.0630759713215, 888.839362946838], [2044.007996217583, -157.179558784815, 515.505670234053], [2210.585722132353, 334.831137381725, -65.1965458766806], [1956.9645975887959, 824.3450532010145, -636.658620430309], [1361.8056626818336, 1196.6717348784236, -955.58361795838], [668.112360714574, 1361.803217239018, -890.814083053614]], "G": [[-587.785252292477, -809.016994374943, 0.0], [-483.8386032235218, -908.1289636271093, 279.6049264525419], [-121.116127413089, -1122.53417209949, 599.422359657937], [550.9094886890995, -1259.159848898384, 842.959139727485], [1401.5803176718505, -1143.8231866984136, 783.424086817244], [2093.8740142581028, -736.197376265973, 305.22547969239], [2290.159825837677, -155.426891978481, -433.0022526261076], [1910.2842205675506, 395.4858986119415, -1079.227009695076], [1193.4542728068086, 750.0467972737997, -1348.203008573422], [505.652244672562, 861.803369747256, -1215.733880009623]], "H": [[-951.056516295157, -309.016994374943, 0.0], [-867.6793788411998, -538.8281049650983, -33.8422716763341], [-509.398420690407, -1041.3432827278552, 125.491023428247], [229.3848629326675, -1413.787499180767, 338.302606974322], [1128.1249680748886, -1365.6872026909625, 275.521988539858], [1724.8029157058909, -923.465764865701, -153.776792736439], [1754.2515820204412, -352.421252253846, -669.5642687625536], [1389.1845275827536, 93.1017197046865, -941.441199221627], [1000.9650175690067, 346.3520625214167, -921.653528440928], [777.997152037833, 499.9994302209, -795.148369054332]], "I": [[-951.056516295157, 309.016994374947, 0.0], [-881.754740613518, -35.1174476748613, -391.6738929359831], [-527.5753723046956, -742.5062696575973, -415.186375118569], [202.4997654069654, -1182.438459323432, -234.166452921692], [961.7054625165605, -1042.2335541380176, -224.126184335412], [1314.4388521201, -527.366329093207, -391.836834633799], [1279.1854720140193, -7.542018002962, -476.3376759861266], [1182.0430089086026, 374.6728859264895, -431.75886595515], [1123.7252794297158, 697.3618017189627, -428.005787286915], [940.457511228256, 999.998954695597, -470.228196601313]], "J": [[-587.785252292477, 809.016994374947, 0.0], [-520.288028101125, 396.2754317931677, -647.0324849979571], [-166.6622560967136, -373.7359499581753, -755.357192661661], [487.1742397935924, -710.711452051538, -514.166605587897], [1036.9053602137699, -435.0394108425095, -311.4546389426243], [1282.6781232412095, 46.80060831652, -165.364771595728], [1464.5022645152292, 443.967890146661, -97.1774189576606], [1602.2463596869145, 814.2072649695525, -321.28405034543], [1345.2903332446847, 1184.1932805677807, -737.634677056502], [668.112748906908, 1361.803340619448, -890.813417469208]], "K": [[0.0, 999.999999999997, 0.0], [68.371430835439, 578.3028510449747, -695.1164874847941], [394.9443746931194, -117.3126315966683, -726.8776332640159], [904.2493845094284, -295.486247327004, -325.480717742967], [1292.91045642004, -35.1430598503045, 84.1592010954227], [1662.0192193531434, 211.53094102191, 293.906674868646], [2076.3293049853132, 432.2959940904495, -10.589598554494], [2014.0642819513075, 746.7284323528268, -777.155323075605], [1275.007809528323, 948.4896983095807, -1304.618097820127], [505.652146568203, 861.804139162221, -1215.733965418985]], "first": [[-224.51398828979276, 690.9830056250522, 0.0], [-224.51398828979276, 690.9830056250522, 0.0], [-224.51398828979276, 690.9830056250522, 0.0], [-224.51398828979276, 690.9830056250522, 0.0], [-224.51398828979276, 690.9830056250522, 0.0], [-224.51398828979276, 690.9830056250522, 0.0], [-224.51398828979276, 690.9830056250522, 0.0], [-224.51398828979276, 690.9830056250522, 0.0], [-224.51398828979276, 690.9830056250522, 0.0], [-224.51398828979276, 690.9830056250522, 0.0]], "B_C": [[587.785252292473, 427.05098312484176, 0.0], [587.785252292473, 427.05098312484176, 0.0], [587.785252292473, 427.05098312484176, 0.0], [587.785252292473, 427.05098312484176, 0.0], [587.785252292473, 427.05098312484176, 0.0], [587.785252292473, 427.05098312484176, 0.0], [587.785252292473, 427.05098312484176, 0.0], [587.785252292473, 427.05098312484176, 0.0], [587.785252292473, 427.05098312484176, 0.0], [587.785252292473, 427.05098312484176, 0.0]], "D_E": [[587.785252292473, -427.050983124843, 0.0], [634.813615745343, -407.397101586882, 175.9968627659568], [765.490812918396, -349.435466853463, 308.187760098117], [950.7332331334202, -256.11522702591, 361.998427155859], [1148.769258779525, -132.184612711734, 319.441170744509], [1313.764159267375, 16.050657874222, 183.094314556705], [1405.3373438890233, 181.048220393747, -24.111968114467], [1397.043979004716, 354.4128277068039, -263.2758636280978], [1282.0980029206057, 527.323508754767, -487.201594486893], [1075.165756543879, 690.982388718256, -649.838923094567]], "F_G": [[-224.513988289796, -690.983005625053, 0.0], [-144.1638655057318, -734.7099409453095, 300.6987378377412], [123.367210474315, -829.087813155715, 603.3166719697973], [611.2248210190145, -882.10334605686, 833.552328303143], [1264.335557436682, -793.2262644917776, 847.795724030627], [1891.120250459445, -506.74650398362, 533.570048764345], [2227.099528959069, -46.711515117167, -72.3051504173452], [2085.7635975839207, 483.6150813725866, -751.60181356663], [1493.0070036613706, 939.0270859470022, -1205.190262005557], [698.794150782495, 1190.982518973434, -1231.0742049495]],