{"A": [[0.0, 1000.0, 0.0], [0.0, 1000.0, 0.0], [0.0, 1000.0, 0.0], [0.0, 1000.0, 0.0], [0.0, 1000.0, 0.0], [0.0, 1000.0, 0.0], [0.0, 1000.0, 0.0], [0.0, 1000.0, 0.0], [0.0, 1000.0, 0.0], [0.0, 1000.0, 0.0], [0.0, 1000.0, 0.0], [0.0, 1000.0, 0.0], [0.0, 1000.0, 0.0], [0.0, 1000.0, 0.0], [0.0, 1000.0, 0.0]], "B": [[587.7852522924732, 809.0169943749474, 0.0], [587.7852522924732, 809.0169943749474, 0.0], [587.7852522924732, 809.0169943749474, 0.0], [587.7852522924732, 809.0169943749474, 0.0], [587.7852522924732, 809.0169943749474, 0.0], [587.7852522924732, 809.0169943749474, 0.0], [587.7852522924732, 809.0169943749474, 0.0], [587.7852522924732, 809.0169943749474, 0.0], [587.7852522924732, 809.0169943749474, 0.0], [587.7852522924732, 809.0169943749474, 0.0], [587.7852522924732, 809.0169943749474, 0.0], [587.7852522924732, 809.0169943749474, 0.0], [587.7852522924732, 809.0169943749474, 0.0], [587.7852522924732, 809.0169943749474, 0.0], [587.7852522924732, 809.0169943749474, 0.0]], "C": [[951.056516295153, 309.016994374947, 0.0], [947.227637134213, 309.016994374947, -52.6040229391962], [935.821712424913, 309.016994374947, -104.099153063727], [917.079179062535, 309.016994374947, -153.399873019694], [891.395129654313, 309.016994374947, -199.466923620016], [859.310983967198, 309.016994374947, -241.32921142831], [821.503075799047, 309.016994374947, -278.10427940874], [778.768395862029, 309.016994374947, -309.016909120513], [732.007791218238, 309.016994374947, -333.415462322777], [682.2069754234407, 309.016994374947, -350.785617508876], [630.4157496851052, 309.016994374947, -360.761211803821], [577.7258730527317, 309.016994374947, -363.131959677768], [525.2480481368559, 309.016994374947, -357.847885765032], [474.088507497785, 309.016994374947, -345.020378344811], [425.325694262993, 309.016994374947, -324.919841276231]], "D": [[951.056516295154, -309.016994374943, 0.0], [936.7966832843106, -303.124955195213, -137.099230071456], [894.8525814495905, -285.573041843178, -267.654129714868], [827.6679355291596, -256.731248656002, -385.564827927424], [739.112476419734, -217.207560640164, -485.585295055834], [634.194580178796, -167.83513714738, -563.6654654521], [518.692185501746, -109.654748875305, -617.199468656907], [398.731871662782, -43.892838420997, -645.161076763792], [280.350059097209, 28.064333129278, -648.116759435395], [169.0715547016187, 104.699908584051, -628.116790846194], [69.5390029121422, 184.398409996552, -588.474835917534], [-14.7776346441313, 265.4797929401771, -533.455524425106], [-81.7692878292001, 346.234861845354, -467.896944951048], [-130.760056677745, 424.961299842512, -396.8001397824884], [-162.459703072703, 499.999553602047, -324.9201313633336]], "E": [[587.785252292473, -809.016994374943, 0.0], [571.0156158425395, -800.867066333787, -116.5319562954007], [521.9437492005854, -776.502199182201, -224.1388846255191], [444.1997954374616, -736.182641195793, -314.5397691356433], [343.566763993405, -680.359736913404, -380.706020436799], [227.589740654598, -609.699844930214, -417.398258800716], [105.050608360116, -525.113100195753, -421.595237547286], [-14.666521418324, -427.782823864026, -392.779898930308], [-122.28344667851, -319.190884758128, -333.051552015039], [-209.3630967446843, -201.134258392486, -247.041092139766], [-269.0161102092488, -75.728425500162, -141.618621812897], [-296.5174064313783, 54.6059238588411, -25.399500366692], [-289.7713410671981, 187.175225507715, 91.925517251945], [-249.571004961265, 319.065301936982, 200.3899534421656], [-179.6117000908944, 447.2128260854639, 290.6165301333534]], "F": [[0.0, -1000.000000000003, 0.0], [-6.0892371084174, -988.22333817751, 0.9994324966243], [-22.9813711841705, -953.233585884731, 7.7848989284069], [-46.7536099719354, -896.066100057837, 25.1189486228287], [-71.52733383394, -818.487666998525, 55.852768421478], [-90.383853093864, -723.033268853366, 100.302755251464], [-96.495605015914, -613.0136706303412, 156.002048493052], [-84.3188480422002, -492.4630187160966, 217.900899064754], [-50.6599386629983, -366.0024691685282, 279.030762640961], [4.5818193537657, -238.6097209294904, 331.568598267655], [78.1635725538982, -115.3027268924348, 368.152065649524], [163.8387620324207, -0.7652415873156, 383.222872300997], [253.2790659936799, 101.0417041247298, 374.136932923408], [337.446720966923, 187.228400399993, 341.7944515648686], [408.1736819315806, 256.2302197305919, 290.6173697690783]], "G": [[-587.785252292477, -809.016994374943, 0.0], [-588.2985445447044, -791.356792075313, 66.129276734598], [-588.0443268345425, -738.945870901663, 137.2091725756009], [-581.9676342007574, -653.528629943416, 216.6588533669887], [-562.705848300229, -538.115436296389, 305.053672167645], [-522.07532255226, -397.088223549478, 399.248091205713], [-452.920817870319, -236.2600087416301, 492.132614114877], [-351.0684613873602, -62.8212723184916, 573.173505358476], [-217.0423000869903, 114.8855744751748, 629.786533138927], [-57.162348746074, 287.7988354317886, 649.448608248477], [116.3286326919654, 446.7760658597602, 622.271860575079], [286.3390094934877, 583.3934157945924, 543.592332073896], [433.2156688104159, 690.8172874259798, 416.0128395829153], [537.980432021374, 764.626042031667, 250.3384215885716], [585.9744355441776, 803.4440520421499, 64.9850915112953]], "H": [[-951.056516295157, -309.016994374943, 0.0], [-946.3673394917564, -287.783648196082, 53.2126944135598], [-930.9156562561225, -225.537180021405, 108.6298296964124], [-901.0405824971184, -126.573805870284, 166.8885981775122], [-852.165638871338, 2.182661094967, 225.9524278795926], [-780.699192226023, 151.600308439713, 280.839476026679], [-685.967251765461, 311.0198799461719, 324.38251922152], [-571.5825434634942, 469.2170604382604, 348.953159864052], [-445.7093494908243, 615.5935980198678, 348.772535400356], [-319.922215433077, 741.4529988722676, 322.154911850499], [-206.7611427468826, 841.1362886516403, 272.902395772388], [-116.5595921714243, 912.7585998107184, 210.189717230233], [-54.4987850680821, 958.3246569020567, 146.6795330571693], [-18.941715876248, 983.11728057274, 95.2084402439006], [-1.8107877385034, 994.427146947298, 64.98405043201144]], "I": [[-951.056516295157, 309.016994374947, 0.0], [-939.3060018527786, 324.214122932767, -32.6644090201295], [-904.5536470347951, 366.8151590026, -65.6967665897406], [-848.7314994216248, 428.415088027634, -99.9767212775678], [-776.1926250028896, 496.822191289976, -136.7124967854434], [-694.4439377139483, 558.522225160234, -176.260727442604], [-613.6977691763124, 601.5697842624058, -216.287330352349], [-544.704990142721, 618.3189919443444, -250.223126715069], [-495.1592609703502, 607.3095043743513, -267.224291943131], [-465.916045976853, 573.7035070694895, -254.483554342277], [-448.8614965696746, 527.9789225939102, -201.740516333922], [-428.0355666056043, 483.0855247363324, -106.559043077524], [-384.4223486461081, 450.8156888505698, 21.9754802224873], [-303.056855064997, 438.510236012926, 163.382965909107], [-179.6120661233324, 447.2134851446699, 290.61632868885647]], "J": [[-587.785252292477, 809.016994374947, 0.0], [-569.8949339558926, 803.662344088419, -157.6879163940565], [-520.2637500670281, 784.078525742358, -311.0099727479176], [-450.4907156217118, 741.415141293689, -454.0971189165478], [-377.7559945296416, 666.042515593364, -577.8233043949234], [-320.6114885866903, 553.3472012937026, -668.387266411596], [-292.5324687626984, 408.5601534779299, -707.7811181918], [-294.9538905356701, 248.4716046693874, -677.778163664774], [-313.1665654680682, 98.78236231162322, -567.632041209752], [-318.578928410077, -12.5734352602194, -383.080334744207], [-278.5862343445726, -64.0472254961888, -151.9671670204459], [-171.2317849776373, -47.8136963487506, 78.275602059505], [1.8306205643019, 27.2339462001678, 252.9585149230973], [211.226031353048, 138.285788031102, 328.744402833313], [408.1729984190946, 256.2299016894179, 290.617571211697]],