{
  "D__I*F__K*I__D*K__F": {
    "angle": -1.442568055219803,
    "mean_close_neighborings": 33.43691894250145
  },
  "D_E__last*last__D_E": {
    "angle": -1.121997376282069,
    "mean_close_neighborings": 25.268058903813895
  }
}