{
  "K__first*first__K": {
    "angle": -0.2885136110439608,
    "mean_close_neighborings": 41.90821517385948
  }
}