{
  "F__K*K__F": {
    "angle": -1.442568055219803,
    "mean_close_neighborings": 34.8464477809769
  }
}