{
  "A__F*F__A": {
    "angle": -1.442568055219803,
    "mean_close_neighborings": 34.84644778102866
  },
  "F_G__first*first__F_G": {
    "angle": -1.121997376282069,
    "mean_close_neighborings": 25.268058903769585
  }
}