{
  "D__I*E__J*F__K*I__D*J__E*K__F": {
    "angle": -1.442568055219803,
    "mean_close_neighborings": 34.846447780980206
  },
  "B_C__H_I*D_E__last*D__J*E__K*H_I__B_C*J__D*K__E*last__D_E": {
    "angle": -1.121997376282069,
    "mean_close_neighborings": 28.42917856284093
  },
  "B_C__last*last__B_C": {
    "angle": -0.6090842899816946,
    "mean_close_neighborings": 9.480601162932134
  }
}