{
  "B_C__last*C__K*K__C*last__B_C": {
    "angle": -1.2502256478571625,
    "mean_close_neighborings": 29.139094948304407,
    "this_folding": [
      -1,
      1,
      1,
      1,
      -1,
      -1,
      1,
      1,
      -1
    ],
    "this_folding_np_id": "10_230"
  }
}