{
  "D__I*E__J*I__D*J__E": {
    "angle": -1.442568055219803,
    "mean_close_neighborings": 34.84644778099665
  },
  "B_C__H_I*D_E__last*D__J*H_I__B_C*J__D*last__D_E": {
    "angle": -1.121997376282069,
    "mean_close_neighborings": 27.375472009818903
  },
  "B_C__last*last__B_C": {
    "angle": -0.6090842899816946,
    "mean_close_neighborings": 9.480601162932134
  }
}