{
  "D__I*I__D": {
    "angle": -1.442568055219803,
    "mean_close_neighborings": 34.84644778101554
  },
  "B_C__H_I*H_I__B_C": {
    "angle": -1.121997376282069,
    "mean_close_neighborings": 25.268058903768985
  }
}