{
  "B_C__last*last__B_C": {
    "angle": -1.2502256478571625,
    "mean_close_neighborings": 20.990961077506526,
    "this_folding": [
      1,
      -1,
      -1,
      -1,
      1,
      1,
      -1,
      -1,
      -1
    ],
    "this_folding_np_id": "10_280"
  }
}