{
  "D__I*I__D": {
    "angle": -1.442568055219803,
    "mean_close_neighborings": 32.027390104026026
  }
}