{
  "E__H_I*H_I__E": {
    "angle": -0.5449701541941478,
    "mean_close_neighborings": 48.969218945832374
  }
}