{
  "A__last*last__A": {
    "angle": -0.4808560184066011,
    "mean_close_neighborings": 41.93485910872918
  }
}