{
  "K__first*first__K": {
    "angle": -0.4808560184066011,
    "mean_close_neighborings": 38.680927675888356
  }
}