{
  "E__J*F__K*J__E*K__F": {
    "angle": -1.442568055219803,
    "mean_close_neighborings": 34.84644778097889
  },
  "E__K*K__E": {
    "angle": -1.121997376282069,
    "mean_close_neighborings": 31.590298221899232
  }
}