{
  "I__J*J__I": {
    "angle": -0.16028533946886703,
    "mean_close_neighborings": 44.886031940791085
  }
}