{
  "D__I*I__D": {
    "angle": -1.442568055219803,
    "mean_close_neighborings": 32.027390104026026
  },
  "D_E__last*last__D_E": {
    "angle": -1.121997376282069,
    "mean_close_neighborings": 25.268058903813895
  }
}