{
  "E__J*J__E": {
    "angle": -1.442568055219803,
    "mean_close_neighborings": 34.84644778097893
  }
}