{
  "E__J*J__E": {
    "angle": -1.442568055219803,
    "mean_close_neighborings": 34.846447780980604,
    "this_folding": [
      1,
      1,
      -1,
      -1,
      1,
      1,
      1,
      1,
      -1
    ],
    "this_folding_np_id": "10_414"
  },
  "H_I__first*first__H_I": {
    "angle": -1.2502256478571625,
    "mean_close_neighborings": 20.99096107749479,
    "this_folding": [
      1,
      1,
      -1,
      -1,
      1,
      1,
      1,
      1,
      -1
    ],
    "this_folding_np_id": "10_414"
  },
  "D_E__last*D__K*K__D*last__D_E": {
    "angle": -1.121997376282069,
    "mean_close_neighborings": 31.564650587959278,
    "this_folding": [
      1,
      1,
      -1,
      -1,
      1,
      1,
      1,
      1,
      -1
    ],
    "this_folding_np_id": "10_414"
  }
}