{
  "I__K*K__I": {
    "angle": -0.9296549689194287,
    "mean_close_neighborings": 36.02453787420336
  }
}