{
  "F__K*K__F": {
    "angle": -1.442568055219803,
    "mean_close_neighborings": 34.84644778096236
  },
  "D_E__last*last__D_E": {
    "angle": -1.121997376282069,
    "mean_close_neighborings": 25.268058903795588
  }
}