{
  "D_E__last*last__D_E": {
    "angle": -1.121997376282069,
    "mean_close_neighborings": 25.268058903795588
  }
}