{
  "D__J*J__D": {
    "angle": -1.0578832404945222,
    "mean_close_neighborings": 23.3303312851584
  }
}