{
  "E__J*J__E": {
    "angle": -1.442568055219803,
    "mean_close_neighborings": 34.84644778096825,
    "this_folding": [
      -1,
      -1,
      1,
      -1,
      1,
      1,
      1,
      1,
      -1
    ],
    "this_folding_np_id": "10_94"
  },
  "D_E__last*D__K*K__D*last__D_E": {
    "angle": -1.121997376282069,
    "mean_close_neighborings": 31.56465058795605,
    "this_folding": [
      -1,
      -1,
      1,
      -1,
      1,
      1,
      1,
      1,
      -1
    ],
    "this_folding_np_id": "10_94"
  }
}