{"A": [[0.0, 1000.0, 0.0], [0.0, 1000.0, 0.0], [0.0, 1000.0, 0.0], [0.0, 1000.0, 0.0], [0.0, 1000.0, 0.0], [0.0, 1000.0, 0.0], [0.0, 1000.0, 0.0], [0.0, 1000.0, 0.0], [0.0, 1000.0, 0.0], [0.0, 1000.0, 0.0]], "B": [[309.0169943749474, 951.0565162951535, 0.0], [309.0169943749474, 951.0565162951535, 0.0], [309.0169943749474, 951.0565162951535, 0.0], [309.0169943749474, 951.0565162951535, 0.0], [309.0169943749474, 951.0565162951535, 0.0], [309.0169943749474, 951.0565162951535, 0.0], [309.0169943749474, 951.0565162951535, 0.0], [309.0169943749474, 951.0565162951535, 0.0], [309.0169943749474, 951.0565162951535, 0.0], [309.0169943749474, 951.0565162951535, 0.0]], "C": [[587.785252292473, 809.016994374947, 0.0], [586.767467990588, 807.999210073062, -16.6207386255499], [583.744419903526, 804.976161986, -32.7465900063543], [578.806120152423, 800.037862234897, -47.8974023068774], [572.099608024317, 793.331350106791, -61.6220557589798], [563.824571835336, 785.05631391781, -73.5118948819986], [554.227403153988, 775.459145236463, -83.2128963165259], [543.593860421766, 764.825602504241, -90.436209971157], [532.240560413843, 753.472302496318, -94.9667596165492], [520.505550884069, 741.737292966544, -96.669646841645]], "D": [[809.016994374947, 587.785252292473, 0.0], [812.247244439938, 593.291337242909, 14.1423426049611], [821.226968849383, 609.030802674277, 22.880943824211], [833.916944785205, 632.763152546835, 21.5619819665895], [847.219929212368, 661.062353984369, 6.9395147003035], [857.394352346892, 689.7403205537269, -22.3395118115607], [860.561207238564, 714.3670970084255, -65.483555435711], [853.24229079871, 730.8255049594688, -119.5705598306181], [832.863795668678, 735.8337604161011, -179.8285276154155], [798.162969270416, 727.3732130430221, -240.151348227823]], "E": [[951.056516295153, 309.016994374947, 0.0], [962.165340544745, 329.111194825702, 89.1115644391686], [993.118974325671, 386.608270045839, 160.242957649665], [1037.205371897069, 473.587558936841, 198.2648772767205], [1084.516090903545, 578.221508874633, 193.2588465953905], [1123.612052382514, 686.5744670591355, 141.9927156092553], [1143.407466294287, 784.654303180476, 48.291089351268], [1134.939452600118, 860.3683635734048, -77.7097879211786], [1092.730447810924, 905.0735013244552, -221.231433447573], [1015.545565361185, 914.5056007068761, -365.104314634208]], "F": [[1000.0, 0.0, 0.0], [1021.035933543093, 42.747328827468, 200.5429645930796], [1078.9035876234175, 164.256683303552, 362.944066191864], [1159.072638128272, 345.687023069886, 456.4833695579125], [1240.98134749942, 559.8226065110937, 463.5680607925705], [1302.523297655389, 776.2717291878132, 382.4758436894203], [1324.642618279793, 966.907083223735, 226.685907832598], [1294.962152735887, 1110.3540978423018, 21.2186484001862], [1209.703136487196, 1194.673933812216, -202.9025759698638], [1073.6584825287061, 1217.9153803728582, -414.6256420701012]], "G": [[951.056516295154, -309.016994374943, 0.0], [982.7779725628825, -236.220242131713, 336.9262120410806], [1068.3416476617404, -31.484306375958, 606.790078653059], [1181.7748884757366, 267.6838430693541, 758.6208865078195], [1288.25847047402, 609.2002010964001, 768.8772388496735], [1353.8358320090908, 938.6315596979922, 644.9511314111403], [1354.2086009548948, 1210.786300900534, 420.427352194669], [1280.0693918018544, 1397.610193379338, 144.3003637695772], [1137.8071900888108, 1490.8111821351522, -132.0458863993573], [946.0374131114231, 1499.4313820503191, -366.1635862942979]], "H": [[809.016994374947, -587.785252292477, 0.0], [851.3433221112325, -478.975501357124, 484.1735691947866], [962.6938164689074, -177.25126065086, 862.675791844247], [1102.0066788209099, 250.9352698075281, 1060.6862526652985], [1217.7791155865316, 717.4052660914791, 1053.8531884555084], [1265.993658641624, 1137.0892145991402, 870.3070259400173], [1223.9391409188297, 1448.931287357134, 576.003059222437], [1095.2161260344903, 1626.563949571696, 250.5849584681652], [905.3004230087458, 1677.092155762323, -36.5107120593231], [690.8003007572191, 1630.852743638879, -241.7875049724179]], "I": [[587.785252292473, -809.016994374943, 0.0], [640.3085533596895, -660.442990871609, 627.0750878605496], [774.5701078905824, -255.6455894044132, 1100.05895657947], [931.3822480791418, 297.8798929455849, 1318.6987977133256], [1042.3167203168755, 864.8270852102521, 1266.8478421528296], [1058.779543836126, 1326.9504285571552, 1007.7915613229324], [969.8153194742048, 1615.565197298158, 650.44223467352], [801.9047085638763, 1721.0403813286696, 304.7105867189619], [603.5667504520778, 1680.3014170871486, 46.1540258699014], [424.1807437299221, 1552.3308890232738, -98.1375917528539]], "J": [[309.016994374947, -951.056516295153, 0.0], [371.4725492343325, -761.877986371141, 750.8697241886736], [526.4247696201214, -257.3102281342808, 1290.605768366572], [694.7444868205678, 401.6825826583039, 1495.0919352347014], [793.6714896986025, 1024.747431637257, 1369.2587766234376], [778.859778357262, 1465.4569241071372, 1026.4421107627522], [662.0274166589928, 1664.6629051132243, 623.1844031819993], [497.7225003677853, 1649.6063254639423, 288.6691625503764], [351.1988684237978, 1499.1776055545536, 83.457972392444], [267.5958439351061, 1299.6242454170726, -0.6312389175986]], "K": [[0.0, -1000.0, 0.0], [72.6047840019455, -772.8027376509383, 842.770083949487], [247.8761678463654, -182.04648731513382, 1411.572760465606], [426.5478162681938, 547.2296834731839, 1564.182851849641], [516.9070358072375, 1168.1828881702231, 1342.5253840012533], [489.274552198202, 1521.4159207756531, 922.0584200253822], [385.5880022043618, 1582.6633764955898, 501.7583151607053], [283.8736728018093, 1436.0285383346113, 207.7978128442582], [247.3868582336928, 1204.9091998595106, 60.7392717324659], [292.353516468128, 987.8140493246657, 6.32768867573668]], "L": [[-309.016994374943, -951.056516295153, 0.0], [-225.4231306915775, -692.0887701210065, 893.2832992371815], [-27.8284297357586, -38.83776777111181, 1448.5214401217797], [165.8416299282078, 713.3295601558979, 1515.911920848257], [262.1832026721525, 1269.137702728901, 1191.4927330277644], [255.240795092591, 1482.2250009528493, 718.1485385871222], [216.8510353881248, 1392.2152944531767, 319.7024679991473], [231.5076646103485, 1151.3662810807944, 89.0031669592332], [332.9327492403957, 913.1547650032745, -13.0727712095861], [487.179251377795, 758.8969748695067, -80.42986690008922]], "M": [[-587.785252292477, -809.016994374943, 0.0], [-491.8263357467365, -528.0734508374135, 897.191596351279], [-267.7812127758546, 155.2226885837762, 1397.0416518516981], [-49.4152920290982, 875.7980965033919, 1357.307382274294], [75.6652675208255, 1309.315169645122, 943.5334653470054], [129.464797671663, 1356.7102760332184, 460.6346171948702], [202.4225167271085, 1145.9213789327448, 127.3016040807043], [358.0471202591895, 890.3292608626763, -28.1907221708508], [574.2137847901137, 738.5847807763265, -108.967243942671], [763.350464420474, 717.120617640374, -221.3949848296502]], "N": [[-809.016994374943, -587.785252292477, 0.0], [-699.0866534126214, -297.6987783358075, 854.0912668804573], [-443.3416698476516, 376.9720300951292, 1263.2779689563831], [-187.8815752565802, 1010.9798989004099, 1111.4620322683231], [-8.8428963373795, 1281.4336620853637, 643.5868714553594], [140.2723295016987, 1173.1386749074113, 207.5108689499932], [346.2876757822255, 911.8092505003617, -22.3021884534027], [621.3912185705435, 739.7668548380464, -104.7923878599857], [876.3974317476757, 749.8118249384012, -189.2540074874938], [995.100281285635, 881.509704403329, -352.3729140616192]],