{"A": [[0.0, 1000.0, 0.0], [0.0, 1000.0, 0.0], [0.0, 1000.0, 0.0], [0.0, 1000.0, 0.0], [0.0, 1000.0, 0.0], [0.0, 1000.0, 0.0], [0.0, 1000.0, 0.0], [0.0, 1000.0, 0.0], [0.0, 1000.0, 0.0], [0.0, 1000.0, 0.0]], "B": [[309.0169943749474, 951.0565162951535, 0.0], [309.0169943749474, 951.0565162951535, 0.0], [309.0169943749474, 951.0565162951535, 0.0], [309.0169943749474, 951.0565162951535, 0.0], [309.0169943749474, 951.0565162951535, 0.0], [309.0169943749474, 951.0565162951535, 0.0], [309.0169943749474, 951.0565162951535, 0.0], [309.0169943749474, 951.0565162951535, 0.0], [309.0169943749474, 951.0565162951535, 0.0], [309.0169943749474, 951.0565162951535, 0.0]], "C": [[587.785252292473, 809.016994374947, 0.0], [587.364022809465, 808.595764891939, -10.7160384936864], [586.105525201301, 807.337267283775, -21.300022483346], [584.025268023458, 805.257010105932, -31.6215247819912], [581.148886432996, 802.38062851547, -41.5533527831692], [577.511826284701, 798.743568367175, -50.9731158644921], [573.158907329294, 794.390649411769, -59.7647336159757], [568.143770896458, 789.375512978932, -67.8198663071822], [562.528218868916, 783.75996095139, -75.0392499654194], [556.381452093444, 777.613194175918, -81.333919612731]], "D": [[809.016994374947, 587.785252292473, 0.0], [810.366542989778, 590.076698665436, 9.4398811930697], [814.292158579569, 596.816400456603, 17.4142176295685], [820.431495015981, 607.607333353356, 22.541825635558], [828.202784157753, 621.810407260629, 23.6059460518837], [836.836875612789, 638.577212445507, 19.6259254282256], [845.419805421861, 656.893564939417, 9.9168460240151], [852.943743011194, 675.631688509008, -5.8659666067352], [858.363738496969, 693.6084400595528, -27.6998792790534], [860.657392756778, 709.6466826711543, -55.1867848364555]], "E": [[951.056516295153, 309.016994374947, 0.0], [955.696365986625, 317.37859947939, 58.4496420343036], [969.20368239878, 341.98020111878, 112.0075509293112], [990.371279636959, 381.403779354859, 156.106001862261], [1017.283222277857, 433.388952020393, 186.8018728857177], [1047.450932974034, 494.979198115731, 201.0323655897386], [1077.988570340374, 562.7108137792942, 196.8081148887791], [1105.814145848386, 632.8305183697814, 173.3310942323378], [1127.861144750764, 701.5258121302965, 131.0308066378896], [1141.28503528409, 765.1517245650494, 71.5187161633525]], "F": [[1000.0, 0.0, 0.0], [1008.802303130457, 17.805439837577, 131.4061281886506], [1034.2935909649727, 70.048391337543, 252.3762156719732], [1073.8143990503186, 153.308189556267, 353.328249964985], [1123.213957702407, 262.204761678275, 426.3047323238057], [1177.240114410213, 389.844977308238, 465.5858222048826], [1230.024329182552, 528.3816150783316, 468.0895214752331], [1275.610190842041, 669.6288353601363, 433.5274708037308], [1308.471014817915, 805.6744822861805, 364.3119605033056], [1323.965697374204, 929.4328627862774, 265.2361669331505]], "G": [[951.056516295154, -309.016994374943, 0.0], [964.3671077961895, -278.647934904848, 221.0045513283745], [1002.6094606226492, -189.933279881596, 423.5270670407232], [1060.9256973523673, -49.794586789601, 590.962656183513], [1131.8902106225446, 131.051176635969, 710.2244871410937], [1206.4145029333736, 339.2051427068749, 772.9478719370156], [1274.8284274422747, 559.934441496964, 776.1219537511521], [1327.9894530855452, 778.5839252638614, 722.0966456658238], [1358.2744178858538, 981.8819017242935, 617.9998273544946], [1360.3330372335347, 1158.9951943137044, 474.6771370057285]], "H": [[809.016994374947, -587.785252292477, 0.0], [826.8398661902485, -542.29904871751, 318.2738445883562], [877.5355563392692, -410.195489139724, 607.1790342224832], [953.2243218555103, -203.965518113967, 841.000063505606], [1042.1567295759423, 57.3914235080121, 1000.7569475617516], [1130.5256636226823, 350.7811246493233, 1076.2527484554096], [1204.5329191244414, 651.8283728091985, 1066.8125354837132], [1252.357864381792, 937.6588672954804, 980.6735066133558], [1265.7121550765798, 1189.2509333095416, 833.2143242005876], [1240.7584758453647, 1393.0600353909144, 644.3902533227046]], "I": [[587.785252292473, -809.016994374943, 0.0], [609.9905313652495, -746.749761006047, 413.4748931138932], [672.4313494980343, -567.211452826445, 783.7157694739722], [763.4046663755673, -291.0330025393868, 1073.969415479207], [865.9616142956203, 51.03336961905059, 1259.2174356673656], [961.1449294170782, 422.8078475016941, 1329.2533126540086], [1031.4822388818113, 787.9261243262305, 1289.113753449933], [1064.012436835654, 1114.6796538009853, 1156.9590944449408], [1052.267609823758, 1379.6519367046635, 960.0049051505996], [996.9004495200827, 1569.6566225234253, 729.4424480008997]], "J": [[309.016994374947, -951.056516295153, 0.0], [335.5312028671605, -871.529387730605, 497.0756656255925], [409.2045577605102, -644.2098845123402, 934.2809216147422], [513.8401263267423, -300.73469261903824, 1262.411409125822], [626.7654146820863, 112.8235959897352, 1451.1916876523517], [724.0990343493602, 544.3028638027331, 1493.3726961991777], [786.0654238661184, 944.3278788308145, 1403.98779536163], [801.047336316824, 1273.8426059155174, 1215.29842931431], [767.4805283297839, 1508.8934926644224, 968.943911635527], [693.3225552767248, 1642.0294272655826, 707.3153905775632]], "K": [[0.0, -1000.0, 0.0], [30.9421967711035, -904.1443342996093, 560.7056116840956], [115.9711243496872, -632.9663799897673, 1042.7922322963773], [233.9460229083013, -231.92708323070536, 1384.115029333035], [356.4173359083613, 234.5346742556452, 1551.1181463126927], [455.5321202795412, 696.7409293029501, 1543.5864021295085], [511.3795638935694, 1093.5682792288835, 1391.2618914699485], [516.649073841896, 1382.9559153368873, 1143.8919770984692], [477.4490145411519, 1546.9790797341955, 857.95663093762], [410.3997601531547, 1591.0171012257404, 583.8674177259842]], "L": [[-309.016994374943, -951.056516295153, 0.0], [-273.2794285560955, -841.3290201791896, 597.9937653648711], [-175.9479195033688, -534.6818874323004, 1097.6593241486837], [-43.2874804846517, -92.72029262562437, 1424.7354854554967], [90.91448596739927, 399.96065670614416, 1545.6915070940922], [196.3945721036492, 856.8786840499271, 1472.2379750993352], [255.6616193277864, 1209.4395575655005, 1253.1708088708915], [268.33916572759, 1419.9506602874455, 957.1821868141922], [249.4883871359009, 1485.0691639021293, 652.802829889811], [223.0384086610267, 1430.1256147058643, 391.7824861406032]], "M": [[-587.785252292477, -809.016994374943, 0.0], [-546.6733988485774, -689.3728460460676, 605.2066399811677], [-435.3719359596998, -359.8544309742434, 1093.021699350972], [-285.1838163080857, 100.47784955033363, 1379.4849828655258], [-134.39117405005572, 587.0749138858852, 1435.634332253624], [-13.8009904814118, 1000.2987394908131, 1290.2064377862152], [63.8176379628654, 1271.5938216668512, 1013.9644091283945], [106.340008928453, 1377.3443976369867, 692.9324053781062], [136.5075251505919, 1337.5328240973763, 401.09800142645], [180.8440970440585, 1201.9524300736764, 181.9168022099762]], "N": [[-809.016994374943, -587.785252292477, 0.0], [-761.8660673158145, -463.4904658075646, 581.6220444697225], [-634.5911661865438, -127.1577892501554, 1029.3747147574616], [-463.2314884424727, 324.89573717842563, 1253.6970439772028], [-289.49997774408575, 770.9630015965852, 1235.6008409967542], [-143.0044945129728, 1105.1327784039852, 1025.2474857940051], [-30.463094098067, 1269.1163022972923, 715.6491851294807], [63.4170537676675, 1263.7545387962107, 404.5889794109212], [164.7288987910227, 1138.6127382993411, 161.26197213634404], [294.9881472914635, 966.9084420007143, 9.8341857911002]],