{"A": [[0.0, 1000.0, 0.0], [0.0, 1000.0, 0.0], [0.0, 1000.0, 0.0], [0.0, 1000.0, 0.0], [0.0, 1000.0, 0.0], [0.0, 1000.0, 0.0], [0.0, 1000.0, 0.0], [0.0, 1000.0, 0.0], [0.0, 1000.0, 0.0], [0.0, 1000.0, 0.0]], "B": [[309.0169943749474, 951.0565162951535, 0.0], [309.0169943749474, 951.0565162951535, 0.0], [309.0169943749474, 951.0565162951535, 0.0], [309.0169943749474, 951.0565162951535, 0.0], [309.0169943749474, 951.0565162951535, 0.0], [309.0169943749474, 951.0565162951535, 0.0], [309.0169943749474, 951.0565162951535, 0.0], [309.0169943749474, 951.0565162951535, 0.0], [309.0169943749474, 951.0565162951535, 0.0], [309.0169943749474, 951.0565162951535, 0.0]], "C": [[587.785252292473, 809.016994374947, 0.0], [587.606742200128, 808.838484282602, -6.98220501503875], [587.072144158818, 808.303886241292, -13.927946764242], [586.184250007289, 807.415992089763, -20.8009524043918], [584.947696607451, 806.179438689925, -27.5653289430587], [583.368941629229, 804.600683711703, -34.1857506830726], [581.456229826585, 802.687971909059, -40.6276437043998], [579.219549980824, 800.451292063299, -46.8573664200036], [576.670582736047, 797.902324818521, -52.8423852627701], [573.822639599154, 795.054381681628, -58.5514445860054]], "D": [[809.016994374947, 587.785252292473, 0.0], [809.59109157394, 588.758510192619, 6.23600391546215], [811.291196957617, 591.654013137304, 12.0646724906109], [814.051268051196, 596.399475910526, 17.0886160419273], [817.762943567139, 602.876168886316, 20.9301211523166], [822.278069229389, 610.921497999686, 23.2404557122078], [827.412157894482, 620.332540276858, 23.7085468277226], [832.948709855821, 630.870460417221, 22.0688432323885], [838.644300738458, 642.2657153316, 18.1081910076294], [844.234327857418, 654.223936900707, 11.6715721949341]], "E": [[951.056516295153, 309.016994374947, 0.0], [953.030102632564, 312.56831395675, 38.34819816326515], [958.876401013858, 323.135042957687, 75.3350257933134], [968.374297602341, 340.45792138322, 109.637471388689], [981.162753145004, 364.112867513246, 140.0080601546486], [996.751764290101, 393.522731123359, 165.3097110147068], [1014.537191072521, 427.973210254627, 184.5472160624856], [1033.818956096462, 466.632418142627, 196.8944050210645], [1053.822012662292, 508.573473877821, 201.7162090133274], [1073.719393621386, 552.799400618783, 198.5850159088541]], "F": [[1000.0, 0.0, 0.0], [1003.7469053145319, 7.565298808533, 86.18055212904535], [1014.8218466907215, 30.048976794313, 169.4500210841201], [1032.7342486170835, 66.822049949206, 246.998943350878], [1056.688660422478, 116.861438844181, 316.2168447277016], [1085.616920742213, 178.786624536224, 374.7813222326308], [1118.221052906452, 250.908661607447, 420.7352128304536], [1153.024896589102, 331.289390102277, 452.5488122231045], [1188.432101740738, 417.8082714908456, 469.1648384052844], [1222.787858193292, 508.2339903856397, 470.0246675639111]], "G": [[951.056516295154, -309.016994374943, 0.0], [956.7288777657949, -296.105401914879, 145.00552996392696], [973.4392110442697, -257.804294145683, 284.8403988709661], [1000.2835894341473, -195.3948425645, 414.558554858977], [1035.8088787743127, -110.947351265379, 529.6510436669516], [1078.0893835143345, -7.227705170734, 626.2350411087798], [1124.8274679058184, 112.426037794675, 701.2096066571956], [1173.4720441091295, 244.2499699804621, 752.3704607290915], [1221.3478429953584, 384.2154851819351, 778.4786694820014], [1265.7878976914521, 528.196558616163, 779.2809688457]], "H": [[809.016994374947, -587.785252292477, 0.0], [816.6230714557229, -568.430334872856, 209.00913406028945], [838.9361251511737, -511.156929633934, 409.7736986196071], [874.4748850831953, -418.294374551009, 594.488919054186], [920.8820934282047, -293.579075270843, 756.2000555970207], [975.0826504498505, -141.946648079434, 889.1559166105928], [1033.487574771068, 30.7382716252449, 989.0830166659636], [1092.2282167483545, 217.9958700908718, 1053.3640323621964], [1147.4031911638056, 413.0674207824448, 1081.1116513053773], [1195.32002998341, 609.2519301648565, 1073.1368412959182]], "I": [[587.785252292473, -809.016994374943, 0.0], [597.2769174022529, -782.494122159876, 271.8655345616489], [624.9883579727757, -704.248984568238, 531.5471713068861], [668.6934640600523, -578.161307286619, 767.646471557959], [724.8910125096767, -410.402734401291, 970.2717638572486], [789.0970155572844, -209.0215020732594, 1131.6374107189217], [856.2141971376619, 16.5887600365853, 1246.4949595006747], [920.9440215416093, 256.2920066222464, 1312.3661516756106], [978.2035788965285, 499.8358374101327, 1329.5662759236814], [1023.5104236518761, 737.4520300877365, 1301.0253249050202]], "J": [[309.016994374947, -951.056516295153, 0.0], [320.3696080478619, -917.139656829637, 327.36228608189197], [353.3493154945087, -817.447583509193, 637.7793472658911], [404.8332957282893, -657.986711052791, 915.608236521734], [469.9757749872677, -448.221340121128, 1147.6835508106456], [542.7026065200595, -200.3124556024619, 1324.2533890656389], [616.3219431980029, 71.8384159486632, 1439.5911775657526], [684.1821226870044, 353.6465994335756, 1492.2351426634734], [740.3044724241925, 630.9026438248846, 1484.8481963316694], [779.924216940235, 890.7360798406745, 1423.731182144453]], "K": [[0.0, -1000.0, 0.0], [13.2694228781369, -959.0591766821567, 370.01433801080196], [51.6382360494237, -839.2431177695383, 717.6689375519992], [110.9675968681393, -649.2776182346516, 1022.631926167586], [184.9328891382657, -402.7627123785066, 1268.3940880487935], [265.8004061515224, -116.87638755426153, 1443.6291043070999], [345.36091925491894, 189.2209250532882, 1542.9760771870797], [415.8948822775674, 496.0987096975566, 1567.177255821041], [471.0435559387215, 785.6972246153397, 1522.5862940712657], [506.4779244682481, 1042.7268341798374, 1420.139088266002]], "L": [[-309.016994374943, -951.056516295153, 0.0], [-293.6712298682461, -904.1095439364241, 395.60615237451594], [-249.4680301759723, -767.4194992278728, 763.0930684637214], [-181.6379984516857, -552.9606266290143, 1077.3308304094721], [-98.0377659657193, -279.1620865669476, 1318.7673057215236], [-8.00635580561458, 31.16138938069648, 1475.2778186000905], [78.96732851603694, 353.2983956323172, 1543.0527017326858], [154.5554903636694, 663.2202801465206, 1526.44556871589], [212.6806731782385, 939.9249480870777, 1436.8576667982863], [250.2264089510821, 1167.2695991989706, 1290.867173736075]], "M": [[-587.785252292477, -809.016994374943, 0.0], [-570.1157094235361, -757.7217344309701, 401.6083487472072], [-519.3541281333263, -609.2794838516439, 769.4331848542093], [-441.8519239911907, -379.28331472436537, 1073.8852978535256], [-346.9704008680473, -91.3820114883686, 1293.1127916205648], [-245.49009389007958, 225.8358773716955, 1415.3588292848253], [-147.82332466962606, 542.4917164237012, 1439.810973709341], [-62.3592051904436, 831.0455793815956, 1375.881126701768], [5.7652480832805, 1069.3801494185147, 1241.1172133511143], [55.2656417555591, 1242.932953549641, 1058.160655837172]], "N": [[-809.016994374943, -587.785252292477, 0.0], [-788.7414803286201, -534.3640642718801, 387.42769689512534], [-730.5790523094173, -380.9021548787449, 736.0446474843874], [-641.9889024040637, -146.72395780464333, 1012.6619135094157], [-533.7443321952023, 139.3649304362434, 1194.3286087838085], [-417.8311721423566, 443.52252039750147, 1271.1435540720893], [-305.18402797051107, 731.9185942948942, 1246.8290201325688], [-203.7429904103616, 975.5079591981425, 1137.075319602521], [-117.2278483338445, 1153.7451506830837, 966.0859202133103], [-44.8553680888059, 1256.696685038201, 762.063863397696]],