{"A": [[0.0, 1000.0, 0.0], [0.0, 1000.0, 0.0], [0.0, 1000.0, 0.0], [0.0, 1000.0, 0.0], [0.0, 1000.0, 0.0], [0.0, 1000.0, 0.0], [0.0, 1000.0, 0.0], [0.0, 1000.0, 0.0], [0.0, 1000.0, 0.0], [0.0, 1000.0, 0.0]], "B": [[309.0169943749474, 951.0565162951535, 0.0], [309.0169943749474, 951.0565162951535, 0.0], [309.0169943749474, 951.0565162951535, 0.0], [309.0169943749474, 951.0565162951535, 0.0], [309.0169943749474, 951.0565162951535, 0.0], [309.0169943749474, 951.0565162951535, 0.0], [309.0169943749474, 951.0565162951535, 0.0], [309.0169943749474, 951.0565162951535, 0.0], [309.0169943749474, 951.0565162951535, 0.0], [309.0169943749474, 951.0565162951535, 0.0]], "C": [[587.785252292473, 809.016994374947, 0.0], [587.713447272125, 808.945189354599, -4.43004598385332], [587.498183048749, 808.729925131223, -8.85078596367775], [587.139911818493, 808.371653900967, -13.2529334841604], [586.639386186077, 807.871128268551, -17.6272411463555], [585.997657583826, 807.2293996663, -21.9645200332908], [585.216074062975, 806.447816145449, -26.2556590127246], [584.296277461874, 805.528019544348, -30.4916438765026], [583.240199957054, 804.471942039528, -34.6635762763115], [582.050060004384, 803.281802086858, -38.7626924160503]], "D": [[809.016994374947, 587.785252292473, 0.0], [809.248308483012, 588.177127307163, 3.98039144738692], [809.93865455705, 589.348818817793, 7.85652493762235], [811.077277522359, 591.288560608336, 11.5251668830625], [812.646364216896, 593.976856641436, 14.885123519652], [814.621210322011, 597.386651524291, 17.8382386056796], [816.970452048402, 601.483567133399, 20.2903646757374], [819.656360580668, 606.2262033912, 22.152299384461], [822.635196742432, 611.56650064325, 23.3406787704384], [825.857622824069, 617.450160561795, 23.7788196356939]], "E": [[951.056516295153, 309.016994374947, 0.0], [951.851674747819, 310.446881192596, 24.40483104264432], [954.225071765477, 314.722395707687, 48.46101912974665], [958.140620573963, 321.801258863233, 71.8238794590641], [963.538668692956, 331.613532666039, 94.1565943788297], [970.336729136846, 344.062403567398, 115.1340247785388], [978.430490179485, 359.025264765853, 134.4463768233664], [987.69509002492, 376.355083265285, 151.802679054216], [997.986639188391, 395.882033845432, 166.9340275856114], [1009.143970118823, 417.415378695637, 179.5965604382039]], "F": [[1000.0, 0.0, 0.0], [1001.5101241105777, 3.046591657225, 54.83619332154332], [1006.0135782435615, 12.151922692956, 108.92610712359355], [1013.4300497887945, 27.213163563556, 161.5339710569361], [1023.6271492537556, 48.060596822931, 211.9448556290137], [1036.422578234351, 74.460083201959, 259.4746525045038], [1051.5871066087223, 106.116451596651, 303.4795365987884], [1068.8483025268224, 142.677752053412, 343.364753557525], [1087.894944800479, 183.740295694008, 378.5925897222464], [1108.382034872298, 228.854391994102, 408.6893979688019]], "G": [[951.056516295154, -309.016994374943, 0.0], [953.3437941751397, -303.815969354446, 92.28403330736992], [960.1557552001096, -288.283348769531, 183.24081049153605], [971.3438532659762, -262.629194720009, 271.5663609090001], [986.664057150769, -227.19930324027, 356.0027767894777], [1005.7820757413547, -182.468848313226, 435.3599877861528], [1028.2804897306546, -129.033690900956, 508.5360641777634], [1053.6676125603399, -67.599553474273, 574.535618594302], [1081.3878616482584, 1.030691846339, 632.4859254763994], [1110.833385474673, 75.97133260491, 681.6504362906069]], "H": [[809.016994374947, -587.785252292477, 0.0], [812.0859189677097, -579.985871684856, 133.06840713339403], [821.2104380589606, -556.716432695381, 264.01732755129734], [836.1460422509213, -518.360105202754, 390.7729913038831], [856.4926600165371, -465.54579503138, 511.3518180761277], [881.7055765764427, -399.133871738745, 623.9024429220977], [911.1102349362105, -320.196764593852, 726.7441713997104], [943.9204549186538, -229.994979935139, 818.400856510369], [979.2595027471183, -129.949218090832, 897.6293374456674], [1016.1833607918563, -21.6093700640591, 963.4417539422799]], "I": [[587.785252292473, -809.016994374943, 0.0], [591.6177010274307, -798.324307364326, 173.1814946856609], [602.9905117701956, -766.461756793578, 343.22547232919925], [621.5343379480332, -714.069897536878, 507.0763058328901], [646.6476349796761, -642.196607773961, 661.8394362855927], [677.5171350498047, -552.268239876961, 804.8552352507178], [713.1453884928865, -446.050642470261, 933.7651568234834], [752.3843084447778, -325.6013941478273, 1046.568088086292], [793.9734338986493, -193.2148756290193, 1141.6651886573964], [836.5814608094233, -51.3620273017719, 1217.891954020184]], "J": [[309.016994374947, -951.056516295153, 0.0], [313.6042261569807, -937.375481143923, 208.6814421597979], [327.1897390144076, -896.668038774143, 412.99097447603646], [349.2523711947652, -829.930009763916, 608.6929008624571], [378.9477895773741, -738.7843292129847, 791.8185586418277], [415.1436906118897, -625.4274958680825, 958.7866041340668], [456.4667399495445, -492.5577161303993, 1106.5081187386613], [501.3590587287448, -343.287674713782, 1232.472598237174], [548.1416419795333, -181.0454508813006, 1334.8117718341164], [595.0818082130893, -9.4675179839494, 1412.339209836669]], "K": [[0.0, -1000.0, 0.0], [5.3654674737567, -983.4750397711001, 236.07972220614172], [21.2261315792696, -934.391161989034, 466.37827923929314], [46.8867015779172, -854.2019417995676, 685.3273745809219], [81.2274334557311, -745.2661722765732, 887.7744999430015], [122.7604258860877, -610.7553743703522, 1069.1665061485608], [169.7039542290395, -454.5306357771986, 1225.7054899148734], [220.0707001947538, -280.9946696640532, 1354.470173150857], [271.7650077213563, -94.9260791004204, 1453.4978167167244], [322.6838669286703, 98.6964800487866, 1521.8238138834488]], "L": [[-309.016994374943, -951.056516295153, 0.0], [-302.8084079542933, -932.0928477802725, 252.683946354388], [-284.4837395030444, -875.8809809015137, 498.080027481842], [-254.9281464741888, -784.426555025966, 729.2154174350484], [-215.5577166653529, -660.9681820483963, 939.7301629720864], [-168.2348478997323, -509.8274529104972, 1124.1417070468376], [-115.1577509105095, -336.2109017250786, 1278.0621216678376], [-58.7313445098582, -145.9749363422132, 1398.3570606222368], [-1.42794915658569, 54.6333826226846, 1483.2390865463458], [54.35327795619031, 259.2457813781736, 1532.2920646454288]], "M": [[-587.785252292477, -809.016994374943, 0.0], [-580.6336090407763, -788.2781572070076, 256.8624420477426], [-559.5485277356084, -726.9541319869987, 504.9446728961075], [-525.6134556515308, -627.673222739747, 735.9104620528508], [-480.5491828722169, -494.65531077949436, 942.2834153130392], [-426.5933700372353, -333.4819572282512, 1117.808650817779], [-366.3452022278675, -150.7957719419426, 1257.7382106789844], [-302.5871255863502, 46.0516485553278, 1359.0236633897273], [-238.0972393387387, 249.3809598854906, 1420.4060089149361], [-175.4664126221307, 451.5718997336736, 1442.400232811343]], "N": [[-809.016994374943, -587.785252292477, 0.0], [-800.8086640546883, -566.1634250560555, 248.20459469255385], [-776.6233873053354, -502.4157880455707, 486.2897847296187], [-737.7444335598929, -399.823588492685, 704.734192314148], [-686.1942614534169, -263.6200748329834, 895.1687804723751], [-624.5711035522532, -100.6558897184452, 1050.847417780503], [-555.8412171297475, 81.0337461435024, 1167.000664479703], [-483.1053648421542, 272.7280994031818, 1241.0494317257924], [-409.36015773576366, 465.5499999185716, 1272.666622416292], [-337.2750083010787, 650.9874018048836, 1263.6870455313158]],