{
  "AE__first*first__AE": {
    "angle": -0.16028533946886703,
    "mean_close_neighborings": 42.302060225070875,
    "this_folding": [
      -1,
      1,
      -1,
      1,
      1,
      -1,
      -1,
      -1,
      1,
      -1,
      -1,
      1,
      1,
      1,
      -1,
      1,
      1,
      -1,
      -1,
      -1,
      1,
      -1,
      -1,
      1,
      1,
      1,
      -1,
      1,
      -1
    ],
    "this_folding_np_id": "30_185839930"
  }
}