{
  "AE__first*first__AE": {
    "angle": -0.16028533946886703,
    "mean_close_neighborings": 45.22643188963758,
    "this_folding": [
      1,
      1,
      1,
      -1,
      -1,
      -1,
      1,
      -1,
      -1,
      1,
      1,
      1,
      -1,
      1,
      1,
      -1,
      -1,
      -1,
      1,
      -1,
      -1,
      1,
      1,
      1,
      -1,
      1,
      -1,
      -1,
      -1
    ],
    "this_folding_np_id": "30_474924264"
  }
}