{"A": [[0.0, 1000.0, 0.0], [0.0, 1000.0, 0.0], [0.0, 1000.0, 0.0], [0.0, 1000.0, 0.0], [0.0, 1000.0, 0.0], [0.0, 1000.0, 0.0], [0.0, 1000.0, 0.0], [0.0, 1000.0, 0.0], [0.0, 1000.0, 0.0], [0.0, 1000.0, 0.0], [0.0, 1000.0, 0.0], [0.0, 1000.0, 0.0], [0.0, 1000.0, 0.0], [0.0, 1000.0, 0.0], [0.0, 1000.0, 0.0]], "B": [[433.8837391175581, 900.9688679024191, 0.0], [433.8837391175581, 900.9688679024191, 0.0], [433.8837391175581, 900.9688679024191, 0.0], [433.8837391175581, 900.9688679024191, 0.0], [433.8837391175581, 900.9688679024191, 0.0], [433.8837391175581, 900.9688679024191, 0.0], [433.8837391175581, 900.9688679024191, 0.0], [433.8837391175581, 900.9688679024191, 0.0], [433.8837391175581, 900.9688679024191, 0.0], [433.8837391175581, 900.9688679024191, 0.0], [433.8837391175581, 900.9688679024191, 0.0], [433.8837391175581, 900.9688679024191, 0.0], [433.8837391175581, 900.9688679024191, 0.0], [433.8837391175581, 900.9688679024191, 0.0], [433.8837391175581, 900.9688679024191, 0.0]], "C": [[781.83148246803, 623.489801858734, 0.0], [779.256160460805, 622.249592144798, -33.1016629765276], [771.606439031228, 618.565680463366, -65.2233231478254], [759.108794669787, 612.547132144013, -95.4139915228319], [742.133230736787, 604.372131413935, -122.779847760247], [721.182323199074, 594.282706102789, -146.510702477768], [696.876341442318, 582.577562203537, -165.903983595854], [669.934884669809, 569.603240428196, -180.385536579977], [641.155577557767, 555.74385657617, -189.52662277255], [611.390455900358, 541.409729460243, -193.056612564483], [581.52074136741, 527.025233070149, -190.870997614276], [552.430752189533, 513.016232620698, -183.034484906103], [524.9817221669346, 499.797476450928, -169.779081044669], [499.9863031123663, 487.76031704779, -151.497223502914], [478.1845056050173, 477.261124723869, -128.730162177812]], "D": [[974.927912181824, 222.520933956314, 0.0], [964.243440470827, 221.845124932638, -92.4163581725917], [932.811378691838, 219.984600711376, -180.1509285693224], [882.441535827519, 217.417861497409, -258.8892454053869], [815.9752440893915, 214.871067001588, -325.013727416563], [737.0425399578343, 213.220112499462, -375.861999565518], [649.759302085843, 213.37060148315, -409.888550634546], [558.396280251966, 216.130329077318, -426.71520361344], [467.054395089457, 222.089889064961, -427.068350522283], [379.379226593729, 231.526162337768, -412.613503821033], [298.342433692407, 244.34083339865, -385.708982719461], [226.109582693173, 260.042018814857, -349.10918401168], [164.0034924180336, 277.772053190401, -305.652894815005], [112.5609535539473, 296.379055667263, -257.972927337629], [71.6698723032963, 314.52473048924, -208.2599245202241]], "E": [[974.927912181824, -222.520933956311, 0.0], [957.9914273942592, -223.085974302094, -100.12955863821495], [908.1570593084476, -224.199587115885, -192.5942406339166], [828.3208558451228, -224.174203715968, -270.2762614317818], [723.1986442270176, -220.387666410628, -327.15888510969666], [599.1180997385572, -209.568920480368, -358.8753407610941], [463.6638712148981, -188.19119995543, -363.2101356066322], [325.150995583278, -152.952703365927, -340.4793842720514], [191.936498719516, -101.306139110392, -293.698877806286], [71.624882191178, -31.978731529352, -228.454065820717], [-29.732450119084, 54.590853802406, -152.419291454586], [-108.314568043771, 155.97678993142, -74.530998905014], [-162.9528715860184, 267.7195354949407, -3.890161661304], [-195.1931835590357, 383.5504513416615, 51.463339220091], [-208.9502721782117, 495.890633940138, 85.7145773873009]], "F": [[781.83148246803, -623.489801858726, 0.0], [761.8011981468712, -619.951195717721, -54.63610665065844], [703.5096553071616, -608.299036495782, -99.5925351831252], [612.2617570619308, -585.636013906868, -126.3106759549808], [496.5418809479625, -547.812579004969, -128.45835046618964], [367.3477226337073, -490.350215879723, -102.9327287448471], [237.1020503968451, -409.535955593704, -50.5785557971002], [118.176073923104, -303.489715499889, 23.6116125635016], [21.220792232773, -172.9780838978808, 111.000447723515], [-46.36271128354, -21.7705526768812, 200.541254743186], [-81.4476051723776, 143.5815851828549, 280.55698579551], [-85.4301538439254, 314.528351180636, 340.679755058962], [-63.6370789310403, 481.6999516269587, 373.483683532615], [-24.0644604303437, 636.1977576969875, 375.417908422171], [24.1966513222793, 770.675261117597, 346.8623993662859]], "G": [[433.883739117558, -900.968867902426, 0.0], [408.7199477898172, -889.838860623749, -31.04493938335194], [336.4290825108036, -854.821540330032, -49.1864604107767], [226.4570835824248, -791.507376443682, -43.6426639807374], [93.8948358606295, -694.079232861545, -7.86113968914864], [-41.8841462963617, -557.4343264641255, 58.5951752044869], [-159.6265423037309, -379.7238211358811, 148.8704967653388], [-239.614197809335, -164.761833827896, 249.0067333970836], [-267.569076570023, 76.4239817320842, 340.044734994639], [-238.052543001676, 325.6447435621948, 402.085008181849], [-156.1740648840718, 559.694781422081, 419.582265258256], [-36.7167503304863, 754.528643597004, 386.3854569659543], [99.4357977982027, 890.6860160651026, 308.6770467905879], [230.6731387666853, 958.5282944452915, 204.321313394554], [340.1136434798613, 961.572849642322, 98.2324957812369]], "H": [[0.0, -1000.000000000006, 0.0], [-9.66309827151781, -990.038440735949, 82.87580108535406], [-39.1426888165224, -959.552105560052, 165.3819843424503], [-89.5884015509542, -906.33791417043, 247.8902897781046], [-161.6664581688005, -825.61688217055, 331.91604613035236], [-253.3390133586877, -709.1904328825806, 419.5926648848569], [-356.8878272866809, -545.9177595960031, 511.5409042445748], [-456.596940430775, -324.820318307804, 603.0717488188826], [-529.336563200356, -41.3537373860108, 680.14539070958], [-549.801883558123, 294.452298913142, 718.157221852385], [-499.8827028258728, 651.5804305924866, 686.946555835524], [-378.4639570177743, 978.22228998615, 563.1119786929603], [-206.0260399934323, 1212.1826586633847, 346.029940201281], [-19.7786991791257, 1300.7752920341236, 69.402323974405], [140.1269831691113, 1223.723733119464, -200.6730314093261]], "I": [[-433.88373911756, -900.968867902426, 0.0], [-426.1167556032408, -887.27976492915, 201.48975488769406], [-403.8231324533554, -847.977507202699, 394.7758535399423], [-370.8466016723222, -787.661550239639, 571.7297711632737], [-335.5016421426335, -711.538062086232, 725.3999922020093], [-310.9060780955884, -621.624297032229, 852.1206629439199], [-311.8059474678905, -512.3469863491594, 953.0189801337018], [-347.433222299891, -368.1343483100986, 1032.3379152517446], [-413.203666448828, -166.6325981003318, 1091.096265566156], [-486.9080471901308, 110.142942941013, 1118.328048929048], [-534.6017853313962, 458.9220267410976, 1086.62090944177], [-526.2081033837353, 840.806347554999, 959.7866440996553], [-453.2612439706993, 1180.9547655250137, 714.759972609297], [-336.9754086801877, 1389.953543926653, 368.560728613581], [-218.9038979290687, 1402.802533499205, -8.0857164906441]], "J": [[-781.831482468032, -623.489801858726, 0.0], [-753.9748203112998, -602.947455940045, 300.11273226104356], [-670.8412830814134, -546.6454688154, 584.4138615227693], [-536.6880488175092, -469.499735686461, 835.0393577038676], [-366.2687995415352, -392.098222042182, 1033.7404449703474], [-189.5680471664144, -332.790103493911, 1168.2126670953448], [-48.2455737561705, -296.7826204993013, 1239.6026464160827], [18.620575845982, -267.2243454137656, 1264.4673023909086], [-5.881911297351, -205.8721707445249, 1266.057712502879], [-103.6316296342128, -68.273538461218, 1257.356862865995], [-226.3338176047262, 170.3738374825096, 1227.237646512491], [-318.5152234804193, 492.429577637126, 1142.9793241232062], [-345.6611795847053, 834.4665108234428, 972.500888439805], [-309.4566523927221, 1110.383055632564, 713.735067640326], [-240.7272638333578, 1251.286905923429, 409.8006550220969]],