{"A": [[0.0, 1000.0, 0.0], [0.0, 1000.0, 0.0], [0.0, 1000.0, 0.0], [0.0, 1000.0, 0.0], [0.0, 1000.0, 0.0], [0.0, 1000.0, 0.0], [0.0, 1000.0, 0.0], [0.0, 1000.0, 0.0], [0.0, 1000.0, 0.0], [0.0, 1000.0, 0.0], [0.0, 1000.0, 0.0], [0.0, 1000.0, 0.0], [0.0, 1000.0, 0.0], [0.0, 1000.0, 0.0], [0.0, 1000.0, 0.0]], "B": [[433.8837391175581, 900.9688679024191, 0.0], [433.8837391175581, 900.9688679024191, 0.0], [433.8837391175581, 900.9688679024191, 0.0], [433.8837391175581, 900.9688679024191, 0.0], [433.8837391175581, 900.9688679024191, 0.0], [433.8837391175581, 900.9688679024191, 0.0], [433.8837391175581, 900.9688679024191, 0.0], [433.8837391175581, 900.9688679024191, 0.0], [433.8837391175581, 900.9688679024191, 0.0], [433.8837391175581, 900.9688679024191, 0.0], [433.8837391175581, 900.9688679024191, 0.0], [433.8837391175581, 900.9688679024191, 0.0], [433.8837391175581, 900.9688679024191, 0.0], [433.8837391175581, 900.9688679024191, 0.0], [433.8837391175581, 900.9688679024191, 0.0]], "C": [[781.83148246803, 623.489801858734, 0.0], [779.256160460805, 622.249592144798, -33.1016629765276], [771.606439031228, 618.565680463366, -65.2233231478254], [759.108794669787, 612.547132144013, -95.4139915228319], [742.133230736787, 604.372131413935, -122.779847760247], [721.182323199074, 594.282706102789, -146.510702477768], [696.876341442318, 582.577562203537, -165.903983595854], [669.934884669809, 569.603240428196, -180.385536579977], [641.155577557767, 555.74385657617, -189.52662277255], [611.390455900358, 541.409729460243, -193.056612564483], [581.52074136741, 527.025233070149, -190.870997614276], [552.430752189533, 513.016232620698, -183.034484906103], [524.9817221669346, 499.797476450928, -169.779081044669], [499.9863031123663, 487.76031704779, -151.497223502914], [478.1845056050173, 477.261124723869, -128.730162177812]], "D": [[974.927912181824, 222.520933956314, 0.0], [982.668332089844, 230.718085090636, 25.1120090620683], [1004.345156531845, 254.43345250654, 41.0907123062406], [1035.525410292372, 291.139169988401, 40.0594031563291], [1069.464465665686, 336.94504225401, 16.501446096945], [1097.990023234075, 387.043259167755, -31.92434629364], [1112.586577604817, 436.256470264928, -103.9572177498883], [1105.549226224488, 479.6253004634506, -194.7514666489618], [1071.06666974846, 512.9668699889396, -296.338824440172], [1006.10085114081, 533.3393897774648, -398.485037330127], [910.95401596506, 539.3590226086787, -489.842333060756], [789.450322060618, 531.3326206344865, -559.263800116145], [648.7042224072256, 511.1916224706763, -597.125755965552], [498.4963959150576, 482.2357692066297, -596.502306331028], [350.3243007993443, 448.717630671255, -554.052747011349]], "E": [[974.927912181824, -222.520933956311, 0.0], [989.2844192783731, -208.016063664153, 99.481615097615], [1031.0077638007417, -165.037805929773, 187.3618062196986], [1095.9689440682691, -95.281677655343, 252.3982171450361], [1177.065045088955, -1.817127425995, 284.315881661257], [1264.140723805243, 110.689096202929, 274.807760775183], [1344.293026220884, 235.897449677375, 218.8904998107047], [1402.787040343398, 366.0094641026836, 116.3809613957762], [1424.670182423121, 492.3471147103705, -26.891898847114], [1396.970699585086, 606.2741752702718, -198.576201013604], [1311.156207569126, 700.3287979919467, -380.347121094564], [1165.372137841874, 769.3519797985155, -549.6806232927655], [965.9288260359966, 811.3603087060573, -682.738692204498], [727.5857089725256, 827.9373447561798, -757.966765270373], [472.3845745738633, 824.004203045054, -759.779610490999]], "F": [[781.83148246803, -623.489801858726, 0.0], [838.3164519048771, -583.307628706446, 285.027238140532], [993.7096155598526, -471.694390202679, 507.7254303330366], [1210.5224110770032, -312.501129144808, 623.552467135604], [1440.032532230778, -136.765512825158, 617.030922168355], [1637.109112908071, 26.9094424814496, 502.706454381605], [1771.947997327742, 160.3653941545984, 316.1961957963958], [1834.587437864487, 259.5641810458176, 99.6452925793097], [1831.368189790598, 333.0103005945555, -112.1607364485993], [1776.003177988712, 396.0577751546458, -299.599513337029], [1680.070235283994, 463.6968746848077, -457.6131370544874], [1547.612934080818, 544.7178919629065, -588.3298725487053], [1376.2516450304026, 639.2541113763973, -691.508255954941], [1163.8703600081647, 740.0855040900375, -758.1135898097158], [917.1214157510133, 836.4908409831002, -770.5262456824483]], "G": [[433.883739117558, -900.968867902426, 0.0], [529.4493807449301, -832.045508074223, 486.99967169488], [794.2380563981836, -639.759167814348, 868.3188188014346], [1168.0454671863254, -364.2394442543528, 1063.531012274452], [1567.783184108078, -61.8448479585208, 1036.708094666491], [1909.221420616287, 208.5646976323186, 804.399219400828], [2129.182961528738, 400.4901223273404, 429.2694440359398], [2201.129404378577, 491.6145607880006, 0.3383329004583], [2138.386983573763, 488.6445244721165, -394.2595007442323], [1983.500289890068, 423.1852282498641, -692.373384713841], [1788.042283877023, 339.8805216913737, -871.2238376525154], [1591.8112137457524, 281.1483142535355, -944.1948103775463], [1410.903549649207, 274.2232058035133, -943.7263117679499], [1239.778209961185, 325.0329843862995, -899.6468664560538], [1065.0801709933294, 420.2108360200042, -824.2051839192243]], "H": [[0.0, -1000.000000000006, 0.0], [188.1902210180771, -895.5546841062576, 765.5154426261], [684.4374194318136, -623.0705096140238, 1299.2800386396157], [1320.3385264581823, -282.0155235382475, 1473.5411525817922], [1912.278603099528, 23.110335048373, 1305.348723331129], [2339.308535857301, 231.6206814233032, 916.451703131713], [2569.884700628497, 341.8650479004669, 449.4521593650122], [2634.384012565266, 389.8670503698846, -0.052568468568052], [2576.952659114661, 413.1227926184205, -398.6046647614511], [2425.352033786295, 426.8910089885585, -745.4353089169109], [2192.648657757033, 425.4725168418223, -1035.6317352030635], [1895.3919988050304, 400.1098646640455, -1247.0959834718215], [1564.068283507555, 354.9268139661953, -1353.713819049321], [1236.0318297529498, 308.3019821276901, -1344.3583486486318], [940.8346863982783, 281.1862811874392, -1228.3060338397843]], "I": [[-433.88373911756, -900.968867902426, 0.0], [-114.44319516658489, -760.6185621053476, 1062.613949157041], [690.4333371929428, -425.5992646208398, 1698.0674764635926], [1623.7430987990224, -89.4008432357965, 1736.0435613513441], [2351.95531310096, 88.1215610401262, 1328.156515256859], [2740.464706649629, 86.0578051817422, 790.168529705155], [2860.762100440323, 15.5241054353939, 366.0603627368106], [2859.482958059783, 18.8729901200386, 98.72058674956435], [2819.606764978608, 162.8339898498035, -121.95187820185711], [2720.358275680928, 403.978017588589, -413.0070064764119], [2497.692162248768, 636.6597752356784, -789.8459210179304], [2126.6450230777855, 771.6181387327265, -1166.0657097564967], [1651.9937682608602, 784.5446342438584, -1429.607836112069], [1157.4909383469064, 711.5955718645481, -1515.3784441037087], [716.1168119659123, 611.5766265824972, -1424.2814424386322]], "J": [[-781.831482468032, -623.489801858726, 0.0], [-315.4712567755859, -455.3180611752566, 1316.467424163245], [810.7991590860107, -94.3311455310628, 1969.7948515841176], [1991.2809228277454, 158.3869383299105, 1775.7855719967718], [2731.662835228523, 110.2480587272635, 1097.0831937006649], [2938.356889507599, -164.8657262301528, 480.429398269274], [2847.8354811189597, -405.7799443732351, 223.2385705518436], [2733.617452927173, -385.9990714374814, 233.99346866994335], [2685.169737483439, -75.3418146970645, 229.1339175260029], [2614.007359812703, 374.2140506301049, 18.1146157603421], [2404.4691966784076, 766.6442711166374, -374.5438939147474], [2032.889596573528, 989.7412904909565, -789.6424441853887], [1569.1956005750246, 1047.6631939574663, -1080.358138678746], [1106.0369888137698, 1011.770506799854, -1190.8637854067729], [701.5311256422854, 954.7170250135352, -1141.2546081733503]],