{"A": [[0.0, 1000.0, 0.0], [0.0, 1000.0, 0.0], [0.0, 1000.0, 0.0], [0.0, 1000.0, 0.0], [0.0, 1000.0, 0.0], [0.0, 1000.0, 0.0], [0.0, 1000.0, 0.0], [0.0, 1000.0, 0.0], [0.0, 1000.0, 0.0], [0.0, 1000.0, 0.0], [0.0, 1000.0, 0.0], [0.0, 1000.0, 0.0], [0.0, 1000.0, 0.0], [0.0, 1000.0, 0.0], [0.0, 1000.0, 0.0]], "B": [[433.8837391175581, 900.9688679024191, 0.0], [433.8837391175581, 900.9688679024191, 0.0], [433.8837391175581, 900.9688679024191, 0.0], [433.8837391175581, 900.9688679024191, 0.0], [433.8837391175581, 900.9688679024191, 0.0], [433.8837391175581, 900.9688679024191, 0.0], [433.8837391175581, 900.9688679024191, 0.0], [433.8837391175581, 900.9688679024191, 0.0], [433.8837391175581, 900.9688679024191, 0.0], [433.8837391175581, 900.9688679024191, 0.0], [433.8837391175581, 900.9688679024191, 0.0], [433.8837391175581, 900.9688679024191, 0.0], [433.8837391175581, 900.9688679024191, 0.0], [433.8837391175581, 900.9688679024191, 0.0], [433.8837391175581, 900.9688679024191, 0.0]], "C": [[781.83148246803, 623.489801858734, 0.0], [779.256160460805, 622.249592144798, -33.1016629765276], [771.606439031228, 618.565680463366, -65.2233231478254], [759.108794669787, 612.547132144013, -95.4139915228319], [742.133230736787, 604.372131413935, -122.779847760247], [721.182323199074, 594.282706102789, -146.510702477768], [696.876341442318, 582.577562203537, -165.903983595854], [669.934884669809, 569.603240428196, -180.385536579977], [641.155577557767, 555.74385657617, -189.52662277255], [611.390455900358, 541.409729460243, -193.056612564483], [581.52074136741, 527.025233070149, -190.870997614276], [552.430752189533, 513.016232620698, -183.034484906103], [524.9817221669346, 499.797476450928, -169.779081044669], [499.9863031123663, 487.76031704779, -151.497223502914], [478.1845056050173, 477.261124723869, -128.730162177812]], "D": [[974.927912181824, 222.520933956314, 0.0], [982.668332089844, 230.718085090636, 25.1120090620683], [1004.345156531845, 254.43345250654, 41.0907123062406], [1035.525410292372, 291.139169988401, 40.0594031563291], [1069.464465665686, 336.94504225401, 16.501446096945], [1097.990023234075, 387.043259167755, -31.92434629364], [1112.586577604817, 436.256470264928, -103.9572177498883], [1105.549226224488, 479.6253004634506, -194.7514666489618], [1071.06666974846, 512.9668699889396, -296.338824440172], [1006.10085114081, 533.3393897774648, -398.485037330127], [910.95401596506, 539.3590226086787, -489.842333060756], [789.450322060618, 531.3326206344865, -559.263800116145], [648.7042224072256, 511.1916224706763, -597.125755965552], [498.4963959150576, 482.2357692066297, -596.502306331028], [350.3243007993443, 448.717630671255, -554.052747011349]], "E": [[974.927912181824, -222.520933956311, 0.0], [989.2844192783731, -208.016063664153, 99.481615097615], [1031.0077638007417, -165.037805929773, 187.3618062196986], [1095.9689440682691, -95.281677655343, 252.3982171450361], [1177.065045088955, -1.817127425995, 284.315881661257], [1264.140723805243, 110.689096202929, 274.807760775183], [1344.293026220884, 235.897449677375, 218.8904998107047], [1402.787040343398, 366.0094641026836, 116.3809613957762], [1424.670182423121, 492.3471147103705, -26.891898847114], [1396.970699585086, 606.2741752702718, -198.576201013604], [1311.156207569126, 700.3287979919467, -380.347121094564], [1165.372137841874, 769.3519797985155, -549.6806232927655], [965.9288260359966, 811.3603087060573, -682.738692204498], [727.5857089725256, 827.9373447561798, -757.966765270373], [472.3845745738633, 824.004203045054, -759.779610490999]], "F": [[781.83148246803, -623.489801858726, 0.0], [797.7275793665501, -602.64996237672, 174.5304476340274], [845.2502404469348, -540.040368237536, 338.7866554856956], [923.1117946400042, -435.938525553905, 480.7303919836171], [1026.965522260946, -292.37401613317, 586.158708090469], [1147.429235470667, -114.682758696462, 640.387054096207], [1269.3389088709348, 87.563116045036, 631.7355917680917], [1373.0727125584071, 300.8366548937642, 555.6210186073941], [1437.9453197465616, 509.2804903948356, 417.62952438481], [1446.783637010494, 697.2908308266614, 234.201922129822], [1390.2427689938795, 852.3103161246717, 30.395131593472], [1269.441857648215, 967.0003236479415, -164.75609849839256], [1096.0804571174986, 1040.1904819739284, -323.907856121273], [890.0848101656416, 1076.4288442174218, -426.442586661788], [675.6538707728143, 1084.400523243892, -461.555510450692]], "G": [[433.883739117558, -900.968867902426, 0.0], [447.8618016670621, -871.058214073801, 234.6404485558162], [491.2711715544057, -781.347255301081, 459.3356879863626], [566.5076460821642, -633.173846237646, 659.5989853735241], [672.132116035794, -432.195652639835, 815.517440181529], [798.575627999998, -191.1309942874027, 905.941364972333], [927.4021482815097, 69.776150117758, 916.0332171466257], [1035.2578066827223, 325.4542450733531, 844.3030717681622], [1100.9800978291187, 551.1235612049194, 705.320088773833], [1112.564392449707, 727.8662731425807, 526.47731125379], [1070.7708426972445, 846.4807827704691, 340.178877203778], [987.946769222213, 908.3154174988628, 174.91854167580746], [883.0159088657426, 923.1540647808663, 48.876584975792], [775.2035715004556, 905.3727617687377, -31.975374012597], [679.1737916063151, 869.987339902645, -71.585176755989]], "H": [[0.0, -1000.000000000006, 0.0], [12.49600090991711, -957.3836450725265, 267.3024094450868], [53.2952695973657, -831.5426339058439, 520.32583036039], [128.3857054352182, -630.4453630241014, 737.7269873847273], [237.776309413474, -371.9426169383641, 891.4573449575423], [369.183480122188, -85.4330041386947, 956.0670311980375], [499.4913513672157, 191.952310289532, 921.2867840320781], [603.6611288239652, 424.2441774013327, 799.2795098579616], [665.3722041102957, 586.63387490393, 621.3734107811277], [682.6549778349089, 671.6220554452389, 426.094307730641], [665.5725765330735, 688.548572562815, 245.6587932447092], [628.465004335806, 657.4198501235068, 98.19475670193185], [582.3492027108906, 600.6599120863733, -11.6157077814083], [531.9633157075965, 536.6591463320187, -86.258999062574], [478.0791098304022, 477.126108406184, -128.8847923192565]], "I": [[-433.88373911756, -900.968867902426, 0.0], [-417.7679021565569, -843.6614776060325, 265.7192038696911], [-364.4667997247403, -678.6831669959229, 507.2452720047256], [-265.6557728764558, -428.5352616407274, 692.7171159733766], [-122.829027175332, -132.8766386829241, 787.1812045437013], [45.856527336429, 156.4773494422593, 768.9806163310695], [212.1265831238917, 389.416080208296, 644.7152494572251], [352.0991480302522, 534.5314781458437, 449.1144840361506], [456.3716393658407, 589.297381299724, 228.4689263764008], [527.9524841505129, 577.0819272024789, 19.65665347745], [571.4247558051223, 533.163494977264, -160.6095044491528], [583.7875358880273, 488.4569124559308, -311.09452166694217], [554.790867462223, 459.6049897833853, -432.8119936714603], [475.88975508575766, 448.5748906984173, -518.877981429067], [350.3224757092432, 448.8288045866726, -554.2549478658495]], "J": [[-781.831482468032, -623.489801858726, 0.0], [-753.3897186183009, -553.5578948843955, 230.2203052651318], [-662.6139891088253, -359.1397752862899, 423.2063615391764], [-502.6552654612758, -85.3259577614504, 537.4725397705116], [-282.435646581837, 200.6421143771939, 539.4853575982833], [-30.8949358035339, 429.4715123884053, 425.9854791959055], [217.42806685364317, 557.637482320619, 232.7253001419721], [440.1695091894389, 586.3469357260119, 15.9620466238526], [630.0302906837896, 557.1253527549271, -180.0281942950932], [781.9238765872959, 525.8087883055667, -342.188425591676], [880.5184700889284, 532.4811654665061, -480.8014381574308], [902.7316001435743, 586.0454730499202, -605.7356942014982], [833.402700376168, 669.2132078476533, -709.4021339068163], [679.7202336188096, 755.3808823616573, -768.648843812356], [472.4888428040472, 824.2079028392546, -759.7499004586045]],