{"A": [[0.0, 1000.0, 0.0], [0.0, 1000.0, 0.0], [0.0, 1000.0, 0.0], [0.0, 1000.0, 0.0], [0.0, 1000.0, 0.0], [0.0, 1000.0, 0.0], [0.0, 1000.0, 0.0], [0.0, 1000.0, 0.0], [0.0, 1000.0, 0.0], [0.0, 1000.0, 0.0], [0.0, 1000.0, 0.0], [0.0, 1000.0, 0.0], [0.0, 1000.0, 0.0], [0.0, 1000.0, 0.0], [0.0, 1000.0, 0.0]], "B": [[433.8837391175581, 900.9688679024191, 0.0], [433.8837391175581, 900.9688679024191, 0.0], [433.8837391175581, 900.9688679024191, 0.0], [433.8837391175581, 900.9688679024191, 0.0], [433.8837391175581, 900.9688679024191, 0.0], [433.8837391175581, 900.9688679024191, 0.0], [433.8837391175581, 900.9688679024191, 0.0], [433.8837391175581, 900.9688679024191, 0.0], [433.8837391175581, 900.9688679024191, 0.0], [433.8837391175581, 900.9688679024191, 0.0], [433.8837391175581, 900.9688679024191, 0.0], [433.8837391175581, 900.9688679024191, 0.0], [433.8837391175581, 900.9688679024191, 0.0], [433.8837391175581, 900.9688679024191, 0.0], [433.8837391175581, 900.9688679024191, 0.0]], "C": [[781.83148246803, 623.489801858734, 0.0], [779.256160460805, 622.249592144798, -33.1016629765276], [771.606439031228, 618.565680463366, -65.2233231478254], [759.108794669787, 612.547132144013, -95.4139915228319], [742.133230736787, 604.372131413935, -122.779847760247], [721.182323199074, 594.282706102789, -146.510702477768], [696.876341442318, 582.577562203537, -165.903983595854], [669.934884669809, 569.603240428196, -180.385536579977], [641.155577557767, 555.74385657617, -189.52662277255], [611.390455900358, 541.409729460243, -193.056612564483], [581.52074136741, 527.025233070149, -190.870997614276], [552.430752189533, 513.016232620698, -183.034484906103], [524.9817221669346, 499.797476450928, -169.779081044669], [499.9863031123663, 487.76031704779, -151.497223502914], [478.1845056050173, 477.261124723869, -128.730162177812]], "D": [[974.927912181824, 222.520933956314, 0.0], [982.668332089844, 230.718085090636, 25.1120090620683], [1004.345156531845, 254.43345250654, 41.0907123062406], [1035.525410292372, 291.139169988401, 40.0594031563291], [1069.464465665686, 336.94504225401, 16.501446096945], [1097.990023234075, 387.043259167755, -31.92434629364], [1112.586577604817, 436.256470264928, -103.9572177498883], [1105.549226224488, 479.6253004634506, -194.7514666489618], [1071.06666974846, 512.9668699889396, -296.338824440172], [1006.10085114081, 533.3393897774648, -398.485037330127], [910.95401596506, 539.3590226086787, -489.842333060756], [789.450322060618, 531.3326206344865, -559.263800116145], [648.7042224072256, 511.1916224706763, -597.125755965552], [498.4963959150576, 482.2357692066297, -596.502306331028], [350.3243007993443, 448.717630671255, -554.052747011349]], "E": [[974.927912181824, -222.520933956311, 0.0], [989.2844192783731, -208.016063664153, 99.481615097615], [1031.0077638007417, -165.037805929773, 187.3618062196986], [1095.9689440682691, -95.281677655343, 252.3982171450361], [1177.065045088955, -1.817127425995, 284.315881661257], [1264.140723805243, 110.689096202929, 274.807760775183], [1344.293026220884, 235.897449677375, 218.8904998107047], [1402.787040343398, 366.0094641026836, 116.3809613957762], [1424.670182423121, 492.3471147103705, -26.891898847114], [1396.970699585086, 606.2741752702718, -198.576201013604], [1311.156207569126, 700.3287979919467, -380.347121094564], [1165.372137841874, 769.3519797985155, -549.6806232927655], [965.9288260359966, 811.3603087060573, -682.738692204498], [727.5857089725256, 827.9373447561798, -757.966765270373], [472.3845745738633, 824.004203045054, -759.779610490999]], "F": [[781.83148246803, -623.489801858726, 0.0], [838.3164519048771, -583.307628706446, 285.027238140532], [993.7096155598526, -471.694390202679, 507.7254303330366], [1210.5224110770032, -312.501129144808, 623.552467135604], [1440.032532230778, -136.765512825158, 617.030922168355], [1637.109112908071, 26.9094424814496, 502.706454381605], [1771.947997327742, 160.3653941545984, 316.1961957963958], [1834.587437864487, 259.5641810458176, 99.6452925793097], [1831.368189790598, 333.0103005945555, -112.1607364485993], [1776.003177988712, 396.0577751546458, -299.599513337029], [1680.070235283994, 463.6968746848077, -457.6131370544874], [1547.612934080818, 544.7178919629065, -588.3298725487053], [1376.2516450304026, 639.2541113763973, -691.508255954941], [1163.8703600081647, 740.0855040900375, -758.1135898097158], [917.1214157510133, 836.4908409831002, -770.5262456824483]], "G": [[433.883739117558, -900.968867902426, 0.0], [561.1816607020471, -817.056454777497, 543.135854832299], [901.3253207549451, -592.571357160287, 925.9552297587796], [1346.3462884375392, -298.247973196169, 1047.121807479564], [1765.572538321265, -20.280337541809, 897.24008077845], [2054.811894483997, 172.1129664443276, 552.7323185686226], [2169.166850599714, 249.6441654025087, 136.4498528435428], [2127.004704540407, 227.8211841552462, -234.3409174554063], [1987.49648117167, 153.9264914581485, -488.4787005836983], [1816.1944133276606, 84.0508403713538, -614.398816773726], [1656.4494349621004, 61.1771114825407, -645.9802313647884], [1518.5138782500824, 102.8788068860635, -632.9810992214267], [1387.4074634813887, 201.3492254819993, -612.9135817100015], [1241.4118499264957, 332.6396513067635, -596.7523225052068], [1069.8204888565263, 468.9185395374872, -571.4386758096624]], "H": [[0.0, -1000.000000000006, 0.0], [215.5532582775391, -860.6181775797663, 820.09369989024], [775.8365199712091, -498.9076057052381, 1342.5388669030965], [1464.5033755147113, -56.608221809975, 1401.6798387221381], [2038.810459607509, 306.533808808585, 1026.064831162829], [2335.725256894427, 483.1976292838446, 403.1452885143466], [2325.676694795039, 456.4729015506997, -225.1974985479202], [2094.521510054467, 290.9190791512731, -673.6878895836163], [1776.480661049097, 88.8099975797834, -874.8650746681762], [1482.8700957042538, -60.5679124846392, -871.386325805624], [1263.4236815329446, -113.0765403244123, -760.9962570679133], [1109.8703145554623, -73.3858383496535, -634.8457402204999], [986.0126207096037, 23.0011351042363, -541.2448782894315], [859.6251264735878, 134.1292541276805, -483.1971191807578], [719.4214531209223, 229.3449681016902, -437.6953252451334]], "I": [[-433.88373911756, -900.968867902426, 0.0], [-126.64166079580289, -704.9273727043753, 1058.264384133282], [647.1016401427901, -212.9892064807511, 1658.3556870625637], [1531.1210845471176, 343.146243927792, 1585.583922856093], [2163.327738152573, 728.352711504447, 958.046268495339], [2357.770855119532, 824.9733479273176, 118.9523717486446], [2158.627037859616, 671.3641601388697, -577.3031975863051], [1757.746061267026, 408.8268748365071, -939.6621609066563], [1355.877322515433, 186.2805524166471, -982.8214860076423], [1063.6001539409717, 86.9689045819578, -848.8504047276455], [885.8502362663265, 111.5679519375297, -690.0356361501617], [768.1902960667943, 208.5211009597445, -591.8863788430763], [653.6214193153437, 318.1744484799553, -562.4832516178612], [513.7552200043218, 402.0574723996515, -564.7491997655458], [350.2451258458033, 448.9082180750362, -554.1559745475854]], "J": [[-781.831482468032, -623.489801858726, 0.0], [-394.19052795048486, -382.3841182925703, 1208.083331242295], [545.7514704654241, 197.1532785900829, 1798.2611881747437], [1527.1018374589446, 786.416134557041, 1546.1135046984455], [2095.1854639434455, 1096.327447537521, 717.186374984281], [2111.368190306605, 1048.9124277790356, -176.3428694649814], [1756.447756813168, 780.5624991135797, -733.4755794509842], [1330.337704924113, 506.740713943226, -863.5225441831576], [1039.733199243184, 373.5610128236551, -731.7414456513543], [920.1026534040888, 399.3763929323798, -566.2335390642424], [893.4552069444024, 515.1350184820717, -502.5841719873427], [866.8135579040683, 640.5714804826235, -551.0429463983545], [789.0043369474297, 732.7490725673083, -651.1489770782271], [652.4566850276798, 788.8739319478835, -735.6210652616187], [472.5662575850023, 824.1284227014742, -759.8489568423354]],