{"A": [[0.0, 1000.0, 0.0], [0.0, 1000.0, 0.0], [0.0, 1000.0, 0.0], [0.0, 1000.0, 0.0], [0.0, 1000.0, 0.0], [0.0, 1000.0, 0.0], [0.0, 1000.0, 0.0], [0.0, 1000.0, 0.0], [0.0, 1000.0, 0.0], [0.0, 1000.0, 0.0], [0.0, 1000.0, 0.0], [0.0, 1000.0, 0.0], [0.0, 1000.0, 0.0], [0.0, 1000.0, 0.0], [0.0, 1000.0, 0.0]], "B": [[433.8837391175581, 900.9688679024191, 0.0], [433.8837391175581, 900.9688679024191, 0.0], [433.8837391175581, 900.9688679024191, 0.0], [433.8837391175581, 900.9688679024191, 0.0], [433.8837391175581, 900.9688679024191, 0.0], [433.8837391175581, 900.9688679024191, 0.0], [433.8837391175581, 900.9688679024191, 0.0], [433.8837391175581, 900.9688679024191, 0.0], [433.8837391175581, 900.9688679024191, 0.0], [433.8837391175581, 900.9688679024191, 0.0], [433.8837391175581, 900.9688679024191, 0.0], [433.8837391175581, 900.9688679024191, 0.0], [433.8837391175581, 900.9688679024191, 0.0], [433.8837391175581, 900.9688679024191, 0.0], [433.8837391175581, 900.9688679024191, 0.0]], "C": [[781.83148246803, 623.489801858734, 0.0], [779.256160460805, 622.249592144798, -33.1016629765276], [771.606439031228, 618.565680463366, -65.2233231478254], [759.108794669787, 612.547132144013, -95.4139915228319], [742.133230736787, 604.372131413935, -122.779847760247], [721.182323199074, 594.282706102789, -146.510702477768], [696.876341442318, 582.577562203537, -165.903983595854], [669.934884669809, 569.603240428196, -180.385536579977], [641.155577557767, 555.74385657617, -189.52662277255], [611.390455900358, 541.409729460243, -193.056612564483], [581.52074136741, 527.025233070149, -190.870997614276], [552.430752189533, 513.016232620698, -183.034484906103], [524.9817221669346, 499.797476450928, -169.779081044669], [499.9863031123663, 487.76031704779, -151.497223502914], [478.1845056050173, 477.261124723869, -128.730162177812]], "D": [[974.927912181824, 222.520933956314, 0.0], [982.668332089844, 230.718085090636, 25.1120090620683], [1004.345156531845, 254.43345250654, 41.0907123062406], [1035.525410292372, 291.139169988401, 40.0594031563291], [1069.464465665686, 336.94504225401, 16.501446096945], [1097.990023234075, 387.043259167755, -31.92434629364], [1112.586577604817, 436.256470264928, -103.9572177498883], [1105.549226224488, 479.6253004634506, -194.7514666489618], [1071.06666974846, 512.9668699889396, -296.338824440172], [1006.10085114081, 533.3393897774648, -398.485037330127], [910.95401596506, 539.3590226086787, -489.842333060756], [789.450322060618, 531.3326206344865, -559.263800116145], [648.7042224072256, 511.1916224706763, -597.125755965552], [498.4963959150576, 482.2357692066297, -596.502306331028], [350.3243007993443, 448.717630671255, -554.052747011349]], "E": [[974.927912181824, -222.520933956311, 0.0], [1001.7891075959966, -192.145880363551, 162.5264437462093], [1076.7227428393003, -104.787291435887, 293.6460652824046], [1183.892075357398, 28.884350089978, 367.5834577426851], [1300.370762068185, 193.055666790192, 368.695134435439], [1400.555068867889, 369.3119200035212, 293.962531268514], [1460.952905821094, 539.462537541587, 153.0479830487587], [1464.361381492303, 688.1194582395166, -33.9836601687048], [1402.620575806985, 804.5776758109185, -240.6844490474972], [1277.485193692699, 883.7203981955078, -439.055368272745], [1099.59709948769, 925.8927875939557, -604.156373145687], [885.9608909993048, 935.9044663871265, -717.597611737646], [656.6210758937286, 921.4817231579153, -769.351250315512], [431.34669116206595, 891.5615418415957, -757.764804152231], [227.0312334461293, 854.791143767104, -688.087763703967]], "F": [[781.83148246803, -623.489801858726, 0.0], [828.8299845158145, -595.347271160182, 237.1993598414032], [964.9091656425422, -509.652231629437, 440.7663166134016], [1173.6080329353524, -364.632026137828, 575.1921384551321], [1423.460410019391, -162.956153782779, 605.690464293924], [1666.833486059997, 83.2627630704462, 506.8802349728], [1845.048330685728, 350.58253816989, 274.9385677161857], [1901.065568395623, 607.3270614285452, -62.6943890659299], [1796.892006928227, 821.2057639932364, -446.4411244681802], [1529.375074224408, 968.730044862777, -795.968680232935], [1137.1349104931198, 1042.5736673991616, -1031.986654014124], [693.8689208445556, 1053.6207722923996, -1101.402002699042], [288.39309971811457, 1026.5593815425273, -996.13111596761], [-2.53555333705604, 990.5982159562127, -757.3183919177987], [-138.8757984253127, 968.997386384377, -461.965579101393]], "G": [[433.883739117558, -900.968867902426, 0.0], [499.7846691412506, -894.977750008994, 233.5909294274498], [695.5090104035733, -863.829024793561, 447.44611723649354], [1007.6214526036933, -776.598968520354, 603.3693939807941], [1395.2982732228757, -605.463104681654, 643.8579459032765], [1781.106933018555, -346.7939710182828, 514.2997349767071], [2061.547015990928, -30.397479256353, 197.1901929538676], [2138.604977624324, 288.5049661547932, -262.6687994881109], [1959.495151635566, 550.4356439715864, -759.9790386506752], [1544.4567499761135, 715.02769200152, -1161.304037684616], [986.8098090262948, 775.1458315791227, -1354.394750520339], [423.0654247538507, 755.8577614599445, -1291.309664682977], [-14.21576854463441, 700.3626927109854, -1005.3970341219206], [-240.32818545495203, 650.8776765920687, -595.7421453970337], [-241.6408575581027, 633.480727872661, -188.231805741718]], "H": [[0.0, -1000.000000000006, 0.0], [74.5111781111306, -1020.648174563953, 271.16307887874467], [308.0396262591142, -1059.959903227053, 544.7210835473719], [715.4448681349083, -1058.242372287015, 786.0497180390861], [1277.4113284099935, -943.811109316591, 907.8381728093815], [1899.082303347118, -671.0744333372749, 795.344674353283], [2401.60853426112, -255.729261216723, 375.0834643991436], [2575.756649704394, 217.016952251057, -305.6820958145978], [2289.08510533944, 625.2439911110654, -1049.5242644978612], [1587.3822447659331, 870.794605686613, -1575.980218207719], [711.0934307379758, 929.7832786124397, -1667.651838091798], [-9.9137331484223, 857.6278028329115, -1306.6123342652802], [-333.3456414570304, 744.7300598840484, -698.3955273825985], [-238.4030240330843, 656.3028745950181, -150.73751039275976], [80.7533324122463, 601.306625454378, 116.873221424509]], "I": [[-433.88373911756, -900.968867902426, 0.0], [-364.2625664318764, -946.3848884776162, 276.1460132085604], [-135.3623070572928, -1054.9313476346763, 582.55893965853], [295.5992884239003, -1150.2607697354213, 901.4818102981931], [945.5822583990656, -1130.524779371639, 1138.2502773208835], [1742.794904362347, -910.2925365122228, 1136.535547952096], [2488.836064217309, -470.492594941675, 754.9917858403006], [2896.460529336116, 111.878647946374, -15.5834526736048], [2722.81302181201, 684.3421780875188, -969.2138482144062], [1942.354118727587, 1092.287460346743, -1727.631621847176], [834.7918951311038, 1263.9691262209988, -1934.26161540704], [-119.7074176421343, 1244.8904301940106, -1496.4419117547773], [-516.3876818722034, 1150.2813868175765, -689.1220782797768], [-293.76294662520223, 1071.053784381823, 0.851493155544245], [223.4457739641423, 1012.442687356914, 209.9767655159994]],