{"A": [[0.0, 1000.0, 0.0], [0.0, 1000.0, 0.0], [0.0, 1000.0, 0.0], [0.0, 1000.0, 0.0], [0.0, 1000.0, 0.0], [0.0, 1000.0, 0.0], [0.0, 1000.0, 0.0], [0.0, 1000.0, 0.0], [0.0, 1000.0, 0.0], [0.0, 1000.0, 0.0], [0.0, 1000.0, 0.0], [0.0, 1000.0, 0.0], [0.0, 1000.0, 0.0], [0.0, 1000.0, 0.0], [0.0, 1000.0, 0.0]], "B": [[433.8837391175581, 900.9688679024191, 0.0], [433.8837391175581, 900.9688679024191, 0.0], [433.8837391175581, 900.9688679024191, 0.0], [433.8837391175581, 900.9688679024191, 0.0], [433.8837391175581, 900.9688679024191, 0.0], [433.8837391175581, 900.9688679024191, 0.0], [433.8837391175581, 900.9688679024191, 0.0], [433.8837391175581, 900.9688679024191, 0.0], [433.8837391175581, 900.9688679024191, 0.0], [433.8837391175581, 900.9688679024191, 0.0], [433.8837391175581, 900.9688679024191, 0.0], [433.8837391175581, 900.9688679024191, 0.0], [433.8837391175581, 900.9688679024191, 0.0], [433.8837391175581, 900.9688679024191, 0.0], [433.8837391175581, 900.9688679024191, 0.0]], "C": [[781.83148246803, 623.489801858734, 0.0], [779.256160460805, 622.249592144798, -33.1016629765276], [771.606439031228, 618.565680463366, -65.2233231478254], [759.108794669787, 612.547132144013, -95.4139915228319], [742.133230736787, 604.372131413935, -122.779847760247], [721.182323199074, 594.282706102789, -146.510702477768], [696.876341442318, 582.577562203537, -165.903983595854], [669.934884669809, 569.603240428196, -180.385536579977], [641.155577557767, 555.74385657617, -189.52662277255], [611.390455900358, 541.409729460243, -193.056612564483], [581.52074136741, 527.025233070149, -190.870997614276], [552.430752189533, 513.016232620698, -183.034484906103], [524.9817221669346, 499.797476450928, -169.779081044669], [499.9863031123663, 487.76031704779, -151.497223502914], [478.1845056050173, 477.261124723869, -128.730162177812]], "D": [[974.927912181824, 222.520933956314, 0.0], [982.668332089844, 230.718085090636, 25.1120090620683], [1004.345156531845, 254.43345250654, 41.0907123062406], [1035.525410292372, 291.139169988401, 40.0594031563291], [1069.464465665686, 336.94504225401, 16.501446096945], [1097.990023234075, 387.043259167755, -31.92434629364], [1112.586577604817, 436.256470264928, -103.9572177498883], [1105.549226224488, 479.6253004634506, -194.7514666489618], [1071.06666974846, 512.9668699889396, -296.338824440172], [1006.10085114081, 533.3393897774648, -398.485037330127], [910.95401596506, 539.3590226086787, -489.842333060756], [789.450322060618, 531.3326206344865, -559.263800116145], [648.7042224072256, 511.1916224706763, -597.125755965552], [498.4963959150576, 482.2357692066297, -596.502306331028], [350.3243007993443, 448.717630671255, -554.052747011349]], "E": [[974.927912181824, -222.520933956311, 0.0], [1001.7891075959966, -192.145880363551, 162.5264437462093], [1076.7227428393003, -104.787291435887, 293.6460652824046], [1183.892075357398, 28.884350089978, 367.5834577426851], [1300.370762068185, 193.055666790192, 368.695134435439], [1400.555068867889, 369.3119200035212, 293.962531268514], [1460.952905821094, 539.462537541587, 153.0479830487587], [1464.361381492303, 688.1194582395166, -33.9836601687048], [1402.620575806985, 804.5776758109185, -240.6844490474972], [1277.485193692699, 883.7203981955078, -439.055368272745], [1099.59709948769, 925.8927875939557, -604.156373145687], [885.9608909993048, 935.9044663871265, -717.597611737646], [656.6210758937286, 921.4817231579153, -769.351250315512], [431.34669116206595, 891.5615418415957, -757.764804152231], [227.0312334461293, 854.791143767104, -688.087763703967]], "F": [[781.83148246803, -623.489801858726, 0.0], [828.8299845158145, -595.347271160182, 237.1993598414032], [964.9091656425422, -509.652231629437, 440.7663166134016], [1173.6080329353524, -364.632026137828, 575.1921384551321], [1423.460410019391, -162.956153782779, 605.690464293924], [1666.833486059997, 83.2627630704462, 506.8802349728], [1845.048330685728, 350.58253816989, 274.9385677161857], [1901.065568395623, 607.3270614285452, -62.6943890659299], [1796.892006928227, 821.2057639932364, -446.4411244681802], [1529.375074224408, 968.730044862777, -795.968680232935], [1137.1349104931198, 1042.5736673991616, -1031.986654014124], [693.8689208445556, 1053.6207722923996, -1101.402002699042], [288.39309971811457, 1026.5593815425273, -996.13111596761], [-2.53555333705604, 990.5982159562127, -757.3183919177987], [-138.8757984253127, 968.997386384377, -461.965579101393]], "G": [[433.883739117558, -900.968867902426, 0.0], [491.8685924017096, -879.740739209853, 297.528786743811], [662.9163047519552, -812.835985682943, 563.0045571288356], [935.4627900652803, -692.695297874112, 758.8319958695931], [1282.249570275277, -513.103188069515, 841.314778222115], [1653.3512345459696, -276.5299602462158, 768.470925437225], [1975.264177904152, -0.027769814107, 516.1407842559947], [2161.402932089905, 283.7959545761092, 97.3504301526651], [2135.258368806808, 532.9468633375664, -424.5944877246749], [1860.598631557208, 708.563782251295, -939.72797579932], [1366.4701293545359, 789.3600923965197, -1317.20675677571], [752.6963966760369, 781.3309693742646, -1448.47527379502], [167.0732289674196, 717.0583891721283, -1292.024490138001], [-242.35674198632205, 643.3558271599247, -898.6364201132867], [-383.0223001059607, 601.918754617201, -401.0719997009459]], "H": [[0.0, -1000.000000000006, 0.0], [80.5165740019746, -1032.207471555714, 222.6577196925235], [328.5730401757482, -1092.085532504887, 471.9192332427965], [745.7405607027594, -1093.469186667889, 720.7790072617872], [1292.604921756528, -956.22415765713, 881.3002406127068], [1871.2446294430956, -655.7640664225657, 850.7279942398156], [2347.542781331908, -236.699275142495, 574.9413300922434], [2600.370236541494, 211.932914313183, 83.0091170381726], [2563.903832093484, 597.8989953623882, -525.125833803102], [2239.925598811263, 857.452553923136, -1118.628645946333], [1685.43578449885, 966.2620876958337, -1572.214323511762], [997.2771800161229, 935.4614584231115, -1786.833511409349], [304.2613535951996, 803.4500759742999, -1706.48577796565], [-246.39022420420136, 626.6864867140715, -1343.3477065739048], [-527.7503414343987, 465.464351293854, -799.1878798942219]], "I": [[-433.88373911756, -900.968867902426, 0.0], [-319.6215447745924, -1021.0183365647302, 28.1672228674305], [41.4320003072292, -1280.957076807555, 189.1829123161875], [658.8298121275869, -1452.062160775648, 471.9419824889112], [1450.87233017586, -1335.953194008329, 711.5370214538448], [2225.8223224597295, -889.6333260225198, 717.9044525601196], [2764.813690648231, -234.1468829865129, 420.2133826239084], [2939.474890174285, 437.329774287517, -96.6198160250784], [2762.776948509182, 967.5651486588652, -672.9726561201719], [2340.098037677561, 1286.945085223585, -1178.3271571829598], [1781.6954770847053, 1400.0543192571606, -1547.301764119539], [1160.3678854554948, 1347.6001789095094, -1746.7665540718153], [535.3725695603906, 1182.090139493118, -1742.2848331028006], [-9.40385884823637, 962.2132828717845, -1514.5829129149638], [-373.0171251594527, 748.241168449074, -1106.038279365913]], "J": [[-781.831482468032, -623.489801858726, 0.0], [-625.2749097112734, -848.5018522783452, -245.4682049329655], [-130.1853415016998, -1334.511092750566, -217.9309778447565], [699.6456131802647, -1665.674868194413, 83.6560751875852], [1701.203342227935, -1518.29379356531, 391.9301467572188], [2562.993181821346, -876.503655434015, 427.7222898713196], [3006.189201731631, 6.27826515134408, 133.8641640336104], [2963.579836428533, 816.988741654877, -327.5749724056894], [2583.387568538323, 1365.9312326190643, -757.7439820449935], [2074.693867342597, 1626.503944211055, -1067.3196265956199], [1560.9901379899593, 1665.9603220723736, -1266.863865188104], [1063.765991703638, 1567.4200633634905, -1372.0539218890333], [583.1422272758424, 1398.723237369876, -1356.4734479659314], [161.18904582684064, 1214.6985079276785, -1190.2196347866418], [-132.6945805022337, 1059.395678443834, -897.4952151452059]],