{"A": [[0.0, 1000.0, 0.0], [0.0, 1000.0, 0.0], [0.0, 1000.0, 0.0], [0.0, 1000.0, 0.0], [0.0, 1000.0, 0.0], [0.0, 1000.0, 0.0], [0.0, 1000.0, 0.0], [0.0, 1000.0, 0.0], [0.0, 1000.0, 0.0], [0.0, 1000.0, 0.0], [0.0, 1000.0, 0.0], [0.0, 1000.0, 0.0], [0.0, 1000.0, 0.0], [0.0, 1000.0, 0.0], [0.0, 1000.0, 0.0]], "B": [[433.8837391175581, 900.9688679024191, 0.0], [433.8837391175581, 900.9688679024191, 0.0], [433.8837391175581, 900.9688679024191, 0.0], [433.8837391175581, 900.9688679024191, 0.0], [433.8837391175581, 900.9688679024191, 0.0], [433.8837391175581, 900.9688679024191, 0.0], [433.8837391175581, 900.9688679024191, 0.0], [433.8837391175581, 900.9688679024191, 0.0], [433.8837391175581, 900.9688679024191, 0.0], [433.8837391175581, 900.9688679024191, 0.0], [433.8837391175581, 900.9688679024191, 0.0], [433.8837391175581, 900.9688679024191, 0.0], [433.8837391175581, 900.9688679024191, 0.0], [433.8837391175581, 900.9688679024191, 0.0], [433.8837391175581, 900.9688679024191, 0.0]], "C": [[781.83148246803, 623.489801858734, 0.0], [779.256160460805, 622.249592144798, -33.1016629765276], [771.606439031228, 618.565680463366, -65.2233231478254], [759.108794669787, 612.547132144013, -95.4139915228319], [742.133230736787, 604.372131413935, -122.779847760247], [721.182323199074, 594.282706102789, -146.510702477768], [696.876341442318, 582.577562203537, -165.903983595854], [669.934884669809, 569.603240428196, -180.385536579977], [641.155577557767, 555.74385657617, -189.52662277255], [611.390455900358, 541.409729460243, -193.056612564483], [581.52074136741, 527.025233070149, -190.870997614276], [552.430752189533, 513.016232620698, -183.034484906103], [524.9817221669346, 499.797476450928, -169.779081044669], [499.9863031123663, 487.76031704779, -151.497223502914], [478.1845056050173, 477.261124723869, -128.730162177812]], "D": [[974.927912181824, 222.520933956314, 0.0], [982.668332089844, 230.718085090636, 25.1120090620683], [1004.345156531845, 254.43345250654, 41.0907123062406], [1035.525410292372, 291.139169988401, 40.0594031563291], [1069.464465665686, 336.94504225401, 16.501446096945], [1097.990023234075, 387.043259167755, -31.92434629364], [1112.586577604817, 436.256470264928, -103.9572177498883], [1105.549226224488, 479.6253004634506, -194.7514666489618], [1071.06666974846, 512.9668699889396, -296.338824440172], [1006.10085114081, 533.3393897774648, -398.485037330127], [910.95401596506, 539.3590226086787, -489.842333060756], [789.450322060618, 531.3326206344865, -559.263800116145], [648.7042224072256, 511.1916224706763, -597.125755965552], [498.4963959150576, 482.2357692066297, -596.502306331028], [350.3243007993443, 448.717630671255, -554.052747011349]], "E": [[974.927912181824, -222.520933956311, 0.0], [1001.7891075959966, -192.145880363551, 162.5264437462093], [1076.7227428393003, -104.787291435887, 293.6460652824046], [1183.892075357398, 28.884350089978, 367.5834577426851], [1300.370762068185, 193.055666790192, 368.695134435439], [1400.555068867889, 369.3119200035212, 293.962531268514], [1460.952905821094, 539.462537541587, 153.0479830487587], [1464.361381492303, 688.1194582395166, -33.9836601687048], [1402.620575806985, 804.5776758109185, -240.6844490474972], [1277.485193692699, 883.7203981955078, -439.055368272745], [1099.59709948769, 925.8927875939557, -604.156373145687], [885.9608909993048, 935.9044663871265, -717.597611737646], [656.6210758937286, 921.4817231579153, -769.351250315512], [431.34669116206595, 891.5615418415957, -757.764804152231], [227.0312334461293, 854.791143767104, -688.087763703967]], "F": [[781.83148246803, -623.489801858726, 0.0], [832.6393526879566, -558.342081373484, 350.5449720236253], [971.5178932719502, -373.624650530965, 632.3504764988126], [1161.6758956678384, -99.035638305143, 793.2654777108281], [1353.3712917602575, 223.4788243424257, 809.521222061928], [1497.389802429574, 548.7943118726482, 689.527152512803], [1557.5631451437441, 837.562309500338, 469.0626216516627], [1518.7313280930828, 1062.8114469973566, 199.9224890930952], [1388.2600091054326, 1212.8428119367745, -64.1182661491012], [1191.4112227368348, 1290.2674538100277, -279.766237161366], [962.727591816306, 1308.1263282741686, -421.874935681465], [736.5093207061307, 1284.6727159181505, -485.031061152368], [539.2344155558196, 1238.4418148308862, -479.83624818861], [385.64225439352276, 1184.7695780746028, -426.098682663742], [278.7207244176635, 1134.20770007419, -345.572291382267]], "G": [[433.883739117558, -900.968867902426, 0.0], [498.3384555498546, -816.890811643928, 490.0359338934503], [674.2660037275411, -579.224890715945, 892.0274288710316], [914.6009341759465, -228.333093227196, 1140.106068976649], [1156.7566769441723, 178.7994166968866, 1206.268884901084], [1341.162098063779, 581.1821073382417, 1104.986174906872], [1428.2613338373242, 926.5567406836096, 885.5038504059817], [1408.3828459718159, 1180.8877007274996, 614.5831636135422], [1301.2779199166678, 1332.2421774250065, 355.6914191566688], [1145.896984995856, 1388.5279695280367, 151.899825216548], [984.7261300589488, 1370.6036752639166, 18.210180657945], [849.1043193452077, 1303.7284606254852, -54.889794740649], [751.2897422433986, 1210.5385640259642, -89.559152763952], [685.7836882667627, 1107.623201518617, -106.683873282652], [638.0383176313755, 1005.872656829476, -116.480065242571]], "H": [[0.0, -1000.000000000006, 0.0], [68.4561971243656, -913.9867159337945, 551.9705240373489], [255.6942926476062, -672.6681106859537, 1010.8901712271386], [513.4972064466505, -321.9417709364795, 1308.674984421756], [779.9071029933754, 74.7836450981876, 1418.936188610391], [999.764844280919, 452.4003316986637, 1359.790871817676], [1141.4950430134163, 759.3354882786746, 1181.9231672299527], [1203.323961810176, 967.4374878756046, 946.9265475630862], [1206.620157441438, 1073.6253131640117, 705.2904605142738], [1180.2091208424317, 1093.7293439607208, 483.530209669521], [1144.051384910524, 1052.1459860978284, 285.160414920128], [1100.7179523194748, 972.2502702334673, 102.828476842223], [1038.3837999241825, 871.2475639741461, -66.7362799520604], [942.4343700072347, 760.1949323851769, -213.857981929538], [808.3359842170975, 647.170443479885, -317.461883048867]], "I": [[-433.88373911756, -900.968867902426, 0.0], [-367.5466559383804, -829.4236241439473, 523.4598273911643], [-184.6035489458358, -631.720712394472, 960.6568609989883], [73.3508005346265, -353.0264791532099, 1250.6478659944933], [355.8029860537434, -51.8640291803764, 1372.478371293497], [621.561263743313, 218.4145178993257, 1343.2091106217056], [849.0676842813442, 424.4192655664236, 1201.407207475669], [1033.6495129610998, 557.8793290165936, 986.1051145982839], [1174.9636716672053, 630.0904997735706, 723.6480315490229], [1264.7454142321587, 660.2041153873358, 429.0163996258363], [1284.6894547416907, 664.5922510034645, 117.573721165134], [1216.4223280223287, 652.4307609401333, -184.208529680883], [1056.0891969244835, 627.6169964115401, -438.7482819914344], [822.6728886250268, 593.1607976900859, -608.597199159035], [554.2286441554185, 553.8985121292948, -670.721094880733]], "J": [[-781.831482468032, -623.489801858726, 0.0], [-718.9356089432534, -580.7995619512993, 410.4370703900543], [-541.8643800364418, -466.125596342535, 753.2798605786023], [-279.6596671865905, -312.6760341883017, 982.6595911286952], [34.0996418220904, -156.4529348640414, 1083.289188727437], [370.909743664802, -19.0905987320113, 1062.4469350149675], [705.7794281070302, 99.1002677520446, 933.641844706833], [1007.0055051863249, 212.0478676537066, 707.2629345457079], [1229.9450223787842, 332.8064338715326, 397.0573099572329], [1326.5736049377317, 461.9688572534768, 35.3892645578403], [1268.9252358645847, 587.441441185453, -320.446262560246], [1069.7920231346127, 693.72358652928, -602.367256049896], [783.1647283352866, 771.9310054107762, -759.2915169021704], [481.85110640090477, 823.193667456755, -778.854815093372], [226.9429335660695, 854.9771320021508, -687.98355399415]],