{"A": [[0.0, 1000.0, 0.0], [0.0, 1000.0, 0.0], [0.0, 1000.0, 0.0], [0.0, 1000.0, 0.0], [0.0, 1000.0, 0.0], [0.0, 1000.0, 0.0], [0.0, 1000.0, 0.0], [0.0, 1000.0, 0.0], [0.0, 1000.0, 0.0], [0.0, 1000.0, 0.0], [0.0, 1000.0, 0.0], [0.0, 1000.0, 0.0], [0.0, 1000.0, 0.0], [0.0, 1000.0, 0.0], [0.0, 1000.0, 0.0]], "B": [[499.99999999999994, 866.0254037844387, 0.0], [499.99999999999994, 866.0254037844387, 0.0], [499.99999999999994, 866.0254037844387, 0.0], [499.99999999999994, 866.0254037844387, 0.0], [499.99999999999994, 866.0254037844387, 0.0], [499.99999999999994, 866.0254037844387, 0.0], [499.99999999999994, 866.0254037844387, 0.0], [499.99999999999994, 866.0254037844387, 0.0], [499.99999999999994, 866.0254037844387, 0.0], [499.99999999999994, 866.0254037844387, 0.0], [499.99999999999994, 866.0254037844387, 0.0], [499.99999999999994, 866.0254037844387, 0.0], [499.99999999999994, 866.0254037844387, 0.0], [499.99999999999994, 866.0254037844387, 0.0], [499.99999999999994, 866.0254037844387, 0.0]], "C": [[866.025403784439, 500.0, 0.0], [864.748710675882, 499.65791111258, -26.1233765953087], [860.931670912557, 498.635138390519, -51.9799409116455], [854.613270001353, 496.942127968906, -77.3056057692213], [845.858041213472, 494.596171485644, -101.84170635369], [834.755406470973, 491.621229472534, -125.337642100835], [821.418763031958, 488.047686633308, -147.553436216676], [805.984325302584, 483.912041508093, -168.262186691222], [788.609733605121, 479.256533693938, -187.252383772333], [769.472444111441, 474.128712428786, -204.330070230059], [748.76791638645, 468.580950945206, -219.320822347516], [726.707617053045, 462.669911554032, -232.071531405338], [703.516859968282, 456.455966921303, -242.45196746446], [679.432504970177, 450.002583449337, -250.356109475438], [654.700538699134, 443.375673059777, -255.703228129195]], "D": [[1000.0, 0.0, 0.0], [994.898873861894, 0.685690695328, -71.2548590178233], [979.714948489861, 2.753806486318, -141.0946426618696], [954.802618368166, 6.236630278312, -208.1467363099753], [920.739477830566, 11.185178179169, -271.121871853757], [878.307253410305, 17.665149991365, -328.85192607652], [828.4661414899404, 25.751521337791, -380.323241906873], [772.3235337367877, 35.522025680641, -424.704260556925], [711.0983245481282, 47.049827207048, -461.366478201783], [646.082158623367, 60.395725643453, -489.898005271761], [578.599086314403, 75.60025981697, -510.109298913226], [509.965145271802, 92.676087088288, -522.030947900977], [441.44937717336, 111.601010153884, -525.90370177843], [374.237718519764, 132.312001327496, -522.161239643534], [309.401077569691, 154.700538082337, -511.406456541736]], "E": [[866.025403784439, -500.0, 0.0], [855.001257020943, -494.985302083752, -123.1019047460794], [822.425993759078, -479.997660124822, -241.8934454107856], [769.761625538913, -455.207989542457, -352.2921012800413], [699.348537938059, -420.906031994544, -450.655796935487], [614.268215917667, -377.506603046102, -533.966198403875], [518.1648214423764, -325.556309352494, -599.970894531592], [415.0380612968827, -265.73898046531, -647.275799147211], [309.0215724005852, -198.877920861575, -675.382880712206], [204.16172880252, -125.933169484068, -684.672410619691], [104.211302530168, -47.992256245239, -676.332982547112], [12.450849489415, 33.7465553891673, -652.246262733766], [-68.451808244482, 117.99889677243794, -614.8364886875343], [-136.536844895038, 203.4264021807131, -566.8969054017489], [-190.598922641515, 288.675133509671, -511.4064571084297]], "F": [[500.0, -866.02540378444, 0.0], [483.1600240617, -852.348273112487, -167.5428412797075], [433.985651483226, -811.748145649198, -325.5887754960711], [356.387063017777, -745.505824514921, -465.4195979459093], [256.47351316305, -655.712301420328, -579.794949402891], [141.988695820791, -545.202105793808, -663.501775317648], [21.60815180923633, -417.458389681976, -713.701602368473], [-95.8265055454773, -276.4895398920508, -730.0466409219987], [-202.0571480013868, -126.6787112024177, -714.5620602339114], [-290.067822352108, 27.389992353531, -671.3175897395922], [-354.591159186146, 181.122190556648, -605.9336656410787], [-392.420859623152, 330.1114753427403, -524.983048047403], [-402.512197072718, 470.33365284582993, -435.3564933962792], [-385.876745001317, 598.3240435639931, -343.6601264516179], [-345.299462277335, 711.324864062906, -255.70322926257873]], "G": [[0.0, -1000.0, 0.0], [-19.345763880781, -974.06763133182, -192.4732113150699], [-74.669691577845, -897.7515689916416, -368.2777152806572], [-158.215838782262, -775.3955205356098, -512.7445592442137], [-258.277547839387, -613.9134927781557, -614.9147048702733], [-360.825917017492, -422.322296306582, -668.7180927725254], [-451.42301072225666, -211.128744043281, -673.4674249089651], [-517.1305163503613, 8.3869427384282, -633.62303097646], [-548.1357880729478, 224.9396591992223, -557.8990814755754], [-538.873491733923, 428.000508735965, -457.8787332059572], [-488.510728343031, 608.488147879953, -346.3704171849507], [-400.76940629698487, 759.3311444797893, -235.760002932672], [-283.162581803899, 875.8519849840229, -136.5928007123032], [-145.804039617809, 955.939762555497, -56.5620838056169], [-1.873382e-06, 999.999999657151, -5.66676735493118e-07]], "H": [[-500.0, -866.02540378444, 0.0], [-515.647707321299, -826.990457620024, -191.10268541280678], [-558.270917559901, -713.4458340045486, -357.768542590257], [-615.815958900233, -535.6865345858378, -479.7154122058475], [-671.01608176895, -309.6297028159467, -544.1512241261277], [-704.980743291762, -55.103362100503, -547.6523984417285], [-701.0866570035076, 206.264309284758, -496.2661405169851], [-648.3595558214033, 453.3070410134062, -403.896589786907], [-543.6729574848528, 667.4658124203334, -289.3848746082374], [-392.370152154695, 834.563210934514, -172.9353474180582], [-207.266726788621, 946.000683121651, -72.6254764545197], [-6.32870398423886, 999.2503781997513, -1.65642311944], [190.430002994702, 997.610616325719, 33.2132408430308], [364.176565735456, 949.2962255130095, 31.8960306339476], [499.999998549027, 866.025405018047, 5.66722629978512e-07]], "I": [[-866.02540378444, -500.0, 0.0], [-870.567158988435, -451.176424621207, -163.80455616216608], [-878.704224150983, -311.4676266170646, -297.0626183012371], [-875.709504751805, -100.0850611285288, -376.4880244755045], [-842.314477648186, 154.3486614508233, -391.4091883512267], [-760.9800818890448, 418.280625980298, -345.8582797551115], [-621.9071045928239, 658.384255947912, -256.9601758180871], [-427.0567912567823, 846.5165558955222, -150.20276598873], [-191.06129102077082, 963.6504408794713, -52.9766028217834], [61.185880760243, 1002.157223631394, 11.8574131158518], [299.542720674798, 966.1287434400074, 30.7584564401693], [494.84976970453016, 869.7953574633493, 1.61887049409325], [624.759703770536, 734.4408721673559, -67.0294108314272], [677.776567248091, 584.4677907847805, -159.1653330588324], [654.700539121534, 443.375674636237, -255.70322699578838]], "J": [[-1000.0, 0.0, 0.0], [-987.434073558461, 51.013327883035, -118.01406381138179], [-944.4556531909669, 193.3803279376344, -203.497214479834], [-857.9838933593971, 397.4692947615982, -234.8029579841825], [-714.306255518648, 621.2846114520673, -208.2865352064207], [-507.7529698011477, 819.708698092654, -139.26514082038548], [-247.33542836770488, 954.223471768156, -56.6493918250751], [41.4514730546617, 1000.8722987525792, 6.716013480315], [320.6553026038522, 954.7015782562573, 24.5813632299794], [548.564081961559, 829.820820466131, -14.823021081461], [690.256564069007, 655.3031772400724, -105.9139709463857], [726.6014181336182, 468.1298636663683, -228.39242699877576], [658.9440128303686, 305.00925643717596, -354.0296074456212], [508.263344178616, 195.0265652140765, -455.0538111408864], [309.401079443047, 154.700538425211, -511.4064559750304]],