{"A": [[0.0, 1000.0, 0.0], [0.0, 1000.0, 0.0], [0.0, 1000.0, 0.0], [0.0, 1000.0, 0.0], [0.0, 1000.0, 0.0], [0.0, 1000.0, 0.0], [0.0, 1000.0, 0.0], [0.0, 1000.0, 0.0], [0.0, 1000.0, 0.0], [0.0, 1000.0, 0.0], [0.0, 1000.0, 0.0], [0.0, 1000.0, 0.0], [0.0, 1000.0, 0.0], [0.0, 1000.0, 0.0], [0.0, 1000.0, 0.0]], "B": [[499.99999999999994, 866.0254037844387, 0.0], [499.99999999999994, 866.0254037844387, 0.0], [499.99999999999994, 866.0254037844387, 0.0], [499.99999999999994, 866.0254037844387, 0.0], [499.99999999999994, 866.0254037844387, 0.0], [499.99999999999994, 866.0254037844387, 0.0], [499.99999999999994, 866.0254037844387, 0.0], [499.99999999999994, 866.0254037844387, 0.0], [499.99999999999994, 866.0254037844387, 0.0], [499.99999999999994, 866.0254037844387, 0.0], [499.99999999999994, 866.0254037844387, 0.0], [499.99999999999994, 866.0254037844387, 0.0], [499.99999999999994, 866.0254037844387, 0.0], [499.99999999999994, 866.0254037844387, 0.0], [499.99999999999994, 866.0254037844387, 0.0]], "C": [[866.025403784439, 500.0, 0.0], [864.748710675882, 499.65791111258, -26.1233765953087], [860.931670912557, 498.635138390519, -51.9799409116455], [854.613270001353, 496.942127968906, -77.3056057692213], [845.858041213472, 494.596171485644, -101.84170635369], [834.755406470973, 491.621229472534, -125.337642100835], [821.418763031958, 488.047686633308, -147.553436216676], [805.984325302584, 483.912041508093, -168.262186691222], [788.609733605121, 479.256533693938, -187.252383772333], [769.472444111441, 474.128712428786, -204.330070230059], [748.76791638645, 468.580950945206, -219.320822347516], [726.707617053045, 462.669911554032, -232.071531405338], [703.516859968282, 456.455966921303, -242.45196746446], [679.432504970177, 450.002583449337, -250.356109475438], [654.700538699134, 443.375673059777, -255.703228129195]], "D": [[1000.0, 0.0, 0.0], [994.898873861894, 0.685690695328, -71.2548590178233], [979.714948489861, 2.753806486318, -141.0946426618696], [954.802618368166, 6.236630278312, -208.1467363099753], [920.739477830566, 11.185178179169, -271.121871853757], [878.307253410305, 17.665149991365, -328.85192607652], [828.4661414899404, 25.751521337791, -380.323241906873], [772.3235337367877, 35.522025680641, -424.704260556925], [711.0983245481282, 47.049827207048, -461.366478201783], [646.082158623367, 60.395725643453, -489.898005271761], [578.599086314403, 75.60025981697, -510.109298913226], [509.965145271802, 92.676087088288, -522.030947900977], [441.44937717336, 111.601010153884, -525.90370177843], [374.237718519764, 132.312001327496, -522.161239643534], [309.401077569691, 154.700538082337, -511.406456541736]], "E": [[866.025403784439, -500.0, 0.0], [855.001257020943, -494.985302083752, -123.1019047460794], [822.425993759078, -479.997660124822, -241.8934454107856], [769.761625538913, -455.207989542457, -352.2921012800413], [699.348537938059, -420.906031994544, -450.655796935487], [614.268215917667, -377.506603046102, -533.966198403875], [518.1648214423764, -325.556309352494, -599.970894531592], [415.0380612968827, -265.73898046531, -647.275799147211], [309.0215724005852, -198.877920861575, -675.382880712206], [204.16172880252, -125.933169484068, -684.672410619691], [104.211302530168, -47.992256245239, -676.332982547112], [12.450849489415, 33.7465553891673, -652.246262733766], [-68.451808244482, 117.99889677243794, -614.8364886875343], [-136.536844895038, 203.4264021807131, -566.8969054017489], [-190.598922641515, 288.675133509671, -511.4064571084297]], "F": [[500.0, -866.02540378444, 0.0], [483.1600240617, -852.348273112487, -167.5428412797075], [433.985651483226, -811.748145649198, -325.5887754960711], [356.387063017777, -745.505824514921, -465.4195979459093], [256.47351316305, -655.712301420328, -579.794949402891], [141.988695820791, -545.202105793808, -663.501775317648], [21.60815180923633, -417.458389681976, -713.701602368473], [-95.8265055454773, -276.4895398920508, -730.0466409219987], [-202.0571480013868, -126.6787112024177, -714.5620602339114], [-290.067822352108, 27.389992353531, -671.3175897395922], [-354.591159186146, 181.122190556648, -605.9336656410787], [-392.420859623152, 330.1114753427403, -524.983048047403], [-402.512197072718, 470.33365284582993, -435.3564933962792], [-385.876745001317, 598.3240435639931, -343.6601264516179], [-345.299462277335, 711.324864062906, -255.70322926257873]], "G": [[0.0, -1000.0, 0.0], [-17.055101064889, -982.849618872157, -141.0207791308985], [-66.455818593495, -932.041802083755, -270.480122090442], [-143.087739483469, -849.489639486732, -377.889715497886], [-239.006139711307, -738.3236398917414, -454.797058322295], [-344.241869528873, -602.7993755125142, -495.538730954264], [-447.8096517815497, -448.1590088550468, -497.70718094625], [-538.8129323453983, -280.4410496807684, -462.2844261258257], [-607.5283272101798, -106.2355064015816, -393.4321945415054], [-646.354129143335, 67.6132630050973, -297.9660817444082], [-650.521768277876, 234.3467118893202, -184.5770264829497], [-618.49558278343, 387.658070612513, -62.89236284375], [-552.022156563818, 522.0593051691901, 57.5130850276828], [-455.8317356369091, 633.2183937938362, 168.0408370400911], [-337.0356679406824, 718.2335118788213, 261.8227823732063]], "H": [[-500.0, -866.02540378444, 0.0], [-509.39963079841, -850.944454600469, -50.7595797644474], [-535.975134739242, -806.523434711093, -92.306208036647], [-575.083278982854, -735.186284778341, -116.616315806729], [-619.711950760019, -640.833029730883, -117.88778448834], [-661.468707582732, -528.6261930293667, -93.276795581563], [-691.7731200114877, -404.6880416376182, -43.239037277719], [-703.0873270060183, -275.7128377882648, 28.5727422055663], [-690.0087533833096, -148.5084184172697, 115.8409862162686], [-650.0637447469288, -29.4945981297823, 210.4682743813438], [-584.0815550059692, 75.8004733797632, 303.6831303453303], [-496.090639047076, 163.194159303515, 387.198933117284], [-392.754563843433, 230.19725225803316, 454.2492296006908], [-282.4401532107851, 276.2046427866402, 500.3445131657951], [-174.0713339590494, 302.4924291491583, 523.6455667366203]], "I": [[-866.02540378444, -500.0, 0.0], [-859.772805711076, -492.560025616572, 78.6561526432686], [-840.480209242464, -471.0403864378, 158.0474944608], [-806.768710131361, -437.741982616327, 238.063737954397], [-757.037314696235, -396.173870051341, 317.121218218286], [-690.3283555343778, -350.5918234080387, 391.924272414759], [-607.2147310940678, -305.4107166160621, 457.703159019793], [-510.4653301365593, -264.5552379846934, 508.9074866492303], [-405.2786129432946, -230.8338848087789, 540.2234282889146], [-298.96192825869485, -205.4340232826423, 547.6952388528488], [-200.0605941033802, -187.6339982346298, 529.6905930181783], [-117.078302871337, -174.806588844714, 487.470243615206], [-57.044113390256, -162.74569742644084, 425.2057418465868], [-24.2384218420511, -146.2902707672988, 349.4170260391791], [-19.37079413350342, -120.1573018571187, 267.94233975437425]], "J": [[-1000.0, 0.0, 0.0], [-972.742858003379, -5.310139308237, 211.9772237787346], [-893.0060978403687, -21.404737380402, 409.08136977419], [-766.9049370111481, -48.615497010625, 577.092719346696], [-604.592214968929, -86.994712741655, 703.279129810841], [-419.9617463010358, -135.6855509944917, 777.497071144261], [-229.85796303691686, -192.2688373473021, 793.485792859183], [-52.6229905876093, -252.2785714237675, 750.1104468417303], [94.0111644975824, -309.0751698023714, 652.1931201556285], [195.44110614051814, -354.2158556067773, 510.5630644181255], [242.6568229623408, -378.3647132569728, 341.0844547170863], [234.06986512756, -372.654277388801, 162.661917552131], [176.168958836823, -330.27509321875687, -5.4852807194602], [82.6929139596349, -247.9682817246998, -146.7447055993509], [-27.63458811816882, -127.06595060204837, -249.58367187462474]],