{"A": [[0.0, 1000.0, 0.0], [0.0, 1000.0, 0.0], [0.0, 1000.0, 0.0], [0.0, 1000.0, 0.0], [0.0, 1000.0, 0.0], [0.0, 1000.0, 0.0], [0.0, 1000.0, 0.0], [0.0, 1000.0, 0.0], [0.0, 1000.0, 0.0], [0.0, 1000.0, 0.0], [0.0, 1000.0, 0.0], [0.0, 1000.0, 0.0], [0.0, 1000.0, 0.0], [0.0, 1000.0, 0.0], [0.0, 1000.0, 0.0]], "B": [[499.99999999999994, 866.0254037844387, 0.0], [499.99999999999994, 866.0254037844387, 0.0], [499.99999999999994, 866.0254037844387, 0.0], [499.99999999999994, 866.0254037844387, 0.0], [499.99999999999994, 866.0254037844387, 0.0], [499.99999999999994, 866.0254037844387, 0.0], [499.99999999999994, 866.0254037844387, 0.0], [499.99999999999994, 866.0254037844387, 0.0], [499.99999999999994, 866.0254037844387, 0.0], [499.99999999999994, 866.0254037844387, 0.0], [499.99999999999994, 866.0254037844387, 0.0], [499.99999999999994, 866.0254037844387, 0.0], [499.99999999999994, 866.0254037844387, 0.0], [499.99999999999994, 866.0254037844387, 0.0], [499.99999999999994, 866.0254037844387, 0.0]], "C": [[866.025403784439, 500.0, 0.0], [864.748710675882, 499.65791111258, -26.1233765953087], [860.931670912557, 498.635138390519, -51.9799409116455], [854.613270001353, 496.942127968906, -77.3056057692213], [845.858041213472, 494.596171485644, -101.84170635369], [834.755406470973, 491.621229472534, -125.337642100835], [821.418763031958, 488.047686633308, -147.553436216676], [805.984325302584, 483.912041508093, -168.262186691222], [788.609733605121, 479.256533693938, -187.252383772333], [769.472444111441, 474.128712428786, -204.330070230059], [748.76791638645, 468.580950945206, -219.320822347516], [726.707617053045, 462.669911554032, -232.071531405338], [703.516859968282, 456.455966921303, -242.45196746446], [679.432504970177, 450.002583449337, -250.356109475438], [654.700538699134, 443.375673059777, -255.703228129195]], "D": [[1000.0, 0.0, 0.0], [994.898873861894, 0.685690695328, -71.2548590178233], [979.714948489861, 2.753806486318, -141.0946426618696], [954.802618368166, 6.236630278312, -208.1467363099753], [920.739477830566, 11.185178179169, -271.121871853757], [878.307253410305, 17.665149991365, -328.85192607652], [828.4661414899404, 25.751521337791, -380.323241906873], [772.3235337367877, 35.522025680641, -424.704260556925], [711.0983245481282, 47.049827207048, -461.366478201783], [646.082158623367, 60.395725643453, -489.898005271761], [578.599086314403, 75.60025981697, -510.109298913226], [509.965145271802, 92.676087088288, -522.030947900977], [441.44937717336, 111.601010153884, -525.90370177843], [374.237718519764, 132.312001327496, -522.161239643534], [309.401077569691, 154.700538082337, -511.406456541736]], "E": [[866.025403784439, -500.0, 0.0], [858.717122016035, -498.717658364976, -71.121282559639], [836.984073500355, -494.816245499308, -140.03016021706074], [801.397839020938, -488.135119726561, -204.5775765110013], [752.898202032951, -478.414917879745, -262.74067212726175], [692.773371629022, -465.309988548366, -312.6844681804731], [622.6314117134013, -448.405526170863, -352.8214102075293], [544.3622538224527, -427.239089925989, -381.8673935677309], [460.0898309899562, -401.326046748741, -398.8924496205865], [372.114227280403, -370.18830538649, -403.3638660619305], [282.844280649672, -333.385514664703, -395.179217433368], [194.721770106724, -290.547695772594, -374.686660276888], [110.139104809767, -241.408081597325, -342.689955027613], [31.353239351939, -185.834765222232, -300.436046418031], [-39.60071698804, -123.859635250677, -249.583673615407]], "F": [[500.0, -866.02540378444, 0.0], [493.289428506564, -862.551296334402, -116.2530577230426], [473.403207684241, -852.328625468175, -229.15392030676924], [441.055380600556, -835.936925432458, -335.4836842309983], [397.365518653769, -814.278675299844, -432.27308770601473], [343.76715177572, -788.488804376248, -516.8885424173051], [281.90504927120935, -759.817200004412, -587.0808983146663], [213.5406391587917, -729.493247354872, -640.9980093185759], [140.4828059038702, -698.583613697317, -677.1701541507075], [64.555595649937, -667.856152614662, -694.4836580157995], [-12.394042061202, -637.663666287893, -692.161256753536], [-88.454921208095, -607.861042343047, -669.76697818267], [-161.592087471728, -577.767745972985, -627.248433645785], [-229.591028005879, -546.184683292784, -565.021039021076], [-290.030281802764, -511.470110194639, -484.088140974876]], "G": [[0.0, -1000.0, 0.0], [-1.852012732976, -991.717205035592, -194.3575622522107], [-7.190989479855, -967.679799520349, -383.0126760800733], [-15.425943038153, -930.2259977555906, -560.6137898157863], [-25.755726090976, -882.9476271307695, -722.4492061775807], [-37.39026321531, -830.2682742438315, -864.6279467505811], [-49.76589491523167, -776.9210588256728, -984.1338358771903], [-62.6908684581123, -727.3863315407882, -1078.766107215816], [-76.3734533908888, -685.3556782344407, -1147.0079739983596], [-91.314740277678, -653.287211118778, -1187.8814455590955], [-108.0836107426528, -632.1078042772755, -1200.847634862882], [-127.0237852331788, -621.1011956689149, -1185.796370270802], [-147.96402872302, -617.9983182163546, -1143.140834736199], [-170.0069672077839, -619.2604700590338, -1073.999291521542], [-191.4580523372582, -620.520412235097, -980.415391520535]], "H": [[-500.0, -866.02540378444, 0.0], [-491.844642489619, -851.034235084417, -284.1613326687176], [-467.543506273102, -807.926118232399, -557.6652283894932], [-427.686349071474, -742.0101457155586, -810.7444418543093], [-373.530527449256, -661.2246470684585, -1035.2443469384657], [-307.28014746708, -574.9279684794085, -1225.0582050001121], [-232.26002269593468, -492.4912160931488, -1376.2368202063574], [-152.863311183725, -421.9211029173442, -1486.8213940410758], [-74.21689777499455, -368.7340664735457, -1556.5141359360464], [-1.5976133997333, -335.258080140058, -1586.3252953357164], [60.2838403278682, -320.4633632485325, -1578.311985798199], [107.9634308802162, -320.3306241188889, -1535.463732179032], [139.699791072501, -328.6724048722126, -1461.714586133495], [155.6261684788351, -338.2470370287128, -1361.998777337987], [157.5437420521848, -341.960239452434, -1242.238175256699]], "I": [[-866.02540378444, -500.0, 0.0], [-843.228292535343, -478.82045841968, -361.2043555367491], [-776.180241551331, -418.692338471317, -703.2317862275462], [-668.963190133216, -329.1623528240126, -1008.9649713232723], [-528.476736977371, -224.0101935570495, -1264.9928751703458], [-364.3505914427133, -118.5452028519235, -1462.5596325616111], [-188.47883392485537, -26.6910685042158, -1597.7376609429693], [-14.060233999181, 41.52005396662681, -1670.9550202511318], [145.79628950019546, 81.5324788075603, -1686.1421732456845], [279.6597232349277, 94.644622280416, -1649.785278568226], [379.2049019246222, 87.17734799340049, -1570.090097979802], [440.1346840288882, 68.7042632598441, -1456.3226719449108], [462.380855624163, 49.8104520485074, -1318.268254608202], [449.5735514222051, 39.9177403909882, -1165.694091680779], [407.9733073628768, 45.650235679363, -1007.733708737337]], "J": [[-1000.0, 0.0, 0.0], [-960.295970152823, 23.543593428717, -404.5022850348875], [-844.9562718688695, 88.858551699949, -778.1393557465625], [-665.0681845608176, 181.3741226766304, -1094.326136650913], [-438.2518229062813, 280.9998879064555, -1334.0832140912464], [-187.1276055560253, 367.1561306606805, -1487.767177634555], [63.08138316172063, 423.6922698370532, -1555.058647891378], [287.656761142516, 442.36807208673383, -1543.530871664729], [465.7115514896125, 424.0448327945743, -1466.3952621328215], [583.0226591576247, 377.439573928591, -1340.031930141124], [633.6817966567792, 316.0069948302165, -1181.724683444558], [620.1754644834492, 254.0093781918271, -1007.7733165953807], [551.964984500597, 202.9706250175494, -831.990723047612], [443.07146011431416, 169.4679910947022, -664.571703653309], [309.4010785616172, 154.700538458008, -511.406458221954]],