{"A": [[0.0, 1000.0, 0.0], [0.0, 1000.0, 0.0], [0.0, 1000.0, 0.0], [0.0, 1000.0, 0.0], [0.0, 1000.0, 0.0], [0.0, 1000.0, 0.0], [0.0, 1000.0, 0.0], [0.0, 1000.0, 0.0], [0.0, 1000.0, 0.0], [0.0, 1000.0, 0.0], [0.0, 1000.0, 0.0], [0.0, 1000.0, 0.0], [0.0, 1000.0, 0.0], [0.0, 1000.0, 0.0], [0.0, 1000.0, 0.0]], "B": [[499.99999999999994, 866.0254037844387, 0.0], [499.99999999999994, 866.0254037844387, 0.0], [499.99999999999994, 866.0254037844387, 0.0], [499.99999999999994, 866.0254037844387, 0.0], [499.99999999999994, 866.0254037844387, 0.0], [499.99999999999994, 866.0254037844387, 0.0], [499.99999999999994, 866.0254037844387, 0.0], [499.99999999999994, 866.0254037844387, 0.0], [499.99999999999994, 866.0254037844387, 0.0], [499.99999999999994, 866.0254037844387, 0.0], [499.99999999999994, 866.0254037844387, 0.0], [499.99999999999994, 866.0254037844387, 0.0], [499.99999999999994, 866.0254037844387, 0.0], [499.99999999999994, 866.0254037844387, 0.0], [499.99999999999994, 866.0254037844387, 0.0]], "C": [[866.025403784439, 500.0, 0.0], [864.748710675882, 499.65791111258, -26.1233765953087], [860.931670912557, 498.635138390519, -51.9799409116455], [854.613270001353, 496.942127968906, -77.3056057692213], [845.858041213472, 494.596171485644, -101.84170635369], [834.755406470973, 491.621229472534, -125.337642100835], [821.418763031958, 488.047686633308, -147.553436216676], [805.984325302584, 483.912041508093, -168.262186691222], [788.609733605121, 479.256533693938, -187.252383772333], [769.472444111441, 474.128712428786, -204.330070230059], [748.76791638645, 468.580950945206, -219.320822347516], [726.707617053045, 462.669911554032, -232.071531405338], [703.516859968282, 456.455966921303, -242.45196746446], [679.432504970177, 450.002583449337, -250.356109475438], [654.700538699134, 443.375673059777, -255.703228129195]], "D": [[1000.0, 0.0, 0.0], [1003.721477996178, 3.049700348248, 18.7770396155749], [1014.645845117439, 12.113512028573, 35.3003670722313], [1032.063586506436, 26.938644297408, 47.4233120486797], [1054.82735188314, 47.113915746362, 53.20877067831], [1081.403179151491, 72.084539279768, 51.022881387165], [1109.939196043559, 101.171998996555, 39.615884136608], [1138.348936967173, 133.598236885498, 18.186722222215], [1164.405799696822, 168.513199096131, -13.571385548118], [1185.844696461058, 205.024661761635, -55.446391410113], [1200.466645653703, 242.229170141049, -106.70500757775], [1206.241916549569, 279.242885660715, -166.1126486871423], [1201.407385635876, 315.231144802979, -231.9750166095128], [1184.553987723956, 349.435591274561, -302.1997221646116], [1154.700538847592, 381.1978460942131, -374.375508449854]], "E": [[866.025403784439, -500.0, 0.0], [872.64646528951, -494.985302083752, 71.0232818500959], [892.287787014234, -479.997660124821, 139.2440647654963], [924.283561815453, -455.207989542457, 201.9137071728497], [967.5242860432069, -420.906031994543, 256.39512760877], [1020.46006740004, -377.5066030461, 300.227484681918], [1081.1109305496143, -325.556309352492, 331.199618925255], [1147.0888677576565, -265.738980465307, 347.432212516945], [1215.6365226979767, -198.877920861572, 347.466521641872], [1283.6868044779071, -125.933169484064, 330.355407791351], [1347.946421208771, -47.992256245236, 295.750495428061], [1405.004392044955, 33.746555389173, 243.9778566763397], [1451.464208680558, 117.998896772445, 176.0938722030822], [1484.095693513352, 203.42640218072, 93.9129835443344], [1499.999999914293, 288.6751335096779, 1.264882e-06]], "F": [[500.0, -866.02540378444, 0.0], [524.774042549768, -854.115019427522, 205.0375200820379], [597.156161054658, -819.169121551607, 395.7771728494293], [711.530086287502, -763.463446470592, 559.2143150031867], [859.1881992753459, -690.533660980918, 684.779798695552], [1029.2223039947332, -604.821649891412, 765.200908781294], [1209.6068780342132, -511.240244170495, 796.988691641286], [1388.3395361981766, -414.706831624192, 780.509442037541], [1554.5007041287759, -319.6986597848, 719.652776117229], [1699.1109509741202, -229.878365171579, 621.160096942841], [1815.69725770229, -147.8280788259079, 493.718058226564], [1900.5234876797, -74.915883918622, 346.9462623944327], [1952.488695859878, -11.301507345133, 190.4138293556555], [1972.742373853644, 43.928773199549, 32.8055325017733], [1964.101615417866, 92.5227112988539, -118.672279318785]], "G": [[0.0, -1000.0, 0.0], [54.854843238082, -976.522648772832, 384.3180567485929], [213.538907082163, -908.53540199115, 731.6352720611733], [459.221020574712, -803.0447271656398, 1009.4616359378047], [766.4162118359963, -670.6857960966433, 1193.649735945938], [1104.3929077965017, -524.3283956397763, 1270.98684055004], [1441.1412105291781, -377.433703932021, 1240.200666994666], [1747.2806807161026, -242.405916616252, 1111.300678152871], [1999.3248048697628, -129.174006202801, 903.449044328959], [2181.8579630403624, -44.192421008226, 641.7815642137775], [2288.389117929103, 10.0251280535271, 353.73962137176], [2320.882310529804, 34.813265837997, 65.5085851426247], [2288.181954820867, 34.7650307185546, -200.9135302680935], [2203.711686286989, 16.7755262035861, -429.6499467854407], [2082.903770369004, -11.1069985447841, -611.720069748689]], "H": [[-500.0, -866.02540378444, 0.0], [-437.299450250531, -844.52506355027, 475.4771557308763], [-253.071082375186, -781.600216385776, 916.3289883188273], [40.879074962209, -682.0656672616278, 1289.2888612697957], [424.4788348188452, -554.1354166120213, 1564.384184941098], [869.4868713338888, -409.4026674511043, 1717.708704202192], [1340.6936915006022, -262.334048027649, 1734.782872055486], [1798.6772279059076, -129.057570213205, 1613.754397151725], [2204.0821543521056, -25.424790481475, 1367.409948394477], [2522.814918261171, 35.416788435263, 1023.0425258784435], [2731.08349318742, 45.479396049008, 619.660431814778], [2819.04355563517, 3.8413236335844, 202.7139243327347], [2792.028546089123, -82.5304737215884, -182.7594801246137], [2668.898863129816, -199.3728852293709, -499.1477680975542], [2477.786004887958, -327.1509059142401, -721.872064315676]], "I": [[-866.02540378444, -500.0, 0.0], [-817.639893474308, -494.074681938543, 453.6856503295199], [-669.412607017835, -474.615542996144, 897.1108304147918], [-414.863139331301, -437.7251480599518, 1312.6541607164447], [-51.1137294029658, -380.2545211028464, 1671.744976038099], [412.89267434057473, -303.2877576215373, 1937.277731196038], [950.7004976883723, -214.5675580011672, 2071.78860441297], [1518.0676289958885, -128.60853116172123, 2048.733987241431], [2058.9972307602256, -64.0735547300985, 1862.794476210508], [2516.5830541165487, -39.008793875924, 1535.2643420850954], [2845.341935205978, -65.366452077103, 1112.212356805252], [3021.107237935899, -144.5854045590656, 655.5814182912037], [3045.384704283738, -265.7277371346564, 229.7918648180003], [2942.971194853744, -406.8863584834519, -112.1442696216902], [2753.866084893346, -539.565103790293, -338.976268574824]], "J": [[-1000.0, 0.0, 0.0], [-982.572480209588, -20.624300663788, 324.8789318140879], [-916.58085862906, -75.254485642962, 679.4693966382139], [-767.87310228958, -145.1534770544958, 1072.3731256587619], [-499.7010879246058, -207.7819862731204, 1479.464454572427], [-93.58623557859225, -245.9116973679757, 1847.076323513052], [435.9224938706402, -254.314196808471, 2108.8426719371228], [1039.0045400466704, -241.27251402549723, 2209.216310887478], [1641.8536801275209, -224.3997325140795, 2124.014627259095], [2166.916560582388, -222.633823560415, 1869.8751371949115], [2554.138138606474, -247.786680555611, 1499.345927448507], [2775.412407216122, -299.0637295135896, 1084.2067671775576], [2837.737987944998, -362.6090140960639, 693.9535304035803], [2775.337235129458, -416.0299390359655, 377.5132054697908], [2635.063930685695, -435.9353945322441, 154.071522157306]],