{
  "E__K*K__E": {
    "angle": -1.442568055219803,
    "mean_close_neighborings": 41.01088756440238
  }
}