{
  "F_G__first*first__F_G": {
    "angle": -1.442568055219803,
    "mean_close_neighborings": 37.49338510042567
  }
}