{
  "B_C__H_I*D_E__J_K*D__J*E__K*F_G__last*F__L*G__M*H_I__B_C*J_K__D_E*J__D*K__E*L__F*M__G*last__F_G": {
    "angle": -1.442568055219803,
    "mean_close_neighborings": 39.503386508379585
  },
  "D__K*E__L*F__M*K__D*L__E*M__F": {
    "angle": -1.121997376282069,
    "mean_close_neighborings": 13.819468371011169
  },
  "B_C__J_K*D_E__last*J_K__B_C*last__D_E": {
    "angle": -0.8655408331318818,
    "mean_close_neighborings": 43.696668491731856
  },
  "B__M*M__B": {
    "angle": -0.35262774683150755,
    "mean_close_neighborings": 42.899877232919906
  }
}