{
  "B_C__H_I*D_E__J_K*D__J*E__K*F_G__last*F__L*H_I__B_C*J_K__D_E*J__D*K__E*L__F*last__F_G": {
    "angle": -1.442568055219803,
    "mean_close_neighborings": 39.25213633238028
  },
  "D__K*E__L*K__D*L__E": {
    "angle": -1.121997376282069,
    "mean_close_neighborings": 13.819468371015315
  },
  "B_C__J_K*D_E__last*J_K__B_C*last__D_E": {
    "angle": -0.8655408331318818,
    "mean_close_neighborings": 43.696668491731856
  }
}