{
  "B_C__H_I*D_E__J_K*D__J*E__K*H_I__B_C*J_K__D_E*J__D*K__E": {
    "angle": -1.442568055219803,
    "mean_close_neighborings": 39.252136332378704
  },
  "D__K*K__D": {
    "angle": -1.121997376282069,
    "mean_close_neighborings": 13.81946837101894
  },
  "B_C__J_K*J_K__B_C": {
    "angle": -0.8655408331318818,
    "mean_close_neighborings": 43.696668491725724
  }
}