{
  "E__K*F_G__last*F__L*G__M*K__E*L__F*M__G*last__F_G": {
    "angle": -1.442568055219803,
    "mean_close_neighborings": 40.13151194839384
  },
  "E__L*F__M*L__E*M__F": {
    "angle": -1.121997376282069,
    "mean_close_neighborings": 13.819468371001628
  }
}