{
  "E__K*F_G__last*F__L*K__E*L__F*last__F_G": {
    "angle": -1.442568055219803,
    "mean_close_neighborings": 39.838386743064945
  },
  "E__L*L__E": {
    "angle": -1.121997376282069,
    "mean_close_neighborings": 13.8194683710031
  }
}