{
  "L__M*M__L": {
    "angle": -1.5707963267948966,
    "mean_close_neighborings": 2.1650173209468738e-10
  }
}