{"A": [[0.0, 1000.0, 0.0], [0.0, 1000.0, 0.0], [0.0, 1000.0, 0.0], [0.0, 1000.0, 0.0], [0.0, 1000.0, 0.0], [0.0, 1000.0, 0.0], [0.0, 1000.0, 0.0], [0.0, 1000.0, 0.0], [0.0, 1000.0, 0.0], [0.0, 1000.0, 0.0]], "B": [[309.0169943749474, 951.0565162951535, 0.0], [309.0169943749474, 951.0565162951535, 0.0], [309.0169943749474, 951.0565162951535, 0.0], [309.0169943749474, 951.0565162951535, 0.0], [309.0169943749474, 951.0565162951535, 0.0], [309.0169943749474, 951.0565162951535, 0.0], [309.0169943749474, 951.0565162951535, 0.0], [309.0169943749474, 951.0565162951535, 0.0], [309.0169943749474, 951.0565162951535, 0.0], [309.0169943749474, 951.0565162951535, 0.0]], "C": [[587.785252292473, 809.016994374947, 0.0], [587.464130895512, 808.695872977986, -9.35985082750432], [586.503783450183, 807.735525532657, -18.6317713936441], [584.913231852606, 806.14497393508, -27.7286574898418], [582.707418394092, 803.939160476566, -36.5650492528172], [579.907065387154, 801.138807469628, -45.0579340094458], [576.538480491642, 797.770222574116, -53.1275261317135], [572.633309569841, 793.865051652315, -60.6980165754921], [568.228239392315, 789.459981474789, -67.6982850616609], [563.364652987402, 784.596395069877, -74.0625682090555]], "D": [[809.016994374947, 587.785252292473, 0.0], [810.047431505957, 589.533738696117, 8.29236138708708], [813.067120497903, 594.700829857837, 15.6062214539348], [817.86418916673, 603.054480020568, 21.0060342367423], [824.095385409919, 614.218025102678, 23.6404951937011], [831.300480682815, 627.684900060083, 22.7805518229862], [838.921652687426, 642.838456879037, 17.8526565728669], [846.327100627951, 658.976132464465, 8.4659597869623], [852.837982320172, 675.337050519292, -5.5676302255929], [857.75763275526, 691.1320107702085, -24.2213228335833]], "E": [[951.056516295153, 309.016994374947, 0.0], [954.599084826352, 315.397199493555, 51.19859410536988], [964.986645554658, 334.256389531687, 99.1293848244708], [981.511891710772, 364.764352358032, 140.6898339772353], [1003.038945337113, 405.583458384567, 173.0988082466111], [1028.065087146657, 454.934924725421, 194.0350497922242], [1054.801930307674, 510.686137410369, 201.7505565156029], [1081.271223891554, 570.4540263554954, 195.1530324074893], [1105.40967900257, 631.7186523617336, 173.8534966988491], [1125.176793659427, 691.9407140419313, 138.1772787306617]], "F": [[1000.0, 0.0, 0.0], [1006.7227108197607, 13.588425284768, 115.08567287394268], [1026.3569351447027, 53.669793191967, 223.1931463336958], [1057.3399013562548, 118.236682910251, 317.7807387678053], [1097.193538427753, 204.087515749158, 393.1471327371581], [1142.703091036453, 307.030637831771, 444.7727960378512], [1190.145891617923, 422.1470136483543, 469.5747583906329], [1235.551500694852, 544.0911324702952, 466.0581106640393], [1274.972321701664, 667.4073319396712, 434.3564635928451], [1304.743638520528, 786.8384019969806, 376.1628758938257]], "G": [[951.056516295154, -309.016994374943, 0.0], [961.2271441728291, -285.834444073747, 193.59087098387167], [990.7527424513796, -217.682559816115, 374.8084799557508], [1036.768417548829, -108.634373578634, 532.2412367418412], [1094.802145140534, 34.890857524278, 656.3081851240391], [1159.193866271965, 204.6416183633, 739.9532669943652], [1223.616626339655, 391.1792357872044, 779.1029058364209], [1281.6442330763205, 584.5906075812111, 772.8515590084353], [1327.3068000159763, 775.2008255520861, 723.3696683501591], [1355.5794224444994, 954.2214295974776, 635.5575800684057]], "H": [[809.016994374947, -587.785252292477, 0.0], [822.6434397189031, -553.050888926777, 278.8955945906417], [861.9016973635246, -451.391061944606, 538.1018099552308], [922.1250660431419, -290.178772156493, 759.8055149364643], [996.1633771170717, -80.879045480884, 929.7212250666931], [1075.2328320435372, 162.0767005631681, 1038.3250818724753], [1149.9374892734827, 422.6648590834103, 1081.5380355692719], [1211.3264487249446, 684.7273199756921, 1060.8012342026084], [1251.8515936558006, 933.3455358277082, 982.5679126626441], [1266.1112793817945, 1155.9847218772215, 857.3096774092068]], "I": [[587.785252292473, -809.016994374943, 0.0], [604.773609613617, -761.447934577331, 362.504062485393], [653.2940371409566, -622.987280351516, 695.9769167156157], [726.381532307408, -405.855096282918, 974.7250916318853], [813.5941897507827, -128.766084782952, 1179.2453535612951], [902.5535172773853, 185.2843187121157, 1298.1908705431651], [980.7239608720276, 511.6401901972041, 1329.2013951298259], [1037.1428843881076, 826.6368174767441, 1278.5367339347554], [1063.8341725149005, 1109.9265833202653, 1159.642897975784], [1056.7068078121565, 1346.1964690944264, 990.9368674451637]], "J": [[309.016994374947, -951.056516295153, 0.0], [329.3160350289011, -890.270625970631, 436.08942920859425], [386.7702274834326, -714.5057131069576, 831.9048489492887], [471.6858390460099, -442.5747815276156, 1152.6822099478384], [569.8918724042746, -102.7906385879163, 1373.7226636121102], [665.2878035467452, 271.0212152519064, 1483.2344682959692], [742.6524723440457, 644.0783110555551, 1483.0489752319288], [790.1679969828266, 985.002356894505, 1387.2139087497283], [801.1979702942755, 1269.3084868720282, 1218.8594624914358], [775.0373469496375, 1481.5545934275544, 1006.0186579266443]], "K": [[0.0, -1000.0, 0.0], [23.7044521876441, -926.6890827138625, 492.3230832904235], [90.2343449564126, -716.3647121095961, 931.6544449701341], [186.8563379531609, -396.183062688513, 1273.5413475421653], [295.48736650327265, -6.1962430684123, 1488.868906734245], [396.5935019819562, 407.3056850399014, 1567.5960887812887], [473.2548791296897, 799.1004157268591, 1518.8267790113832], [514.4622610290616, 1131.5714268596412, 1367.4446826283618], [516.9450932135445, 1379.3266914441022, 1148.2672253562512], [485.2255027460895, 1531.2445520347374, 899.1216496305693]], "L": [[-309.016994374943, -951.056516295153, 0.0], [-281.6242646910619, -867.0762695460314, 525.604528047306], [-205.2673786566344, -628.3696469038345, 984.7822837257694], [-95.8790340544591, -271.929077872676, 1323.6275141233016], [24.64537472663568, 148.9554257762547, 1510.3058504267026], [134.0205592778232, 575.0920149885604, 1539.4862212656735], [215.0015819769357, 952.2673441146151, 1430.8944529436394], [259.2117524133896, 1240.1960135377951, 1222.7558978862978], [268.4400670192215, 1417.778635030544, 962.1122700091622], [253.2475107122445, 1483.9543282501531, 694.5811564365813]], "M": [[-587.785252292477, -809.016994374943, 0.0], [-556.2614129504019, -717.3692248455905, 532.6191536778774], [-468.7969842611024, -459.73328178280644, 985.7260731181583], [-344.5292869346831, -83.871938123483, 1297.2735515816464], [-208.8142489450503, 343.2906853397067, 1435.3566782153341], [-85.7365359046928, 750.9321166605844, 1402.8332111612117], [8.6060887300557, 1079.432403769387, 1233.1144858588373], [69.9533216602796, 1291.497422666322, 978.9601242970468], [105.8332125090325, 1376.9044049418767, 697.9621695158012], [131.9136163292355, 1350.449634394273, 438.9612233288553]], "N": [[-809.016994374943, -587.785252292477, 0.0], [-772.8549653545199, -492.4777712275594, 512.6683502799028], [-672.7638776001224, -228.11123276860445, 934.3870018197173], [-530.9600995114831, 146.710035271039, 1197.4613625608133], [-375.7395612287983, 552.5430248841027, 1273.3802418924251], [-231.9667965373848, 910.2523894766244, 1176.7342749522777], [-113.3934505622523, 1160.548084317251, 956.6667942580143], [-19.54920870773, 1276.3234507419413, 679.5506804856428], [61.9399058646116, 1264.9527508420329, 409.1245469909232], [148.84571894783, 1161.123076220801, 190.4542301057473]],