{"A": [[0.0, 1000.0, 0.0], [0.0, 1000.0, 0.0], [0.0, 1000.0, 0.0], [0.0, 1000.0, 0.0], [0.0, 1000.0, 0.0], [0.0, 1000.0, 0.0], [0.0, 1000.0, 0.0], [0.0, 1000.0, 0.0], [0.0, 1000.0, 0.0], [0.0, 1000.0, 0.0]], "B": [[309.0169943749474, 951.0565162951535, 0.0], [309.0169943749474, 951.0565162951535, 0.0], [309.0169943749474, 951.0565162951535, 0.0], [309.0169943749474, 951.0565162951535, 0.0], [309.0169943749474, 951.0565162951535, 0.0], [309.0169943749474, 951.0565162951535, 0.0], [309.0169943749474, 951.0565162951535, 0.0], [309.0169943749474, 951.0565162951535, 0.0], [309.0169943749474, 951.0565162951535, 0.0], [309.0169943749474, 951.0565162951535, 0.0]], "C": [[587.785252292473, 809.016994374947, 0.0], [587.235248156219, 808.466990238693, -12.2391883548998], [585.594085519899, 806.825827602373, -24.281443587571], [582.888171304679, 804.119913387153, -35.9330013034411], [579.161044683212, 800.392786765686, -47.0063835772364], [574.472676518042, 795.704418600516, -57.323415542979], [568.898504407984, 790.130246490458, -66.718092294279], [562.528218868916, 783.75996095139, -75.0392499654194], [555.464320179803, 776.696062262277, -82.1529980145428], [547.820469114842, 769.052211197316, -87.9448735725895]], "D": [[809.016994374947, 587.785252292473, 0.0], [810.775550495781, 590.773655049876, 10.7023123370607], [815.841924013758, 599.509779784799, 19.2266774463223], [823.603200534849, 613.321664432404, 23.5587654228256], [833.086771908212, 631.139344292118, 22.0006064585121], [843.030327313366, 651.566409618137, 13.3022878204905], [851.973300030507, 672.97361009165, -3.2362047933781], [858.363738496969, 693.6084400595528, -27.6998792790534], [860.673537821592, 711.713597039204, -59.5348617139625], [857.51439173625, 725.6466215449983, -97.56758046786942]], "E": [[951.056516295153, 309.016994374947, 0.0], [957.10290349949, 319.922078479601, 66.5117796523582], [974.541398907849, 351.815758264822, 125.7589062848013], [1001.335362281494, 402.303358928016, 171.1037444380876], [1034.301528708714, 467.62025502945, 197.1037089499181], [1069.403959813208, 542.948004287226, 199.9677317084505], [1102.122807193227, 622.8124946619542, 177.8606035020479], [1127.861144750764, 701.5258121302965, 131.0308066378896], [1142.350362791217, 773.6304966921272, 61.7558272200755], [1142.016255402023, 834.3063269508633, -25.88267688626002]], "F": [[1000.0, 0.0, 0.0], [1011.4661121600783, 23.216686815908, 149.5630861532963], [1044.3101117786684, 90.873759358141, 283.6467377368413], [1094.062070742766, 197.212030101184, 388.4198087031926], [1153.887964960257, 333.335479077178, 453.1381804997381], [1215.42093832339, 488.1651644563096, 471.1961407229015], [1269.755773484451, 649.5911633931756, 440.6705327723869], [1308.471014817915, 805.6744822861805, 364.3119605033056], [1324.545605372936, 945.7519608630201, 249.0151729466645], [1313.059386909586, 1061.3196652705283, 104.86960339496798]], "G": [[951.056516295154, -309.016994374943, 0.0], [968.3848457279486, -269.431782117442, 251.4838667785553], [1017.5062757493247, -154.735165904996, 475.5966729149793], [1090.2936671357909, 23.460306380649, 648.5795770150696], [1174.6598518682486, 247.5836004176164, 753.308317972358], [1256.458903498072, 496.45573891574816, 781.2511668056055], [1321.6395580001156, 748.0008402043142, 733.0924468348519], [1358.2744178858538, 981.8819017242935, 617.9998273544946], [1358.1335306198396, 1181.668471346488, 451.7519943891605], [1317.5776727446155, 1336.2557722280753, 254.123379205933]], "H": [[809.016994374947, -587.785252292477, 0.0], [832.2021074028146, -528.521567062564, 361.9995332202483], [897.0657225700527, -358.109402392334, 680.5843810653873], [990.4970899761146, -97.422437885984, 919.3469545469196], [1093.6319813097064, 222.6883528487177, 1054.475511157347], [1185.5977592247157, 566.421715560331, 1077.8492580909924], [1247.488384513135, 898.5321557672132, 997.1547385674969], [1265.7121550765798, 1189.2509333095416, 833.2143242005876], [1234.0577466650707, 1417.7693004452192, 615.3018820216315], [1154.1693152032415, 1573.8157496309973, 375.572682339586]], "I": [[587.785252292473, -809.016994374943, 0.0], [616.6464181236596, -727.933942684351, 469.9690505756343], [696.1803401352967, -496.973312392666, 876.1575004687282], [807.0380172683905, -150.4577622104224, 1167.1714699297065], [922.4491816264393, 262.2275285852878, 1313.3578591155722], [1014.7865855059206, 686.264963539095, 1310.9760610468036], [1062.0024601225532, 1071.3428107680893, 1180.5079953720428], [1052.267609823758, 1379.6519367046635, 960.0049051505996], [985.7731011189286, 1590.3940221969542, 695.56649213006], [873.5317399818255, 1700.2966395398932, 431.5378793051031]], "J": [[309.016994374947, -951.056516295153, 0.0], [343.4478505133556, -847.56623658919, 564.5080600925363], [436.8531612671147, -556.1170925220753, 1040.8948519770272], [562.6486497022836, -129.0741211335784, 1361.3454752049497], [685.7127943524323, 360.5187999164394, 1492.750379389553], [772.8287046847475, 835.7767129746529, 1441.3201752174975], [801.9537113438392, 1232.1737058835843, 1246.8030845164867], [767.4805283297839, 1508.8934926644224, 968.943911635527], [680.2251712404786, 1652.9974238623618, 670.9038877136078], [562.7327252005605, 1676.4577591975067, 404.6557736452676]], "K": [[0.0, -1000.0, 0.0], [40.1474299769246, -875.3583707374415, 636.0861265067869], [147.4883652996767, -529.0627077954473, 1156.7527068315012], [287.6109900587915, -35.9211367932804, 1477.8090948293536], [417.4451203708633, 503.4363484754964, 1566.8718797796707], [500.5246726206746, 989.745292877827, 1446.9021044480871], [518.8958801223812, 1349.140686690463, 1182.8972397539226], [477.4490145411519, 1546.9790797341955, 857.95663093762], [399.7995693217096, 1588.6996019192177, 547.9639052361468], [318.19763242263247, 1509.6951187163447, 303.2665358064456]], "L": [[-309.016994374943, -951.056516295153, 0.0], [-262.6792637510174, -808.5086325164608, 677.4874969584814], [-140.2198397263253, -418.7734326327833, 1211.0411213828895], [16.00463540526454, 117.4587126783606, 1502.1314569181463], [156.1999436037003, 670.4409411747204, 1525.0700730848553], [243.7922161233466, 1122.2074917028099, 1326.7805865048292], [268.9441773751322, 1399.0554641738115, 1001.4595681081817], [249.4883871359009, 1485.0691639021293, 652.802829889811], [220.1081148425466, 1414.8373304439538, 359.8951434645168], [215.79344839702148, 1251.7468097211438, 158.82616613698957]], "M": [[-587.785252292477, -809.016994374943, 0.0], [-534.5044071235454, -653.7561141358458, 684.5385178103144], [-394.7586926451073, -237.3292825728813, 1197.8138702127303], [-218.51598620820246, 312.0603082186506, 1431.2988058249482], [-60.4781822342837, 837.5317027489984, 1373.3524584530373], [45.9232788017506, 1210.8266476963713, 1101.211315007355], [101.6506414900892, 1372.0226107658445, 738.4594443488996], [136.5075251505919, 1337.5328240973763, 401.09800142645], [189.6014404313851, 1178.2895056400796, 157.4070282413618], [287.2910604195048, 982.6412678778757, 16.14727409606458]], "N": [[-809.016994374943, -587.785252292477, 0.0], [-747.9254290187384, -426.7013477561138, 656.528378803977], [-588.2484808196243, -4.6038867506573, 1118.5197378871853], [-386.8916968532965, 523.7707920710455, 1274.0879331047872], [-201.4496065091067, 980.6953742711784, 1133.5229604676872], [-59.7161559644754, 1240.659206170121, 808.2312889187532], [50.1806224973824, 1273.4012937580167, 446.0357100416046], [164.7288987910227, 1138.6127382993411, 161.26197213634404], [316.5051329915661, 942.8370779809427, -4.9030901545612], [510.5083418992968, 785.8684591672087, -80.50402910556592]],