{"A": [[0.0, 1000.0, 0.0], [0.0, 1000.0, 0.0], [0.0, 1000.0, 0.0], [0.0, 1000.0, 0.0], [0.0, 1000.0, 0.0], [0.0, 1000.0, 0.0], [0.0, 1000.0, 0.0], [0.0, 1000.0, 0.0], [0.0, 1000.0, 0.0], [0.0, 1000.0, 0.0]], "B": [[309.0169943749474, 951.0565162951535, 0.0], [309.0169943749474, 951.0565162951535, 0.0], [309.0169943749474, 951.0565162951535, 0.0], [309.0169943749474, 951.0565162951535, 0.0], [309.0169943749474, 951.0565162951535, 0.0], [309.0169943749474, 951.0565162951535, 0.0], [309.0169943749474, 951.0565162951535, 0.0], [309.0169943749474, 951.0565162951535, 0.0], [309.0169943749474, 951.0565162951535, 0.0], [309.0169943749474, 951.0565162951535, 0.0]], "C": [[587.785252292473, 809.016994374947, 0.0], [587.683181980474, 808.914924062948, -5.281198044735], [587.377275833329, 808.609017915803, -10.5466260751209], [586.868447307471, 808.100189389945, -15.7805611671374], [586.158215799272, 807.389957881746, -20.967374436807], [585.248702108026, 806.4804441905, -26.0915777090989], [584.142622103094, 805.374364185568, -31.1378697666668], [582.843278614136, 804.07502069661, -36.0911820403179], [581.354551568641, 802.586293651116, -40.9367236047792], [579.6808864062, 800.912628488674, -45.6600253454005]], "D": [[809.016994374947, 587.785252292473, 0.0], [809.345650203384, 588.342144277024, 4.7371056305512], [810.324354668424, 590.004875681816, 9.2976790710208], [811.931415370617, 592.749711556718, 13.5076534131523], [814.130999331961, 596.537421450156, 17.1978618183973], [816.873610399594, 601.313766957883, 20.2064116850679], [820.096749406066, 607.010176043938, 22.3809687978725], [823.72574899972, 613.544596005023, 23.5809231468978], [827.674772915765, 620.822514794736, 23.6794095280968], [831.847967438634, 628.738138392396, 22.5651577863533]], "E": [[951.056516295153, 309.016994374947, 0.0], [952.186307776971, 311.049010886415, 29.0688159702665], [955.55129369456, 317.116494895924, 57.5473964053827], [961.078733762103, 327.134205298209, 84.8550266048644], [968.648803625903, 340.961583311281, 110.4298655804271], [978.096680517323, 358.404987484291, 133.7379664447759], [989.215406749807, 379.220764201212, 154.2818065521815], [1001.759476131933, 403.119096690535, 171.6081795943318], [1015.449074761579, 429.768561395598, 185.3153147798998], [1029.974895554932, 458.801307929629, 195.0591038168173]], "F": [[1000.0, 0.0, 0.0], [1002.1454425247781, 4.329305019026, 65.3189786949468], [1008.5274328849246, 17.247682365991, 129.3749075558031], [1018.984226692364, 38.547959142413, 190.9299992793914], [1033.2504398290905, 67.889610954578, 248.7963858184651], [1050.9632141996735, 104.805779189308, 301.8595808522309], [1071.6706155442616, 148.712842464126, 349.1001936946805], [1094.8420378953595, 198.92229876241, 389.6133901310318], [1119.880337111642, 254.654658043971, 422.6256594904128], [1146.135372365023, 315.05499742121, 447.5085230123513]], "G": [[951.056516295154, -309.016994374943, 0.0], [954.3056096025243, -301.626753981454, 109.9195140791387], [963.9522524236341, -279.598231969783, 217.5935214572654], [979.6976043848042, -243.354296361472, 320.8324513701034], [1001.0537254089102, -193.587418849263, 417.5568725302601], [1027.3583887685022, -131.241638863895, 505.8482963648049], [1057.7950798192903, -57.488149107498, 583.9950382377555], [1091.417477422613, 26.304701225097, 650.5317774012768], [1127.1775645091188, 118.606016397791, 704.2716873129788], [1163.9563981592073, 217.7604727026152, 744.3302774528183]], "H": [[809.016994374947, -587.785252292477, 0.0], [813.3756523667303, -576.704112031262, 158.4804206969915], [826.2857154363992, -543.720373807456, 313.3765376695158], [847.2559067685202, -489.604668462006, 461.2137834002514], [875.4886611921692, -415.613669112832, 598.7328263757881], [909.9109689398243, -323.449712645588, 722.9867944677779], [949.2156089973483, -215.206587845258, 831.4265641350135], [991.9109449498188, -93.303672145714, 921.9710052673418], [1036.3770988728827, 39.588963365571, 993.0597552452278], [1080.926071659469, 180.6315482201903, 1043.6868796145523]], "I": [[587.785252292473, -809.016994374943, 0.0], [593.2272140136273, -793.827085315043, 206.2218803813759], [609.3020270358872, -748.692041087938, 407.1404005915347], [635.2686627403622, -674.898803505614, 597.6486004283024], [669.9320243388282, -574.536098347533, 773.0230955860231], [711.7005529565033, -450.413081461016, 929.0933236813029], [758.6623858778493, -305.9510909788161, 1062.3851572193814], [808.6759165254908, -145.0537542695122, 1170.2326027169088], [859.4698783654017, 28.0383418751709, 1250.8530559440578], [908.747646407877, 208.9016035748567, 1303.3835512486423]], "J": [[309.016994374947, -951.056516295153, 0.0], [315.5293608435173, -931.624402073589, 248.4447325890097], [334.7114582548262, -874.004823785147, 489.5035807078168], [365.5193934669222, -780.196127936706, 716.1170460321624], [406.2823050228082, -653.4242814000621, 921.8600785201991], [454.8009557426373, -497.9923980338823, 1101.214713971727], [508.4764418267153, -319.0825008093012, 1249.7925393706576], [564.4605422322048, -122.5209076462271, 1364.4955410029688], [619.8179367244386, 85.4795052059966, 1443.607892543842], [671.689938994, 298.5859305351791, 1486.8156429421142]], "K": [[0.0, -1000.0, 0.0], [7.6157102865803, -976.5327628568625, 280.9930096885981], [29.9881280706102, -907.1205698551482, 552.2252421443708], [65.7271673470172, -794.6764317655255, 804.4454637061385], [112.6268025703662, -643.8740522563166, 1029.387779194946], [167.8219460373923, -460.8889649014902, 1220.1825694961449], [227.9903272561413, -253.0612514658762, 1371.6765070527474], [289.58352278275885, -28.5025263177482, 1480.6425838437337], [349.0692571689726, 204.3268817130606, 1545.8694250282078], [403.166601644958, 437.0433838544101, 1568.128116333213]], "L": [[-309.016994374943, -951.056516295153, 0.0], [-300.2059991213117, -924.131867187021, 300.6630061271664], [-274.3789155285888, -844.7258881949778, 589.0297782901716], [-233.3017737947468, -716.8517386451977, 853.5573452629875], [-179.7505885482898, -546.9028219922232, 1084.1509883176168], [-117.2768966592897, -343.2348268504782, 1272.747967831729], [-49.9109245568597, -115.6278722255892, 1413.7470183528828], [18.17012203341487, 125.3292532943638, 1504.254379301341], [82.97839945120565, 368.8857111054476, 1544.1331883723565], [141.026416022095, 604.7581703363242, 1535.859851944908]], "M": [[-587.785252292477, -809.016994374943, 0.0], [-577.6370785512466, -779.579500833317, 305.5186170649821], [-547.9362727564308, -693.0636695022127, 596.234716693714], [-500.8396222610378, -554.7192082993797, 858.4060204828623], [-439.7021344311808, -372.8411912908621, 1080.3156369171115], [-368.7453787082707, -158.1326034152652, 1253.0569337041873], [-292.6453373972317, 77.1045353535498, 1371.0716003527102], [-216.08439537260313, 319.8766176324188, 1432.399584654888], [-143.31517983981635, 557.4246648760906, 1438.6284667129994], [-77.781551367891, 778.0906302120401, 1394.55911178482]], "N": [[-809.016994374943, -587.785252292477, 0.0], [-797.3701689371977, -557.103858344012, 295.0819079042497], [-763.3132024655458, -467.3084547643418, 573.1191683026144], [-709.3945522504928, -324.9393592549157, 818.4932460881289], [-639.5345119127518, -140.2324043301911, 1018.2903150844554], [-558.5785705782007, 73.8036917466058, 1163.3023702505143], [-471.7540007197727, 302.5394457839478, 1248.6536470462872], [-384.0979430826261, 530.9870196633018, 1273.998784941131], [-299.92757761142735, 745.0456445402086, 1243.2880145178754], [-222.415977512764, 932.609283918465, 1164.1424547476431]],