{"A": [[0.0, 1000.0, 0.0], [0.0, 1000.0, 0.0], [0.0, 1000.0, 0.0], [0.0, 1000.0, 0.0], [0.0, 1000.0, 0.0], [0.0, 1000.0, 0.0], [0.0, 1000.0, 0.0], [0.0, 1000.0, 0.0], [0.0, 1000.0, 0.0], [0.0, 1000.0, 0.0]], "B": [[309.0169943749474, 951.0565162951535, 0.0], [309.0169943749474, 951.0565162951535, 0.0], [309.0169943749474, 951.0565162951535, 0.0], [309.0169943749474, 951.0565162951535, 0.0], [309.0169943749474, 951.0565162951535, 0.0], [309.0169943749474, 951.0565162951535, 0.0], [309.0169943749474, 951.0565162951535, 0.0], [309.0169943749474, 951.0565162951535, 0.0], [309.0169943749474, 951.0565162951535, 0.0], [309.0169943749474, 951.0565162951535, 0.0]], "C": [[587.785252292473, 809.016994374947, 0.0], [586.888014532923, 808.119756615397, -15.6123764465964], [584.219852575547, 805.451594658021, -30.8149483685766], [579.850802192687, 801.082544275161, -45.2086680757481], [573.895545260051, 795.127287342526, -58.4157191938879], [566.510399507014, 787.742141589488, -70.0894338519283], [557.889215380039, 779.120957462513, -79.9233922615489], [548.258287721226, 769.4900298037, -87.659465837077], [537.870415823772, 759.102157906247, -93.0945927342853], [526.998267780154, 748.230009862629, -96.0861079590293]], "D": [[809.016994374947, 587.785252292473, 0.0], [811.870097000519, 592.644639540378, 13.3790688389191], [819.875697634986, 606.616431686516, 22.2686466972217], [831.437152032251, 627.947379736979, 22.7287353514787], [844.101409550057, 653.927996579635, 11.8588750848433], [854.847615914892, 681.187890872005, -11.8244469568388], [860.44682594363, 706.0646546552013, -48.1643570137738], [857.854134881978, 725.0073725250378, -95.31923293131592], [844.590874354152, 734.9720997014787, -149.9036414821795], [819.075312145164, 733.767399579462, -207.3012169527703]], "E": [[951.056516295153, 309.016994374947, 0.0], [960.867781265496, 326.750691226107, 83.9982287264114], [988.452240803926, 377.781459535089, 153.0488899427467], [1028.541711807148, 455.898371104229, 194.2976677201497], [1073.242018519388, 551.701633024991, 198.7580974621753], [1113.20787283113, 653.8699180638736, 162.5047629235552], [1139.009043373941, 750.6446002095471, 87.1230662168112], [1142.472719053933, 831.3057970983798, -20.62067948568563], [1117.801421997997, 887.4284968041698, -149.7985305431614], [1062.314681623947, 913.755909869272, -286.8355661920236]], "F": [[1000.0, 0.0, 0.0], [1018.5857598277438, 37.733166105215, 188.9957169505354], [1070.2542436225644, 145.682066530858, 346.2463834865807], [1143.560251322461, 309.030752117471, 445.4701293289357], [1221.975437538451, 505.9997905688179, 470.1925814038873], [1287.093626868566, 711.5505738692253, 416.1258462316852], [1322.055832071687, 901.4150233298101, 291.2042267125142], [1314.473308056992, 1055.6535274652429, 113.43475931308537], [1258.293296825762, 1161.1110765775768, -92.81742801218752], [1154.338409743816, 1212.439474962753, -301.2136333660287]], "G": [[951.056516295154, -309.016994374943, 0.0], [979.0990128807528, -244.738938337864, 317.5930514358904], [1055.7245641438847, -62.564968172546, 579.2893588391497], [1160.3845778246066, 207.913136548603, 741.0697525849687], [1264.7651173478007, 524.6691748057725, 779.5588122755153], [1339.8260693815794, 842.0629171343713, 695.5409230828571], [1362.590463748419, 1119.666058305002, 511.6818826706152], [1320.892889656754, 1328.9686397958887, 265.5682722333624], [1215.0508075216294, 1456.6396718386968, 0.348573895492784], [1056.4142708279207, 1504.104004749384, -244.3837777299562]], "H": [[809.016994374947, -587.785252292477, 0.0], [846.4610392403747, -491.66854259163, 456.5891157735054], [946.5607428245717, -222.629598828957, 824.9507956530747], [1076.6584668702221, 166.706911329072, 1039.6982052771086], [1194.2643515148623, 604.5043753220099, 1073.7406441162943], [1260.2820167657474, 1017.8771637719763, 941.8112253574002], [1250.2057901294552, 1349.3623894523362, 691.9490399752942], [1159.754724234018, 1567.0910057900737, 388.9343853569364], [1003.7762535158763, 1666.7013464528177, 95.86884974137199], [809.7579374554178, 1665.989678252196, -140.2653387699482]], "I": [[587.785252292473, -809.016994374943, 0.0], [634.2877457781117, -677.707170627253, 591.7153154155124], [755.5166744334407, -315.8110559808083, 1054.5294257241687], [904.1076484107122, 191.1829532347438, 1299.5329716792926], [1022.5776575811143, 731.7982135690539, 1302.2289923534154], [1065.2401930801304, 1201.9077161418272, 1102.9894193462933], [1013.7562478723722, 1531.530154730387, 785.7226325785019], [880.6770292389672, 1696.6971684960888, 445.5457813348146], [701.1880745279393, 1715.018083897392, 159.05788541349318], [518.1855553530308, 1629.9598032498886, -32.6811321587972]], "J": [[309.016994374947, -951.056516295153, 0.0], [364.3597110501057, -783.757089236732, 709.1003154814964], [504.9125371670717, -331.2227062677134, 1241.2029772254577], [666.8976339822732, 277.9134253053947, 1484.1845399882427], [779.1825110577473, 884.6951752162329, 1425.7939112326012], [795.8419889375274, 1355.3358598950442, 1145.0771814497048], [713.9495662438072, 1619.3983125459638, 768.9265645074247], [569.5943672219021, 1677.878353061248, 417.97048464202027], [417.1626968920033, 1584.045013581981, 166.9703515656115], [304.4181610996868, 1411.1791342922886, 33.0873059729374]], "K": [[0.0, -1000.0, 0.0], [64.3863072820497, -798.9317794550519, 796.6939980064294], [224.0270678514337, -267.0639662766335, 1363.1618908799437], [398.2493691089502, 414.7518408301987, 1567.7927048222357], [505.8682568660053, 1036.9438581343459, 1423.2201173393707], [508.9132509055214, 1445.7980379551418, 1059.196677016622], [427.7602349673432, 1590.4069700572227, 645.8731771752247], [322.29638012425215, 1516.429313781982, 314.69957536479626], [254.8359852912933, 1321.3413394398392, 116.73305762170992], [258.4291466208452, 1101.7311200390807, 29.35844130605024]], "L": [[-309.016994374943, -951.056516295153, 0.0], [-234.8387959792913, -721.6734885275152, 845.5044627745796], [-54.3231494616723, -130.8306694115015, 1406.1573878150145], [135.7866842769332, 582.5341625795057, 1538.6482544264068], [249.5611538218643, 1162.404165385758, 1294.9495141475618], [264.9776506066944, 1454.2124978398435, 863.463217482007], [228.6665288422392, 1451.9995697596617, 448.1560683203337], [214.93191366866714, 1262.063993454288, 167.53258665132427], [273.1523407560454, 1022.3005464250961, 26.588270499529514], [399.5750075056862, 831.8605415721206, -42.29826977307696]], "M": [[-587.785252292477, -809.016994374943, 0.0], [-502.5987457257123, -559.9131404983232, 850.5210878320839], [-297.6177308429933, 61.5606919291165, 1365.166191666621], [-83.7328722462188, 757.7627006090197, 1400.8328301313848], [54.2674448100703, 1239.5353878456585, 1063.0053201008936], [115.4900484736474, 1378.8043249469029, 599.164084530054], [167.7851753307411, 1239.7118073689796, 226.5385280771067], [280.561003192119, 993.107435327206, 21.78568322469227], [465.4606915600604, 795.5109269637941, -70.73045393374979], [668.4483121184862, 715.1542787351466, -151.72295478937295]], "N": [[-809.016994374943, -587.785252292477, 0.0], [-711.4067337709373, -330.2561898524742, 811.2288932096471], [-477.4319339991883, 287.6325317894585, 1244.9774110955382], [-229.5658799253798, 915.8969323351097, 1173.6472979394448], [-46.4822255225057, 1255.0946022034439, 767.2108269369007], [91.9827985159675, 1235.479836381865, 322.049545779937], [260.7472841025214, 1008.0479457515897, 37.9202125218237], [498.97491399487603, 792.377666717797, -77.66224773190463], [761.9296437234964, 723.3247824558975, -139.88454530871158], [951.8819270957782, 800.733285465336, -252.85943148133396]],