{"A": [[0.0, 1000.0, 0.0], [0.0, 1000.0, 0.0], [0.0, 1000.0, 0.0], [0.0, 1000.0, 0.0], [0.0, 1000.0, 0.0], [0.0, 1000.0, 0.0], [0.0, 1000.0, 0.0], [0.0, 1000.0, 0.0], [0.0, 1000.0, 0.0], [0.0, 1000.0, 0.0]], "B": [[309.0169943749474, 951.0565162951535, 0.0], [309.0169943749474, 951.0565162951535, 0.0], [309.0169943749474, 951.0565162951535, 0.0], [309.0169943749474, 951.0565162951535, 0.0], [309.0169943749474, 951.0565162951535, 0.0], [309.0169943749474, 951.0565162951535, 0.0], [309.0169943749474, 951.0565162951535, 0.0], [309.0169943749474, 951.0565162951535, 0.0], [309.0169943749474, 951.0565162951535, 0.0], [309.0169943749474, 951.0565162951535, 0.0]], "C": [[587.785252292473, 809.016994374947, 0.0], [587.785252292473, 809.016994374947, 0.0], [587.785252292473, 809.016994374947, 0.0], [587.785252292473, 809.016994374947, 0.0], [587.785252292473, 809.016994374947, 0.0], [587.785252292473, 809.016994374947, 0.0], [587.785252292473, 809.016994374947, 0.0], [587.785252292473, 809.016994374947, 0.0], [587.785252292473, 809.016994374947, 0.0], [587.785252292473, 809.016994374947, 0.0]], "D": [[809.016994374947, 587.785252292473, 0.0], [809.016994374947, 587.785252292473, 0.0], [809.016994374947, 587.785252292473, 0.0], [809.016994374947, 587.785252292473, 0.0], [809.016994374947, 587.785252292473, 0.0], [809.016994374947, 587.785252292473, 0.0], [809.016994374947, 587.785252292473, 0.0], [809.016994374947, 587.785252292473, 0.0], [809.016994374947, 587.785252292473, 0.0], [809.016994374947, 587.785252292473, 0.0]], "E": [[951.056516295153, 309.016994374947, 0.0], [951.056516295153, 309.016994374947, 0.0], [951.056516295153, 309.016994374947, 0.0], [951.056516295153, 309.016994374947, 0.0], [951.056516295153, 309.016994374947, 0.0], [951.056516295153, 309.016994374947, 0.0], [951.056516295153, 309.016994374947, 0.0], [951.056516295153, 309.016994374947, 0.0], [951.056516295153, 309.016994374947, 0.0], [951.056516295153, 309.016994374947, 0.0]], "F": [[1000.0, 0.0, 0.0], [1000.0, 0.0, 0.0], [1000.0, 0.0, 0.0], [1000.0, 0.0, 0.0], [1000.0, 0.0, 0.0], [1000.0, 0.0, 0.0], [1000.0, 0.0, 0.0], [1000.0, 0.0, 0.0], [1000.0, 0.0, 0.0], [1000.0, 0.0, 0.0]], "G": [[951.056516295154, -309.016994374943, 0.0], [951.056516295154, -309.016994374943, 0.0], [951.056516295154, -309.016994374943, 0.0], [951.056516295154, -309.016994374943, 0.0], [951.056516295154, -309.016994374943, 0.0], [951.056516295154, -309.016994374943, 0.0], [951.056516295154, -309.016994374943, 0.0], [951.056516295154, -309.016994374943, 0.0], [951.056516295154, -309.016994374943, 0.0], [951.056516295154, -309.016994374943, 0.0]], "H": [[809.016994374947, -587.785252292477, 0.0], [809.016994374947, -587.785252292477, 0.0], [809.016994374947, -587.785252292477, 0.0], [809.016994374947, -587.785252292477, 0.0], [809.016994374947, -587.785252292477, 0.0], [809.016994374947, -587.785252292477, 0.0], [809.016994374947, -587.785252292477, 0.0], [809.016994374947, -587.785252292477, 0.0], [809.016994374947, -587.785252292477, 0.0], [809.016994374947, -587.785252292477, 0.0]], "I": [[587.785252292473, -809.016994374943, 0.0], [587.785252292473, -809.016994374943, 0.0], [587.785252292473, -809.016994374943, 0.0], [587.785252292473, -809.016994374943, 0.0], [587.785252292473, -809.016994374943, 0.0], [587.785252292473, -809.016994374943, 0.0], [587.785252292473, -809.016994374943, 0.0], [587.785252292473, -809.016994374943, 0.0], [587.785252292473, -809.016994374943, 0.0], [587.785252292473, -809.016994374943, 0.0]], "J": [[309.016994374947, -951.056516295153, 0.0], [309.016994374947, -951.056516295153, 0.0], [309.016994374947, -951.056516295153, 0.0], [309.016994374947, -951.056516295153, 0.0], [309.016994374947, -951.056516295153, 0.0], [309.016994374947, -951.056516295153, 0.0], [309.016994374947, -951.056516295153, 0.0], [309.016994374947, -951.056516295153, 0.0], [309.016994374947, -951.056516295153, 0.0], [309.016994374947, -951.056516295153, 0.0]], "K": [[0.0, -1000.0, 0.0], [0.0, -1000.0, 0.0], [0.0, -1000.0, 0.0], [0.0, -1000.0, 0.0], [0.0, -1000.0, 0.0], [0.0, -1000.0, 0.0], [0.0, -1000.0, 0.0], [0.0, -1000.0, 0.0], [0.0, -1000.0, 0.0], [0.0, -1000.0, 0.0]], "L": [[-309.016994374943, -951.056516295153, 0.0], [-309.016994374943, -951.056516295153, 0.0], [-309.016994374943, -951.056516295153, 0.0], [-309.016994374943, -951.056516295153, 0.0], [-309.016994374943, -951.056516295153, 0.0], [-309.016994374943, -951.056516295153, 0.0], [-309.016994374943, -951.056516295153, 0.0], [-309.016994374943, -951.056516295153, 0.0], [-309.016994374943, -951.056516295153, 0.0], [-309.016994374943, -951.056516295153, 0.0]], "M": [[-587.785252292477, -809.016994374943, 0.0], [-587.785252292477, -809.016994374943, 0.0], [-587.785252292477, -809.016994374943, 0.0], [-587.785252292477, -809.016994374943, 0.0], [-587.785252292477, -809.016994374943, 0.0], [-587.785252292477, -809.016994374943, 0.0], [-587.785252292477, -809.016994374943, 0.0], [-587.785252292477, -809.016994374943, 0.0], [-587.785252292477, -809.016994374943, 0.0], [-587.785252292477, -809.016994374943, 0.0]], "N": [[-809.016994374943, -587.785252292477, 0.0], [-809.016994374943, -587.785252292477, 0.0], [-809.016994374943, -587.785252292477, 0.0], [-809.016994374943, -587.785252292477, 0.0], [-809.016994374943, -587.785252292477, 0.0], [-809.016994374943, -587.785252292477, 0.0], [-809.016994374943, -587.785252292477, 0.0], [-809.016994374943, -587.785252292477, 0.0], [-809.016994374943, -587.785252292477, 0.0], [-809.016994374943, -587.785252292477, 0.0]], "O": [[-951.056516295153, -309.016994374943, 0.0], [-951.056516295153, -309.016994374943, 0.0], [-951.056516295153, -309.016994374943, 0.0], [-951.056516295153, -309.016994374943, 0.0], [-951.056516295153, -309.016994374943, 0.0], [-951.056516295153, -309.016994374943, 0.0], [-951.056516295153, -309.016994374943, 0.0], [-951.056516295153, -309.016994374943, 0.0], [-951.056516295153, -309.016994374943, 0.0], [-951.056516295153, -309.016994374943, 0.0]], "P": [[-1000.0, 0.0, 0.0], [-1000.0, 0.0, 0.0], [-1000.0, 0.0, 0.0], [-1000.0, 0.0, 0.0], [-1000.0, 0.0, 0.0], [-1000.0, 0.0, 0.0], [-1000.0, 0.0, 0.0], [-1000.0, 0.0, 0.0], [-1000.0, 0.0, 0.0], [-1000.0, 0.0, 0.0]], "Q": [[-951.056516295153, 309.016994374947, 0.0], [-951.056516295153, 309.016994374947, 0.0], [-951.056516295153, 309.016994374947, 0.0], [-951.056516295153, 309.016994374947, 0.0], [-951.056516295153, 309.016994374947, 0.0], [-951.056516295153, 309.016994374947, 0.0], [-951.056516295153, 309.016994374947, 0.0], [-951.056516295153, 309.016994374947, 0.0], [-951.056516295153, 309.016994374947, 0.0], [-951.056516295153, 309.016994374947, 0.0]], "R": [[-809.016994374943, 587.785252292473, 0.0], [-809.016994374943, 587.785252292473, 0.0], [-809.016994374943, 587.785252292473, 0.0], [-809.016994374943, 587.785252292473, 0.0], [-809.016994374943, 587.785252292473, 0.0], [-809.016994374943, 587.785252292473, 0.0], [-809.016994374943, 587.785252292473, 0.0], [-809.016994374943, 587.785252292473, 0.0], [-809.016994374943, 587.785252292473, 0.0], [-809.016994374943, 587.785252292473, 0.0]], "S": [[-587.785252292477, 809.016994374947, 0.0], [-587.785252292477, 809.016994374947, 0.0], [-587.785252292477, 809.016994374947, 0.0], [-587.785252292477, 809.016994374947, 0.0], [-587.785252292477, 809.016994374947, 0.0], [-587.785252292477, 809.016994374947, 0.0], [-587.785252292477, 809.016994374947, 0.0], [-587.785252292477, 809.016994374947, 0.0], [-587.785252292477, 809.016994374947, 0.0], [-587.785252292477, 809.016994374947, 0.0]],