{"A": [[0.0, 1000.0, 0.0], [0.0, 1000.0, 0.0], [0.0, 1000.0, 0.0], [0.0, 1000.0, 0.0], [0.0, 1000.0, 0.0], [0.0, 1000.0, 0.0], [0.0, 1000.0, 0.0], [0.0, 1000.0, 0.0], [0.0, 1000.0, 0.0], [0.0, 1000.0, 0.0]], "B": [[309.0169943749474, 951.0565162951535, 0.0], [309.0169943749474, 951.0565162951535, 0.0], [309.0169943749474, 951.0565162951535, 0.0], [309.0169943749474, 951.0565162951535, 0.0], [309.0169943749474, 951.0565162951535, 0.0], [309.0169943749474, 951.0565162951535, 0.0], [309.0169943749474, 951.0565162951535, 0.0], [309.0169943749474, 951.0565162951535, 0.0], [309.0169943749474, 951.0565162951535, 0.0], [309.0169943749474, 951.0565162951535, 0.0]], "C": [[587.785252292473, 809.016994374947, 0.0], [587.036998546664, 808.268740629138, -14.2651957716357], [584.808616709342, 806.040358791816, -28.2181240131736], [581.148886432996, 802.38062851547, -41.5533527831692], [576.137919827724, 797.369661910198, -53.9789716853015], [569.885407793692, 791.117149876166, -65.2229818359505], [562.528218868916, 783.75996095139, -75.0392499654194], [554.227403153988, 775.459145236463, -83.2128963165259], [545.164666898343, 766.396408980818, -89.5649983985583], [535.538394919952, 756.770137002426, -93.956507630632]], "D": [[809.016994374947, 587.785252292473, 0.0], [811.401957642129, 591.843361799701, 12.3315697895735], [818.170780155313, 603.594997580965, 21.2282490157623], [828.202784157753, 621.810407260629, 23.6059460518837], [839.751900617428, 644.564385682673, 17.0504876884542], [850.617817976015, 669.411344979491, 0.0761631612767], [858.363738496969, 693.6084400595528, -27.6998792790534], [860.561207238564, 714.3670970084255, -65.4835554357111], [855.039979325572, 729.110763425207, -111.3374303555394], [840.120326258169, 735.7161088713883, -162.3198195123076]], "E": [[951.056516295153, 309.016994374947, 0.0], [959.257383410108, 323.826118578473, 77.0810703031355], [982.569257120493, 366.739294032694, 142.7168652638543], [1017.283222277857, 433.388952020393, 186.8018728857177], [1057.739222665495, 517.055608722296, 201.7394333080392], [1097.032225973436, 609.4286010492885, 183.2945502614187], [1127.861144750764, 701.5258121302965, 131.0308066378896], [1143.407466294287, 784.654303180476, 48.2910893512679], [1138.131103630744, 851.293632441256, -58.2551426473644], [1108.388074537607, 895.8005096931263, -179.4185696513626]], "F": [[1000.0, 0.0, 0.0], [1015.5422783369121, 31.51805191687, 173.3877272761949], [1059.311271795735, 122.404705465086, 322.4339746963593], [1123.213957702407, 262.204761678276, 426.3047323238057], [1195.270308079615, 435.2164281310866, 470.5786352014132], [1261.570085958145, 622.745725218167, 449.0706105926967], [1308.471014817915, 805.6744822861805, 364.3119605033056], [1324.642618279793, 966.907083223735, 226.6859078325979], [1302.613989104757, 1093.313515790834, 52.4639788235586], [1239.603402232587, 1176.9094402100284, -138.8319416658505]], "G": [[951.056516295154, -309.016994374943, 0.0], [974.5232940645242, -255.305461039811, 291.4414555279829], [1039.6709448301592, -101.626931143636, 539.9450106572793], [1131.8902106225437, 131.05117663597, 710.2244871410948], [1230.3707153783346, 412.1229443366456, 780.6135039232962], [1312.4752136303423, 706.7924819823403, 746.1089550261937], [1358.2744178858538, 981.8819017242935, 617.9998273544946], [1354.2086009548946, 1210.786300900536, 420.4273521946669], [1295.1366104814813, 1376.668319507385, 184.9068398216966], [1184.4931450021718, 1473.4826219517072, -55.8007738473401]], "H": [[809.016994374947, -587.785252292477, 0.0], [840.3787474651972, -507.427716250621, 419.2169479150699], [925.8814613211182, -279.882307070733, 770.5180832514743], [1042.1567295759378, 57.391423508014, 1000.7569475617516], [1157.432171756716, 451.4649879450234, 1082.3072888588931], [1239.922802612251, 845.3476545479873, 1017.0805019097397], [1265.7121550765798, 1189.2509333095416, 833.2143242005876], [1223.9391409188286, 1448.931287357138, 576.003059222432], [1118.1243464991592, 1609.448465256372, 296.1139868700046], [963.7519641263159, 1674.1527369395724, 38.4955857111501]], "I": [[587.785252292473, -809.016994374943, 0.0], [626.7730047420172, -699.166783957854, 543.6986092156009], [730.8811485812402, -392.093060707934, 987.9360958659213], [865.9616142956158, 51.03336961905373, 1259.2174356673647], [988.108651687002, 546.9565659937577, 1327.4559610614083], [1057.915634609552, 1011.6697768713973, 1209.6871212953877], [1052.267609823758, 1379.6519367046635, 960.0049051505996], [969.8153194742035, 1615.565197298162, 650.4422346735109], [828.9932787956043, 1716.148880387469, 350.0140286988272], [660.2712159211969, 1703.5653907762037, 108.6475541285789]], "J": [[309.016994374947, -951.056516295153, 0.0], [355.4645880686142, -810.991547146207, 652.2063637298819], [476.8423356737152, -425.5003727532712, 1167.4777357385033], [626.7654146820809, 112.82359598974043, 1451.1916876523487], [749.454328209443, 683.3402253224486, 1476.8901564896141], [801.581510430612, 1173.6582979296684, 1286.7552939508964], [767.4805283297839, 1508.8934926644224, 968.943911635527], [662.0274166589965, 1664.662905113224, 623.1844031819876], [521.5265872128402, 1662.159986964482, 329.1238309066123], [388.0121047926249, 1550.6757264951598, 128.312100225632]], "K": [[0.0, -1000.0, 0.0], [54.0897872039612, -831.5111997522625, 733.6872858553098], [192.6502693731152, -376.3056958845454, 1288.7283878162102], [356.4173359083539, 234.53467425565344, 1551.1181463126889], [479.600911328088, 838.8248578923517, 1506.7335785748103], [520.393503874447, 1300.0490616820364, 1233.4106858189218], [477.4490145411519, 1546.9790797341955, 857.95663093762], [385.5880022043555, 1582.6633764955868, 501.7583151606966], [295.45483429865624, 1464.9937394846659, 240.2193833309296], [249.2116800366939, 1272.8959206042466, 90.1049158688953]], "L": [[-309.016994374943, -951.056516295153, 0.0], [-246.6524559434228, -758.6355483639488, 779.8414842678469], [-89.3812559341388, -250.1026650470854, 1337.9013595588217], [90.9144859673969, 399.96065670615144, 1545.6915070940865], [221.665039728469, 988.5674404015897, 1412.217905084621], [268.62154503447, 1366.4483608815226, 1059.9489286002508], [249.4883871359009, 1485.0691639021293, 652.802829889811], [216.8510353881155, 1392.2152944531629, 319.7024679991426], [224.10714386235955, 1188.603409358921, 112.1379252970606], [295.9914145005802, 974.5361193850827, 8.3733254668925]], "M": [[-587.785252292477, -809.016994374943, 0.0], [-516.1276336929488, -599.7879255959908, 785.9675537675985], [-337.1841081643128, -61.2410783985634, 1309.4054839821533], [-134.3911740500641, 587.0749138858824, 1435.6343322536115], [16.859190570707, 1108.6424028110807, 1208.4446611029348], [94.858199337175, 1360.0409785138927, 799.8485392253519], [136.5075251505919, 1337.5328240973763, 401.09800142645], [202.4225167271062, 1145.921378932726, 127.3016040807266], [330.6260074274206, 922.6395631716028, -13.5757638372204], [510.7848730386912, 767.6345410584257, -86.1913321218025]], "N": [[-809.016994374943, -587.785252292477, 0.0], [-726.8861955056238, -371.1490271457958, 751.4414745255727], [-522.5820946475648, 168.8047331344066, 1206.4808580961103], [-289.4999777440881, 770.9630015965874, 1235.6008409967546], [-102.093167601159, 1179.8644080247182, 927.9723275860849], [32.6401909810359, 1282.063554069687, 503.3094893129759], [164.7288987910227, 1138.6127382993411, 161.26197213634404], [346.2876757822252, 911.809250500328, -22.3021884533754], [580.4607355171476, 753.3708105763369, -96.1449193668076], [812.9341510615042, 729.8855804055439, -158.0787244073981]],