{"A": [[0.0, 1000.0, 0.0], [0.0, 1000.0, 0.0], [0.0, 1000.0, 0.0], [0.0, 1000.0, 0.0], [0.0, 1000.0, 0.0], [0.0, 1000.0, 0.0], [0.0, 1000.0, 0.0], [0.0, 1000.0, 0.0], [0.0, 1000.0, 0.0], [0.0, 1000.0, 0.0]], "B": [[309.0169943749474, 951.0565162951535, 0.0], [309.0169943749474, 951.0565162951535, 0.0], [309.0169943749474, 951.0565162951535, 0.0], [309.0169943749474, 951.0565162951535, 0.0], [309.0169943749474, 951.0565162951535, 0.0], [309.0169943749474, 951.0565162951535, 0.0], [309.0169943749474, 951.0565162951535, 0.0], [309.0169943749474, 951.0565162951535, 0.0], [309.0169943749474, 951.0565162951535, 0.0], [309.0169943749474, 951.0565162951535, 0.0]], "C": [[587.785252292473, 809.016994374947, 0.0], [587.550704483682, 808.782446566156, -8.00180139123504], [586.848670453436, 808.08041253591, -15.9486968413302], [585.683967346935, 806.915709429408, -23.7861571571085], [584.064587004649, 805.296329087123, -31.4604040561876], [582.001641124734, 803.233383207208, -38.9187791772898], [579.509285017916, 800.74102710039, -46.1101054059908], [576.60462047803, 797.836362560504, -52.9850380366021], [573.307578434682, 794.539320517156, -59.496403360617], [569.640782193241, 790.872524275715, -65.5995223584323]], "D": [[809.016994374947, 587.785252292473, 0.0], [809.770650066906, 589.063372828863, 7.12406488834326], [811.993351495868, 592.855870071972, 13.6356964967574], [815.571471062238, 599.038344958084, 18.9421049851255], [820.319494368162, 607.407412790787, 22.4892295237742], [825.98570348453, 617.686509128547, 23.7797235459908], [832.259908492108, 629.533791815107, 22.3893276505629], [838.783009728462, 642.55192041448, 17.9811627010692], [845.158121443, 656.299442262618, 10.3175331846429], [850.96294326188, 670.303469737, -0.7311002333023]], "E": [[951.056516295153, 309.016994374947, 0.0], [953.647435441143, 313.68077109733, 43.87812185680286], [961.291815690991, 327.521688252582, 85.7100189486943], [973.609658642942, 350.094005231053, 123.5251552072865], [989.984517322475, 380.672913884962, 155.5013131911222], [1009.588039184819, 418.280866208622, 180.0312493202478], [1031.4128017339, 461.722851121287, 195.7807366262429], [1054.312008380077, 509.629132387273, 201.7357560395732], [1077.044328898005, 560.5036630776535, 197.2370958103149], [1098.321970405237, 612.7761819582647, 182.0011910050197]], "F": [[1000.0, 0.0, 0.0], [1004.9180806278998, 9.934226392911, 98.61681869872847], [1019.3866660425016, 39.37113086888, 192.8604368283733], [1042.564043222734, 87.230736041223, 278.5579322828125], [1073.0972665852014, 151.769882548247, 351.9259566667992], [1109.1937819023638, 230.663936456268, 409.7387831489808], [1148.71545797901, 321.114435799201, 449.4662265308609], [1189.289321638243, 419.9764960491201, 469.3744997089432], [1228.428380672252, 523.8987835080508, 468.5854311097959], [1263.65546716727, 629.4683379549522, 447.0920701131357]], "G": [[951.056516295154, -309.016994374943, 0.0], [958.4999575723353, -292.064865103371, 165.91372796736746], [980.3020495160183, -241.955560779243, 324.0650584199693], [1014.9149648155804, -160.885520348714, 467.1336973958575], [1059.8788907099888, -52.369486593176, 588.6522963830582], [1111.991676865652, 78.966941836489, 683.3574247229718], [1167.5269234602722, 227.6557338627275, 747.4571109694419], [1222.4832790860123, 387.696197765979, 778.7983367696932], [1272.845660657947, 552.8839854631872, 776.9260393922339], [1314.838775876853, 717.1366155468115, 743.0338032690207]], "H": [[809.016994374947, -587.785252292477, 0.0], [818.9946478156184, -562.378338006944, 239.09748522393056], [848.0583555755663, -487.520073678383, 465.8276868778193], [893.6776293408145, -367.197022847617, 668.6877592088495], [951.8846328477639, -207.72663341593, 837.8276655702542], [1017.6218598317108, -17.2989048117281, 965.6944428622438], [1085.1785397057777, 194.6051146263136, 1047.4793895935618], [1148.6725353924337, 417.8658660486229, 1081.3354958771502], [1202.5312408484997, 642.3921417684375, 1068.355515820729], [1241.9268684364047, 858.7468779048814, 1012.3242686738766]], "I": [[587.785252292473, -809.016994374943, 0.0], [600.2317725490933, -774.209126745941, 310.9131433844491], [636.2586639249492, -672.062725934825, 603.5660893825733], [692.0732923565595, -509.204950540003, 861.2401084319825], [761.8208444796429, -296.0225998373394, 1070.1346738040972], [838.2221426954987, -45.7519249469733, 1220.4357519315108], [913.3525285059297, 226.6512513416671, 1306.970881566733], [979.4673778384097, 505.7398704047593, 1329.397466814307], [1029.7773284169198, 776.7756398294034, 1291.9268212205388], [1059.0866868906087, 1026.7839433505314, 1202.6397437630328]], "J": [[309.016994374947, -951.056516295153, 0.0], [323.8980166806003, -906.557746999439, 374.2413795378562], [366.6894809820843, -776.600771887124, 723.1119800090703], [432.0874457944585, -571.4229592568126, 1023.7923965991895], [512.0499858571459, -306.8686892181359, 1258.2406225080613], [596.8668524934308, -2.7325013622002, 1414.8166164619447], [676.4247121984467, 319.2479700638305, 1489.1192412940438], [741.4834505741817, 637.4957998405033, 1483.9645811436963], [784.7843699758967, 932.5418617267944, 1408.555727756711], [801.8444758040367, 1188.5978449428785, 1277.001518193485]], "K": [[0.0, -1000.0, 0.0], [17.3872562762683, -946.3040437962921, 422.80425689274455], [67.0796985526623, -790.3810381415846, 812.1684224725097], [142.0722412869405, -547.0660088094093, 1138.6178621068855], [231.9595112970149, -238.988776080933, 1380.0134062606671], [324.5990197664238, 106.2262231675848, 1523.8358396323238], [408.0064766081207, 459.2591853487645, 1568.0842829688468], [472.1551652518757, 792.4087013860943, 1520.7237306138134], [510.3814780922007, 1082.4601103246794, 1397.853434876087], [520.1829557478977, 1312.7477899999415, 1220.960937614015]], "L": [[-309.016994374943, -951.056516295153, 0.0], [-288.9150866691767, -889.5078357239563, 451.78757734475704], [-231.7517034257077, -711.9860351029303, 861.5747388693139], [-146.3453877669705, -438.7902897616742, 1193.1944809587983], [-45.4957898747121, -100.369452045551, 1421.1255244908484], [56.43763514681779, 267.1100167171238, 1533.4714082040337], [146.1765455397157, 626.8224300109785, 1532.6637572150823], [213.8473404465147, 946.1110751294673, 1433.8927720813558], [254.5391431012407, 1200.3220178974163, 1261.690893113021], [268.8295720864677, 1375.1111744339123, 1045.406808600815]], "M": [[-587.785252292477, -809.016994374943, 0.0], [-564.6442512707036, -741.7995180993634, 458.31812880312543], [-499.0658121324377, -549.4797652422043, 866.2488111809186], [-401.7127278425475, -258.4035587478442, 1181.570526960079], [-287.6711766618671, 92.679657838214, 1376.7398216432432], [-173.1264806103482, 459.2260636762238, 1442.4839988160415], [-71.9209964886583, 798.1666122716695, 1387.8825402831544], [7.1912976002057, 1074.4258348414753, 1237.1300474487668], [61.9831409371337, 1265.5232334510624, 1023.871728766246], [96.6228334265117, 1363.5706571409528, 784.449679879625]], "N": [[-809.016994374943, -587.785252292477, 0.0], [-782.4662965873187, -517.8219033224303, 441.7485161758833], [-707.3657011104877, -319.5782297192093, 825.7098468923688], [-596.1812877871625, -25.5774710438452, 1105.0136233706141], [-466.0728601768831, 317.444847380257, 1252.0786155732592], [-334.5668735765462, 657.8644672443648, 1262.5763793095166], [-215.3460904041623, 948.9842636851595, 1154.2797880152473], [-115.3063672860533, 1157.1693168969343, 961.3859528892539], [-33.6243254348693, 1266.6654285674736, 725.970948012102], [37.0228832746564, 1280.3685857072744, 488.794088590145]],