{"A": [[0.0, 1000.0, 0.0], [0.0, 1000.0, 0.0], [0.0, 1000.0, 0.0], [0.0, 1000.0, 0.0], [0.0, 1000.0, 0.0], [0.0, 1000.0, 0.0], [0.0, 1000.0, 0.0], [0.0, 1000.0, 0.0], [0.0, 1000.0, 0.0], [0.0, 1000.0, 0.0], [0.0, 1000.0, 0.0], [0.0, 1000.0, 0.0], [0.0, 1000.0, 0.0], [0.0, 1000.0, 0.0], [0.0, 1000.0, 0.0]], "B": [[499.99999999999994, 866.0254037844387, 0.0], [499.99999999999994, 866.0254037844387, 0.0], [499.99999999999994, 866.0254037844387, 0.0], [499.99999999999994, 866.0254037844387, 0.0], [499.99999999999994, 866.0254037844387, 0.0], [499.99999999999994, 866.0254037844387, 0.0], [499.99999999999994, 866.0254037844387, 0.0], [499.99999999999994, 866.0254037844387, 0.0], [499.99999999999994, 866.0254037844387, 0.0], [499.99999999999994, 866.0254037844387, 0.0], [499.99999999999994, 866.0254037844387, 0.0], [499.99999999999994, 866.0254037844387, 0.0], [499.99999999999994, 866.0254037844387, 0.0], [499.99999999999994, 866.0254037844387, 0.0], [499.99999999999994, 866.0254037844387, 0.0]], "C": [[866.025403784439, 500.0, 0.0], [865.951731221861, 499.980259496353, -6.28292845416606], [865.730756955299, 499.92104962008, -12.5621538728144], [865.362611222678, 499.822405268327, -18.8339754029243], [864.847511001912, 499.684384580152, -25.0946965551825], [864.185759883029, 499.507068902256, -31.3406273826221], [863.377747889233, 499.290562741044, -37.568086655405], [862.423951247039, 499.034993701025, -43.7734040304676], [861.324932105588, 498.740512409607, -49.9529222147487], [860.081338205334, 498.407292428321, -56.1029991207273], [858.69390249627, 498.035530150527, -62.2200100129976], [857.16344270595, 497.625444685663, -68.3003496446178], [855.490860857531, 497.177277730104, -74.3404343819717], [853.67714273814, 496.691293424716, -80.3367043168931], [851.723357317872, 496.167778199171, -86.2856253648058]], "D": [[1000.0, 0.0, 0.0], [999.705328551607, 0.039486045253, -17.16367629568716], [998.821713425499, 0.157981343432, -34.3076206114457], [997.35035151194, 0.355597217438, -51.412135263686], [995.293235073271, 0.632518658012, -68.4575910878526], [992.653147917719, 0.989003504104, -85.424461514004], [989.433660054652, 1.425381298427, -102.2933564221397], [985.639120843148, 1.942051821173, -119.045055704647], [981.274650649115, 2.5394833058, -135.6605424639111], [976.346131029504, 3.218210341558, -152.1210357739736], [970.860193465413, 3.978831468294, -168.4080229361216], [964.824206669121, 4.822006469891, -184.5032911594628], [958.246262493237, 5.748453373458, -200.3889585988467], [951.135160473241, 6.758945162235, -216.0475046839931], [943.5003910377272, 7.854306210859, -231.4617996752888]], "E": [[866.025403784439, -500.0, 0.0], [865.387488445652, -499.710600552902, -29.72397905996076], [863.475410954435, -498.842589048543, -59.3875246586701], [860.294171131084, -497.396526311463, -88.9303891276933], [855.852082849423, -495.373348091374, -118.2926956608347], [850.160745379946, -492.774366613691, -147.4151219400214], [843.235003436088, -489.601272724937, -176.2390816039912], [835.092896088614, -485.856138607954, -204.706902855819], [825.755594758857, -481.541421034843, -232.7620035181707], [815.247330546454, -476.659965118977, -260.3490618610936], [803.595311190808, -471.215008520883, -287.4141825461446], [790.829628007805, -465.210186056705, -313.9050570525008], [776.983153183983, -458.649534652102, -339.7711179754237], [762.0914278492429, -451.537498578986, -364.9636866148361], [746.1925413861812, -443.878934907466, -389.4361133017138]], "F": [[500.0, -866.02540378444, 0.0], [499.022846843774, -865.234827335449, -40.59510825924886], [496.095928139199, -862.86453852265, -81.0561272578788], [491.232841287295, -858.918856477258, -121.2496099807491], [484.456165811974, -853.404971509026, -161.0433900640114], [475.797339701771, -846.332932725803, -200.3072125482505], [465.29648740084, -837.715630667426, -238.9133532191038], [453.002200552172, -827.568774921647, -276.737222854711], [438.971272897267, -815.910866681938, -313.6579528039268], [423.268391027749, -802.763166200717, -349.5589584486298], [405.965782963261, -788.149655086242, -384.328477256219], [387.142826794703, -772.096993388103, -417.8600783039708], [366.885621880354, -754.634471414171, -450.0531403532457], [345.2865253130419, -735.793956222475, -480.8132957677691], [322.4436565876072, -715.609832733526, -510.0528378042798]], "G": [[0.0, -1000.0, 0.0], [-1.127986758635, -998.497987760784, -46.8613791911344], [-4.502719984781, -993.996927379921, -93.4852269901274], [-10.096595008897, -986.511728543276, -139.6356843852533], [-17.863858272694, -976.067176377111, -185.0802228753656], [-27.740986193936, -962.697835149853, -229.5912742391121], [-39.647210660547, -946.447913908424, -272.9478181100461], [-53.485186297868, -927.3710945046656, -314.9369139371798], [-69.141793351981, -905.5303225973666, -355.3551644533903], [-86.489068793881, -880.997562348474, -394.0100984421215], [-105.385257087156, -853.8535156637822, -430.7214613775925], [-125.675970987326, -824.1873069623113, -465.3224034077428], [-147.195451764781, -792.0961345925379, -497.6605551423577], [-169.7679173751381, -757.6848901479628, -527.5989827901669], [-193.2089863492488, -721.0657470690243, -555.0170153472855]], "H": [[-500.0, -866.02540378444, 0.0], [-500.922357288413, -863.758315621821, -46.84215040960269], [-503.674575610113, -856.969092858043, -93.33177040450516], [-508.212277407944, -845.693784697045, -139.11986447901748], [-514.462107976163, -829.992220422774, -183.86446569712137], [-522.322639083339, -809.947632079839, -227.23404739879604], [-531.665617739808, -785.666129745403, -268.91081332299353], [-542.337544077671, -757.2760328876726, -308.59382811407454], [-554.161558116358, -724.9270622700066, -346.0019522699154], [-566.939611272957, -688.7893977993901, -380.8765481474009], [-580.454894896128, -649.0526086244852, -412.9839266261465], [-594.474494907175, -605.9244626596213, -442.1175074029061], [-608.752238861391, -559.6296235378039, -468.0996695972107], [-623.0316994357681, -510.4082437759498, -490.7832733412779], [-637.0493165347548, -458.5144636601343, -510.0528372464223]], "I": [[-866.02540378444, -500.0, 0.0], [-866.313214637519, -497.15358406635, -40.542579158499144], [-867.157445135113, -488.637395026306, -80.63703270027555], [-868.500847038891, -474.520394565057, -119.84154810195278], [-870.249193481253, -454.916805656589, -157.72684038637738], [-872.273037351681, -429.985050339554, -193.88217098663154], [-874.410129634775, -399.926277580689, -227.92107742535384], [-876.468455253796, -364.9824960207276, -259.4867251637985], [-878.22983319195, -325.4343303657846, -288.25679943126335], [-879.454017854729, -281.5984239646801, -313.9478626866444], [-879.883229977672, -233.8245136597622, -336.3191124453261], [-879.247038029752, -182.4922062793123, -355.1754843570574], [-877.267505141868, -128.0074891179519, -370.3700564582265], [-873.664512204652, -70.7990093975738, -381.8057222403759], [-868.1611650019978, -11.31415998447829, -389.4361123631103]], "J": [[-1000.0, 0.0, 0.0], [-999.30112253345, 2.991204227875, -29.65223817603114], [-997.185385129503, 11.928033922084, -58.81551594152986], [-993.596056994512, 26.700624743738, -87.01060720266808], [-988.440520169681, 47.127478107261, -113.77755294286727], [-981.593120796109, 72.957850499608, -138.68479530340076], [-972.8990645171639, 103.875051582044, -161.33772462066563], [-962.1792624067224, 139.5006049499274, -181.38646393926692], [-949.2360109254513, 179.3992134071394, -198.53273222257593], [-933.8593692872146, 223.0844594389119, -212.5356476133624], [-915.8340807309348, 270.0251614038308, -223.2163551865091], [-894.9468709365876, 319.6522969598587, -230.4613891451944], [-870.9939474981451, 371.3663975228481, -234.2247067510915], [-843.7885191794304, 424.5453112410132, -234.5283598150039], [-813.1681527381432, 478.55222714714273, -231.4617986539363]],