{"A": [[0.0, 1000.0, 0.0], [0.0, 1000.0, 0.0], [0.0, 1000.0, 0.0], [0.0, 1000.0, 0.0], [0.0, 1000.0, 0.0], [0.0, 1000.0, 0.0], [0.0, 1000.0, 0.0], [0.0, 1000.0, 0.0], [0.0, 1000.0, 0.0], [0.0, 1000.0, 0.0]], "B": [[499.99999999999994, 866.0254037844387, 0.0], [499.99999999999994, 866.0254037844387, 0.0], [499.99999999999994, 866.0254037844387, 0.0], [499.99999999999994, 866.0254037844387, 0.0], [499.99999999999994, 866.0254037844387, 0.0], [499.99999999999994, 866.0254037844387, 0.0], [499.99999999999994, 866.0254037844387, 0.0], [499.99999999999994, 866.0254037844387, 0.0], [499.99999999999994, 866.0254037844387, 0.0], [499.99999999999994, 866.0254037844387, 0.0]], "C": [[866.025403784439, 500.0, 0.0], [862.939856771174, 499.173230169588, -40.5380748445395], [853.759380534349, 496.713328975797, -80.0754926029984], [838.710589402226, 492.68101754488, -117.636296785162], [818.164953395053, 487.175830968774, -152.293322373751], [792.629628719371, 480.333661343459, -183.191082314415], [762.734938933466, 472.323403357346, -209.566884679944], [729.218815803588, 463.342785231274, -230.769659244646], [692.908583918695, 453.61348792073, -246.276028746672], [654.700538699134, 443.375673059777, -255.703228129195]], "D": [[1000.0, 0.0, 0.0], [1008.936167750041, 7.355057914528, 28.3760387416989], [1034.353831286276, 28.925107495291, 48.4119255858536], [1072.229638574924, 63.267768056462, 52.723050678955], [1116.340275929166, 108.118297169788, 35.738737480496], [1158.935025075616, 160.58454355728, -5.624050728095], [1191.580802479992, 217.393501165742, -71.540935240228], [1206.094673533295, 275.166189949962, -159.158363110504], [1195.469744035717, 330.69503253471, -262.7843932468493], [1154.700538847592, 381.1978460942131, -374.375508449854]], "E": [[866.025403784439, -500.0, 0.0], [897.308836077274, -472.389959385903, 187.5402609467889], [985.7196211890567, -392.119111665404, 345.5746277385706], [1115.8900325911964, -266.521774527018, 449.310771149529], [1265.194611274736, -106.733776153709, 482.538654522281], [1407.631651980504, 73.7509167513945, 439.975659160715], [1518.183921418806, 260.7600868853268, 327.707025773462], [1576.851917744414, 441.096516698372, 161.708252418857], [1571.639582689155, 603.91943004783, -35.2017192091193], [1500.000000850972, 741.6697497844061, -237.344560772815]], "F": [[500.0, -866.02540378444, 0.0], [559.161460427045, -806.386705965348, 392.6054165591779], [722.9547516717497, -635.710384948264, 719.1614414232986], [953.8618012151004, -377.115655786741, 928.335862450779], [1200.1634846728418, -64.1898800871288, 994.310246066285], [1408.8502265184145, 265.1772674457425, 920.916050235388], [1538.1698274470937, 575.2861787036009, 738.344449246859], [1566.440165919976, 838.036508292973, 493.791722239245], [1495.0368041356048, 1036.22532219633, 239.0113774195447], [1345.299463088523, 1164.319480839613, 18.35866737673]], "G": [[0.0, -1000.0, 0.0], [88.714695430619, -901.5710495148821, 586.4325933909199], [327.6319339503697, -626.228251266756, 1053.1960973510895], [644.8915988884194, -228.415798550833, 1316.117964878612], [949.4536696936658, 217.2968828961622, 1349.076342768633], [1161.9544095343454, 634.9008289344525, 1186.05023525685], [1239.0321828074257, 964.1546029463608, 903.411740426887], [1182.58349187566, 1171.511820053901, 590.7322332173941], [1032.125307265402, 1252.525334240109, 321.9357000660201], [845.299463151269, 1226.4973086729563, 137.030948132584]], "H": [[-500.0, -866.02540378444, 0.0], [-382.947188091059, -731.4210300676801, 715.0142053967339], [-77.5248388236243, -366.61634366411005, 1243.9808958477286], [301.0029017346524, 125.663617815861, 1472.058733462164], [621.8087073530448, 615.6336966117182, 1392.9597556130682], [795.8731016958814, 989.8520996118265, 1096.9252447832437], [807.9587194211156, 1184.0278872018507, 719.616744668117], [710.0502357479469, 1194.1300854342446, 380.6133898081031], [584.5472192194309, 1065.148177984253, 141.6225035281901], [500.000000422414, 866.0254055200053, 8.70393e-07]], "I": [[-866.02540378444, -500.0, 0.0], [-724.40134131485, -343.3468816585561, 742.5225498377366], [-366.7387210489963, 62.53143196192795, 1232.2886148695748], [46.8796014839704, 556.743847575139, 1339.618648097083], [359.3421938174338, 958.0448935253592, 1106.9263765613232], [501.7738211534604, 1144.6756624521056, 700.0821145604947], [514.6970446143996, 1097.3185959620528, 301.970624928725], [499.3944457158999, 889.1116928636897, 19.3141914270831], [540.6407354407606, 636.670415309468, -145.4806486776759], [654.700537248169, 443.3756741342653, -255.703227299499]], "J": [[-1000.0, 0.0, 0.0], [-840.505716246291, 154.5192529203979, 661.2927610142561], [-450.2261715021094, 527.990464443046, 1021.7490054615077], [-25.3406936293194, 908.52792272782, 966.816574774197], [275.8970517594873, 1096.0121316689042, 615.0410831268802], [433.2350990893594, 1018.5227124885945, 202.7521745564327], [542.7579560090242, 758.2857496295677, -88.181277271584], [706.8934610153578, 482.7379270943766, -225.1315358322369], [938.5010288930746, 338.857969500934, -290.2705877158909], [1154.700536974218, 381.1978454331149, -374.375508490546]], "K": [[-866.02540378444, 500.0, 0.0], [-698.909240544356, 623.4530289110439, 493.9585318946101], [-302.0693507910984, 885.263678088657, 677.7219720480527], [110.5269638244576, 1053.46932051305, 488.81954204574], [407.6669987195473, 969.6931347391572, 130.6555088950191], [626.0478298039884, 677.2702716710775, -135.3590718426993], [874.5821177817481, 379.0818161034167, -206.698343102835], [1178.6118308328048, 276.4816830323126, -171.379012232987], [1432.9272228483396, 430.1058578185257, -167.1212716819489], [1500.000000428571, 741.6697480488119, -237.344561643204]], "L": [[-500.0, 866.02540378444, 0.0], [-339.066050466812, 932.7917514822019, 287.1455107765311], [31.7379460506956, 1023.4391966823459, 307.0072474043408], [405.2209713797076, 939.016568032021, 78.935165920388], [697.4977879318983, 633.8778399583612, -136.1316606745669], [979.5252794781044, 299.1202333413615, -137.69006181221292], [1302.5279530465982, 196.9966367805517, 20.582412751142], [1564.600039455821, 423.3564478353486, 140.694855143293], [1594.9336697323865, 831.2434478437607, 117.1176022742121], [1345.299464539499, 1164.319479765099, 18.358666547036]], "M": [[0.0, 1000.0, 0.0], [138.757924468123, 996.341946893586, 98.4796313185191], [447.5686006908536, 899.621820054924, 24.6894896600218], [751.8939797758716, 606.666855267078, -114.224576535776], [1019.6774431143833, 234.2236651853862, -69.6034500857767], [1309.0816598469994, 81.5424020705205, 196.9764467134601], [1558.804992352977, 325.9714435476837, 451.438271217595], [1578.5084441290587, 814.4015447482236, 479.574599139551], [1283.9565374153976, 1194.2263379508418, 315.8280375727761], [845.299465024663, 1226.4973093340334, 137.030948173279]], "first": [[-211.32486540518747, 788.6751345948124, 0.0], [-211.32486540518747, 788.6751345948124, 0.0], [-211.32486540518747, 788.6751345948124, 0.0], [-211.32486540518747, 788.6751345948124, 0.0], [-211.32486540518747, 788.6751345948124, 0.0], [-211.32486540518747, 788.6751345948124, 0.0], [-211.32486540518747, 788.6751345948124, 0.0], [-211.32486540518747, 788.6751345948124, 0.0], [-211.32486540518747, 788.6751345948124, 0.0], [-211.32486540518747, 788.6751345948124, 0.0]], "B_C": [[577.3502691896259, 577.3502691896257, 0.0], [577.3502691896259, 577.3502691896257, 0.0], [577.3502691896259, 577.3502691896257, 0.0], [577.3502691896259, 577.3502691896257, 0.0], [577.3502691896259, 577.3502691896257, 0.0], [577.3502691896259, 577.3502691896257, 0.0], [577.3502691896259, 577.3502691896257, 0.0], [577.3502691896259, 577.3502691896257, 0.0], [577.3502691896259, 577.3502691896257, 0.0], [577.3502691896259, 577.3502691896257, 0.0]],