{"A": [[0.0, 1000.0, 0.0], [0.0, 1000.0, 0.0], [0.0, 1000.0, 0.0], [0.0, 1000.0, 0.0], [0.0, 1000.0, 0.0], [0.0, 1000.0, 0.0], [0.0, 1000.0, 0.0], [0.0, 1000.0, 0.0], [0.0, 1000.0, 0.0], [0.0, 1000.0, 0.0], [0.0, 1000.0, 0.0], [0.0, 1000.0, 0.0], [0.0, 1000.0, 0.0], [0.0, 1000.0, 0.0], [0.0, 1000.0, 0.0]], "B": [[499.99999999999994, 866.0254037844387, 0.0], [499.99999999999994, 866.0254037844387, 0.0], [499.99999999999994, 866.0254037844387, 0.0], [499.99999999999994, 866.0254037844387, 0.0], [499.99999999999994, 866.0254037844387, 0.0], [499.99999999999994, 866.0254037844387, 0.0], [499.99999999999994, 866.0254037844387, 0.0], [499.99999999999994, 866.0254037844387, 0.0], [499.99999999999994, 866.0254037844387, 0.0], [499.99999999999994, 866.0254037844387, 0.0], [499.99999999999994, 866.0254037844387, 0.0], [499.99999999999994, 866.0254037844387, 0.0], [499.99999999999994, 866.0254037844387, 0.0], [499.99999999999994, 866.0254037844387, 0.0], [499.99999999999994, 866.0254037844387, 0.0]], "C": [[866.025403784439, 500.0, 0.0], [864.748710675882, 499.65791111258, -26.1233765953087], [860.931670912557, 498.635138390519, -51.9799409116455], [854.613270001353, 496.942127968906, -77.3056057692213], [845.858041213472, 494.596171485644, -101.84170635369], [834.755406470973, 491.621229472534, -125.337642100835], [821.418763031958, 488.047686633308, -147.553436216676], [805.984325302584, 483.912041508093, -168.262186691222], [788.609733605121, 479.256533693938, -187.252383772333], [769.472444111441, 474.128712428786, -204.330070230059], [748.76791638645, 468.580950945206, -219.320822347516], [726.707617053045, 462.669911554032, -232.071531405338], [703.516859968282, 456.455966921303, -242.45196746446], [679.432504970177, 450.002583449337, -250.356109475438], [654.700538699134, 443.375673059777, -255.703228129195]], "D": [[1000.0, 0.0, 0.0], [994.898873861894, 0.685690695328, -71.2548590178233], [979.714948489861, 2.753806486318, -141.0946426618696], [954.802618368166, 6.236630278312, -208.1467363099753], [920.739477830566, 11.185178179169, -271.121871853757], [878.307253410305, 17.665149991365, -328.85192607652], [828.4661414899404, 25.751521337791, -380.323241906873], [772.3235337367877, 35.522025680641, -424.704260556925], [711.0983245481282, 47.049827207048, -461.366478201783], [646.082158623367, 60.395725643453, -489.898005271761], [578.599086314403, 75.60025981697, -510.109298913226], [509.965145271802, 92.676087088288, -522.030947900977], [441.44937717336, 111.601010153884, -525.90370177843], [374.237718519764, 132.312001327496, -522.161239643534], [309.401077569691, 154.700538082337, -511.406456541736]], "E": [[866.025403784439, -500.0, 0.0], [855.001257020943, -494.985302083752, -123.1019047460794], [822.425993759078, -479.997660124822, -241.8934454107856], [769.761625538913, -455.207989542457, -352.2921012800413], [699.348537938059, -420.906031994544, -450.655796935487], [614.268215917667, -377.506603046102, -533.966198403875], [518.1648214423764, -325.556309352494, -599.970894531592], [415.0380612968827, -265.73898046531, -647.275799147211], [309.0215724005852, -198.877920861575, -675.382880712206], [204.16172880252, -125.933169484068, -684.672410619691], [104.211302530168, -47.992256245239, -676.332982547112], [12.450849489415, 33.7465553891673, -652.246262733766], [-68.451808244482, 117.99889677243794, -614.8364886875343], [-136.536844895038, 203.4264021807131, -566.8969054017489], [-190.598922641515, 288.675133509671, -511.4064571084297]], "F": [[500.0, -866.02540378444, 0.0], [483.1600240617, -852.348273112487, -167.5428412797075], [433.985651483226, -811.748145649198, -325.5887754960711], [356.387063017777, -745.505824514921, -465.4195979459093], [256.47351316305, -655.712301420328, -579.794949402891], [141.988695820791, -545.202105793808, -663.501775317648], [21.60815180923633, -417.458389681976, -713.701602368473], [-95.8265055454773, -276.4895398920508, -730.0466409219987], [-202.0571480013868, -126.6787112024177, -714.5620602339114], [-290.067822352108, 27.389992353531, -671.3175897395922], [-354.591159186146, 181.122190556648, -605.9336656410787], [-392.420859623152, 330.1114753427403, -524.983048047403], [-402.512197072718, 470.33365284582993, -435.3564933962792], [-385.876745001317, 598.3240435639931, -343.6601264516179], [-345.299462277335, 711.324864062906, -255.70322926257873]], "G": [[0.0, -1000.0, 0.0], [-19.345763880781, -974.06763133182, -192.4732113150699], [-74.669691577845, -897.7515689916416, -368.2777152806572], [-158.215838782262, -775.3955205356098, -512.7445592442137], [-258.277547839387, -613.9134927781557, -614.9147048702733], [-360.825917017492, -422.322296306582, -668.7180927725254], [-451.42301072225666, -211.128744043281, -673.4674249089651], [-517.1305163503613, 8.3869427384282, -633.62303097646], [-548.1357880729478, 224.9396591992223, -557.8990814755754], [-538.873491733923, 428.000508735965, -457.8787332059572], [-488.510728343031, 608.488147879953, -346.3704171849507], [-400.76940629698487, 759.3311444797893, -235.760002932672], [-283.162581803899, 875.8519849840229, -136.5928007123032], [-145.804039617809, 955.939762555497, -56.5620838056169], [-1.873382e-06, 999.999999657151, -5.66676735493118e-07]], "H": [[-500.0, -866.02540378444, 0.0], [-514.211761668681, -850.798104251211, -103.8083346285106], [-555.969651693914, -804.2330340863972, -202.2842682637202], [-622.375832782587, -724.0121310862899, -289.4410892992777], [-707.859029209996, -607.3085896213926, -358.4345705635073], [-803.513995945217, -452.114686714707, -402.0931301749285], [-896.9102550100147, -258.6869123484141, -414.1827777825311], [-972.7646399978063, -30.783668506402, -391.110348805287], [-1014.6304206966578, 223.6082755631639, -333.5551990494854], [-1007.428416299412, 492.2798669598827, -247.4657126894632], [-940.336933973318, 759.626895238436, -143.9862493660027], [-809.3688567661409, 1008.2262111408193, -38.157049262386], [-618.961391440303, 1220.9318594322378, 53.4288615493788], [-382.095954689376, 1383.1414125757422, 115.5253170199891], [-118.802156957835, 1484.827556410691, 137.03094699920428]], "I": [[-866.02540378444, -500.0, 0.0], [-866.650433114148, -516.11483325541, 74.3019778646904], [-872.457655198868, -557.9009108640302, 124.9847665338628], [-893.372083365999, -607.1551226738547, 135.8290180275153], [-940.397367580684, -638.128800795782, 103.0036465382987], [-1019.504571216881, -623.369245401022, 36.04970036563553], [-1126.6480821349376, -540.0409415542181, -45.3879385172591], [-1245.8754700421723, -375.358607336348, -117.929495753811], [-1351.441638696626, -129.9590741378871, -161.8067635810194], [-1413.46646184968, 181.5049952926057, -166.8352151278878], [-1405.475186145938, 532.649599712068, -135.21663634926298], [-1311.5407411034898, 889.9859536560543, -80.4870920468344], [-1130.894972792884, 1218.8480298560182, -23.1796129749824], [-878.704659407024, 1489.3274371689151, 15.2580989929741], [-582.903772577885, 1680.979978107236, 18.358666021010265]], "J": [[-1000.0, 0.0, 0.0], [-980.667427435812, -61.176098974855, 293.3455020515054], [-933.7465004030408, -229.1062744293232, 520.0631852515058], [-887.8781258817437, -460.7559200309908, 632.3028666115283], [-877.3385576565895, -695.9627203854554, 613.5210474826487], [-927.5265147143858, -871.647738603252, 480.84967717136254], [-1043.5788929647078, -936.3268773756851, 277.1119208809089], [-1206.4792964000137, -861.34170800575, 55.902491513323], [-1377.9965478507004, -646.2061155698881, -134.7323948229126], [-1512.3828159149125, -317.1075879184833, -264.56054036723], [-1570.356697977142, 80.570972251679, -325.973534208569], [-1530.3748482155388, 493.3567988931253, -330.9788874965844], [-1393.600118416045, 871.3319404594392, -302.7646027450714], [-1181.567925773689, 1177.409198035057, -265.6868180503389], [-928.203233627745, 1392.304843267594, -237.34456265456174]],