{"A": [[0.0, 1000.0, 0.0], [0.0, 1000.0, 0.0], [0.0, 1000.0, 0.0], [0.0, 1000.0, 0.0], [0.0, 1000.0, 0.0], [0.0, 1000.0, 0.0], [0.0, 1000.0, 0.0], [0.0, 1000.0, 0.0], [0.0, 1000.0, 0.0], [0.0, 1000.0, 0.0], [0.0, 1000.0, 0.0], [0.0, 1000.0, 0.0], [0.0, 1000.0, 0.0], [0.0, 1000.0, 0.0], [0.0, 1000.0, 0.0]], "B": [[499.99999999999994, 866.0254037844387, 0.0], [499.99999999999994, 866.0254037844387, 0.0], [499.99999999999994, 866.0254037844387, 0.0], [499.99999999999994, 866.0254037844387, 0.0], [499.99999999999994, 866.0254037844387, 0.0], [499.99999999999994, 866.0254037844387, 0.0], [499.99999999999994, 866.0254037844387, 0.0], [499.99999999999994, 866.0254037844387, 0.0], [499.99999999999994, 866.0254037844387, 0.0], [499.99999999999994, 866.0254037844387, 0.0], [499.99999999999994, 866.0254037844387, 0.0], [499.99999999999994, 866.0254037844387, 0.0], [499.99999999999994, 866.0254037844387, 0.0], [499.99999999999994, 866.0254037844387, 0.0], [499.99999999999994, 866.0254037844387, 0.0]], "C": [[866.025403784439, 500.0, 0.0], [864.748710675882, 499.65791111258, -26.1233765953087], [860.931670912557, 498.635138390519, -51.9799409116455], [854.613270001353, 496.942127968906, -77.3056057692213], [845.858041213472, 494.596171485644, -101.84170635369], [834.755406470973, 491.621229472534, -125.337642100835], [821.418763031958, 488.047686633308, -147.553436216676], [805.984325302584, 483.912041508093, -168.262186691222], [788.609733605121, 479.256533693938, -187.252383772333], [769.472444111441, 474.128712428786, -204.330070230059], [748.76791638645, 468.580950945206, -219.320822347516], [726.707617053045, 462.669911554032, -232.071531405338], [703.516859968282, 456.455966921303, -242.45196746446], [679.432504970177, 450.002583449337, -250.356109475438], [654.700538699134, 443.375673059777, -255.703228129195]], "D": [[1000.0, 0.0, 0.0], [1003.721477996178, 3.049700348248, 18.7770396155749], [1014.645845117439, 12.113512028573, 35.3003670722313], [1032.063586506436, 26.938644297408, 47.4233120486797], [1054.82735188314, 47.113915746362, 53.20877067831], [1081.403179151491, 72.084539279768, 51.022881387165], [1109.939196043559, 101.171998996555, 39.615884136608], [1138.348936967173, 133.598236885498, 18.186722222215], [1164.405799696822, 168.513199096131, -13.571385548118], [1185.844696461058, 205.024661761635, -55.446391410113], [1200.466645653703, 242.229170141049, -106.70500757775], [1206.241916549569, 279.242885660715, -166.1126486871423], [1201.407385635876, 315.231144802979, -231.9750166095128], [1184.553987723956, 349.435591274561, -302.1997221646116], [1154.700538847592, 381.1978460942131, -374.375508449854]], "E": [[866.025403784439, -500.0, 0.0], [879.066040968946, -488.537162658856, 122.4716420281839], [917.2426151535559, -454.591622993123, 236.9141567000903], [977.7881742233373, -399.467443818232, 335.8348584030867], [1056.3158031935006, -325.256941545002, 412.773676618691], [1147.1367559573064, -234.724908070529, 462.722106948792], [1243.669746045167, -131.157850700372, 482.434327030753], [1338.909022924656, -18.188502386583, 470.608682490503], [1425.914554687927, 100.3926517743062, 427.928279827408], [1498.286427675195, 220.8264984840348, 356.960760544403], [1550.587534919136, 339.5630871749542, 261.92850137924], [1578.683556752037, 453.417344459399, 148.3705384256277], [1579.976678545118, 559.693978588168, 22.7256033250212], [1553.51876636017, 656.275438380234, -108.1288774062576], [1500.000000850972, 741.6697497844061, -237.344560772815]], "F": [[500.0, -866.02540378444, 0.0], [520.159760532733, -858.749832579885, 168.0573121944453], [580.2089583819989, -836.422747101589, 329.4479305147682], [678.7075515564812, -797.657619937587, 477.0600587689107], [812.7977012820946, -740.507003941649, 603.0774131878], [977.6543189389994, -662.945716731097, 699.052035234549], [1165.9622746608245, -563.43331409663, 756.384441226246], [1367.6065364241497, -441.463477721143, 767.195837312831], [1569.740906613479, -298.0085950570588, 725.484357644879], [1757.344057294994, -135.7827078180052, 628.379645199685], [1914.287174257343, 40.7271865329002, 477.262821133049], [2024.839925359737, 225.476955853333, 278.5122551194927], [2075.447823158899, 411.306834472351, 43.6729837670415], [2056.5415404491, 590.5535518348428, -211.0750517300976], [1964.101616789262, 755.7528591295062, -466.168835153334]], "G": [[0.0, -1000.0, 0.0], [24.758581687959, -1006.7528229049, 143.1177996654558], [99.7998000240649, -1024.331029238564, 286.4745608391804], [226.7836215902722, -1045.195578896748, 427.6747084173047], [406.5361361880757, -1058.360238559095, 559.8332875554458], [636.7273027314254, -1051.450540475288, 671.0884163983576], [909.6459450352934, -1013.030488258574, 745.7302127693267], [1210.7832520696556, -934.774217714792, 766.7912111835315], [1518.7759610998503, -813.0976966309267, 719.5696133782141], [1806.9564880748812, -649.9749896955232, 595.302517137703], [2046.380709133897, -452.8209857674438, 394.1322485744342], [2209.843825865796, -233.495305053039, 126.6333133692767], [2276.136173369804, -6.636106689937, -186.5379552722715], [2233.695531892956, 212.3611582912578, -516.9118860264406], [2082.903771238443, 409.3640648000102, -832.024057464445]], "H": [[-500.0, -866.02540378444, 0.0], [-472.204191156679, -892.234294664339, 54.4459240379021], [-386.7826942483571, -964.6509161806433, 120.2670014318754], [-239.0251492975808, -1065.9678580830969, 202.8639128302887], [-25.22927233770931, -1171.442330907636, 297.6496404266438], [252.6368750581164, -1254.056031880203, 389.3531671776806], [583.0070062516734, -1290.007547554239, 454.9727455817037], [943.0772657746926, -1263.335597962311, 469.5873808871955], [1300.3432965299653, -1168.7225389951348, 413.35508894566306], [1617.2362760669891, -1011.9914266226752, 277.655648773832], [1857.818466052911, -808.3603496299338, 68.5785146691922], [1994.838700649777, -579.013143547015, -193.2720036300113], [2015.290721914102, -346.868018775825, -476.6260261824175], [1923.00424835595, -132.5106210062922, -746.0048248294366], [1737.604309880987, 48.8921607415832, -969.055005800454]], "I": [[-866.02540378444, -500.0, 0.0], [-835.369919444032, -546.385864050061, -73.8065974588729], [-740.5732885926132, -674.4267140502873, -121.7067993864706], [-575.4909563021968, -853.5873558905738, -128.2470586525463], [-336.6434260559193, -1041.552907907533, -94.9050119312172], [-30.0946287099846, -1194.5274902942342, -40.1447279799114], [324.0409794577604, -1277.3496811168425, 6.9486750063047], [691.8999193176626, -1270.772907187028, 17.03482096800347], [1031.5501122075261, -1174.2237746839473, -28.98997195003697], [1302.4743784574412, -1003.7466356261775, -133.204623905062], [1475.717992407647, -786.2072271479713, -279.9292465578658], [1541.198831424561, -551.744634634079, -441.0955091780433], [1509.646728833987, -326.6918045997546, -585.5584138118135], [1408.540794239878, -128.73656724148242, -688.8882481789452], [1273.502693691713, 34.8090506132137, -740.230731977203]], "J": [[-1000.0, 0.0, 0.0], [-965.822504750444, -63.406886170927, -206.7073963459239], [-860.5313702437311, -236.5448299234603, -370.3404789861006], [-679.1566257054378, -473.3572503903308, -463.8475477606153], [-422.5072027423368, -712.570043572698, -485.2213954693822], [-105.0833617922537, -895.2638177242592, -455.7973914162964], [242.1535342901191, -980.4044720672445, -409.0647641726873], [576.7959534768656, -953.5464503651172, -375.47969414075556], [856.5031380939552, -826.6520540408054, -370.313349839661], [1052.2891716057322, -630.2074309680276, -389.768489807985], [1157.66890038117, -401.2959474374992, -416.4476491411678], [1189.408232136337, -172.156434794096, -430.8307526881272], [1179.341412230824, 37.1282142765634, -422.8237090938455], [1160.692458329495, 220.2326042744906, -397.7853245436392], [1154.700538345616, 381.1978445276567, -374.37550956437]],