{"A": [[0.0, 1000.0, 0.0], [0.0, 1000.0, 0.0], [0.0, 1000.0, 0.0], [0.0, 1000.0, 0.0], [0.0, 1000.0, 0.0], [0.0, 1000.0, 0.0], [0.0, 1000.0, 0.0], [0.0, 1000.0, 0.0], [0.0, 1000.0, 0.0], [0.0, 1000.0, 0.0]], "B": [[499.99999999999994, 866.0254037844387, 0.0], [499.99999999999994, 866.0254037844387, 0.0], [499.99999999999994, 866.0254037844387, 0.0], [499.99999999999994, 866.0254037844387, 0.0], [499.99999999999994, 866.0254037844387, 0.0], [499.99999999999994, 866.0254037844387, 0.0], [499.99999999999994, 866.0254037844387, 0.0], [499.99999999999994, 866.0254037844387, 0.0], [499.99999999999994, 866.0254037844387, 0.0], [499.99999999999994, 866.0254037844387, 0.0]], "C": [[866.025403784439, 500.0, 0.0], [866.014856164017, 499.997173773626, 2.37746367130921], [865.98321419277, 499.988695332983, 4.75472672994345], [865.930480540677, 499.974565393491, 7.13158858015562], [865.856659657455, 499.954785147447, 9.50784866005301], [865.761757772181, 499.929356263928, 11.8833064585208], [865.645782892768, 499.898280888647, 14.2577615321416], [865.508744805288, 499.861561643774, 16.6310135221087], [865.350655073146, 499.819201627715, 19.0028621711329], [865.171527036106, 499.771204414849, 21.3731073403402]], "D": [[1000.0, 0.0, 0.0], [999.957809903702, 0.005652556013, 6.49526467532957], [999.831247799291, 0.0226109862, 12.98946010359925], [999.62033823797, 0.050877576521, 19.48151730387692], [999.325122130904, 0.090456135303, 25.97036782740441], [998.945656737969, 0.141351990827, 32.4549440234796], [998.482015652002, 0.203571987951, 38.9341793050935], [997.934288778558, 0.277124483774, 45.4070084142404], [997.302582311184, 0.362019342342, 51.8723676868189], [996.587018702215, 0.458267928385, 58.3291953170436]], "E": [[866.025403784439, -500.0, 0.0], [865.934060921147, -499.958566831062, 11.24989110210949], [865.660066545571, -499.83427115266, 22.49650646529403], [865.203523283705, -499.62712445097, 33.73657179303712], [864.564602122546, -499.337145872692, 44.96681567283471], [863.743542325632, -498.964362229654, 56.1839710161908], [862.740651314873, -498.508808005255, 67.3847764962018], [861.556304518731, -497.970525362725, 78.5659779819292], [860.190945186855, -497.349564155186, 89.7243299687593], [858.645084171263, -496.645981937519, 100.8565970039552]], "F": [[500.0, -866.02540378444, 0.0], [499.860061486438, -865.912207851255, 15.36717091560357], [499.440339084421, -865.572649583557, 30.72707097437727], [498.741112136814, -865.006817569681, 46.07243430855872], [497.762845971336, -864.214859432687, 61.39600502424781], [496.506191535216, -863.196981794071, 76.6905421776553], [494.971984884168, -861.953450223085, 91.9488247385555], [493.161246526185, -860.484589171389, 107.1636565366811], [491.075180620717, -858.790781893167, 122.3278711868321], [488.715174034014, -856.872470350842, 137.4343369885115]], "G": [[0.0, -1000.0, 0.0], [-0.16158025948, -999.784916701254, 17.74373187748436], [-0.646131699687, -999.139768854672, 35.474577628347], [-1.453086530856, -998.064862552483, 53.17966412674709], [-2.581499185861, -996.56070775928, 70.84614423252654], [-4.030047443063, -994.628018028429, 88.4612097443819], [-5.797033996079, -992.267710105332, 106.0121043055091], [-7.880388468551, -989.480903417421, 123.4861362459335], [-10.277669871141, -986.268919451589, 140.8706913459475], [-12.986069497527, -982.633281018982, 158.1532455050237]], "H": [[-500.0, -866.02540378444, 0.0], [-500.132199407471, -865.70071771122, 17.74268956239881], [-500.528492660487, -864.726906516667, 35.46624200970548], [-501.18796538942, -863.104711052822, 53.151547731348366], [-502.109095439414, -860.835365329237, 70.77955207978951], [-503.289755558798, -857.920595397876, 88.33128273709582], [-504.727217155708, -854.362617793551, 105.78787694384607], [-506.418155116384, -850.164137531286, 123.13060854482654], [-508.358653675913, -845.328345662424, 140.34091480645083], [-510.544213330733, -839.858916392138, 157.40042296110272]], "I": [[-866.02540378444, -500.0, 0.0], [-866.066804376622, -499.592262890661, 15.36432329591726], [-866.19061154449, -498.369524795184, 30.70429885897933], [-866.395642516175, -496.333204780167, 45.995628133142695], [-866.679929516817, -493.485665854098, 61.214110805814606], [-867.040725026564, -489.830211816698, 76.33569365436372], [-867.474509123217, -485.371082854397, 91.33651906319197], [-867.976998891115, -480.113449888318, 106.19297310273045], [-868.543159872298, -474.063407682754, 120.88173306294772], [-869.167219531431, -467.227966724187, 135.37981433514892]], "J": [[-1000.0, 0.0, 0.0], [-999.900142753644, 0.428606067749, 11.246001299263808], [-999.600177729095, 1.713668959391, 22.465402951192143], [-999.098926793045, 3.852924166472, 33.63168124597539], [-998.394432127616, 6.842602259582, 44.718464123327], [-997.483964816192, 10.677436005534, 55.699606434086824], [-996.364036822043, 15.350670311279, 66.54926452809937], [-995.030416318503, 20.854074974744, 77.24196994698055], [-993.47814631816, 27.177960216946, 87.75270200343012], [-991.701566536388, 34.311194964323, 98.05695903201581]], "K": [[-866.02540378444, 500.0, 0.0], [-865.766789593655, 500.363431350906, 6.491375100981669], [-864.990708013522, 501.452700157138, 12.958363898027264], [-863.696444371912, 503.264733385961, 19.376682213051893], [-861.882815374396, 505.794418330819, 25.722249717054805], [-859.548180803591, 509.034616107792, 31.971290849696224], [-856.690459819122, 512.976180499914, 38.10043453749367], [-853.307151780013, 517.607982098024, 44.08681231759934], [-849.395361488901, 522.916937673581, 49.90815448059172], [-844.951828736696, 528.888044704163, 55.542883853668506]], "L": [[-500.0, 866.02540378444, 0.0], [-499.6125695223, 866.236813622867, 2.3746166758816587], [-498.450374145434, 866.869862586316, 4.731974580752152], [-496.513704624364, 867.921013437476, 7.054933895761394], [-493.803054152775, 869.384385492401, 9.326592072807303], [-490.319131201632, 871.251776632768, 11.530400889176526], [-486.062877363499, 873.512694013127, 13.650281614394467], [-481.035490074554, 876.154393353361, 15.670737674835342], [-475.238450050323, 879.161926676733, 17.57696421459712], [-468.673553236693, 882.518198322839, 19.354953966765308]], "M": [[0.0, 1000.0, 0.0], [0.438411333567, 999.99990727961, -0.00104146235780142], [1.753067906568, 999.998517308774, -0.00830834760308733], [3.942235449796, 999.992500916408, -0.027909511303306], [7.003016920078, 999.976330314508, -0.0657215550074966], [10.931342699626, 999.942310240333, -0.127274895143074], [15.7219570565, 999.880621349663, -0.217642450884933], [21.368401045893, 999.779375656143, -0.341331797586058], [27.862992080942, 999.624683754716, -0.50218160972748], [35.196800449045, 999.400733512051, -0.703263189330792]], "first": [[-211.32486540518747, 788.6751345948124, 0.0], [-211.32486540518747, 788.6751345948124, 0.0], [-211.32486540518747, 788.6751345948124, 0.0], [-211.32486540518747, 788.6751345948124, 0.0], [-211.32486540518747, 788.6751345948124, 0.0], [-211.32486540518747, 788.6751345948124, 0.0], [-211.32486540518747, 788.6751345948124, 0.0], [-211.32486540518747, 788.6751345948124, 0.0], [-211.32486540518747, 788.6751345948124, 0.0], [-211.32486540518747, 788.6751345948124, 0.0]], "B_C": [[577.3502691896259, 577.3502691896257, 0.0], [577.3502691896259, 577.3502691896257, 0.0], [577.3502691896259, 577.3502691896257, 0.0], [577.3502691896259, 577.3502691896257, 0.0], [577.3502691896259, 577.3502691896257, 0.0], [577.3502691896259, 577.3502691896257, 0.0], [577.3502691896259, 577.3502691896257, 0.0], [577.3502691896259, 577.3502691896257, 0.0], [577.3502691896259, 577.3502691896257, 0.0], [577.3502691896259, 577.3502691896257, 0.0]],