{"A": [[0.0, 1000.0, 0.0], [0.0, 1000.0, 0.0], [0.0, 1000.0, 0.0], [0.0, 1000.0, 0.0], [0.0, 1000.0, 0.0], [0.0, 1000.0, 0.0], [0.0, 1000.0, 0.0], [0.0, 1000.0, 0.0], [0.0, 1000.0, 0.0], [0.0, 1000.0, 0.0]], "B": [[499.99999999999994, 866.0254037844387, 0.0], [499.99999999999994, 866.0254037844387, 0.0], [499.99999999999994, 866.0254037844387, 0.0], [499.99999999999994, 866.0254037844387, 0.0], [499.99999999999994, 866.0254037844387, 0.0], [499.99999999999994, 866.0254037844387, 0.0], [499.99999999999994, 866.0254037844387, 0.0], [499.99999999999994, 866.0254037844387, 0.0], [499.99999999999994, 866.0254037844387, 0.0], [499.99999999999994, 866.0254037844387, 0.0]], "C": [[866.025403784439, 500.0, 0.0], [862.983309703494, 499.184873347711, 40.2533791962974], [853.931062151837, 496.759330926558, 79.5271218598661], [839.088963439037, 492.782402562481, 116.865432629959], [818.81822205024, 487.350873777372, 151.359618273086], [793.612162004605, 480.596930343774, 182.170202325472], [764.084216950684, 472.684941312425, 208.547355224106], [730.953001183445, 463.807458803332, 229.849142723349], [695.024820905927, 454.180531912452, 245.557148489879], [657.174051354622, 444.038448778283, 255.28909067277]], "D": [[1000.0, 0.0, 0.0], [987.863681637881, 1.638843209515, 109.5500820787114], [952.1293383499114, 6.617109310366, 213.9402669461741], [894.7676931266936, 15.10867298075, 308.377519869828], [818.8910858916049, 27.366770058346, 388.770257141245], [728.5116648723478, 43.673337785433, 452.001431004007], [628.234215955188, 64.276010517119, 496.116677140198], [522.911378382305, 89.319736299469, 520.412081356718], [417.292154364806, 118.780711864063, 525.415539606868], [315.694848614335, 152.410294640056, 512.765625993781]], "E": [[866.025403784439, -500.0, 0.0], [839.863516270716, -488.052428383997, 188.5918558919592], [764.1685620220155, -452.533036176887, 361.5921646392671], [646.9217045980507, -394.431488561191, 505.35065124968], [500.18715225809393, -315.453119510237, 609.794053221746], [338.4723874309607, -218.071152923229, 669.506318461252], [176.824234903617, -105.545208764519, 684.103312090245], [28.963333741542, 18.1304201370737, 657.876996484256], [-94.261090563088, 148.3746307627115, 598.8094766799436], [-185.884370129324, 280.270279583788, 517.1592584103756]], "F": [[500.0, -866.02540378444, 0.0], [460.198982341304, -833.516133807287, 255.3665692383577], [348.2874814139545, -738.42562731963, 476.7335800947241], [185.0877799226357, -587.887702029404, 636.626360810029], [0.220688280836935, -393.188983162859, 719.063732599789], [-174.1548454464583, -168.8445416833299, 721.844194702069], [-309.782289707076, 68.694495462052, 655.7518022810474], [-387.41762638501, 302.6244334699517, 541.089818879149], [-399.539217951664, 517.5022676584425, 402.5972317791256], [-350.282167815489, 700.853986984207, 264.1140023466006]], "G": [[0.0, -1000.0, 0.0], [-45.398163324654, -938.54501315151, 291.2783114581029], [-166.6551382206305, -762.4782110859554, 523.6884960158415], [-323.8920686020523, -495.3720223813527, 654.7800173607197], [-465.28294269075906, -172.299376342743, 669.4316504125946], [-543.4210654774803, 165.8146015040591, 581.862377825003], [-529.361917571292, 478.777661683522, 428.6708117954634], [-419.8360233670967, 733.4557981436947, 255.988827682006], [-235.907612037664, 908.5984700360465, 105.5826690672196], [-14.509389335649, 997.181481060999, 4.50689551549862]], "H": [[-500.0, -866.02540378444, 0.0], [-536.125528931303, -773.889855763337, 286.32611786727784], [-621.1067871941805, -517.2382093476394, 487.9081561107007], [-696.1439035938542, -150.3066417446487, 553.2534353124227], [-695.468389013787, 251.906326972689, 482.3130409509716], [-577.7524273016846, 612.2864450170702, 322.182877331583], [-345.537294095923, 870.008269524851, 143.8966701966034], [-44.4366591746987, 993.5956515801247, 12.366647966897], [255.859396854079, 985.1982519609935, -36.7088444037124], [488.538255981156, 875.464349957208, -4.2793988227853]], "I": [[-866.02540378444, -500.0, 0.0], [-875.321767812823, -385.405034398834, 241.88911156457084], [-874.2577939809295, -78.6920645958654, 380.4789276980437], [-797.1881168795163, 322.6502036541423, 368.7240832216847], [-591.015310978329, 696.391991210198, 238.4457795004396], [-259.3379570353096, 938.9431732928151, 77.526384615187], [127.521080921351, 999.399317631598, -21.7020101332046], [462.5414473997193, 891.6191147928467, -10.5064329406695], [652.688460723953, 681.4018568228045, 98.1378715382296], [660.123486714434, 456.376791503084, 246.4661283044137]], "J": [[-1000.0, 0.0, 0.0], [-968.5250299922602, 118.72135594698, 170.34243514188313], [-847.6705289835563, 417.2787961113396, 234.6872437773207], [-590.5215003253943, 752.6382378583273, 167.8549903417007], [-196.99308790417206, 969.371090012687, 43.0536308050376], [246.6301853612574, 976.3165757178592, -25.180285577537], [596.004303710752, 786.588119262472, 34.7254321681853], [728.0365704508603, 502.5660017745547, 204.2008266431045], [613.182540731699, 258.5691474780505, 394.1124897487436], [330.13130023072, 155.415412285341, 508.1464628925637]], "K": [[-866.02540378444, 500.0, 0.0], [-789.7793891940692, 598.09651017905, 91.61093044556564], [-549.5829291960503, 817.0001719205096, 95.7059608458917], [-150.8043860083153, 984.3200872851993, 23.2120767443617], [316.5857026365089, 953.0586927520235, -19.5556658968418], [677.6577412454315, 705.0174798513542, 67.3466785013149], [768.945023536171, 363.748266948146, 278.1328255484733], [556.6831359223453, 112.7224931892487, 498.4952909476385], [171.329077138081, 80.4684262969415, 596.5843205208776], [-174.273655132852, 270.962803855685, 521.3234783771313]], "L": [[-500.0, 866.02540378444, 0.0], [-388.8632390725462, 919.220528501683, 27.62032285984394], [-72.3560127966723, 996.6203048797456, 6.5977652027617], [363.1111273527567, 933.9984228605688, -12.9509934721373], [728.122255162672, 654.4932671649235, 77.6325278819894], [810.1293300116064, 265.7947769229972, 307.1046561229119], [538.932557081398, -6.501247576735, 557.3437757288073], [74.5722061224773, 8.9563852195087, 655.8192835090135], [-292.739833377497, 300.3219856025165, 531.3642991724801], [-353.00841802056, 688.461642502296, 272.9330665345663]], "M": [[0.0, 1000.0, 0.0], [122.5733580042588, 992.664445125614, -3.80881509468696], [436.1437409241167, 900.4847552295142, -5.0275945966423], [765.5680452866537, 619.8524369438298, 72.4300417210799], [860.046915063861, 202.4997236383495, 292.6834826610114], [575.3192186133014, -113.4845427897838, 569.7081626768689], [48.823926209734, -94.2044405926475, 698.9448785177603], [-363.5330975898577, 267.6243544706107, 560.4053590861822], [-379.779865505717, 728.9870408581335, 254.5620310442481], [-28.86971441288, 993.990428499863, 9.2373058907713]], "first": [[-211.32486540518747, 788.6751345948124, 0.0], [-211.32486540518747, 788.6751345948124, 0.0], [-211.32486540518747, 788.6751345948124, 0.0], [-211.32486540518747, 788.6751345948124, 0.0], [-211.32486540518747, 788.6751345948124, 0.0], [-211.32486540518747, 788.6751345948124, 0.0], [-211.32486540518747, 788.6751345948124, 0.0], [-211.32486540518747, 788.6751345948124, 0.0], [-211.32486540518747, 788.6751345948124, 0.0], [-211.32486540518747, 788.6751345948124, 0.0]], "B_C": [[577.3502691896259, 577.3502691896257, 0.0], [577.3502691896259, 577.3502691896257, 0.0], [577.3502691896259, 577.3502691896257, 0.0], [577.3502691896259, 577.3502691896257, 0.0], [577.3502691896259, 577.3502691896257, 0.0], [577.3502691896259, 577.3502691896257, 0.0], [577.3502691896259, 577.3502691896257, 0.0], [577.3502691896259, 577.3502691896257, 0.0], [577.3502691896259, 577.3502691896257, 0.0], [577.3502691896259, 577.3502691896257, 0.0]],